year,ADM1_NAME,ADM2_NAME,Stability_Zone,Area_Sleikh,Area_Under_Trees,Area_Total,Production,Yield_kg_ha,Area_Rainfed,Production_Rainfed,Yield_Rainfed_kg_ha,Total_Production,Shape_Area,Shape_Leng,annual_rain_mm,aridity_index,aspect_deg,bulk_dens,cec_cmol_kg,clay_pct,cropland,elevation_m,et_mm,gdd_annual,grassland,gwt_depth_m,max_temp_c,mean_temp_c,min_temp_c,moisture_pct,ndvi_peak,ndvi_std,pet_mm,ph,ph_quality,rain_cv_pct,rainy_days,rainy_rain_mm,sand_pct,silt_pct,slope_deg,soc_g_kg,thermal_suit,water_occurrence,id,frost_days,heatstressdays
2004,Homs,Tall_Kalakh,1,2909,0,2909,9076,3120,3231,4581,1417,13657,0.061265386,1.382119937,1763.371248,48.6760063,213.4968276,1.371293035,28.50363662,371.8628808,1,462.9664108,693.8983642,12168.11012,1,86.9397267,25.74826823,16.90015294,7.249091974,19.19852908,0.646014747,0.116854407,3621.67035,7.036198454,98.79338486,102.8467833,99.11400291,758.9369258,256.0800903,370.1287946,2.899572474,38.32373734,96.57230253,63.89144317,2353,,
2004,Hama,Hama,2,70,0,70,0,0,20,0,0,0,0.227677668,4.733216797,854.2153212,24.39982953,192.7904067,1.455316559,28.89107986,399.9433813,1,367.8882638,472.4507038,12784.69935,1,25.04294796,28.15932693,17.75652687,6.176370229,13.48218522,0.513190554,0.104672225,3499.906923,7.530149647,82.32834509,100.6526403,91.74939391,394.5803469,199.991121,385.7041579,0.890006436,18.48653952,98.53413217,22.43352601,2345,,
2004,Hama,Hama,3,315,0,315,0,0,0,0,0,0,0.227677668,4.733216797,854.2153212,24.39982953,192.7904067,1.455316559,28.89107986,399.9433813,1,367.8882638,472.4507038,12784.69935,1,25.04294796,28.15932693,17.75652687,6.176370229,13.48218522,0.513190554,0.104672225,3499.906923,7.530149647,82.32834509,100.6526403,91.74939391,394.5803469,199.991121,385.7041579,0.890006436,18.48653952,98.53413217,22.43352601,2345,,
2004,Hama,Hama,4,381,0,381,1959,5141.732283,0,0,0,1959,0.227677668,4.733216797,854.2153212,24.39982953,192.7904067,1.455316559,28.89107986,399.9433813,1,367.8882638,472.4507038,12784.69935,1,25.04294796,28.15932693,17.75652687,6.176370229,13.48218522,0.513190554,0.104672225,3499.906923,7.530149647,82.32834509,100.6526403,91.74939391,394.5803469,199.991121,385.7041579,0.890006436,18.48653952,98.53413217,22.43352601,2345,,
2004,Hama,Al_Ghab,1,4784,0,4784,22628,4729.93311,127,0,0,22628,0.049595436,1.643165164,1619.44551,48.79831691,139.7759455,1.347860465,28.59829587,349.5799349,1,352.189296,956.2618512,11850.64189,1,139.7020723,26.11561902,16.45922485,6.155916022,28.75971485,0.667755042,0.109289703,3317.650339,6.782044179,92.73480597,102.7148366,107.8420566,687.3904254,280.5196852,361.9957542,4.508295663,42.21571718,94.05271344,35.28868661,2342,,
2004,Idleb,Idleb,1,4370,0,4370,21894,5010.06865,8474,21643,2554.047675,43537,0.125820372,2.188331063,1102.585467,32.06712398,133.1604544,1.441830046,29.96636028,396.7139838,1,349.4829207,579.1314183,12484.21588,1,18.66965742,28.00408697,17.33918873,5.897763851,16.82364932,0.591957344,0.120681925,3437.367181,7.363514149,87.8828617,100.2852302,96.06875003,493.5158649,201.4720497,378.6673336,0.928862474,24.86059375,99.08107844,24.08243728,2358,,
2004,Idleb,Idleb,2,1057,0,1057,5773,5461.684011,7231,17246,2385.008989,23019,0.125820372,2.188331063,1102.585467,32.06712398,133.1604544,1.441830046,29.96636028,396.7139838,1,349.4829207,579.1314183,12484.21588,1,18.66965742,28.00408697,17.33918873,5.897763851,16.82364932,0.591957344,0.120681925,3437.367181,7.363514149,87.8828617,100.2852302,96.06875003,493.5158649,201.4720497,378.6673336,0.928862474,24.86059375,99.08107844,24.08243728,2358,,
2004,Idleb,Idleb,3,1253,0,1253,6534,5214.684757,5412,12563,2321.322986,19097,0.125820372,2.188331063,1102.585467,32.06712398,133.1604544,1.441830046,29.96636028,396.7139838,1,349.4829207,579.1314183,12484.21588,1,18.66965742,28.00408697,17.33918873,5.897763851,16.82364932,0.591957344,0.120681925,3437.367181,7.363514149,87.8828617,100.2852302,96.06875003,493.5158649,201.4720497,378.6673336,0.928862474,24.86059375,99.08107844,24.08243728,2358,,
2004,Idleb,Harim,1,647,0,647,3209,4959.814529,353,871,2467.422096,4080,0.076955511,1.744823344,1262.438648,37.61273307,208.4698796,1.397594182,27.2782689,356.5012631,1,400.6489695,547.1849605,12100.58401,1,91.8753057,27.51901264,16.80636669,5.719943248,16.3228571,0.497392113,0.080009999,3355.412962,7.125463716,95.81787612,93.33899435,108.7440432,570.9437331,243.3845318,396.2349649,3.52892128,34.93256475,96.03638107,7.104166667,2357,,
2004,Idleb,Al_Ma'ra,1,741,0,741,4947,6676.11336,10494,28911,2755.002859,33858,0.219400577,2.789560748,981.1078451,28.88280248,161.5969773,1.44106543,30.50289991,387.8445436,1,426.7153644,495.1245461,12463.44268,1,29.05957912,27.99098124,17.31033705,5.735174544,14.58409446,0.563325132,0.121696039,3395.858203,7.422356298,85.92145674,103.6446441,93.40441828,435.9463525,211.8633148,395.4624714,1.089096217,21.8826255,98.91621171,2.740740741,2355,,
2004,Idleb,Al_Ma'ra,2,210,0,210,869,4138.095238,13053,20629,1580.402972,21498,0.219400577,2.789560748,981.1078451,28.88280248,161.5969773,1.44106543,30.50289991,387.8445436,1,426.7153644,495.1245461,12463.44268,1,29.05957912,27.99098124,17.31033705,5.735174544,14.58409446,0.563325132,0.121696039,3395.858203,7.422356298,85.92145674,103.6446441,93.40441828,435.9463525,211.8633148,395.4624714,1.089096217,21.8826255,98.91621171,2.740740741,2355,,
2004,Idleb,Al_Ma'ra,3,0,0,0,0,0,3245,2168,668.1047766,2168,0.219400577,2.789560748,981.1078451,28.88280248,161.5969773,1.44106543,30.50289991,387.8445436,1,426.7153644,495.1245461,12463.44268,1,29.05957912,27.99098124,17.31033705,5.735174544,14.58409446,0.563325132,0.121696039,3395.858203,7.422356298,85.92145674,103.6446441,93.40441828,435.9463525,211.8633148,395.4624714,1.089096217,21.8826255,98.91621171,2.740740741,2355,,
2004,Idleb,Ariha,1,345,0,345,1515,4391.304348,777,2103,2706.563707,3618,0.06189382,1.20144567,1222.21157,36.22747012,178.7756591,1.396585143,27.93576679,350.6523137,1,582.149967,521.4364215,11593.55664,1,87.67581128,26.46915931,16.102162,5.380374414,15.46343596,0.4576139,0.075758543,3372.714934,7.15618642,94.79378601,106.311357,97.34530193,547.7594113,264.1637633,380.2716742,2.592602428,31.56046909,92.01235429,35.35190616,2356,,
2004,Tartous,Tartous,1,6032,0,6032,25274,4190,347,1162,3348.70317,26436,0.049162657,1.417978043,1946.719812,53.72719261,226.602822,1.337365278,24.38800112,328.0083572,1,151.3380759,870.9635257,13307.05593,1,85.26540945,26.43344388,18.48202212,9.988166645,24.06022446,0.579063973,0.073570849,3622.341771,6.801489796,93.38299321,102.470699,101.4075782,785.2004058,293.3316743,364.969705,1.987711269,46.76351549,94.38844502,64.49344978,2365,,
2004,Tartous,Banyas,1,22,0,22,54,2454.545455,915,1418,1549.726776,1472,0.064347484,1.259569202,2146.772586,60.57879057,227.2029485,1.248880866,25.12215029,311.6023136,1,597.2024401,815.615671,11522.57927,1,239.5189203,25.15813268,16.00358232,6.684955758,23.01293579,0.555566792,0.068353139,3542.769305,6.402940695,80.09802315,101.9273229,103.1564506,886.1705899,311.2379664,363.3411414,4.321198421,51.28226288,91.44904185,78.70526316,2361,,
2004,Tartous,Safita,1,28,0,28,84,3000,235,552,2348.93617,636,0.047070335,1.157636077,2328.41008,65.97336377,212.2246192,1.350786518,24.81991989,329.6296751,1,294.0703481,767.8302862,12793.64333,1,85.74052064,26.16255977,17.76894907,8.788427803,21.77356463,0.606889907,0.076809727,3528.31842,6.807968775,93.59895915,102.3953471,106.1658278,955.5768453,291.9812893,377.4132804,2.351750182,44.6094789,98.46314814,76.62715679,2363,,
2004,Tartous,Dreikisch,1,0,0,0,0,0,15,16,1066.666667,16,0.020699473,0.796408619,2333.777034,65.61672825,216.934763,1.299036482,24.8601254,322.079217,1,504.6634677,794.417308,12085.56988,1,163.4163054,25.5105695,16.78551372,7.666470305,22.33818856,0.585714713,0.061866096,3555.679975,6.512992812,83.76642708,104.2928989,104.4986247,958.1456507,306.9629607,371.5972167,3.497485148,47.28655449,95.91722127,23.43243243,2362,,
2004,Tartous,Sheikh_Badr,1,0,0,0,0,0,454,0,0,0,0.0373259,1.003571401,2209.311125,62.08562586,219.4652153,1.304121142,24.82237263,321.6588278,1,407.1159663,807.2788914,12341.24975,1,154.5873703,25.71507501,17.14062465,8.156649153,22.67429195,0.57861387,0.0669427,3559.618234,6.587843617,86.26145388,102.8761368,104.0081829,904.2420229,302.2905226,370.5696379,3.164125443,48.74926315,95.08706387,48.78499377,,,
2004,Lattakia,Al_Hafa,1,0,0,0,0,0,21,45,2142.857143,45,0.056619889,1.298629777,2137.431546,63.98372662,251.0029312,1.264981734,25.51066723,281.7179779,1,615.8606536,869.9596057,11546.28078,1,289.7612345,25.59497186,16.03650109,6.282786528,26.03313322,0.597195067,0.064871625,3339.586207,6.168576676,72.28588919,98.15818966,118.2883787,894.6899466,357.4897846,356.8800356,4.643245661,56.30098333,91.63714907,75.1082544,2359,,
2004,Aleppo,A'zaz,1,1319,0,1319,4308,3266.110691,12848,24307,1891,28615,0.121728487,2.146811382,916.5460818,25.40616673,180.5676029,1.396196968,30.36538609,429.7996425,1,481.8095159,588.5443126,12193.92719,1,12.33630082,29.12048446,16.93600999,4.840201807,16.31296237,0.653378307,0.140118104,3606.573277,7.471901984,84.26993387,97.94279803,94.4319319,440.1574596,165.5478602,396.9674719,0.559398203,24.25735487,96.77719993,30.7875817,2325,,
2004,Aleppo,A'zaz,2,239,0,239,835,3493.723849,3205,6298,1965,7133,0.121728487,2.146811382,916.5460818,25.40616673,180.5676029,1.396196968,30.36538609,429.7996425,1,481.8095159,588.5443126,12193.92719,1,12.33630082,29.12048446,16.93600999,4.840201807,16.31296237,0.653378307,0.140118104,3606.573277,7.471901984,84.26993387,97.94279803,94.4319319,440.1574596,165.5478602,396.9674719,0.559398203,24.25735487,96.77719993,30.7875817,2325,,
2004,Aleppo,Afrin,1,438,0,438,2006,4580,1814,4554,2510.473,6560,0.194810459,2.230856022,1215.203869,35.09691131,184.8305861,1.371035123,25.51170824,404.3181051,1,493.5760545,527.5228424,11752.31477,1,89.965976,27.97670649,16.3226594,4.572773084,15.23720541,0.443035704,0.062292004,3461.423967,7.198506433,93.3831189,93.89885033,102.9610652,580.9413006,192.8950466,401.4796676,3.206478872,32.26458622,93.27233944,72.67440361,2326,,
2004,Aleppo,Jarablus,2,842,0,842,2140,2541.567696,22595,23702,1048,25842,0.056313267,1.389591551,773.1243408,21.46206858,123.911363,1.374076188,31.59740814,433.9335195,1,453.0262094,430.4851015,12744.43247,1,19.54434174,31.57849837,17.70060065,4.657554645,11.9561035,0.5211062,0.120310253,3601.2825,7.473535251,84.21549162,96.63975041,93.97130007,395.3812805,151.8135123,395.6820817,0.731704106,17.89025411,98.85371056,86.86344794,0000000000000000232a,,
2004,Aleppo,Al_Bab,1,0,0,0,0,0,1500,2687,1791.333333,2687,0.223794265,2.70647827,698.8912923,19.7525318,171.3158859,1.361738999,28.32570189,404.137529,1,440.5998951,466.9869808,12728.84679,1,12.48017986,29.9933792,17.67895387,5.250335065,13.1995361,0.491892137,0.111135082,3537.236513,7.526863486,82.4378838,102.705158,90.88160485,345.5234258,172.3288421,394.8106379,0.536196258,18.97472913,98.97740645,57.38811081,2328,,
2004,Aleppo,Al_Bab,2,351,0,351,1516,4319.088319,22621,10294,455,11810,0.223794265,2.70647827,698.8912923,19.7525318,171.3158859,1.361738999,28.32570189,404.137529,1,440.5998951,466.9869808,12728.84679,1,12.48017986,29.9933792,17.67895387,5.250335065,13.1995361,0.491892137,0.111135082,3537.236513,7.526863486,82.4378838,102.705158,90.88160485,345.5234258,172.3288421,394.8106379,0.536196258,18.97472913,98.97740645,57.38811081,2328,,
2004,Aleppo,Al_Bab,3,6880,0,6880,30685,4460.02907,2090,1463,700,32148,0.223794265,2.70647827,698.8912923,19.7525318,171.3158859,1.361738999,28.32570189,404.137529,1,440.5998951,466.9869808,12728.84679,1,12.48017986,29.9933792,17.67895387,5.250335065,13.1995361,0.491892137,0.111135082,3537.236513,7.526863486,82.4378838,102.705158,90.88160485,345.5234258,172.3288421,394.8106379,0.536196258,18.97472913,98.97740645,57.38811081,2328,,
2004,Aleppo,Al_Bab,4,2355,0,2355,9632,4090,0,0,0,9632,0.223794265,2.70647827,698.8912923,19.7525318,171.3158859,1.361738999,28.32570189,404.137529,1,440.5998951,466.9869808,12728.84679,1,12.48017986,29.9933792,17.67895387,5.250335065,13.1995361,0.491892137,0.111135082,3537.236513,7.526863486,82.4378838,102.705158,90.88160485,345.5234258,172.3288421,394.8106379,0.536196258,18.97472913,98.97740645,57.38811081,2328,,
2004,Aleppo,Menbij,2,4170,0,4170,16000,3836.930456,19626,10465,533,26465,0.476099108,4.018173677,526.3073967,14.58861708,173.279788,1.406754586,24.018397,332.4689528,1,397.1956572,423.0331693,13128.65303,1,17.60715977,30.57663824,18.23424031,5.59956174,11.73174705,0.452788836,0.098308579,3606.6579,7.618434657,79.38551142,90.89114713,88.31711405,267.2592926,198.2878033,437.4207931,0.49517755,12.11218955,95.80434107,92.68040719,0000000000000000232c,,
2004,Aleppo,Menbij,3,3522,0,3522,16730,4749,5195,4431,853,21161,0.476099108,4.018173677,526.3073967,14.58861708,173.279788,1.406754586,24.018397,332.4689528,1,397.1956572,423.0331693,13128.65303,1,17.60715977,30.57663824,18.23424031,5.59956174,11.73174705,0.452788836,0.098308579,3606.6579,7.618434657,79.38551142,90.89114713,88.31711405,267.2592926,198.2878033,437.4207931,0.49517755,12.11218955,95.80434107,92.68040719,0000000000000000232c,,
2004,Aleppo,Menbij,4,18132,0,18132,90079,4968,70,0,0,90079,0.476099108,4.018173677,526.3073967,14.58861708,173.279788,1.406754586,24.018397,332.4689528,1,397.1956572,423.0331693,13128.65303,1,17.60715977,30.57663824,18.23424031,5.59956174,11.73174705,0.452788836,0.098308579,3606.6579,7.618434657,79.38551142,90.89114713,88.31711405,267.2592926,198.2878033,437.4207931,0.49517755,12.11218955,95.80434107,92.68040719,0000000000000000232c,,
2004,Aleppo,Menbij,5,4670,0,4670,26059,5580,0,0,0,26059,0.476099108,4.018173677,526.3073967,14.58861708,173.279788,1.406754586,24.018397,332.4689528,1,397.1956572,423.0331693,13128.65303,1,17.60715977,30.57663824,18.23424031,5.59956174,11.73174705,0.452788836,0.098308579,3606.6579,7.618434657,79.38551142,90.89114713,88.31711405,267.2592926,198.2878033,437.4207931,0.49517755,12.11218955,95.80434107,92.68040719,0000000000000000232c,,
2004,Aleppo,Ain_Al_Arab,2,12015,0,12015,43662,3633,48549,49762,1024,93424,0.285146327,2.615456939,657.5827111,17.37959342,180.1352135,1.344070296,29.15984317,412.5287694,1,457.6511594,398.3664481,12989.92906,1,40.7417743,31.91385425,18.04156814,4.936338851,10.5437128,0.500793283,0.118242596,3782.648415,7.452704986,84.90983381,86.84747447,92.2530546,324.9056551,160.737883,374.9119357,1.026508894,16.80178945,96.9053249,86.06697787,2327,,
2004,Aleppo,Ain_Al_Arab,3,3322,0,3322,12192,3669,2800,2388,853,14580,0.285146327,2.615456939,657.5827111,17.37959342,180.1352135,1.344070296,29.15984317,412.5287694,1,457.6511594,398.3664481,12989.92906,1,40.7417743,31.91385425,18.04156814,4.936338851,10.5437128,0.500793283,0.118242596,3782.648415,7.452704986,84.90983381,86.84747447,92.2530546,324.9056551,160.737883,374.9119357,1.026508894,16.80178945,96.9053249,86.06697787,2327,,
2004,Aleppo,Jebel_Saman,1,523,0,523,2740,5239,1287,4054,3150,6794,0.320135248,3.90953411,826.5507606,23.85379342,185.7492815,1.399045613,26.85095306,367.0160671,1,348.6130778,509.4159087,12833.21129,1,24.0041333,29.12980012,17.82390457,5.763825072,14.69717461,0.511132177,0.105151362,3464.070507,7.511498758,82.95004141,98.56663565,91.64755569,374.181011,183.2856532,401.209007,0.780531933,17.98196178,98.14911672,28.18423019,0000000000000000232b,,
2004,Aleppo,Jebel_Saman,2,1861,0,1861,9804,5267,1063,2797,2630,12601,0.320135248,3.90953411,826.5507606,23.85379342,185.7492815,1.399045613,26.85095306,367.0160671,1,348.6130778,509.4159087,12833.21129,1,24.0041333,29.12980012,17.82390457,5.763825072,14.69717461,0.511132177,0.105151362,3464.070507,7.511498758,82.95004141,98.56663565,91.64755569,374.181011,183.2856532,401.209007,0.780531933,17.98196178,98.14911672,28.18423019,0000000000000000232b,,
2004,Aleppo,Jebel_Saman,3,271,0,271,975,3598,437,207,474,1182,0.320135248,3.90953411,826.5507606,23.85379342,185.7492815,1.399045613,26.85095306,367.0160671,1,348.6130778,509.4159087,12833.21129,1,24.0041333,29.12980012,17.82390457,5.763825072,14.69717461,0.511132177,0.105151362,3464.070507,7.511498758,82.95004141,98.56663565,91.64755569,374.181011,183.2856532,401.209007,0.780531933,17.98196178,98.14911672,28.18423019,0000000000000000232b,,
2004,Aleppo,Jebel_Saman,4,108,0,108,447,4138.888889,0,0,0,447,0.320135248,3.90953411,826.5507606,23.85379342,185.7492815,1.399045613,26.85095306,367.0160671,1,348.6130778,509.4159087,12833.21129,1,24.0041333,29.12980012,17.82390457,5.763825072,14.69717461,0.511132177,0.105151362,3464.070507,7.511498758,82.95004141,98.56663565,91.64755569,374.181011,183.2856532,401.209007,0.780531933,17.98196178,98.14911672,28.18423019,0000000000000000232b,,
2004,Aleppo,As_Safira,2,3019,0,3019,13525,4480,1462,1535,1050,15060,0.226229514,2.727688396,582.2826115,16.53952985,194.0542344,1.456944439,23.81607607,339.9130212,1,386.7828001,432.6432281,13058.15538,1,58.56984464,29.67338519,18.13632691,5.767509616,12.29327035,0.43730669,0.091350434,3519.551169,7.634697244,78.8434252,102.9774751,87.6107645,280.9751616,209.796782,447.6738108,1.021027812,12.3940763,96.3638462,61.3127161,2329,,
2004,Aleppo,As_Safira,3,3096,0,3096,13932,4500,2673,2753,1030,16685,0.226229514,2.727688396,582.2826115,16.53952985,194.0542344,1.456944439,23.81607607,339.9130212,1,386.7828001,432.6432281,13058.15538,1,58.56984464,29.67338519,18.13632691,5.767509616,12.29327035,0.43730669,0.091350434,3519.551169,7.634697244,78.8434252,102.9774751,87.6107645,280.9751616,209.796782,447.6738108,1.021027812,12.3940763,96.3638462,61.3127161,2329,,
2004,Aleppo,As_Safira,4,590,0,590,2640,4474.576271,1992,1593,800,4233,0.226229514,2.727688396,582.2826115,16.53952985,194.0542344,1.456944439,23.81607607,339.9130212,1,386.7828001,432.6432281,13058.15538,1,58.56984464,29.67338519,18.13632691,5.767509616,12.29327035,0.43730669,0.091350434,3519.551169,7.634697244,78.8434252,102.9774751,87.6107645,280.9751616,209.796782,447.6738108,1.021027812,12.3940763,96.3638462,61.3127161,2329,,
2004,Raqqa,Raqqa,3,258,0,258,877,3399.224806,700,132,188.5714286,1009,1.050201469,5.964680642,366.4462295,9.46091926,176.8215937,1.445777656,18.21052889,260.1565394,1,346.2123061,432.388088,13624.17705,1,26.05879584,31.59770822,18.92246813,5.636662574,11.19011253,0.31182605,0.057420077,3872.262412,7.943602406,68.54658646,81.60740859,83.41071803,187.1682397,252.812006,466.2953785,0.418199141,7.517291598,91.87161068,89.8962532,0000000000000000235e,,
2004,Raqqa,Raqqa,4,12151,0,12151,59212,4872,12224,2447,200,61659,1.050201469,5.964680642,366.4462295,9.46091926,176.8215937,1.445777656,18.21052889,260.1565394,1,346.2123061,432.388088,13624.17705,1,26.05879584,31.59770822,18.92246813,5.636662574,11.19011253,0.31182605,0.057420077,3872.262412,7.943602406,68.54658646,81.60740859,83.41071803,187.1682397,252.812006,466.2953785,0.418199141,7.517291598,91.87161068,89.8962532,0000000000000000235e,,
2004,Raqqa,Raqqa,5,16744,0,16744,93448,5581,1305,55,42,93503,1.050201469,5.964680642,366.4462295,9.46091926,176.8215937,1.445777656,18.21052889,260.1565394,1,346.2123061,432.388088,13624.17705,1,26.05879584,31.59770822,18.92246813,5.636662574,11.19011253,0.31182605,0.057420077,3872.262412,7.943602406,68.54658646,81.60740859,83.41071803,187.1682397,252.812006,466.2953785,0.418199141,7.517291598,91.87161068,89.8962532,0000000000000000235e,,
2004,Raqqa,Tell_Abiad,2,22444,0,22444,94736,4220,32388,30963,956,125699,0.478825179,3.735158564,522.4332391,13.47531981,188.9206138,1.450549568,27.03711738,400.1496788,1,371.821103,384.8257953,13577.9887,1,11.17783109,32.83786378,18.85831764,5.278616146,9.942940494,0.387628408,0.073127305,3875.963564,7.789701512,73.67661628,87.54519569,87.89689453,261.4067156,163.0030389,436.503596,0.353533461,11.88417515,92.23818491,33.28514589,2360,,
2004,Raqqa,Tell_Abiad,3,2783,0,2783,11171,4014,18058,7539,417,18710,0.478825179,3.735158564,522.4332391,13.47531981,188.9206138,1.450549568,27.03711738,400.1496788,1,371.821103,384.8257953,13577.9887,1,11.17783109,32.83786378,18.85831764,5.278616146,9.942940494,0.387628408,0.073127305,3875.963564,7.789701512,73.67661628,87.54519569,87.89689453,261.4067156,163.0030389,436.503596,0.353533461,11.88417515,92.23818491,33.28514589,2360,,
2004,Raqqa,Tell_Abiad,4,255,0,255,1012,3968.627451,30,5,166.6666667,1017,0.478825179,3.735158564,522.4332391,13.47531981,188.9206138,1.450549568,27.03711738,400.1496788,1,371.821103,384.8257953,13577.9887,1,11.17783109,32.83786378,18.85831764,5.278616146,9.942940494,0.387628408,0.073127305,3875.963564,7.789701512,73.67661628,87.54519569,87.89689453,261.4067156,163.0030389,436.503596,0.353533461,11.88417515,92.23818491,33.28514589,2360,,
2004,Raqqa,Tabqat,3,1772,0,1772,8816,4975,90,37,411.1111111,8853,0.166312937,1.915996577,427.4300795,11.39688604,159.7684893,1.190950364,17.04136252,252.4603217,1,365.9192606,369.2454283,13360.36089,1,14.81675015,30.92719859,18.55605679,5.927438048,9.850994961,0.434367952,0.101685834,3749.411102,7.560426275,81.31912416,84.77903408,87.595515,207.4099383,193.9123706,366.1195327,0.562168467,8.629667024,93.96538978,97.73904029,0000000000000000235f,,
2004,Raqqa,Tabqat,4,3443,0,3443,14667,4259,700,0,0,14667,0.166312937,1.915996577,427.4300795,11.39688604,159.7684893,1.190950364,17.04136252,252.4603217,1,365.9192606,369.2454283,13360.36089,1,14.81675015,30.92719859,18.55605679,5.927438048,9.850994961,0.434367952,0.101685834,3749.411102,7.560426275,81.31912416,84.77903408,87.595515,207.4099383,193.9123706,366.1195327,0.562168467,8.629667024,93.96538978,97.73904029,0000000000000000235f,,
2004,Raqqa,Tabqat,5,17753,0,17753,74883,4218,1400,0,0,74883,0.166312937,1.915996577,427.4300795,11.39688604,159.7684893,1.190950364,17.04136252,252.4603217,1,365.9192606,369.2454283,13360.36089,1,14.81675015,30.92719859,18.55605679,5.927438048,9.850994961,0.434367952,0.101685834,3749.411102,7.560426275,81.31912416,84.77903408,87.595515,207.4099383,193.9123706,366.1195327,0.562168467,8.629667024,93.96538978,97.73904029,0000000000000000235f,,
2004,Dayr_Az_Zor,Dayr_Az_Zor,4,1954,0,1954,8832,4519,2925,140,48,8972,1.527438458,6.266817637,335.7728952,8.066682621,160.6562038,1.475571533,17.45613594,279.0580926,1,311.6110564,414.4570488,14310.56027,1,24.94088817,33.27569599,19.87577815,5.614436651,9.989824057,0.265822622,0.047177951,4161.465674,7.945084905,68.49716985,87.03533554,77.28925534,173.7542917,267.81461,453.5383851,0.441646162,7.406680906,86.42412487,59.82997528,2341,,
2004,Dayr_Az_Zor,Dayr_Az_Zor,5,26519,0,26519,110664,4172,0,0,0,110664,1.527438458,6.266817637,335.7728952,8.066682621,160.6562038,1.475571533,17.45613594,279.0580926,1,311.6110564,414.4570488,14310.56027,1,24.94088817,33.27569599,19.87577815,5.614436651,9.989824057,0.265822622,0.047177951,4161.465674,7.945084905,68.49716985,87.03533554,77.28925534,173.7542917,267.81461,453.5383851,0.441646162,7.406680906,86.42412487,59.82997528,2341,,
2004,Dayr_Az_Zor,Al_Mayadin,5,9101,0,9101,40636,4465,0,0,0,40636,0.846879854,4.706853339,308.0396537,7.13313517,106.9848781,1.464284982,15.16950876,321.6518012,1,284.7469964,415.4741643,14714.59226,1,13.44925992,33.55745803,20.43693369,6.015156346,9.642679007,0.203571821,0.026441566,4317.432868,7.935538403,68.81538657,90.02224887,75.92293682,164.844201,226.8776377,452.2255759,0.231444592,7.050522461,83.21752175,65.76879408,2340,,
2004,Dayr_Az_Zor,Abu_Kamal,5,11459,0,11459,50465,4404,0,0,0,50465,0.326690195,2.534252196,338.0626294,7.609903486,145.9024177,1.474952341,15.51213228,316.9541986,1,199.0450865,384.5147357,15236.56518,1,17.05196237,34.54651428,21.16189609,6.382905392,8.684882833,0.251309523,0.038689424,4441.403639,7.914785937,69.50713545,97.62786349,74.92928756,189.9851141,210.3167699,473.4703945,0.275403663,8.147721895,79.07487951,64.43444099,0000000000000000233f,,
2004,Hassakeh,Hassakeh,1,0,0,0,0,0,50,57,1140,57,1.234999017,5.292191536,556.6485078,13.41586041,179.2026918,1.453912692,22.75778998,312.1287676,1,352.2277754,371.0257892,14185.18109,1,19.1175947,33.97463499,19.70164041,5.469777574,8.964459639,0.368618961,0.071220593,4148.182316,7.76640865,74.453045,89.13112145,85.56433542,281.8678814,232.8497925,449.1236429,0.493960645,10.83503123,87.41919767,55.44769984,0000000000000000234b,,
2004,Hassakeh,Hassakeh,2,29665,0,29665,90004,3034,35564,37022,1041,127026,1.234999017,5.292191536,556.6485078,13.41586041,179.2026918,1.453912692,22.75778998,312.1287676,1,352.2277754,371.0257892,14185.18109,1,19.1175947,33.97463499,19.70164041,5.469777574,8.964459639,0.368618961,0.071220593,4148.182316,7.76640865,74.453045,89.13112145,85.56433542,281.8678814,232.8497925,449.1236429,0.493960645,10.83503123,87.41919767,55.44769984,0000000000000000234b,,
2004,Hassakeh,Hassakeh,3,12713,0,12713,43898,3453,12676,4596,363,48494,1.234999017,5.292191536,556.6485078,13.41586041,179.2026918,1.453912692,22.75778998,312.1287676,1,352.2277754,371.0257892,14185.18109,1,19.1175947,33.97463499,19.70164041,5.469777574,8.964459639,0.368618961,0.071220593,4148.182316,7.76640865,74.453045,89.13112145,85.56433542,281.8678814,232.8497925,449.1236429,0.493960645,10.83503123,87.41919767,55.44769984,0000000000000000234b,,
2004,Hassakeh,Hassakeh,4,11478,0,11478,35579,3099,15375,1942,126,37521,1.234999017,5.292191536,556.6485078,13.41586041,179.2026918,1.453912692,22.75778998,312.1287676,1,352.2277754,371.0257892,14185.18109,1,19.1175947,33.97463499,19.70164041,5.469777574,8.964459639,0.368618961,0.071220593,4148.182316,7.76640865,74.453045,89.13112145,85.56433542,281.8678814,232.8497925,449.1236429,0.493960645,10.83503123,87.41919767,55.44769984,0000000000000000234b,,
2004,Hassakeh,Hassakeh,5,11685,0,11685,45186,3867,178,0,0,45186,1.234999017,5.292191536,556.6485078,13.41586041,179.2026918,1.453912692,22.75778998,312.1287676,1,352.2277754,371.0257892,14185.18109,1,19.1175947,33.97463499,19.70164041,5.469777574,8.964459639,0.368618961,0.071220593,4148.182316,7.76640865,74.453045,89.13112145,85.56433542,281.8678814,232.8497925,449.1236429,0.493960645,10.83503123,87.41919767,55.44769984,0000000000000000234b,,
2004,Hassakeh,Quamishli,1,19117,0,19117,53295,2788,51460,36208,704,89503,0.384508781,3.376182941,921.7399403,21.94856308,189.6343908,1.4227755,32.71215887,381.6987929,1,387.3408823,439.2062933,13689.70088,1,4.224880292,33.62868311,19.01347345,5.171298083,10.47570032,0.655323095,0.142240128,4198.545714,7.499177245,83.3607585,86.22519576,92.96184617,470.5476877,188.6721752,424.1715544,0.236333983,15.93920513,91.35158031,2.151515152,0000000000000000234c,,
2004,Hassakeh,Quamishli,2,14507,0,14507,48062,3312,24923,15113,606,63175,0.384508781,3.376182941,921.7399403,21.94856308,189.6343908,1.4227755,32.71215887,381.6987929,1,387.3408823,439.2062933,13689.70088,1,4.224880292,33.62868311,19.01347345,5.171298083,10.47570032,0.655323095,0.142240128,4198.545714,7.499177245,83.3607585,86.22519576,92.96184617,470.5476877,188.6721752,424.1715544,0.236333983,15.93920513,91.35158031,2.151515152,0000000000000000234c,,
2004,Hassakeh,Quamishli,3,5453,0,5453,16561,3037,6006,2596,432,19157,0.384508781,3.376182941,921.7399403,21.94856308,189.6343908,1.4227755,32.71215887,381.6987929,1,387.3408823,439.2062933,13689.70088,1,4.224880292,33.62868311,19.01347345,5.171298083,10.47570032,0.655323095,0.142240128,4198.545714,7.499177245,83.3607585,86.22519576,92.96184617,470.5476877,188.6721752,424.1715544,0.236333983,15.93920513,91.35158031,2.151515152,0000000000000000234c,,
2004,Hassakeh,Al_Malika,1,26846,0,26846,104270,3884,85496,140129,1639,244399,0.273788898,2.626098262,1152.073845,26.6486605,177.7179584,1.393407522,35.81191186,396.1542193,1,442.2589019,474.1345723,13141.8264,1,11.47143655,32.9108448,18.25253667,4.463664118,10.98188085,0.666948607,0.146867996,4322.196076,7.401004555,86.63318149,84.76396938,95.87159356,580.3412606,182.2285639,417.2135132,0.627665989,23.0979689,95.69979046,71.48066457,0000000000000000234a,,
2004,Hassakeh,Al_Malika,2,955,0,955,3343,3500,8070,7172,889,10515,0.273788898,2.626098262,1152.073845,26.6486605,177.7179584,1.393407522,35.81191186,396.1542193,1,442.2589019,474.1345723,13141.8264,1,11.47143655,32.9108448,18.25253667,4.463664118,10.98188085,0.666948607,0.146867996,4322.196076,7.401004555,86.63318149,84.76396938,95.87159356,580.3412606,182.2285639,417.2135132,0.627665989,23.0979689,95.69979046,71.48066457,0000000000000000234a,,
2004,Hassakeh,Al_Malika,3,65,0,65,0,0,2225,214,96,214,0.273788898,2.626098262,1152.073845,26.6486605,177.7179584,1.393407522,35.81191186,396.1542193,1,442.2589019,474.1345723,13141.8264,1,11.47143655,32.9108448,18.25253667,4.463664118,10.98188085,0.666948607,0.146867996,4322.196076,7.401004555,86.63318149,84.76396938,95.87159356,580.3412606,182.2285639,417.2135132,0.627665989,23.0979689,95.69979046,71.48066457,0000000000000000234a,,
2004,Hassakeh,Ras_Al_Ain,1,20052,0,20052,86645,4321,4649,7216,1552,93861,0.383012451,4.287075453,671.52675,16.78523,181.239228,1.436138441,29.13638552,428.1986409,1,428.0325777,501.1308912,13508.12645,1,10.62784115,33.16590373,18.76128674,4.962238261,12.54271608,0.51289681,0.101571124,3999.700319,7.607914063,79.7361979,89.03775221,90.13674178,330.3802676,158.4989891,413.1203426,0.413294717,15.5378662,92.79264719,3.258706468,0000000000000000234d,,
2004,Hassakeh,Ras_Al_Ain,2,62153,0,62153,231395,3723,25756,18802,730,250197,0.383012451,4.287075453,671.52675,16.78523,181.239228,1.436138441,29.13638552,428.1986409,1,428.0325777,501.1308912,13508.12645,1,10.62784115,33.16590373,18.76128674,4.962238261,12.54271608,0.51289681,0.101571124,3999.700319,7.607914063,79.7361979,89.03775221,90.13674178,330.3802676,158.4989891,413.1203426,0.413294717,15.5378662,92.79264719,3.258706468,0000000000000000234d,,
2004,Hassakeh,Ras_Al_Ain,3,530,0,530,0,0,1000,0,0,0,0.383012451,4.287075453,671.52675,16.78523,181.239228,1.436138441,29.13638552,428.1986409,1,428.0325777,501.1308912,13508.12645,1,10.62784115,33.16590373,18.76128674,4.962238261,12.54271608,0.51289681,0.101571124,3999.700319,7.607914063,79.7361979,89.03775221,90.13674178,330.3802676,158.4989891,413.1203426,0.413294717,15.5378662,92.79264719,3.258706468,0000000000000000234d,,
2004,Hassakeh,Ras_Al_Ain,4,350,0,350,1215,3471.428571,0,0,0,1215,0.383012451,4.287075453,671.52675,16.78523,181.239228,1.436138441,29.13638552,428.1986409,1,428.0325777,501.1308912,13508.12645,1,10.62784115,33.16590373,18.76128674,4.962238261,12.54271608,0.51289681,0.101571124,3999.700319,7.607914063,79.7361979,89.03775221,90.13674178,330.3802676,158.4989891,413.1203426,0.413294717,15.5378662,92.79264719,3.258706468,0000000000000000234d,,
2005,Homs,Tall_Kalakh,1,2950,0,2950,11741,3980,1598,3564,2230,15305,0.061265386,1.382119937,1386.854324,37.43090727,213.4968276,1.371293035,28.50363662,371.8628808,1,462.9664108,678.6183409,12110.96213,1,86.9397267,25.70009656,16.82078073,7.255059326,18.3663518,0.64611559,0.113854254,3704.104753,7.036198454,98.79338486,99.10971467,102.0519388,675.6643895,256.0800903,370.1287946,2.899572474,38.32373734,96.11874705,63.89144317,2353,,
2005,Hama,Hama,2,108,0,108,536,4962.962963,30,52,1733.333333,588,0.227677668,4.733216797,702.6382185,19.65224645,192.7904067,1.455316559,28.89107986,399.9433813,1,367.8882638,446.229428,12757.15688,1,25.04294796,28.13759198,17.71827345,6.176370229,12.46416433,0.489216425,0.097889025,3574.358268,7.530149647,82.32834509,94.7944868,95.23549274,324.6623823,199.991121,385.7041579,0.890006436,18.48653952,98.75272314,22.43352601,2345,,
2005,Hama,Hama,3,715,0,715,3546,4959.440559,0,0,0,3546,0.227677668,4.733216797,702.6382185,19.65224645,192.7904067,1.455316559,28.89107986,399.9433813,1,367.8882638,446.229428,12757.15688,1,25.04294796,28.13759198,17.71827345,6.176370229,12.46416433,0.489216425,0.097889025,3574.358268,7.530149647,82.32834509,94.7944868,95.23549274,324.6623823,199.991121,385.7041579,0.890006436,18.48653952,98.75272314,22.43352601,2345,,
2005,Hama,Hama,4,1712,0,1712,7961,4649,0,0,0,7961,0.227677668,4.733216797,702.6382185,19.65224645,192.7904067,1.455316559,28.89107986,399.9433813,1,367.8882638,446.229428,12757.15688,1,25.04294796,28.13759198,17.71827345,6.176370229,12.46416433,0.489216425,0.097889025,3574.358268,7.530149647,82.32834509,94.7944868,95.23549274,324.6623823,199.991121,385.7041579,0.890006436,18.48653952,98.75272314,22.43352601,2345,,
2005,Hama,Al_Ghab,1,3791,0,3791,21912,5780,218,654,3000,22566,0.049595436,1.643165164,1217.401728,35.97145907,139.7759455,1.347860465,28.59829587,349.5799349,1,352.189296,961.2583444,11751.19801,1,139.7020723,25.85796371,16.32110835,6.197685815,28.35510695,0.666671114,0.109356372,3383.354595,6.782044179,92.73480597,90.08900751,108.8496904,568.5290453,280.5196852,361.9957542,4.508295663,42.21571718,93.26347626,35.28868661,2342,,
2005,Idleb,Idleb,1,4551,0,4551,21344,4690,8124,22991,2830,44335,0.125820372,2.188331063,893.8843943,25.51304497,133.1604544,1.441830046,29.96636028,396.7139838,1,349.4829207,561.6391003,12456.42401,1,18.66965742,27.99355581,17.3005889,5.897763851,16.01224745,0.582960136,0.118214139,3502.636651,7.363514149,87.8828617,87.82826421,99.54429205,431.787239,201.4720497,378.6673336,0.928862474,24.86059375,98.86050803,24.08243728,2358,,
2005,Idleb,Idleb,2,1478,0,1478,6932,4690,7144,13573,1900,20505,0.125820372,2.188331063,893.8843943,25.51304497,133.1604544,1.441830046,29.96636028,396.7139838,1,349.4829207,561.6391003,12456.42401,1,18.66965742,27.99355581,17.3005889,5.897763851,16.01224745,0.582960136,0.118214139,3502.636651,7.363514149,87.8828617,87.82826421,99.54429205,431.787239,201.4720497,378.6673336,0.928862474,24.86059375,98.86050803,24.08243728,2358,,
2005,Idleb,Idleb,3,1878,0,1878,10330,5500,5354,10012,1870,20342,0.125820372,2.188331063,893.8843943,25.51304497,133.1604544,1.441830046,29.96636028,396.7139838,1,349.4829207,561.6391003,12456.42401,1,18.66965742,27.99355581,17.3005889,5.897763851,16.01224745,0.582960136,0.118214139,3502.636651,7.363514149,87.8828617,87.82826421,99.54429205,431.787239,201.4720497,378.6673336,0.928862474,24.86059375,98.86050803,24.08243728,2358,,
2005,Idleb,Harim,1,733,0,733,2961,4040,365,1266,3468,4227,0.076955511,1.744823344,1088.088314,31.85413691,208.4698796,1.397594182,27.2782689,356.5012631,1,400.6489695,532.5100558,12062.926,1,91.8753057,27.43763584,16.75406388,5.719943248,15.60607079,0.480118202,0.072577179,3414.846165,7.125463716,95.81787612,82.61239746,111.1390014,517.8115205,243.3845318,396.2349649,3.52892128,34.93256475,95.73750791,7.104166667,2357,,
2005,Idleb,Al_Jisr_Ash_Shu,1,18,0,18,72,4000,510,1770,3470,1842,0.061795348,1.387996783,1135.982435,34.00458085,177.540447,1.380476929,27.89801472,304.6574213,1,349.3955892,649.7394312,11924.5799,1,101.3142959,26.35052956,16.56191653,6.169062647,19.44102556,0.557474697,0.077515117,3339.674716,6.711311118,90.37703725,88.07900038,106.6338384,539.9979646,309.262822,377.4719518,3.793157673,40.90641577,94.63952305,19.55376344,2354,,
2005,Idleb,Al_Ma'ra,1,485,0,485,2333,4810,9757,20684,2120,23017,0.219400577,2.789560748,774.4699855,22.35929197,161.5969773,1.44106543,30.50289991,387.8445436,1,426.7153644,477.7839043,12429.47212,1,29.05957912,27.91015995,17.26315572,5.735243558,13.80365117,0.549057733,0.115661017,3462.750044,7.422356298,85.92145674,89.25624019,97.44037488,367.1924374,211.8633148,395.4624714,1.089096217,21.8826255,98.64660412,2.740740741,2355,,
2005,Idleb,Al_Ma'ra,2,214,0,214,1530,7150,15374,28288,1840,29818,0.219400577,2.789560748,774.4699855,22.35929197,161.5969773,1.44106543,30.50289991,387.8445436,1,426.7153644,477.7839043,12429.47212,1,29.05957912,27.91015995,17.26315572,5.735243558,13.80365117,0.549057733,0.115661017,3462.750044,7.422356298,85.92145674,89.25624019,97.44037488,367.1924374,211.8633148,395.4624714,1.089096217,21.8826255,98.64660412,2.740740741,2355,,
2005,Idleb,Al_Ma'ra,3,0,0,0,0,0,3200,2912,910,2912,0.219400577,2.789560748,774.4699855,22.35929197,161.5969773,1.44106543,30.50289991,387.8445436,1,426.7153644,477.7839043,12429.47212,1,29.05957912,27.91015995,17.26315572,5.735243558,13.80365117,0.549057733,0.115661017,3462.750044,7.422356298,85.92145674,89.25624019,97.44037488,367.1924374,211.8633148,395.4624714,1.089096217,21.8826255,98.64660412,2.740740741,2355,,
2005,Idleb,Ariha,1,717,0,717,3405,4750,175,421,2405,3826,0.06189382,1.20144567,946.2230839,27.5164989,178.7756591,1.396585143,27.93576679,350.6523137,1,582.149967,509.5418148,11533.97437,1,87.67581128,26.34664832,16.01940885,5.38383156,14.82601189,0.447885987,0.066242542,3437.748103,7.15618642,94.79378601,91.14395114,100.093624,452.8738904,264.1637633,380.2716742,2.592602428,31.56046909,91.53947916,35.35190616,2356,,
2005,Tartous,Tartous,1,4921,0,4921,22637,4600,335,922,2752,23559,0.049162657,1.417978043,1538.260025,41.85656638,226.602822,1.337365278,24.38800112,328.0083572,1,151.3380759,852.2478894,13240.94932,1,85.26540945,26.15424475,18.39020739,10.26789158,23.21788763,0.594556921,0.0755546,3674.074564,6.801489796,93.38299321,94.41288904,103.6838871,784.4365526,293.3316743,364.969705,1.987711269,46.76351549,94.91310061,64.49344978,2365,,
2005,Tartous,Banyas,1,29,0,29,134,4620,669,1840,2750,1974,0.064347484,1.259569202,1631.033592,45.14830433,227.2029485,1.248880866,25.12215029,311.6023136,1,597.2024401,802.0542577,11440.26865,1,239.5189203,24.66375573,15.88926201,6.99788211,22.20302713,0.550959397,0.064387984,3611.613178,6.402940695,80.09802315,87.48995762,103.9000678,803.8425679,311.2379664,363.3411414,4.321198421,51.28226288,90.79578291,78.70526316,2361,,
2005,Tartous,Safita,1,71,0,71,328,4620,302,827,2738,1155,0.047070335,1.157636077,1814.022805,50.39490905,212.2246192,1.350786518,24.81991989,329.6296751,1,294.0703481,742.5625409,12730.56803,1,85.74052064,26.01547367,17.68134449,8.883909339,20.64584823,0.606738062,0.074643962,3598.615198,6.807968775,93.59895915,95.46621563,106.7475272,910.9236901,291.9812893,377.4132804,2.351750182,44.6094789,98.96374577,76.62715679,2363,,
2005,Tartous,Dreikisch,1,0,0,0,0,0,90,247,2744,247,0.020699473,0.796408619,1801.765795,49.81382919,216.934763,1.299036482,24.8601254,322.079217,1,504.6634677,771.8353694,12013.65108,1,163.4163054,25.20186476,16.6856265,7.852364222,21.34005477,0.576945432,0.061954101,3615.999183,6.512992812,83.76642708,94.8637779,105.0020783,894.2098144,306.9629607,371.5972167,3.497485148,47.28655449,95.34643714,23.43243243,2362,,
2005,Tartous,Sheikh_Badr,1,0,0,0,0,0,2011,4243,2110,4243,0.0373259,1.003571401,1707.481588,47.1270668,219.4652153,1.304121142,24.82237263,321.6588278,1,407.1159663,786.5652337,12270.25196,1,154.5873703,25.39136373,17.04201662,8.373534182,21.70467181,0.577138493,0.066174222,3623.637085,6.587843617,86.26145388,92.55101059,104.8476532,852.7511899,302.2905226,370.5696379,3.164125443,48.74926315,94.93369064,48.78499377,,,
2005,Lattakia,Al_Hafa,1,0,0,0,0,0,32,57,1781,57,0.056619889,1.298629777,1677.759753,49.43723111,251.0029312,1.264981734,25.51066723,281.7179779,1,615.8606536,870.599724,11461.46793,1,289.7612345,25.28968388,15.91870546,6.448536095,25.64359173,0.579938911,0.058562615,3392.717073,6.168576676,72.28588919,81.74897662,118.8374255,763.5880115,357.4897846,356.8800356,4.643245661,56.30098333,90.9640312,75.1082544,2359,,
2005,Aleppo,A'zaz,1,2085,0,2085,10675,5120,18874,46619,2470,57294,0.121728487,2.146811382,782.8524743,21.43226121,180.5676029,1.396196968,30.36538609,429.7996425,1,481.8095159,571.6433919,12204.21367,1,12.33630082,29.10573304,16.95029677,4.879821791,15.65498421,0.636550173,0.140571882,3651.682593,7.471901984,84.26993387,93.76116346,97.11618169,358.7064237,165.5478602,396.9674719,0.559398203,24.25735487,96.85883867,30.7875817,2325,,
2005,Aleppo,A'zaz,2,418,0,418,2070,4950,5800,11600,2000,13670,0.121728487,2.146811382,782.8524743,21.43226121,180.5676029,1.396196968,30.36538609,429.7996425,1,481.8095159,571.6433919,12204.21367,1,12.33630082,29.10573304,16.95029677,4.879821791,15.65498421,0.636550173,0.140571882,3651.682593,7.471901984,84.26993387,93.76116346,97.11618169,358.7064237,165.5478602,396.9674719,0.559398203,24.25735487,96.85883867,30.7875817,2325,,
2005,Aleppo,Afrin,1,1135,0,1135,4790,4220,1403,3101,2210,7891,0.194810459,2.230856022,1056.723174,30.10027131,184.8305861,1.371035123,25.51170824,404.3181051,1,493.5760545,511.2885721,11743.14835,1,89.965976,27.91138205,16.30992827,4.944976592,14.5672483,0.434509972,0.05694293,3509.676577,7.198506433,93.3831189,89.27565968,103.1621822,485.4051563,192.8950466,401.4796676,3.206478872,32.26458622,93.19959012,72.67440361,2326,,
2005,Aleppo,Jarablus,2,802,0,802,4115,5130,22333,24566,1100,28681,0.056313267,1.389591551,654.0767778,17.98500175,123.911363,1.374076188,31.59740814,433.9335195,1,453.0262094,410.6756808,12758.54879,1,19.54434174,31.40185807,17.72020665,4.689403647,11.29711513,0.508575409,0.114776675,3635.790181,7.473535251,84.21549162,95.34513895,94.97812509,294.5269454,151.8135123,395.6820817,0.731704106,17.89025411,98.7416763,86.86344794,0000000000000000232a,,
2005,Aleppo,Al_Bab,1,0,0,0,0,0,1500,2686,1790,2686,0.223794265,2.70647827,578.0268676,16.07999899,171.3158859,1.361738999,28.32570189,404.137529,1,440.5998951,451.1382437,12731.50934,1,12.48017986,29.98305495,17.68265186,5.263491695,12.55034228,0.472660219,0.105432138,3593.694675,7.526863486,82.4378838,97.41907259,93.24614075,256.7035962,172.3288421,394.8106379,0.536196258,18.97472913,98.9562751,57.38811081,2328,,
2005,Aleppo,Al_Bab,2,321,0,321,1278,3980,28772,33087,1150,34365,0.223794265,2.70647827,578.0268676,16.07999899,171.3158859,1.361738999,28.32570189,404.137529,1,440.5998951,451.1382437,12731.50934,1,12.48017986,29.98305495,17.68265186,5.263491695,12.55034228,0.472660219,0.105432138,3593.694675,7.526863486,82.4378838,97.41907259,93.24614075,256.7035962,172.3288421,394.8106379,0.536196258,18.97472913,98.9562751,57.38811081,2328,,
2005,Aleppo,Al_Bab,3,7012,0,7012,27978,3990,2049,3811,1860,31789,0.223794265,2.70647827,578.0268676,16.07999899,171.3158859,1.361738999,28.32570189,404.137529,1,440.5998951,451.1382437,12731.50934,1,12.48017986,29.98305495,17.68265186,5.263491695,12.55034228,0.472660219,0.105432138,3593.694675,7.526863486,82.4378838,97.41907259,93.24614075,256.7035962,172.3288421,394.8106379,0.536196258,18.97472913,98.9562751,57.38811081,2328,,
2005,Aleppo,Al_Bab,4,2623,0,2623,10492,4000,0,0,0,10492,0.223794265,2.70647827,578.0268676,16.07999899,171.3158859,1.361738999,28.32570189,404.137529,1,440.5998951,451.1382437,12731.50934,1,12.48017986,29.98305495,17.68265186,5.263491695,12.55034228,0.472660219,0.105432138,3593.694675,7.526863486,82.4378838,97.41907259,93.24614075,256.7035962,172.3288421,394.8106379,0.536196258,18.97472913,98.9562751,57.38811081,2328,,
2005,Aleppo,Menbij,2,4668,0,4668,16618,3560,21097,19831,940,36449,0.476099108,4.018173677,453.6744579,12.41617724,173.279788,1.406754586,24.018397,332.4689528,1,397.1956572,405.5563337,13129.23498,1,17.60715977,30.56875842,18.23504858,5.59956174,11.10208144,0.438241559,0.093818959,3652.898049,7.618434657,79.38551142,92.6352749,87.68904306,210.4364443,198.2878033,437.4207931,0.49517755,12.11218955,95.79972238,92.68040719,0000000000000000232c,,
2005,Aleppo,Menbij,3,3698,0,3698,14311,3870,9103,7919,870,22230,0.476099108,4.018173677,453.6744579,12.41617724,173.279788,1.406754586,24.018397,332.4689528,1,397.1956572,405.5563337,13129.23498,1,17.60715977,30.56875842,18.23504858,5.59956174,11.10208144,0.438241559,0.093818959,3652.898049,7.618434657,79.38551142,92.6352749,87.68904306,210.4364443,198.2878033,437.4207931,0.49517755,12.11218955,95.79972238,92.68040719,0000000000000000232c,,
2005,Aleppo,Menbij,4,21763,0,21763,95757,4400,1744,1309,750,97066,0.476099108,4.018173677,453.6744579,12.41617724,173.279788,1.406754586,24.018397,332.4689528,1,397.1956572,405.5563337,13129.23498,1,17.60715977,30.56875842,18.23504858,5.59956174,11.10208144,0.438241559,0.093818959,3652.898049,7.618434657,79.38551142,92.6352749,87.68904306,210.4364443,198.2878033,437.4207931,0.49517755,12.11218955,95.79972238,92.68040719,0000000000000000232c,,
2005,Aleppo,Menbij,5,5580,0,5580,30796,5520,0,0,0,30796,0.476099108,4.018173677,453.6744579,12.41617724,173.279788,1.406754586,24.018397,332.4689528,1,397.1956572,405.5563337,13129.23498,1,17.60715977,30.56875842,18.23504858,5.59956174,11.10208144,0.438241559,0.093818959,3652.898049,7.618434657,79.38551142,92.6352749,87.68904306,210.4364443,198.2878033,437.4207931,0.49517755,12.11218955,95.79972238,92.68040719,0000000000000000232c,,
2005,Aleppo,Ain_Al_Arab,2,13170,0,13170,51495,3910,55310,74092,1340,125587,0.285146327,2.615456939,576.1182107,15.14039765,180.1352135,1.344070296,29.15984317,412.5287694,1,457.6511594,385.9140817,13004.60463,1,40.7417743,31.76817907,18.06195087,4.946558722,10.15648322,0.506459952,0.120122417,3804.172256,7.452704986,84.90983381,91.86890064,92.91382979,274.7301049,160.737883,374.9119357,1.026508894,16.80178945,96.78885218,86.06697787,2327,,
2005,Aleppo,Ain_Al_Arab,3,3322,0,3322,11428,3440,2800,2800,1000,14228,0.285146327,2.615456939,576.1182107,15.14039765,180.1352135,1.344070296,29.15984317,412.5287694,1,457.6511594,385.9140817,13004.60463,1,40.7417743,31.76817907,18.06195087,4.946558722,10.15648322,0.506459952,0.120122417,3804.172256,7.452704986,84.90983381,91.86890064,92.91382979,274.7301049,160.737883,374.9119357,1.026508894,16.80178945,96.78885218,86.06697787,2327,,
2005,Aleppo,Jebel_Saman,1,566,0,566,1947,3440,1134,2019,1780,3966,0.320135248,3.90953411,680.9241387,19.30349788,185.7492815,1.399045613,26.85095306,367.0160671,1,348.6130778,485.921619,12825.42231,1,24.0041333,29.12975226,17.81308654,5.763825072,13.77339204,0.490559459,0.101372302,3526.465037,7.511498758,82.95004141,89.49335598,94.1545251,324.3345388,183.2856532,401.209007,0.780531933,17.98196178,98.21093407,28.18423019,0000000000000000232b,,
2005,Aleppo,Jebel_Saman,2,1820,0,1820,7353,4040,1302,2460,1890,9813,0.320135248,3.90953411,680.9241387,19.30349788,185.7492815,1.399045613,26.85095306,367.0160671,1,348.6130778,485.921619,12825.42231,1,24.0041333,29.12975226,17.81308654,5.763825072,13.77339204,0.490559459,0.101372302,3526.465037,7.511498758,82.95004141,89.49335598,94.1545251,324.3345388,183.2856532,401.209007,0.780531933,17.98196178,98.21093407,28.18423019,0000000000000000232b,,
2005,Aleppo,Jebel_Saman,3,263,0,263,863,3280,447,491,1100,1354,0.320135248,3.90953411,680.9241387,19.30349788,185.7492815,1.399045613,26.85095306,367.0160671,1,348.6130778,485.921619,12825.42231,1,24.0041333,29.12975226,17.81308654,5.763825072,13.77339204,0.490559459,0.101372302,3526.465037,7.511498758,82.95004141,89.49335598,94.1545251,324.3345388,183.2856532,401.209007,0.780531933,17.98196178,98.21093407,28.18423019,0000000000000000232b,,
2005,Aleppo,Jebel_Saman,4,70,0,70,219,3130,0,0,0,219,0.320135248,3.90953411,680.9241387,19.30349788,185.7492815,1.399045613,26.85095306,367.0160671,1,348.6130778,485.921619,12825.42231,1,24.0041333,29.12975226,17.81308654,5.763825072,13.77339204,0.490559459,0.101372302,3526.465037,7.511498758,82.95004141,89.49335598,94.1545251,324.3345388,183.2856532,401.209007,0.780531933,17.98196178,98.21093407,28.18423019,0000000000000000232b,,
2005,Aleppo,As_Safira,2,2423,0,2423,12479,5150,1911,3440,1800,15919,0.226229514,2.727688396,481.3966191,13.39676206,194.0542344,1.456944439,23.81607607,339.9130212,1,386.7828001,407.6633703,13068.01604,1,58.56984464,29.67338519,18.15002228,5.767509616,11.3481158,0.410501965,0.084687367,3592.380377,7.634697244,78.8434252,96.2352179,86.8956053,218.7092924,209.796782,447.6738108,1.021027812,12.3940763,96.28558697,61.3127161,2329,,
2005,Aleppo,As_Safira,3,1959,0,1959,9991,5100,2828,3111,1100,13102,0.226229514,2.727688396,481.3966191,13.39676206,194.0542344,1.456944439,23.81607607,339.9130212,1,386.7828001,407.6633703,13068.01604,1,58.56984464,29.67338519,18.15002228,5.767509616,11.3481158,0.410501965,0.084687367,3592.380377,7.634697244,78.8434252,96.2352179,86.8956053,218.7092924,209.796782,447.6738108,1.021027812,12.3940763,96.28558697,61.3127161,2329,,
2005,Aleppo,As_Safira,4,464,0,464,2069,4460,778,700,900,2769,0.226229514,2.727688396,481.3966191,13.39676206,194.0542344,1.456944439,23.81607607,339.9130212,1,386.7828001,407.6633703,13068.01604,1,58.56984464,29.67338519,18.15002228,5.767509616,11.3481158,0.410501965,0.084687367,3592.380377,7.634697244,78.8434252,96.2352179,86.8956053,218.7092924,209.796782,447.6738108,1.021027812,12.3940763,96.28558697,61.3127161,2329,,
2005,Aleppo,As_Safira,5,600,0,600,3306,5510,0,0,0,3306,0.226229514,2.727688396,481.3966191,13.39676206,194.0542344,1.456944439,23.81607607,339.9130212,1,386.7828001,407.6633703,13068.01604,1,58.56984464,29.67338519,18.15002228,5.767509616,11.3481158,0.410501965,0.084687367,3592.380377,7.634697244,78.8434252,96.2352179,86.8956053,218.7092924,209.796782,447.6738108,1.021027812,12.3940763,96.28558697,61.3127161,2329,,
2005,Raqqa,Raqqa,3,364,0,364,1991,5470,5900,0,0,1991,1.050201469,5.964680642,331.6601556,8.432983077,176.8215937,1.445777656,18.21052889,260.1565394,1,346.2123061,408.4892946,13620.28152,1,26.05879584,31.59770822,18.91705767,5.636662574,10.40954233,0.304906078,0.055494147,3931.89246,7.943602406,68.54658646,85.19171152,84.13916039,158.6823558,252.812006,466.2953785,0.418199141,7.517291598,91.9025276,89.8962532,0000000000000000235e,,
2005,Raqqa,Raqqa,4,21798,0,21798,99835,4580,23514,0,0,99835,1.050201469,5.964680642,331.6601556,8.432983077,176.8215937,1.445777656,18.21052889,260.1565394,1,346.2123061,408.4892946,13620.28152,1,26.05879584,31.59770822,18.91705767,5.636662574,10.40954233,0.304906078,0.055494147,3931.89246,7.943602406,68.54658646,85.19171152,84.13916039,158.6823558,252.812006,466.2953785,0.418199141,7.517291598,91.9025276,89.8962532,0000000000000000235e,,
2005,Raqqa,Raqqa,5,20708,0,20708,107889,5210,500,0,0,107889,1.050201469,5.964680642,331.6601556,8.432983077,176.8215937,1.445777656,18.21052889,260.1565394,1,346.2123061,408.4892946,13620.28152,1,26.05879584,31.59770822,18.91705767,5.636662574,10.40954233,0.304906078,0.055494147,3931.89246,7.943602406,68.54658646,85.19171152,84.13916039,158.6823558,252.812006,466.2953785,0.418199141,7.517291598,91.9025276,89.8962532,0000000000000000235e,,
2005,Raqqa,Tell_Abiad,2,20386,0,20386,94387,4630,38578,46679,1210,141066,0.478825179,3.735158564,466.9389514,11.93904253,188.9206138,1.450549568,27.03711738,400.1496788,1,371.821103,368.8760447,13609.48249,1,11.17783109,32.77697004,18.90205902,5.278616146,9.44830582,0.38224754,0.073010368,3910.025112,7.789701512,73.67661628,91.35716098,87.53817862,218.1333799,163.0030389,436.503596,0.353533461,11.88417515,91.98823419,33.28514589,2360,,
2005,Raqqa,Tell_Abiad,3,2500,0,2500,10000,4000,18948,7958,420,17958,0.478825179,3.735158564,466.9389514,11.93904253,188.9206138,1.450549568,27.03711738,400.1496788,1,371.821103,368.8760447,13609.48249,1,11.17783109,32.77697004,18.90205902,5.278616146,9.44830582,0.38224754,0.073010368,3910.025112,7.789701512,73.67661628,91.35716098,87.53817862,218.1333799,163.0030389,436.503596,0.353533461,11.88417515,91.98823419,33.28514589,2360,,
2005,Raqqa,Tell_Abiad,4,255,0,255,842,3300,4380,0,0,842,0.478825179,3.735158564,466.9389514,11.93904253,188.9206138,1.450549568,27.03711738,400.1496788,1,371.821103,368.8760447,13609.48249,1,11.17783109,32.77697004,18.90205902,5.278616146,9.44830582,0.38224754,0.073010368,3910.025112,7.789701512,73.67661628,91.35716098,87.53817862,218.1333799,163.0030389,436.503596,0.353533461,11.88417515,91.98823419,33.28514589,2360,,
2005,Raqqa,Tabqat,3,1527,0,1527,8399,5500,49,81,1653,8480,0.166312937,1.915996577,373.674695,9.827563089,159.7684893,1.190950364,17.04136252,252.4603217,1,365.9192606,351.5692078,13361.78003,1,14.81675015,30.92719859,18.55802781,5.927438048,9.253826777,0.420438564,0.101322263,3801.312859,7.560426275,81.31912416,88.88409375,86.21897513,187.8574546,193.9123706,366.1195327,0.562168467,8.629667024,93.95412678,97.73904029,0000000000000000235f,,
2005,Raqqa,Tabqat,4,1858,0,1858,8528,4590,4555,1093,240,9621,0.166312937,1.915996577,373.674695,9.827563089,159.7684893,1.190950364,17.04136252,252.4603217,1,365.9192606,351.5692078,13361.78003,1,14.81675015,30.92719859,18.55802781,5.927438048,9.253826777,0.420438564,0.101322263,3801.312859,7.560426275,81.31912416,88.88409375,86.21897513,187.8574546,193.9123706,366.1195327,0.562168467,8.629667024,93.95412678,97.73904029,0000000000000000235f,,
2005,Raqqa,Tabqat,5,16618,0,16618,73950,4450,218,11,50,73961,0.166312937,1.915996577,373.674695,9.827563089,159.7684893,1.190950364,17.04136252,252.4603217,1,365.9192606,351.5692078,13361.78003,1,14.81675015,30.92719859,18.55802781,5.927438048,9.253826777,0.420438564,0.101322263,3801.312859,7.560426275,81.31912416,88.88409375,86.21897513,187.8574546,193.9123706,366.1195327,0.562168467,8.629667024,93.95412678,97.73904029,0000000000000000235f,,
2005,Dayr_Az_Zor,Dayr_Az_Zor,4,2250,0,2250,9923,4410,3300,0,0,9923,1.527438458,6.266817637,303.9631923,7.202838348,160.6562038,1.475571533,17.45613594,279.0580926,1,311.6110564,401.8035916,14319.3464,1,24.94088817,33.27568188,19.8879811,5.614436651,9.556883727,0.259090074,0.044918761,4219.047398,7.945084905,68.49716985,90.38311385,76.36491724,142.2289063,267.81461,453.5383851,0.441646162,7.406680906,86.35439369,59.82997528,2341,,
2005,Dayr_Az_Zor,Dayr_Az_Zor,5,35955,0,35955,165754,4610,0,0,0,165754,1.527438458,6.266817637,303.9631923,7.202838348,160.6562038,1.475571533,17.45613594,279.0580926,1,311.6110564,401.8035916,14319.3464,1,24.94088817,33.27568188,19.8879811,5.614436651,9.556883727,0.259090074,0.044918761,4219.047398,7.945084905,68.49716985,90.38311385,76.36491724,142.2289063,267.81461,453.5383851,0.441646162,7.406680906,86.35439369,59.82997528,2341,,
2005,Dayr_Az_Zor,Al_Mayadin,5,9288,0,9288,34923,3760,0,0,0,34923,0.846879854,4.706853339,280.6634964,6.392686834,106.9848781,1.464284982,15.16950876,321.6518012,1,284.7469964,393.3776559,14710.1372,1,13.44925992,33.55745803,20.43074611,6.015156346,8.980964281,0.203413302,0.027202355,4389.383944,7.935538403,68.81538657,93.01937001,74.70586655,134.4117839,226.8776377,452.2255759,0.231444592,7.050522461,83.25287937,65.76879408,2340,,
2005,Dayr_Az_Zor,Abu_Kamal,5,16165,0,16165,67246,4160,0,0,0,67246,0.326690195,2.534252196,316.7796441,7.004061446,145.9024177,1.474952341,15.51213228,316.9541986,1,199.0450865,360.2068075,15258.52136,1,17.05196237,34.54651428,21.19239078,6.382905392,7.994409978,0.249316406,0.038710843,4521.799329,7.914785937,69.50713545,105.0187638,70.94094283,148.848191,210.3167699,473.4703945,0.275403663,8.147721895,78.90062412,64.43444099,0000000000000000233f,,
2005,Hassakeh,Hassakeh,1,0,0,0,0,0,495,629,1270,629,1.234999017,5.292191536,494.420644,11.69336607,179.2026918,1.453912692,22.75778998,312.1287676,1,352.2277754,341.7955319,14228.40702,1,19.1175947,33.97736607,19.76167642,5.469777574,8.107330651,0.361648613,0.069270679,4227.21488,7.76640865,74.453045,89.54287749,88.86838568,233.6532255,232.8497925,449.1236429,0.493960645,10.83503123,87.07613473,55.44769984,0000000000000000234b,,
2005,Hassakeh,Hassakeh,2,21905,0,21905,79734,3640,48214,28639,594,108373,1.234999017,5.292191536,494.420644,11.69336607,179.2026918,1.453912692,22.75778998,312.1287676,1,352.2277754,341.7955319,14228.40702,1,19.1175947,33.97736607,19.76167642,5.469777574,8.107330651,0.361648613,0.069270679,4227.21488,7.76640865,74.453045,89.54287749,88.86838568,233.6532255,232.8497925,449.1236429,0.493960645,10.83503123,87.07613473,55.44769984,0000000000000000234b,,
2005,Hassakeh,Hassakeh,3,11692,0,11692,44664,3820,18044,4800,266,49464,1.234999017,5.292191536,494.420644,11.69336607,179.2026918,1.453912692,22.75778998,312.1287676,1,352.2277754,341.7955319,14228.40702,1,19.1175947,33.97736607,19.76167642,5.469777574,8.107330651,0.361648613,0.069270679,4227.21488,7.76640865,74.453045,89.54287749,88.86838568,233.6532255,232.8497925,449.1236429,0.493960645,10.83503123,87.07613473,55.44769984,0000000000000000234b,,
2005,Hassakeh,Hassakeh,4,11820,0,11820,45389,3840,12959,129,10,45518,1.234999017,5.292191536,494.420644,11.69336607,179.2026918,1.453912692,22.75778998,312.1287676,1,352.2277754,341.7955319,14228.40702,1,19.1175947,33.97736607,19.76167642,5.469777574,8.107330651,0.361648613,0.069270679,4227.21488,7.76640865,74.453045,89.54287749,88.86838568,233.6532255,232.8497925,449.1236429,0.493960645,10.83503123,87.07613473,55.44769984,0000000000000000234b,,
2005,Hassakeh,Hassakeh,5,13371,0,13371,47600,3560,53,0,0,47600,1.234999017,5.292191536,494.420644,11.69336607,179.2026918,1.453912692,22.75778998,312.1287676,1,352.2277754,341.7955319,14228.40702,1,19.1175947,33.97736607,19.76167642,5.469777574,8.107330651,0.361648613,0.069270679,4227.21488,7.76640865,74.453045,89.54287749,88.86838568,233.6532255,232.8497925,449.1236429,0.493960645,10.83503123,87.07613473,55.44769984,0000000000000000234b,,
2005,Hassakeh,Quamishli,1,21312,0,21312,78642,3690,52158,44335,850,122977,0.384508781,3.376182941,808.4358262,18.79303897,189.6343908,1.4227755,32.71215887,381.6987929,1,387.3408823,401.9466259,13809.261,1,4.224880292,33.88592289,19.17952917,5.171298083,9.365464372,0.599920442,0.13218101,4300.783376,7.499177245,83.3607585,90.12007658,95.51523273,381.9407367,188.6721752,424.1715544,0.236333983,15.93920513,90.40269048,2.151515152,0000000000000000234c,,
2005,Hassakeh,Quamishli,2,12372,0,12372,47756,3860,33904,17291,510,65047,0.384508781,3.376182941,808.4358262,18.79303897,189.6343908,1.4227755,32.71215887,381.6987929,1,387.3408823,401.9466259,13809.261,1,4.224880292,33.88592289,19.17952917,5.171298083,9.365464372,0.599920442,0.13218101,4300.783376,7.499177245,83.3607585,90.12007658,95.51523273,381.9407367,188.6721752,424.1715544,0.236333983,15.93920513,90.40269048,2.151515152,0000000000000000234c,,
2005,Hassakeh,Quamishli,3,3806,0,3806,13322,3500,6759,0,0,13322,0.384508781,3.376182941,808.4358262,18.79303897,189.6343908,1.4227755,32.71215887,381.6987929,1,387.3408823,401.9466259,13809.261,1,4.224880292,33.88592289,19.17952917,5.171298083,9.365464372,0.599920442,0.13218101,4300.783376,7.499177245,83.3607585,90.12007658,95.51523273,381.9407367,188.6721752,424.1715544,0.236333983,15.93920513,90.40269048,2.151515152,0000000000000000234c,,
2005,Hassakeh,Al_Malika,1,31671,0,31671,124150,3920,91148,133987,1470,258137,0.273788898,2.626098262,1004.390536,22.55414892,177.7179584,1.393407522,35.81191186,396.1542193,1,442.2589019,432.956548,13304.23833,1,11.47143655,33.34086531,18.47810879,4.463634958,9.734654249,0.637121723,0.142469785,4452.240686,7.401004555,86.63318149,88.26017084,96.50155148,475.5179169,182.2285639,417.2135132,0.627665989,23.0979689,94.4108069,71.48066457,0000000000000000234a,,
2005,Hassakeh,Al_Malika,2,1095,0,1095,4238,3870,9500,4370,460,8608,0.273788898,2.626098262,1004.390536,22.55414892,177.7179584,1.393407522,35.81191186,396.1542193,1,442.2589019,432.956548,13304.23833,1,11.47143655,33.34086531,18.47810879,4.463634958,9.734654249,0.637121723,0.142469785,4452.240686,7.401004555,86.63318149,88.26017084,96.50155148,475.5179169,182.2285639,417.2135132,0.627665989,23.0979689,94.4108069,71.48066457,0000000000000000234a,,
2005,Hassakeh,Al_Malika,3,140,0,140,490,3500,1970,788,400,1278,0.273788898,2.626098262,1004.390536,22.55414892,177.7179584,1.393407522,35.81191186,396.1542193,1,442.2589019,432.956548,13304.23833,1,11.47143655,33.34086531,18.47810879,4.463634958,9.734654249,0.637121723,0.142469785,4452.240686,7.401004555,86.63318149,88.26017084,96.50155148,475.5179169,182.2285639,417.2135132,0.627665989,23.0979689,94.4108069,71.48066457,0000000000000000234a,,
2005,Hassakeh,Ras_Al_Ain,1,18882,0,18882,84592,4480,5967,7100,1190,91692,0.383012451,4.287075453,598.8060553,14.80484114,181.239228,1.436138441,29.13638552,428.1986409,1,428.0325777,471.7607384,13552.07229,1,10.62784115,33.22326523,18.82232262,4.962238261,11.68198831,0.488336252,0.098797732,4043.663833,7.607914063,79.7361979,89.67698486,92.63093106,283.0723903,158.4989891,413.1203426,0.413294717,15.5378662,92.44387073,3.258706468,0000000000000000234d,,
2005,Hassakeh,Ras_Al_Ain,2,62214,0,62214,237035,3810,24344,12173,500,249208,0.383012451,4.287075453,598.8060553,14.80484114,181.239228,1.436138441,29.13638552,428.1986409,1,428.0325777,471.7607384,13552.07229,1,10.62784115,33.22326523,18.82232262,4.962238261,11.68198831,0.488336252,0.098797732,4043.663833,7.607914063,79.7361979,89.67698486,92.63093106,283.0723903,158.4989891,413.1203426,0.413294717,15.5378662,92.44387073,3.258706468,0000000000000000234d,,
2005,Hassakeh,Ras_Al_Ain,3,730,0,730,2197,3010,2810,748,266,2945,0.383012451,4.287075453,598.8060553,14.80484114,181.239228,1.436138441,29.13638552,428.1986409,1,428.0325777,471.7607384,13552.07229,1,10.62784115,33.22326523,18.82232262,4.962238261,11.68198831,0.488336252,0.098797732,4043.663833,7.607914063,79.7361979,89.67698486,92.63093106,283.0723903,158.4989891,413.1203426,0.413294717,15.5378662,92.44387073,3.258706468,0000000000000000234d,,
2005,Hassakeh,Ras_Al_Ain,4,495,0,495,1733,3500,0,0,0,1733,0.383012451,4.287075453,598.8060553,14.80484114,181.239228,1.436138441,29.13638552,428.1986409,1,428.0325777,471.7607384,13552.07229,1,10.62784115,33.22326523,18.82232262,4.962238261,11.68198831,0.488336252,0.098797732,4043.663833,7.607914063,79.7361979,89.67698486,92.63093106,283.0723903,158.4989891,413.1203426,0.413294717,15.5378662,92.44387073,3.258706468,0000000000000000234d,,
2007,Homs,Tall_Kalakh,1,2834,0,2834,8998,3175,2002,5313,2654,14311,0.061265386,1.382119937,1272.500735,34.84347315,213.4968276,1.371293035,28.50363662,371.8628808,1,462.9664108,710.9073213,12178.34761,1,86.9397267,26.12142373,16.91437168,6.979911135,19.51170217,0.663295845,0.115507754,3651.049064,7.036198454,98.79338486,83.35580699,100.5181481,619.9467607,256.0800903,370.1287946,2.899572474,38.32373734,96.65355246,63.89144317,2353,,
2007,Hama,Hama,2,71,0,71,293,4126,0,0,0,293,0.227677668,4.733216797,653.7140147,18.34094918,192.7904067,1.455316559,28.89107986,399.9433813,1,367.8882638,440.0542885,12881.6882,1,25.04294796,28.66779653,17.89123361,6.232395661,12.33200658,0.472408141,0.096188637,3563.23219,7.530149647,82.32834509,74.0828691,91.37799779,323.5896355,199.991121,385.7041579,0.890006436,18.48653952,97.76437937,22.43352601,2345,,
2007,Hama,Hama,3,334,0,334,1319,3949,0,0,0,1319,0.227677668,4.733216797,653.7140147,18.34094918,192.7904067,1.455316559,28.89107986,399.9433813,1,367.8882638,440.0542885,12881.6882,1,25.04294796,28.66779653,17.89123361,6.232395661,12.33200658,0.472408141,0.096188637,3563.23219,7.530149647,82.32834509,74.0828691,91.37799779,323.5896355,199.991121,385.7041579,0.890006436,18.48653952,97.76437937,22.43352601,2345,,
2007,Hama,Hama,4,970,0,970,3613,3725,0,0,0,3613,0.227677668,4.733216797,653.7140147,18.34094918,192.7904067,1.455316559,28.89107986,399.9433813,1,367.8882638,440.0542885,12881.6882,1,25.04294796,28.66779653,17.89123361,6.232395661,12.33200658,0.472408141,0.096188637,3563.23219,7.530149647,82.32834509,74.0828691,91.37799779,323.5896355,199.991121,385.7041579,0.890006436,18.48653952,97.76437937,22.43352601,2345,,
2007,Hama,Al_Ghab,1,7009,0,7009,34975,4990,122,232,1902,35207,0.049595436,1.643165164,1245.377594,37.3078176,139.7759455,1.347860465,28.59829587,349.5799349,1,352.189296,904.8575358,11848.50444,1,139.7020723,26.2665459,16.45625617,5.727106143,27.05156548,0.723841319,0.127098025,3337.114298,6.782044179,92.73480597,76.35516097,107.6308291,605.274147,280.5196852,361.9957542,4.508295663,42.21571718,94.03574954,35.28868661,2342,,
2007,Idleb,Idleb,1,4850,0,4850,21748,4484,6081,9499,1562,31247,0.125820372,2.188331063,872.6529941,24.65116242,133.1604544,1.441830046,29.96636028,396.7139838,1,349.4829207,530.0742607,12580.63703,1,18.66965742,28.70785961,17.47310699,5.452744198,14.96072781,0.583313902,0.117897144,3539.007483,7.363514149,87.8828617,76.50249874,97.90903602,400.8943867,201.4720497,378.6673336,0.928862474,24.86059375,99.84632564,24.08243728,2358,,
2007,Idleb,Idleb,2,1650,0,1650,8027,4865,4072,5138,1262,13165,0.125820372,2.188331063,872.6529941,24.65116242,133.1604544,1.441830046,29.96636028,396.7139838,1,349.4829207,530.0742607,12580.63703,1,18.66965742,28.70785961,17.47310699,5.452744198,14.96072781,0.583313902,0.117897144,3539.007483,7.363514149,87.8828617,76.50249874,97.90903602,400.8943867,201.4720497,378.6673336,0.928862474,24.86059375,99.84632564,24.08243728,2358,,
2007,Idleb,Idleb,3,1934,0,1934,7341,3796,4058,4070,1003,11411,0.125820372,2.188331063,872.6529941,24.65116242,133.1604544,1.441830046,29.96636028,396.7139838,1,349.4829207,530.0742607,12580.63703,1,18.66965742,28.70785961,17.47310699,5.452744198,14.96072781,0.583313902,0.117897144,3539.007483,7.363514149,87.8828617,76.50249874,97.90903602,400.8943867,201.4720497,378.6673336,0.928862474,24.86059375,99.84632564,24.08243728,2358,,
2007,Idleb,Harim,1,1004,0,1004,2134,2125,17,37,2176,2171,0.076955511,1.744823344,1026.818016,30.0580398,208.4698796,1.397594182,27.2782689,356.5012631,1,400.6489695,516.7556142,12178.38946,1,91.8753057,27.9768217,16.91442981,4.769658689,15.16385976,0.500768999,0.079018078,3415.117693,7.125463716,95.81787612,73.20561954,111.9005787,460.4930206,243.3845318,396.2349649,3.52892128,34.93256475,96.65388463,7.104166667,2357,,
2007,Idleb,Al_Jisr_Ash_Shu,1,53,0,53,170,3208,132,293,2220,463,0.061795348,1.387996783,1136.571303,34.38658307,177.540447,1.380476929,27.89801472,304.6574213,1,349.3955892,643.9983281,12005.44391,1,101.3142959,26.74049093,16.67422766,5.459496395,19.46933862,0.579739059,0.091073268,3304.275493,6.711311118,90.37703725,81.04965385,105.9759834,521.268625,309.262822,377.4719518,3.793157673,40.90641577,95.2813009,19.55376344,2354,,
2007,Idleb,Al_Ma'ra,1,537,0,537,1803,3358,9711,15674,1614,17477,0.219400577,2.789560748,763.7852246,21.97074738,161.5969773,1.44106543,30.50289991,387.8445436,1,426.7153644,461.2784282,12575.526,1,29.05957912,28.58499453,17.46600833,5.628497968,13.29732195,0.543119789,0.118740826,3475.373431,7.422356298,85.92145674,73.89392659,94.65793689,368.9814646,211.8633148,395.4624714,1.089096217,21.8826255,99.80576191,2.740740741,2355,,
2007,Idleb,Al_Ma'ra,2,216,0,216,1024,4741,15566,15426,991,16450,0.219400577,2.789560748,763.7852246,21.97074738,161.5969773,1.44106543,30.50289991,387.8445436,1,426.7153644,461.2784282,12575.526,1,29.05957912,28.58499453,17.46600833,5.628497968,13.29732195,0.543119789,0.118740826,3475.373431,7.422356298,85.92145674,73.89392659,94.65793689,368.9814646,211.8633148,395.4624714,1.089096217,21.8826255,99.80576191,2.740740741,2355,,
2007,Idleb,Al_Ma'ra,3,0,0,0,0,0,2890,1226,424,1226,0.219400577,2.789560748,763.7852246,21.97074738,161.5969773,1.44106543,30.50289991,387.8445436,1,426.7153644,461.2784282,12575.526,1,29.05957912,28.58499453,17.46600833,5.628497968,13.29732195,0.543119789,0.118740826,3475.373431,7.422356298,85.92145674,73.89392659,94.65793689,368.9814646,211.8633148,395.4624714,1.089096217,21.8826255,99.80576191,2.740740741,2355,,
2007,Idleb,Ariha,1,671,0,671,3187,4749,99,217,2192,3404,0.06189382,1.20144567,953.2886537,27.7987132,178.7756591,1.396585143,27.93576679,350.6523137,1,582.149967,507.8930049,11676.00397,1,87.67581128,27.03246052,16.21667218,4.816561107,14.83170158,0.45354512,0.071767736,3428.254609,7.15618642,94.79378601,81.58515532,98.76144421,439.7575664,264.1637633,380.2716742,2.592602428,31.56046909,92.6666982,35.35190616,2356,,
2007,Tartous,Tartous,1,4739,0,4739,13838,2920,156,250,1603,14088,0.049162657,1.417978043,1482.440954,40.79483134,226.602822,1.337365278,24.38800112,328.0083572,1,151.3380759,893.240947,13213.59154,1,85.26540945,26.26920854,18.35221047,9.700307552,24.61868483,0.596492029,0.075910589,3632.894064,6.801489796,93.38299321,82.94611762,102.8045291,724.9834629,293.3316743,364.969705,1.987711269,46.76351549,95.1302259,64.49344978,2365,,
2007,Tartous,Banyas,1,9,0,9,23,2556,193,193,1000,216,0.064347484,1.259569202,1619.260374,45.16770635,227.2029485,1.248880866,25.12215029,311.6023136,1,597.2024401,821.9897049,11492.22683,1,239.5189203,25.01593729,15.96142615,6.529279729,22.92723497,0.563251503,0.057309178,3583.995796,6.402940695,80.09802315,79.2003232,103.512972,798.2381015,311.2379664,363.3411414,4.321198421,51.28226288,91.20814944,78.70526316,2361,,
2007,Tartous,Safita,1,142,0,142,355,2500,315,216,686,571,0.047070335,1.157636077,1728.700329,48.50740426,212.2246192,1.350786518,24.81991989,329.6296751,1,294.0703481,776.8085309,12743.07818,1,85.74052064,26.21214527,17.6987197,8.474461955,21.81764205,0.610070283,0.07392368,3562.78651,6.807968775,93.59895915,82.63623157,106.6051151,822.1837973,291.9812893,377.4132804,2.351750182,44.6094789,98.86445886,76.62715679,2363,,
2007,Tartous,Dreikisch,1,0,0,0,0,0,0,0,0,0,0.020699473,0.796408619,1731.278357,48.30370727,216.934763,1.299036482,24.8601254,322.079217,1,504.6634677,817.5401402,12039.35714,1,163.4163054,25.38735321,16.72132937,7.428138799,22.80920891,0.598396802,0.061326021,3583.152138,6.512992812,83.76642708,82.90916552,106.8585226,822.1392049,306.9629607,371.5972167,3.497485148,47.28655449,95.55045352,23.43243243,2362,,
2007,Tartous,Sheikh_Badr,1,0,0,0,0,0,528,845,1600,845,0.0373259,1.003571401,1652.331235,46.0401375,219.4652153,1.304121142,24.82237263,321.6588278,1,407.1159663,822.9203223,12285.21699,1,154.5873703,25.59678544,17.06280137,7.90666491,22.92628977,0.586749054,0.063946971,3589.246293,6.587843617,86.26145388,81.74618109,105.2655794,798.9952069,302.2905226,370.5696379,3.164125443,48.74926315,95.09959602,48.78499377,,,
2007,Lattakia,Al_Hafa,1,0,0,0,0,0,40,70,1750,70,0.056619889,1.298629777,1686.040939,49.89786743,251.0029312,1.264981734,25.51066723,281.7179779,1,615.8606536,846.6833832,11523.84568,1,289.7612345,25.55307544,16.00534122,5.720576026,25.04955585,0.590065733,0.053870796,3377.983964,6.168576676,72.28588919,75.70360207,118.8394207,794.996686,357.4897846,356.8800356,4.643245661,56.30098333,91.45909267,75.1082544,2359,,
2007,Aleppo,A'zaz,1,1139,0,1139,3987,3500,15605,20287,1300,24274,0.121728487,2.146811382,689.2035742,18.58520782,180.5676029,1.396196968,30.36538609,429.7996425,1,481.8095159,545.7112373,12331.34245,1,12.33630082,29.84623108,17.12686451,4.032263728,14.72099854,0.657211515,0.143902225,3707.344726,7.471901984,84.26993387,76.64265539,95.28963026,327.6101433,165.5478602,396.9674719,0.559398203,24.25735487,97.8677972,30.7875817,2325,,
2007,Aleppo,A'zaz,2,299,0,299,1047,3500,5469,5469,1000,6516,0.121728487,2.146811382,689.2035742,18.58520782,180.5676029,1.396196968,30.36538609,429.7996425,1,481.8095159,545.7112373,12331.34245,1,12.33630082,29.84623108,17.12686451,4.032263728,14.72099854,0.657211515,0.143902225,3707.344726,7.471901984,84.26993387,76.64265539,95.28963026,327.6101433,165.5478602,396.9674719,0.559398203,24.25735487,97.8677972,30.7875817,2325,,
2007,Aleppo,Afrin,1,1300,0,1300,5707,4390,940,2671,2841,8378,0.194810459,2.230856022,966.0789633,27.29067257,184.8305861,1.371035123,25.51170824,404.3181051,1,493.5760545,498.5457474,11903.50514,1,89.965976,28.72187309,16.53264603,3.705459482,14.08736407,0.446509891,0.062119542,3538.960258,7.198506433,93.3831189,73.85060648,104.6905968,449.8173243,192.8950466,401.4796676,3.206478872,32.26458622,94.47226302,72.67440361,2326,,
2007,Aleppo,Jarablus,2,1334,0,1334,4611,3456,17648,21866,1239,26477,0.056313267,1.389591551,556.2533961,14.93497183,123.911363,1.374076188,31.59740814,433.9335195,1,453.0262094,396.0397108,12900.13001,1,19.54434174,32.00957298,17.91684724,3.311987098,10.64037379,0.50430863,0.108251415,3723.502479,7.473535251,84.21549162,78.46507467,94.33377934,272.5773875,151.8135123,395.6820817,0.731704106,17.89025411,97.61801579,86.86344794,0000000000000000232a,,
2007,Aleppo,Al_Bab,1,0,0,0,0,0,1290,3665,2841,3665,0.223794265,2.70647827,512.0387987,13.97281419,171.3158859,1.361738999,28.32570189,404.137529,1,440.5998951,435.2180142,12843.77561,1,12.48017986,30.62110254,17.83857724,4.46253577,11.87997076,0.478289106,0.101808548,3663.535947,7.526863486,82.4378838,80.40894307,89.13862475,251.8358122,172.3288421,394.8106379,0.536196258,18.97472913,98.06527293,57.38811081,2328,,
2007,Aleppo,Al_Bab,2,404,0,404,1770,4381,31929,35346,1107,37116,0.223794265,2.70647827,512.0387987,13.97281419,171.3158859,1.361738999,28.32570189,404.137529,1,440.5998951,435.2180142,12843.77561,1,12.48017986,30.62110254,17.83857724,4.46253577,11.87997076,0.478289106,0.101808548,3663.535947,7.526863486,82.4378838,80.40894307,89.13862475,251.8358122,172.3288421,394.8106379,0.536196258,18.97472913,98.06527293,57.38811081,2328,,
2007,Aleppo,Al_Bab,3,7915,0,7915,44102,5572,2000,788,394,44890,0.223794265,2.70647827,512.0387987,13.97281419,171.3158859,1.361738999,28.32570189,404.137529,1,440.5998951,435.2180142,12843.77561,1,12.48017986,30.62110254,17.83857724,4.46253577,11.87997076,0.478289106,0.101808548,3663.535947,7.526863486,82.4378838,80.40894307,89.13862475,251.8358122,172.3288421,394.8106379,0.536196258,18.97472913,98.06527293,57.38811081,2328,,
2007,Aleppo,Al_Bab,4,2977,0,2977,12950,4350,0,0,0,12950,0.223794265,2.70647827,512.0387987,13.97281419,171.3158859,1.361738999,28.32570189,404.137529,1,440.5998951,435.2180142,12843.77561,1,12.48017986,30.62110254,17.83857724,4.46253577,11.87997076,0.478289106,0.101808548,3663.535947,7.526863486,82.4378838,80.40894307,89.13862475,251.8358122,172.3288421,394.8106379,0.536196258,18.97472913,98.06527293,57.38811081,2328,,
2007,Aleppo,Menbij,2,3612,0,3612,14654,4057,28171,14621,519,29275,0.476099108,4.018173677,420.5468864,11.21492787,173.279788,1.406754586,24.018397,332.4689528,1,397.1956572,375.3720158,13257.36338,1,17.60715977,31.13608958,18.4130047,4.904236411,10.01575685,0.352870943,0.067495232,3748.884898,7.618434657,79.38551142,77.71749873,85.85549489,217.2221057,198.2878033,437.4207931,0.49517755,12.11218955,94.7828303,92.68040719,0000000000000000232c,,
2007,Aleppo,Menbij,3,2911,0,2911,12581,4322,6885,2720,395,15301,0.476099108,4.018173677,420.5468864,11.21492787,173.279788,1.406754586,24.018397,332.4689528,1,397.1956572,375.3720158,13257.36338,1,17.60715977,31.13608958,18.4130047,4.904236411,10.01575685,0.352870943,0.067495232,3748.884898,7.618434657,79.38551142,77.71749873,85.85549489,217.2221057,198.2878033,437.4207931,0.49517755,12.11218955,94.7828303,92.68040719,0000000000000000232c,,
2007,Aleppo,Menbij,4,18912,0,18912,85672,4530,334,0,0,85672,0.476099108,4.018173677,420.5468864,11.21492787,173.279788,1.406754586,24.018397,332.4689528,1,397.1956572,375.3720158,13257.36338,1,17.60715977,31.13608958,18.4130047,4.904236411,10.01575685,0.352870943,0.067495232,3748.884898,7.618434657,79.38551142,77.71749873,85.85549489,217.2221057,198.2878033,437.4207931,0.49517755,12.11218955,94.7828303,92.68040719,0000000000000000232c,,
2007,Aleppo,Menbij,5,8237,0,8237,48087,5838,0,0,0,48087,0.476099108,4.018173677,420.5468864,11.21492787,173.279788,1.406754586,24.018397,332.4689528,1,397.1956572,375.3720158,13257.36338,1,17.60715977,31.13608958,18.4130047,4.904236411,10.01575685,0.352870943,0.067495232,3748.884898,7.618434657,79.38551142,77.71749873,85.85549489,217.2221057,198.2878033,437.4207931,0.49517755,12.11218955,94.7828303,92.68040719,0000000000000000232c,,
2007,Aleppo,Ain_Al_Arab,2,14203,0,14203,50975,3589,55054,31877,579,82852,0.285146327,2.615456939,534.2513081,13.62390233,180.1352135,1.344070296,29.15984317,412.5287694,1,457.6511594,358.1093037,13170.50782,1,40.7417743,32.35736164,18.29237198,3.810319605,9.14420361,0.468275307,0.10030094,3920.42644,7.452704986,84.90983381,77.34841952,93.62283037,272.6113147,160.737883,374.9119357,1.026508894,16.80178945,95.47216013,86.06697787,2327,,
2007,Aleppo,Ain_Al_Arab,3,3509,0,3509,12702,3620,1800,0,0,12702,0.285146327,2.615456939,534.2513081,13.62390233,180.1352135,1.344070296,29.15984317,412.5287694,1,457.6511594,358.1093037,13170.50782,1,40.7417743,32.35736164,18.29237198,3.810319605,9.14420361,0.468275307,0.10030094,3920.42644,7.452704986,84.90983381,77.34841952,93.62283037,272.6113147,160.737883,374.9119357,1.026508894,16.80178945,95.47216013,86.06697787,2327,,
2007,Aleppo,Jebel_Saman,1,531,0,531,2124,4000,1351,3378,2500,5502,0.320135248,3.90953411,636.1562011,17.79380047,185.7492815,1.399045613,26.85095306,367.0160671,1,348.6130778,453.3305249,12937.51534,1,24.0041333,29.82169878,17.9687713,5.329610052,12.67583751,0.463034267,0.090503266,3574.156427,7.511498758,82.95004141,74.98280623,90.6511904,302.5689137,183.2856532,401.209007,0.780531933,17.98196178,97.32130686,28.18423019,0000000000000000232b,,
2007,Aleppo,Jebel_Saman,2,1654,0,1654,6616,4000,1633,2450,1500,9066,0.320135248,3.90953411,636.1562011,17.79380047,185.7492815,1.399045613,26.85095306,367.0160671,1,348.6130778,453.3305249,12937.51534,1,24.0041333,29.82169878,17.9687713,5.329610052,12.67583751,0.463034267,0.090503266,3574.156427,7.511498758,82.95004141,74.98280623,90.6511904,302.5689137,183.2856532,401.209007,0.780531933,17.98196178,97.32130686,28.18423019,0000000000000000232b,,
2007,Aleppo,Jebel_Saman,3,229,0,229,916,4000,899,270,300,1186,0.320135248,3.90953411,636.1562011,17.79380047,185.7492815,1.399045613,26.85095306,367.0160671,1,348.6130778,453.3305249,12937.51534,1,24.0041333,29.82169878,17.9687713,5.329610052,12.67583751,0.463034267,0.090503266,3574.156427,7.511498758,82.95004141,74.98280623,90.6511904,302.5689137,183.2856532,401.209007,0.780531933,17.98196178,97.32130686,28.18423019,0000000000000000232b,,
2007,Aleppo,Jebel_Saman,4,73,0,73,292,4000,0,0,0,292,0.320135248,3.90953411,636.1562011,17.79380047,185.7492815,1.399045613,26.85095306,367.0160671,1,348.6130778,453.3305249,12937.51534,1,24.0041333,29.82169878,17.9687713,5.329610052,12.67583751,0.463034267,0.090503266,3574.156427,7.511498758,82.95004141,74.98280623,90.6511904,302.5689137,183.2856532,401.209007,0.780531933,17.98196178,97.32130686,28.18423019,0000000000000000232b,,
2007,Aleppo,As_Safira,2,1916,0,1916,8509,4441,2473,4464,1805,12973,0.226229514,2.727688396,456.299557,12.50202521,194.0542344,1.456944439,23.81607607,339.9130212,1,386.7828001,382.3177388,13180.31056,1,58.56984464,30.3292621,18.30598688,5.414454643,10.47411383,0.340847961,0.060963917,3648.805126,7.634697244,78.8434252,77.9617139,82.03534485,234.5414825,209.796782,447.6738108,1.021027812,12.3940763,95.39436066,61.3127161,2329,,
2007,Aleppo,As_Safira,3,2321,0,2321,7165,3087,2630,2625,998,9790,0.226229514,2.727688396,456.299557,12.50202521,194.0542344,1.456944439,23.81607607,339.9130212,1,386.7828001,382.3177388,13180.31056,1,58.56984464,30.3292621,18.30598688,5.414454643,10.47411383,0.340847961,0.060963917,3648.805126,7.634697244,78.8434252,77.9617139,82.03534485,234.5414825,209.796782,447.6738108,1.021027812,12.3940763,95.39436066,61.3127161,2329,,
2007,Aleppo,As_Safira,4,334,0,334,1159,3470,180,0,0,1159,0.226229514,2.727688396,456.299557,12.50202521,194.0542344,1.456944439,23.81607607,339.9130212,1,386.7828001,382.3177388,13180.31056,1,58.56984464,30.3292621,18.30598688,5.414454643,10.47411383,0.340847961,0.060963917,3648.805126,7.634697244,78.8434252,77.9617139,82.03534485,234.5414825,209.796782,447.6738108,1.021027812,12.3940763,95.39436066,61.3127161,2329,,
2007,Aleppo,As_Safira,5,700,0,700,2450,3500,0,0,0,2450,0.226229514,2.727688396,456.299557,12.50202521,194.0542344,1.456944439,23.81607607,339.9130212,1,386.7828001,382.3177388,13180.31056,1,58.56984464,30.3292621,18.30598688,5.414454643,10.47411383,0.340847961,0.060963917,3648.805126,7.634697244,78.8434252,77.9617139,82.03534485,234.5414825,209.796782,447.6738108,1.021027812,12.3940763,95.39436066,61.3127161,2329,,
2007,Raqqa,Raqqa,3,180,0,180,713,3961,500,0,0,713,1.050201469,5.964680642,333.5750505,8.294308239,176.8215937,1.445777656,18.21052889,260.1565394,1,346.2123061,381.4028869,13786.16951,1,26.05879584,32.01229776,19.14745766,5.308875711,9.499100077,0.217286393,0.031327564,4020.734434,7.943602406,68.54658646,77.44139965,84.26097052,184.5041121,252.812006,466.2953785,0.418199141,7.517291598,90.58595625,89.8962532,0000000000000000235e,,
2007,Raqqa,Raqqa,4,18841,0,18841,96071,5099,3990,0,0,96071,1.050201469,5.964680642,333.5750505,8.294308239,176.8215937,1.445777656,18.21052889,260.1565394,1,346.2123061,381.4028869,13786.16951,1,26.05879584,32.01229776,19.14745766,5.308875711,9.499100077,0.217286393,0.031327564,4020.734434,7.943602406,68.54658646,77.44139965,84.26097052,184.5041121,252.812006,466.2953785,0.418199141,7.517291598,90.58595625,89.8962532,0000000000000000235e,,
2007,Raqqa,Raqqa,5,15863,0,15863,83629,5272,50,0,0,83629,1.050201469,5.964680642,333.5750505,8.294308239,176.8215937,1.445777656,18.21052889,260.1565394,1,346.2123061,381.4028869,13786.16951,1,26.05879584,32.01229776,19.14745766,5.308875711,9.499100077,0.217286393,0.031327564,4020.734434,7.943602406,68.54658646,77.44139965,84.26097052,184.5041121,252.812006,466.2953785,0.418199141,7.517291598,90.58595625,89.8962532,0000000000000000235e,,
2007,Raqqa,Tell_Abiad,2,22232,0,22232,97799,4399,32914,9347,284,107146,0.478825179,3.735158564,460.605813,11.43120755,188.9206138,1.450549568,27.03711738,400.1496788,1,371.821103,333.9294394,13773.44105,1,11.17783109,33.25059878,19.12977923,4.489144035,8.302525047,0.296320883,0.046453725,4028.371446,7.789701512,73.67661628,79.33258294,90.77306235,244.4782305,163.0030389,436.503596,0.353533461,11.88417515,90.68697581,33.28514589,2360,,
2007,Raqqa,Tell_Abiad,3,3470,0,3470,9282,2675,14675,0,0,9282,0.478825179,3.735158564,460.605813,11.43120755,188.9206138,1.450549568,27.03711738,400.1496788,1,371.821103,333.9294394,13773.44105,1,11.17783109,33.25059878,19.12977923,4.489144035,8.302525047,0.296320883,0.046453725,4028.371446,7.789701512,73.67661628,79.33258294,90.77306235,244.4782305,163.0030389,436.503596,0.353533461,11.88417515,90.68697581,33.28514589,2360,,
2007,Raqqa,Tell_Abiad,4,1117,0,1117,2709,2425,2318,0,0,2709,0.478825179,3.735158564,460.605813,11.43120755,188.9206138,1.450549568,27.03711738,400.1496788,1,371.821103,333.9294394,13773.44105,1,11.17783109,33.25059878,19.12977923,4.489144035,8.302525047,0.296320883,0.046453725,4028.371446,7.789701512,73.67661628,79.33258294,90.77306235,244.4782305,163.0030389,436.503596,0.353533461,11.88417515,90.68697581,33.28514589,2360,,
2007,Raqqa,Tabqat,3,2395,0,2395,10011,4180,0,0,0,10011,0.166312937,1.915996577,363.2672467,9.303147366,159.7684893,1.190950364,17.04136252,252.4603217,1,365.9192606,315.7105319,13523.01713,1,14.81675015,31.46106726,18.78196824,5.196997851,8.088424478,0.284584001,0.056095601,3903.777947,7.560426275,81.31912416,78.45973854,85.06345975,190.4755312,193.9123706,366.1195327,0.562168467,8.629667024,92.6744672,97.73904029,0000000000000000235f,,
2007,Raqqa,Tabqat,4,3025,0,3025,13622,4503,0,0,0,13622,0.166312937,1.915996577,363.2672467,9.303147366,159.7684893,1.190950364,17.04136252,252.4603217,1,365.9192606,315.7105319,13523.01713,1,14.81675015,31.46106726,18.78196824,5.196997851,8.088424478,0.284584001,0.056095601,3903.777947,7.560426275,81.31912416,78.45973854,85.06345975,190.4755312,193.9123706,366.1195327,0.562168467,8.629667024,92.6744672,97.73904029,0000000000000000235f,,
2007,Raqqa,Tabqat,5,16188,0,16188,69609,4300,0,0,0,69609,0.166312937,1.915996577,363.2672467,9.303147366,159.7684893,1.190950364,17.04136252,252.4603217,1,365.9192606,315.7105319,13523.01713,1,14.81675015,31.46106726,18.78196824,5.196997851,8.088424478,0.284584001,0.056095601,3903.777947,7.560426275,81.31912416,78.45973854,85.06345975,190.4755312,193.9123706,366.1195327,0.562168467,8.629667024,92.6744672,97.73904029,0000000000000000235f,,
2007,Dayr_Az_Zor,Dayr_Az_Zor,4,2680,0,2680,10184,3800,1300,0,0,10184,1.527438458,6.266817637,336.5240054,7.777664144,160.6562038,1.475571533,17.45613594,279.0580926,1,311.6110564,350.5415221,14516.84215,1,24.94088817,33.47158026,20.16228076,5.650701827,8.135405301,0.188379616,0.02476865,4325.800427,7.945084905,68.49716985,87.39853142,81.95767319,170.6842754,267.81461,453.5383851,0.441646162,7.406680906,84.78696708,59.82997528,2341,,
2007,Dayr_Az_Zor,Dayr_Az_Zor,5,32312,0,32312,129507,4008,0,0,0,129507,1.527438458,6.266817637,336.5240054,7.777664144,160.6562038,1.475571533,17.45613594,279.0580926,1,311.6110564,350.5415221,14516.84215,1,24.94088817,33.47158026,20.16228076,5.650701827,8.135405301,0.188379616,0.02476865,4325.800427,7.945084905,68.49716985,87.39853142,81.95767319,170.6842754,267.81461,453.5383851,0.441646162,7.406680906,84.78696708,59.82997528,2341,,
2007,Dayr_Az_Zor,Al_Mayadin,5,6194,0,6194,25940,4188,0,0,0,25940,0.846879854,4.706853339,306.8067,6.8330012,106.9848781,1.464284982,15.16950876,321.6518012,1,284.7469964,342.0697265,14907.16222,1,13.44925992,33.66391704,20.70439197,6.10854458,7.642677282,0.158206221,0.013074769,4489.072385,7.935538403,68.81538657,94.60665979,74.55179549,155.4417755,226.8776377,452.2255759,0.231444592,7.050522461,81.68918876,65.76879408,2340,,
2007,Dayr_Az_Zor,Abu_Kamal,5,15846,0,15846,56919,3592,0,0,0,56919,0.326690195,2.534252196,369.2400614,8.047724088,145.9024177,1.474952341,15.51213228,316.9541986,1,199.0450865,326.4202275,15427.72853,1,17.05196237,34.63589799,21.42740074,6.311871265,7.138183671,0.20384278,0.026821602,4587.130226,7.914785937,69.50713545,108.565922,76.49222417,177.1624444,210.3167699,473.4703945,0.275403663,8.147721895,77.55771008,64.43444099,0000000000000000233f,,
2007,Hassakeh,Hassakeh,1,222,0,222,552,2486,335,302,901,854,1.234999017,5.292191536,551.2765435,12.70697042,179.2026918,1.453912692,22.75778998,312.1287676,1,352.2277754,300.6162007,14323.12764,1,19.1175947,34.14789318,19.89323284,4.751904919,6.951056889,0.273837244,0.04295389,4337.379058,7.76640865,74.453045,88.43511336,91.63044482,284.2048548,232.8497925,449.1236429,0.493960645,10.83503123,86.3243838,55.44769984,0000000000000000234b,,
2007,Hassakeh,Hassakeh,2,26905,0,26905,88571,3292,39014,28402,728,116973,1.234999017,5.292191536,551.2765435,12.70697042,179.2026918,1.453912692,22.75778998,312.1287676,1,352.2277754,300.6162007,14323.12764,1,19.1175947,34.14789318,19.89323284,4.751904919,6.951056889,0.273837244,0.04295389,4337.379058,7.76640865,74.453045,88.43511336,91.63044482,284.2048548,232.8497925,449.1236429,0.493960645,10.83503123,86.3243838,55.44769984,0000000000000000234b,,
2007,Hassakeh,Hassakeh,3,10479,0,10479,34141,3258,12476,4180,335,38321,1.234999017,5.292191536,551.2765435,12.70697042,179.2026918,1.453912692,22.75778998,312.1287676,1,352.2277754,300.6162007,14323.12764,1,19.1175947,34.14789318,19.89323284,4.751904919,6.951056889,0.273837244,0.04295389,4337.379058,7.76640865,74.453045,88.43511336,91.63044482,284.2048548,232.8497925,449.1236429,0.493960645,10.83503123,86.3243838,55.44769984,0000000000000000234b,,
2007,Hassakeh,Hassakeh,4,11722,0,11722,36267,3094,7714,825,107,37092,1.234999017,5.292191536,551.2765435,12.70697042,179.2026918,1.453912692,22.75778998,312.1287676,1,352.2277754,300.6162007,14323.12764,1,19.1175947,34.14789318,19.89323284,4.751904919,6.951056889,0.273837244,0.04295389,4337.379058,7.76640865,74.453045,88.43511336,91.63044482,284.2048548,232.8497925,449.1236429,0.493960645,10.83503123,86.3243838,55.44769984,0000000000000000234b,,
2007,Hassakeh,Hassakeh,5,8762,0,8762,28949,3304,0,0,0,28949,1.234999017,5.292191536,551.2765435,12.70697042,179.2026918,1.453912692,22.75778998,312.1287676,1,352.2277754,300.6162007,14323.12764,1,19.1175947,34.14789318,19.89323284,4.751904919,6.951056889,0.273837244,0.04295389,4337.379058,7.76640865,74.453045,88.43511336,91.63044482,284.2048548,232.8497925,449.1236429,0.493960645,10.83503123,86.3243838,55.44769984,0000000000000000234b,,
2007,Hassakeh,Quamishli,1,25549,0,25549,92206,3609,47978,71919,1499,164125,0.384508781,3.376182941,850.3153288,19.32562456,189.6343908,1.4227755,32.71215887,381.6987929,1,387.3408823,372.9633276,13752.8998,1,4.224880292,34.24491754,19.10124972,3.329027071,8.499245581,0.627903736,0.130428877,4398.93712,7.499177245,83.3607585,85.6736499,93.75242356,432.7353746,188.6721752,424.1715544,0.236333983,15.93920513,90.85000161,2.151515152,0000000000000000234c,,
2007,Hassakeh,Quamishli,2,11282,0,11282,34421,3051,13376,12292,919,46713,0.384508781,3.376182941,850.3153288,19.32562456,189.6343908,1.4227755,32.71215887,381.6987929,1,387.3408823,372.9633276,13752.8998,1,4.224880292,34.24491754,19.10124972,3.329027071,8.499245581,0.627903736,0.130428877,4398.93712,7.499177245,83.3607585,85.6736499,93.75242356,432.7353746,188.6721752,424.1715544,0.236333983,15.93920513,90.85000161,2.151515152,0000000000000000234c,,
2007,Hassakeh,Quamishli,3,4615,0,4615,12922,2800,3022,1088,360,14010,0.384508781,3.376182941,850.3153288,19.32562456,189.6343908,1.4227755,32.71215887,381.6987929,1,387.3408823,372.9633276,13752.8998,1,4.224880292,34.24491754,19.10124972,3.329027071,8.499245581,0.627903736,0.130428877,4398.93712,7.499177245,83.3607585,85.6736499,93.75242356,432.7353746,188.6721752,424.1715544,0.236333983,15.93920513,90.85000161,2.151515152,0000000000000000234c,,
2007,Hassakeh,Al_Malika,1,29205,0,29205,100057,3426,81425,123196,1513,223253,0.273788898,2.626098262,1054.311668,23.40294949,177.7179584,1.393407522,35.81191186,396.1542193,1,442.2589019,415.5652977,13253.5204,1,11.47143655,33.91081287,18.40766722,2.359439492,9.239683812,0.692210858,0.154705117,4504.037575,7.401004555,86.63318149,87.03392106,94.65819672,549.0247466,182.2285639,417.2135132,0.627665989,23.0979689,94.81333019,71.48066457,0000000000000000234a,,
2007,Hassakeh,Al_Malika,2,1315,0,1315,4142,3150,8295,8046,970,12188,0.273788898,2.626098262,1054.311668,23.40294949,177.7179584,1.393407522,35.81191186,396.1542193,1,442.2589019,415.5652977,13253.5204,1,11.47143655,33.91081287,18.40766722,2.359439492,9.239683812,0.692210858,0.154705117,4504.037575,7.401004555,86.63318149,87.03392106,94.65819672,549.0247466,182.2285639,417.2135132,0.627665989,23.0979689,94.81333019,71.48066457,0000000000000000234a,,
2007,Hassakeh,Al_Malika,3,140,0,140,364,2600,1685,285,169,649,0.273788898,2.626098262,1054.311668,23.40294949,177.7179584,1.393407522,35.81191186,396.1542193,1,442.2589019,415.5652977,13253.5204,1,11.47143655,33.91081287,18.40766722,2.359439492,9.239683812,0.692210858,0.154705117,4504.037575,7.401004555,86.63318149,87.03392106,94.65819672,549.0247466,182.2285639,417.2135132,0.627665989,23.0979689,94.81333019,71.48066457,0000000000000000234a,,
2007,Hassakeh,Ras_Al_Ain,1,14635,0,14635,55247,3775,1811,9489,5239,64736,0.383012451,4.287075453,624.2563751,15.03405944,181.239228,1.436138441,29.13638552,428.1986409,1,428.0325777,456.3052861,13607.32949,1,10.62784115,33.47848567,18.89906873,3.647773868,11.00493612,0.501818743,0.096453865,4151.280877,7.607914063,79.7361979,86.26520062,92.95071445,325.1500737,158.4989891,413.1203426,0.413294717,15.5378662,92.00532154,3.258706468,0000000000000000234d,,
2007,Hassakeh,Ras_Al_Ain,2,50967,0,50967,191585,3759,4272,18457,4321,210042,0.383012451,4.287075453,624.2563751,15.03405944,181.239228,1.436138441,29.13638552,428.1986409,1,428.0325777,456.3052861,13607.32949,1,10.62784115,33.47848567,18.89906873,3.647773868,11.00493612,0.501818743,0.096453865,4151.280877,7.607914063,79.7361979,86.26520062,92.95071445,325.1500737,158.4989891,413.1203426,0.413294717,15.5378662,92.00532154,3.258706468,0000000000000000234d,,
2007,Hassakeh,Ras_Al_Ain,3,520,0,520,1695,3259,21791,1248,57,2943,0.383012451,4.287075453,624.2563751,15.03405944,181.239228,1.436138441,29.13638552,428.1986409,1,428.0325777,456.3052861,13607.32949,1,10.62784115,33.47848567,18.89906873,3.647773868,11.00493612,0.501818743,0.096453865,4151.280877,7.607914063,79.7361979,86.26520062,92.95071445,325.1500737,158.4989891,413.1203426,0.413294717,15.5378662,92.00532154,3.258706468,0000000000000000234d,,
2007,Hassakeh,Ras_Al_Ain,4,150,0,150,393,2620,4190,0,0,393,0.383012451,4.287075453,624.2563751,15.03405944,181.239228,1.436138441,29.13638552,428.1986409,1,428.0325777,456.3052861,13607.32949,1,10.62784115,33.47848567,18.89906873,3.647773868,11.00493612,0.501818743,0.096453865,4151.280877,7.607914063,79.7361979,86.26520062,92.95071445,325.1500737,158.4989891,413.1203426,0.413294717,15.5378662,92.00532154,3.258706468,0000000000000000234d,,
2008,Homs,Tall_Kalakh,1,2439,0,2439,6799,2788,896,1229,1372,8028,0.061265386,1.382119937,1083.851663,29.0421224,213.4968276,1.371293035,28.50363662,371.8628808,1,462.9664108,684.1552991,12382.33323,1,86.9397267,26.44077569,17.19768504,4.796191811,18.39367097,0.646880142,0.106873635,3730.998812,7.036198454,98.79338486,86.71018351,103.3473504,480.917455,256.0800903,370.1287946,2.899572474,38.32373734,98.27248594,63.89144317,2353,,
2008,Hama,Hama,2,0,0,0,0,0,0,0,0,0,0.227677668,4.733216797,567.8862089,15.3995583,192.7904067,1.455316559,28.89107986,399.9433813,1,367.8882638,394.4788096,13077.42676,1,25.04294796,28.71979856,18.16309272,4.275100785,10.68398084,0.446152406,0.085264793,3686.678554,7.530149647,82.32834509,75.58158387,95.98695375,252.2828682,199.991121,385.7041579,0.890006436,18.48653952,96.21089874,22.43352601,2345,,
2008,Hama,Hama,3,0,0,0,0,0,0,0,0,0,0.227677668,4.733216797,567.8862089,15.3995583,192.7904067,1.455316559,28.89107986,399.9433813,1,367.8882638,394.4788096,13077.42676,1,25.04294796,28.71979856,18.16309272,4.275100785,10.68398084,0.446152406,0.085264793,3686.678554,7.530149647,82.32834509,75.58158387,95.98695375,252.2828682,199.991121,385.7041579,0.890006436,18.48653952,96.21089874,22.43352601,2345,,
2008,Hama,Hama,4,0,0,0,0,0,0,0,0,0,0.227677668,4.733216797,567.8862089,15.3995583,192.7904067,1.455316559,28.89107986,399.9433813,1,367.8882638,394.4788096,13077.42676,1,25.04294796,28.71979856,18.16309272,4.275100785,10.68398084,0.446152406,0.085264793,3686.678554,7.530149647,82.32834509,75.58158387,95.98695375,252.2828682,199.991121,385.7041579,0.890006436,18.48653952,96.21089874,22.43352601,2345,,
2008,Hama,Al_Ghab,1,7024,0,7024,25342,3608,198,363,1833,25705,0.049595436,1.643165164,1109.933742,32.339314,139.7759455,1.347860465,28.59829587,349.5799349,1,352.189296,859.4142185,11984.57872,1,139.7020723,26.79968617,16.64524822,3.695596862,25.03845032,0.708032627,0.112971194,3431.149929,6.782044179,92.73480597,82.34600957,109.8900236,500.575626,280.5196852,361.9957542,4.508295663,42.21571718,95.11570414,35.28868661,2342,,
2008,Idleb,Idleb,1,3051,0,3051,12603,4131,2049,3342,1631,15945,0.125820372,2.188331063,798.9432958,21.82516386,133.1604544,1.441830046,29.96636028,396.7139838,1,349.4829207,471.5708438,12800.69179,1,18.66965742,28.85260626,17.77873859,3.728531167,12.86856803,0.540770482,0.106691452,3659.651992,7.363514149,87.8828617,74.7129235,104.585452,377.1078523,201.4720497,378.6673336,0.928862474,24.86059375,98.40720805,24.08243728,2358,,
2008,Idleb,Idleb,2,563,0,563,1962,3485,793,421,531,2383,0.125820372,2.188331063,798.9432958,21.82516386,133.1604544,1.441830046,29.96636028,396.7139838,1,349.4829207,471.5708438,12800.69179,1,18.66965742,28.85260626,17.77873859,3.728531167,12.86856803,0.540770482,0.106691452,3659.651992,7.363514149,87.8828617,74.7129235,104.585452,377.1078523,201.4720497,378.6673336,0.928862474,24.86059375,98.40720805,24.08243728,2358,,
2008,Idleb,Idleb,3,534,0,534,1744,3266,543,0,0,1744,0.125820372,2.188331063,798.9432958,21.82516386,133.1604544,1.441830046,29.96636028,396.7139838,1,349.4829207,471.5708438,12800.69179,1,18.66965742,28.85260626,17.77873859,3.728531167,12.86856803,0.540770482,0.106691452,3659.651992,7.363514149,87.8828617,74.7129235,104.585452,377.1078523,201.4720497,378.6673336,0.928862474,24.86059375,98.40720805,24.08243728,2358,,
2008,Idleb,Harim,1,88,0,88,367,4170,2,4,2000,371,0.076955511,1.744823344,965.5811837,27.29156453,208.4698796,1.397594182,27.2782689,356.5012631,1,400.6489695,462.8813461,12318.76263,1,91.8753057,28.37074389,17.10939254,3.011567931,13.11840936,0.450313878,0.06497908,3537.020631,7.125463716,95.81787612,69.86963963,114.7801602,459.1516008,243.3845318,396.2349649,3.52892128,34.93256475,97.76795736,7.104166667,2357,,
2008,Idleb,Al_Jisr_Ash_Shu,1,44,0,44,201,4568,53,112,2113,313,0.061795348,1.387996783,1093.38796,32.00243441,177.540447,1.380476929,27.89801472,304.6574213,1,349.3955892,594.3599764,12137.96385,1,101.3142959,27.24412221,16.85828313,3.717724666,17.39872975,0.557812447,0.079290888,3415.577458,6.711311118,90.37703725,82.45255681,110.3635227,528.4324462,309.262822,377.4719518,3.793157673,40.90641577,96.33304645,19.55376344,2354,,
2008,Idleb,Al_Ma'ra,1,818,0,818,2936,3589,7929,8191,1033,11127,0.219400577,2.789560748,673.212619,18.72091082,161.5969773,1.44106543,30.50289991,387.8445436,1,426.7153644,408.6185192,12782.90069,1,29.05957912,28.69803014,17.75402873,3.730682873,11.38833031,0.513402548,0.103824639,3595.04629,7.422356298,85.92145674,74.39087857,100.7635081,304.3677876,211.8633148,395.4624714,1.089096217,21.8826255,98.54840725,2.740740741,2355,,
2008,Idleb,Al_Ma'ra,2,864,0,864,3348,3875,11121,1602,144,4950,0.219400577,2.789560748,673.212619,18.72091082,161.5969773,1.44106543,30.50289991,387.8445436,1,426.7153644,408.6185192,12782.90069,1,29.05957912,28.69803014,17.75402873,3.730682873,11.38833031,0.513402548,0.103824639,3595.04629,7.422356298,85.92145674,74.39087857,100.7635081,304.3677876,211.8633148,395.4624714,1.089096217,21.8826255,98.54840725,2.740740741,2355,,
2008,Idleb,Al_Ma'ra,3,0,0,0,0,0,3650,0,0,0,0.219400577,2.789560748,673.212619,18.72091082,161.5969773,1.44106543,30.50289991,387.8445436,1,426.7153644,408.6185192,12782.90069,1,29.05957912,28.69803014,17.75402873,3.730682873,11.38833031,0.513402548,0.103824639,3595.04629,7.422356298,85.92145674,74.39087857,100.7635081,304.3677876,211.8633148,395.4624714,1.089096217,21.8826255,98.54840725,2.740740741,2355,,
2008,Idleb,Ariha,1,295,0,295,1319,4471,76,84,1105,1403,0.06189382,1.20144567,879.9066319,24.75985047,178.7756591,1.396585143,27.93576679,350.6523137,1,582.149967,454.6128973,11867.95457,1,87.67581128,27.37809647,16.48327023,2.881420264,12.81127333,0.415433123,0.057897755,3552.763917,7.15618642,94.79378601,82.73688586,104.6924697,414.381739,264.1637633,380.2716742,2.592602428,31.56046909,94.19011563,35.35190616,2356,,
2008,Tartous,Tartous,1,4698,0,4698,14717,3132,273,512,1875,15229,0.049162657,1.417978043,1236.897597,33.46298917,226.602822,1.337365278,24.38800112,328.0083572,1,151.3380759,855.5258419,13388.19715,1,85.26540945,26.82983642,18.59471827,8.057045889,23.18566854,0.586112751,0.070595025,3695.315326,6.801489796,93.38299321,86.23225431,106.0927406,539.1951599,293.3316743,364.969705,1.987711269,46.76351549,93.74446704,64.49344978,2365,,
2008,Tartous,Banyas,1,9,0,9,9,1000,211,188,891,197,0.064347484,1.259569202,1403.712592,38.46442036,227.2029485,1.248880866,25.12215029,311.6023136,1,597.2024401,784.9347297,11621.40811,1,239.5189203,25.56937044,16.1408446,4.429619276,21.5128595,0.561522811,0.056660557,3648.379292,6.402940695,80.09802315,86.91097141,105.8022788,633.2039508,311.2379664,363.3411414,4.321198421,51.28226288,92.2333977,78.70526316,2361,,
2008,Tartous,Safita,1,154,0,154,185,1201,171,180,1053,365,0.047070335,1.157636077,1445.356711,39.95246947,212.2246192,1.350786518,24.81991989,329.6296751,1,294.0703481,754.3109993,12929.67992,1,85.74052064,26.66944825,17.95788878,6.553456258,20.876174,0.610121531,0.072041841,3616.690546,6.807968775,93.59895915,87.20558423,108.3392523,640.6691938,291.9812893,377.4132804,2.351750182,44.6094789,97.3834927,76.62715679,2363,,
2008,Tartous,Dreikisch,1,0,0,0,0,0,0,0,0,0,0.020699473,0.796408619,1474.46356,40.51338558,216.934763,1.299036482,24.8601254,322.079217,1,504.6634677,785.3369489,12198.50118,1,163.4163054,25.94782759,16.94236275,5.392263594,21.58031844,0.590615621,0.057887664,3638.447899,6.512992812,83.76642708,88.62259472,108.162994,656.2686175,306.9629607,371.5972167,3.497485148,47.28655449,96.81350141,23.43243243,2362,,
2008,Tartous,Sheikh_Badr,1,0,0,0,0,0,485,378,779,378,0.0373259,1.003571401,1404.600655,38.50743879,219.4652153,1.304121142,24.82237263,321.6588278,1,407.1159663,791.0962494,12445.33449,1,154.5873703,26.14979737,17.28518679,5.966291189,21.68798384,0.582620557,0.061834507,3648.231114,6.587843617,86.26145388,87.40888985,107.3192185,623.2989334,302.2905226,370.5696379,3.164125443,48.74926315,95.22367983,48.78499377,,,
2008,Lattakia,Al_Hafa,1,0,0,0,0,0,11,11,1000,11,0.056619889,1.298629777,1540.554958,44.66729283,251.0029312,1.264981734,25.51066723,281.7179779,1,615.8606536,798.5923735,11636.20324,1,289.7612345,26.1574246,16.16139338,3.744179372,23.15680416,0.589897384,0.053944119,3447.955288,6.168576676,72.28588919,79.6401445,119.8920082,705.6756211,357.4897846,356.8800356,4.643245661,56.30098333,92.35081933,75.1082544,2359,,
2008,Lattakia,Jablah,1,0,0,0,0,0,4,4,1000,4,0.056903002,1.06433536,1441.216615,40.99493561,242.7106218,1.288362214,25.18450697,312.336117,1,539.9002309,766.8946068,11847.0336,1,269.6827043,25.91431948,16.45421333,4.721259728,21.79134419,0.560076859,0.055019805,3514.596727,6.394601508,79.82005026,83.77358344,108.0288202,656.7000257,319.9496365,362.0527367,4.337486611,50.9748085,94.02407618,69.6122449,0000000000000000235b,,
2008,Aleppo,A'zaz,1,1912,0,1912,5736,3000,17845,23574,1321,29310,0.121728487,2.146811382,606.0977506,15.77779506,180.5676029,1.396196968,30.36538609,429.7996425,1,481.8095159,483.9276811,12539.83531,1,12.33630082,29.84623108,17.41643793,2.378211902,12.59842818,0.609253487,0.125363542,3840.460409,7.471901984,84.26993387,73.57182929,98.32148158,272.5093511,165.5478602,396.9674719,0.559398203,24.25735487,99.52250248,30.7875817,2325,,
2008,Aleppo,A'zaz,2,402,0,402,1085,2699,2954,1344,455,2429,0.121728487,2.146811382,606.0977506,15.77779506,180.5676029,1.396196968,30.36538609,429.7996425,1,481.8095159,483.9276811,12539.83531,1,12.33630082,29.84623108,17.41643793,2.378211902,12.59842818,0.609253487,0.125363542,3840.460409,7.471901984,84.26993387,73.57182929,98.32148158,272.5093511,165.5478602,396.9674719,0.559398203,24.25735487,99.52250248,30.7875817,2325,,
2008,Aleppo,Afrin,1,1830,0,1830,6837,3736,1415,2715,1919,9552,0.194810459,2.230856022,892.757391,24.39297158,184.8305861,1.371035123,25.51170824,404.3181051,1,493.5760545,447.1996194,12067.54025,1,89.965976,28.81125808,16.76047257,2.101971654,12.2248604,0.434965405,0.057165389,3658.896,7.198506433,93.3831189,68.76098445,108.0192773,408.1562316,192.8950466,401.4796676,3.206478872,32.26458622,95.77412895,72.67440361,2326,,
2008,Aleppo,Jarablus,2,2224,0,2224,7624,3428,4000,0,0,7624,0.056313267,1.389591551,475.9214865,12.39953568,123.911363,1.374076188,31.59740814,433.9335195,1,453.0262094,349.5942374,13058.90308,1,19.54434174,32.00957298,18.1373654,1.999407362,9.114316431,0.487011143,0.09601617,3837.220227,7.473535251,84.21549162,74.9261695,94.62601827,198.2310084,151.8135123,395.6820817,0.731704106,17.89025411,96.35791203,86.86344794,0000000000000000232a,,
2008,Aleppo,Al_Bab,1,0,0,0,0,0,1290,249,193,249,0.223794265,2.70647827,438.6290622,11.59732461,171.3158859,1.361738999,28.32570189,404.137529,1,440.5998951,386.324174,13043.62221,1,12.48017986,30.62110254,18.11614196,2.937482164,10.22187216,0.451073073,0.091961523,3781.157324,7.526863486,82.4378838,76.25738223,91.66230633,183.9661442,172.3288421,394.8106379,0.536196258,18.97472913,96.47918878,57.38811081,2328,,
2008,Aleppo,Al_Bab,2,515,0,515,1049,2037,31028,4158,134,5207,0.223794265,2.70647827,438.6290622,11.59732461,171.3158859,1.361738999,28.32570189,404.137529,1,440.5998951,386.324174,13043.62221,1,12.48017986,30.62110254,18.11614196,2.937482164,10.22187216,0.451073073,0.091961523,3781.157324,7.526863486,82.4378838,76.25738223,91.66230633,183.9661442,172.3288421,394.8106379,0.536196258,18.97472913,96.47918878,57.38811081,2328,,
2008,Aleppo,Al_Bab,3,9380,0,9380,21237,2264,2278,275,121,21512,0.223794265,2.70647827,438.6290622,11.59732461,171.3158859,1.361738999,28.32570189,404.137529,1,440.5998951,386.324174,13043.62221,1,12.48017986,30.62110254,18.11614196,2.937482164,10.22187216,0.451073073,0.091961523,3781.157324,7.526863486,82.4378838,76.25738223,91.66230633,183.9661442,172.3288421,394.8106379,0.536196258,18.97472913,96.47918878,57.38811081,2328,,
2008,Aleppo,Al_Bab,4,2976,0,2976,7532,2531,0,0,0,7532,0.223794265,2.70647827,438.6290622,11.59732461,171.3158859,1.361738999,28.32570189,404.137529,1,440.5998951,386.324174,13043.62221,1,12.48017986,30.62110254,18.11614196,2.937482164,10.22187216,0.451073073,0.091961523,3781.157324,7.526863486,82.4378838,76.25738223,91.66230633,183.9661442,172.3288421,394.8106379,0.536196258,18.97472913,96.47918878,57.38811081,2328,,
2008,Aleppo,Menbij,2,3065,0,3065,9679,3158,28838,0,0,9679,0.476099108,4.018173677,366.7399525,9.458943393,173.279788,1.406754586,24.018397,332.4689528,1,397.1956572,330.5553373,13448.43652,1,17.60715977,31.13608958,18.67838405,3.47421197,8.530872643,0.333422471,0.061258733,3876.176734,7.618434657,79.38551142,73.72222793,87.21448016,146.0688501,198.2878033,437.4207931,0.49517755,12.11218955,93.26637686,92.68040719,0000000000000000232c,,
2008,Aleppo,Menbij,3,1362,0,1362,2167,1591,5587,0,0,2167,0.476099108,4.018173677,366.7399525,9.458943393,173.279788,1.406754586,24.018397,332.4689528,1,397.1956572,330.5553373,13448.43652,1,17.60715977,31.13608958,18.67838405,3.47421197,8.530872643,0.333422471,0.061258733,3876.176734,7.618434657,79.38551142,73.72222793,87.21448016,146.0688501,198.2878033,437.4207931,0.49517755,12.11218955,93.26637686,92.68040719,0000000000000000232c,,
2008,Aleppo,Menbij,4,21307,0,21307,81073,3805,242,0,0,81073,0.476099108,4.018173677,366.7399525,9.458943393,173.279788,1.406754586,24.018397,332.4689528,1,397.1956572,330.5553373,13448.43652,1,17.60715977,31.13608958,18.67838405,3.47421197,8.530872643,0.333422471,0.061258733,3876.176734,7.618434657,79.38551142,73.72222793,87.21448016,146.0688501,198.2878033,437.4207931,0.49517755,12.11218955,93.26637686,92.68040719,0000000000000000232c,,
2008,Aleppo,Menbij,5,9024,0,9024,38993,4321,0,0,0,38993,0.476099108,4.018173677,366.7399525,9.458943393,173.279788,1.406754586,24.018397,332.4689528,1,397.1956572,330.5553373,13448.43652,1,17.60715977,31.13608958,18.67838405,3.47421197,8.530872643,0.333422471,0.061258733,3876.176734,7.618434657,79.38551142,73.72222793,87.21448016,146.0688501,198.2878033,437.4207931,0.49517755,12.11218955,93.26637686,92.68040719,0000000000000000232c,,
2008,Aleppo,Ain_Al_Arab,2,14337,0,14337,28459,1985,55060,0,0,28459,0.285146327,2.615456939,461.2798051,11.3543916,180.1352135,1.344070296,29.15984317,412.5287694,1,457.6511594,306.7550933,13331.0097,1,40.7417743,32.36383392,18.51529125,2.328470361,7.571505578,0.440304826,0.088676688,4061.567341,7.452704986,84.90983381,73.0186073,93.97419699,186.0623782,160.737883,374.9119357,1.026508894,16.80178945,94.19833573,86.06697787,2327,,
2008,Aleppo,Ain_Al_Arab,3,3465,0,3465,8316,2400,1662,0,0,8316,0.285146327,2.615456939,461.2798051,11.3543916,180.1352135,1.344070296,29.15984317,412.5287694,1,457.6511594,306.7550933,13331.0097,1,40.7417743,32.36383392,18.51529125,2.328470361,7.571505578,0.440304826,0.088676688,4061.567341,7.452704986,84.90983381,73.0186073,93.97419699,186.0623782,160.737883,374.9119357,1.026508894,16.80178945,94.19833573,86.06697787,2327,,
2008,Aleppo,Jebel_Saman,1,803,0,803,2767,3446,1307,510,390,3277,0.320135248,3.90953411,557.3634326,15.09227798,185.7492815,1.399045613,26.85095306,367.0160671,1,348.6130778,402.2289216,13156.99759,1,24.0041333,29.83124918,18.27360776,3.701136249,10.88891582,0.430266008,0.08038453,3692.03715,7.511498758,82.95004141,71.53332603,96.15512018,251.2134416,183.2856532,401.209007,0.780531933,17.98196178,95.57938421,28.18423019,0000000000000000232b,,
2008,Aleppo,Jebel_Saman,2,1708,0,1708,4807,2814,1603,253,158,5060,0.320135248,3.90953411,557.3634326,15.09227798,185.7492815,1.399045613,26.85095306,367.0160671,1,348.6130778,402.2289216,13156.99759,1,24.0041333,29.83124918,18.27360776,3.701136249,10.88891582,0.430266008,0.08038453,3692.03715,7.511498758,82.95004141,71.53332603,96.15512018,251.2134416,183.2856532,401.209007,0.780531933,17.98196178,95.57938421,28.18423019,0000000000000000232b,,
2008,Aleppo,Jebel_Saman,3,146,0,146,140,959,906,0,0,140,0.320135248,3.90953411,557.3634326,15.09227798,185.7492815,1.399045613,26.85095306,367.0160671,1,348.6130778,402.2289216,13156.99759,1,24.0041333,29.83124918,18.27360776,3.701136249,10.88891582,0.430266008,0.08038453,3692.03715,7.511498758,82.95004141,71.53332603,96.15512018,251.2134416,183.2856532,401.209007,0.780531933,17.98196178,95.57938421,28.18423019,0000000000000000232b,,
2008,Aleppo,Jebel_Saman,4,43,0,43,35,814,0,0,0,35,0.320135248,3.90953411,557.3634326,15.09227798,185.7492815,1.399045613,26.85095306,367.0160671,1,348.6130778,402.2289216,13156.99759,1,24.0041333,29.83124918,18.27360776,3.701136249,10.88891582,0.430266008,0.08038453,3692.03715,7.511498758,82.95004141,71.53332603,96.15512018,251.2134416,183.2856532,401.209007,0.780531933,17.98196178,95.57938421,28.18423019,0000000000000000232b,,
2008,Aleppo,As_Safira,2,2494,0,2494,12435,4986,2700,0,0,12435,0.226229514,2.727688396,391.5268909,10.40317545,194.0542344,1.456944439,23.81607607,339.9130212,1,386.7828001,339.0435771,13387.19512,1,58.56984464,30.3292621,18.59332656,3.954551983,9.008992333,0.305020256,0.051399653,3762.532517,7.634697244,78.8434252,74.32281882,84.5670833,160.2152191,209.796782,447.6738108,1.021027812,12.3940763,93.75241968,61.3127161,2329,,
2008,Aleppo,As_Safira,3,2995,0,2995,8266,2760,3150,0,0,8266,0.226229514,2.727688396,391.5268909,10.40317545,194.0542344,1.456944439,23.81607607,339.9130212,1,386.7828001,339.0435771,13387.19512,1,58.56984464,30.3292621,18.59332656,3.954551983,9.008992333,0.305020256,0.051399653,3762.532517,7.634697244,78.8434252,74.32281882,84.5670833,160.2152191,209.796782,447.6738108,1.021027812,12.3940763,93.75241968,61.3127161,2329,,
2008,Aleppo,As_Safira,4,328,0,328,739,2253,0,0,0,739,0.226229514,2.727688396,391.5268909,10.40317545,194.0542344,1.456944439,23.81607607,339.9130212,1,386.7828001,339.0435771,13387.19512,1,58.56984464,30.3292621,18.59332656,3.954551983,9.008992333,0.305020256,0.051399653,3762.532517,7.634697244,78.8434252,74.32281882,84.5670833,160.2152191,209.796782,447.6738108,1.021027812,12.3940763,93.75241968,61.3127161,2329,,
2008,Aleppo,As_Safira,5,700,0,700,1540,2200,0,0,0,1540,0.226229514,2.727688396,391.5268909,10.40317545,194.0542344,1.456944439,23.81607607,339.9130212,1,386.7828001,339.0435771,13387.19512,1,58.56984464,30.3292621,18.59332656,3.954551983,9.008992333,0.305020256,0.051399653,3762.532517,7.634697244,78.8434252,74.32281882,84.5670833,160.2152191,209.796782,447.6738108,1.021027812,12.3940763,93.75241968,61.3127161,2329,,
2008,Raqqa,Raqqa,3,1775,0,1775,7136,4020,400,0,0,7136,1.050201469,5.964680642,282.3343377,6.763170904,176.8215937,1.445777656,18.21052889,260.1565394,1,346.2123061,319.9735424,13981.72304,1,26.05879584,32.01339583,19.41905978,3.838626197,7.682941057,0.201827571,0.028401061,4173.58529,7.943602406,68.54658646,75.43232946,84.25281901,104.2972046,252.812006,466.2953785,0.418199141,7.517291598,89.03394414,89.8962532,0000000000000000235e,,
2008,Raqqa,Raqqa,4,17220,0,17220,57084,3315,710,0,0,57084,1.050201469,5.964680642,282.3343377,6.763170904,176.8215937,1.445777656,18.21052889,260.1565394,1,346.2123061,319.9735424,13981.72304,1,26.05879584,32.01339583,19.41905978,3.838626197,7.682941057,0.201827571,0.028401061,4173.58529,7.943602406,68.54658646,75.43232946,84.25281901,104.2972046,252.812006,466.2953785,0.418199141,7.517291598,89.03394414,89.8962532,0000000000000000235e,,
2008,Raqqa,Raqqa,5,20227,0,20227,78825,3897,0,0,0,78825,1.050201469,5.964680642,282.3343377,6.763170904,176.8215937,1.445777656,18.21052889,260.1565394,1,346.2123061,319.9735424,13981.72304,1,26.05879584,32.01339583,19.41905978,3.838626197,7.682941057,0.201827571,0.028401061,4173.58529,7.943602406,68.54658646,75.43232946,84.25281901,104.2972046,252.812006,466.2953785,0.418199141,7.517291598,89.03394414,89.8962532,0000000000000000235e,,
2008,Raqqa,Tell_Abiad,2,20807,0,20807,56928,2736,31105,0,0,56928,0.478825179,3.735158564,386.6242159,9.23944041,188.9206138,1.450549568,27.03711738,400.1496788,1,371.821103,269.858339,13965.62358,1,11.17783109,33.25059878,19.39669942,3.044257997,6.46381665,0.259665031,0.03967432,4183.498181,7.789701512,73.67661628,74.90318649,90.07145926,152.4090234,163.0030389,436.503596,0.353533461,11.88417515,89.16171762,33.28514589,2360,,
2008,Raqqa,Tell_Abiad,3,4397,0,4397,7695,1750,13311,0,0,7695,0.478825179,3.735158564,386.6242159,9.23944041,188.9206138,1.450549568,27.03711738,400.1496788,1,371.821103,269.858339,13965.62358,1,11.17783109,33.25059878,19.39669942,3.044257997,6.46381665,0.259665031,0.03967432,4183.498181,7.789701512,73.67661628,74.90318649,90.07145926,152.4090234,163.0030389,436.503596,0.353533461,11.88417515,89.16171762,33.28514589,2360,,
2008,Raqqa,Tell_Abiad,4,525,0,525,248,472,0,0,0,248,0.478825179,3.735158564,386.6242159,9.23944041,188.9206138,1.450549568,27.03711738,400.1496788,1,371.821103,269.858339,13965.62358,1,11.17783109,33.25059878,19.39669942,3.044257997,6.46381665,0.259665031,0.03967432,4183.498181,7.789701512,73.67661628,74.90318649,90.07145926,152.4090234,163.0030389,436.503596,0.353533461,11.88417515,89.16171762,33.28514589,2360,,
2008,Raqqa,Tabqat,3,950,0,950,2237,2355,100,0,0,2237,0.166312937,1.915996577,317.0366611,7.837425083,159.7684893,1.190950364,17.04136252,252.4603217,1,365.9192606,265.5788213,13704.9384,1,14.81675015,31.46106726,19.03463666,3.859084086,6.569442047,0.248038203,0.050734147,4044.163529,7.560426275,81.31912416,72.73603066,85.42584058,125.0736607,193.9123706,366.1195327,0.562168467,8.629667024,91.23064765,97.73904029,0000000000000000235f,,
2008,Raqqa,Tabqat,4,1364,0,1364,3455,2533,10,0,0,3455,0.166312937,1.915996577,317.0366611,7.837425083,159.7684893,1.190950364,17.04136252,252.4603217,1,365.9192606,265.5788213,13704.9384,1,14.81675015,31.46106726,19.03463666,3.859084086,6.569442047,0.248038203,0.050734147,4044.163529,7.560426275,81.31912416,72.73603066,85.42584058,125.0736607,193.9123706,366.1195327,0.562168467,8.629667024,91.23064765,97.73904029,0000000000000000235f,,
2008,Raqqa,Tabqat,5,9886,0,9886,35846,3626,400,0,0,35846,0.166312937,1.915996577,317.0366611,7.837425083,159.7684893,1.190950364,17.04136252,252.4603217,1,365.9192606,265.5788213,13704.9384,1,14.81675015,31.46106726,19.03463666,3.859084086,6.569442047,0.248038203,0.050734147,4044.163529,7.560426275,81.31912416,72.73603066,85.42584058,125.0736607,193.9123706,366.1195327,0.562168467,8.629667024,91.23064765,97.73904029,0000000000000000235f,,
2008,Dayr_Az_Zor,Dayr_Az_Zor,4,0,0,0,0,0,0,0,0,0,1.527438458,6.266817637,255.1758111,5.687331475,160.6562038,1.475571533,17.45613594,279.0580926,1,311.6110564,286.6070491,14702.14855,1,24.94088817,33.47733119,20.41965076,4.000274024,6.415578249,0.179137475,0.022431124,4485.740613,7.945084905,68.49716985,78.83570896,77.96111631,90.14992479,267.81461,453.5383851,0.441646162,7.406680906,83.31628138,59.82997528,2341,,
2008,Dayr_Az_Zor,Dayr_Az_Zor,5,17983,0,17983,51503,2864,0,0,0,51503,1.527438458,6.266817637,255.1758111,5.687331475,160.6562038,1.475571533,17.45613594,279.0580926,1,311.6110564,286.6070491,14702.14855,1,24.94088817,33.47733119,20.41965076,4.000274024,6.415578249,0.179137475,0.022431124,4485.740613,7.945084905,68.49716985,78.83570896,77.96111631,90.14992479,267.81461,453.5383851,0.441646162,7.406680906,83.31628138,59.82997528,2341,,
2008,Dayr_Az_Zor,Al_Mayadin,5,8628,0,8628,23701,2747,0,0,0,23701,0.846879854,4.706853339,232.2320854,5.020679504,106.9848781,1.464284982,15.16950876,321.6518012,1,284.7469964,285.6014189,15005.58593,1,13.44925992,33.694202,20.84109158,3.964844925,6.194033454,0.156887985,0.012854728,4624.511054,7.935538403,68.81538657,83.59472163,73.7094342,79.96980493,226.8776377,452.2255759,0.231444592,7.050522461,80.90804814,65.76879408,2340,,
2008,Dayr_Az_Zor,Abu_Kamal,5,15556,0,15556,44288,2847,0,0,0,44288,0.326690195,2.534252196,264.8706229,5.635603078,145.9024177,1.474952341,15.51213228,316.9541986,1,199.0450865,274.2124956,15524.15494,1,17.05196237,34.64011332,21.5613263,4.328638096,5.853220072,0.199764172,0.025060777,4698.951704,7.914785937,69.50713545,93.67335388,76.7187671,93.43649892,210.3167699,473.4703945,0.275403663,8.147721895,76.79242114,64.43444099,0000000000000000233f,,
2008,Hassakeh,Hassakeh,1,184,0,184,405,2201,648,0,0,405,1.234999017,5.292191536,420.3277358,9.317850862,179.2026918,1.453912692,22.75778998,312.1287676,1,352.2277754,229.6362192,14531.68098,1,19.1175947,34.13365372,20.18289025,3.452961385,5.1048598,0.247320619,0.03637977,4509.994456,7.76640865,74.453045,79.13168286,90.575161,147.422937,232.8497925,449.1236429,0.493960645,10.83503123,84.66919859,55.44769984,0000000000000000234b,,
2008,Hassakeh,Hassakeh,2,24510,0,24510,39192,1599,30865,0,0,39192,1.234999017,5.292191536,420.3277358,9.317850862,179.2026918,1.453912692,22.75778998,312.1287676,1,352.2277754,229.6362192,14531.68098,1,19.1175947,34.13365372,20.18289025,3.452961385,5.1048598,0.247320619,0.03637977,4509.994456,7.76640865,74.453045,79.13168286,90.575161,147.422937,232.8497925,449.1236429,0.493960645,10.83503123,84.66919859,55.44769984,0000000000000000234b,,
2008,Hassakeh,Hassakeh,3,10445,0,10445,17349,1661,11436,0,0,17349,1.234999017,5.292191536,420.3277358,9.317850862,179.2026918,1.453912692,22.75778998,312.1287676,1,352.2277754,229.6362192,14531.68098,1,19.1175947,34.13365372,20.18289025,3.452961385,5.1048598,0.247320619,0.03637977,4509.994456,7.76640865,74.453045,79.13168286,90.575161,147.422937,232.8497925,449.1236429,0.493960645,10.83503123,84.66919859,55.44769984,0000000000000000234b,,
2008,Hassakeh,Hassakeh,4,12231,0,12231,18689,1528,6007,0,0,18689,1.234999017,5.292191536,420.3277358,9.317850862,179.2026918,1.453912692,22.75778998,312.1287676,1,352.2277754,229.6362192,14531.68098,1,19.1175947,34.13365372,20.18289025,3.452961385,5.1048598,0.247320619,0.03637977,4509.994456,7.76640865,74.453045,79.13168286,90.575161,147.422937,232.8497925,449.1236429,0.493960645,10.83503123,84.66919859,55.44769984,0000000000000000234b,,
2008,Hassakeh,Hassakeh,5,11382,0,11382,19372,1702,0,0,0,19372,1.234999017,5.292191536,420.3277358,9.317850862,179.2026918,1.453912692,22.75778998,312.1287676,1,352.2277754,229.6362192,14531.68098,1,19.1175947,34.13365372,20.18289025,3.452961385,5.1048598,0.247320619,0.03637977,4509.994456,7.76640865,74.453045,79.13168286,90.575161,147.422937,232.8497925,449.1236429,0.493960645,10.83503123,84.66919859,55.44769984,0000000000000000234b,,
2008,Hassakeh,Quamishli,1,22676,0,22676,43538,1920,38665,0,0,43538,0.384508781,3.376182941,647.4056674,14.08633768,189.6343908,1.4227755,32.71215887,381.6987929,1,387.3408823,266.8960925,13920.75623,1,4.224880292,34.02000612,19.33438365,2.447491195,5.821838815,0.603598904,0.103728272,4594.982875,7.499177245,83.3607585,76.286257,94.59531174,232.7095101,188.6721752,424.1715544,0.236333983,15.93920513,89.51780771,2.151515152,0000000000000000234c,,
2008,Hassakeh,Quamishli,2,10330,0,10330,15030,1455,8563,0,0,15030,0.384508781,3.376182941,647.4056674,14.08633768,189.6343908,1.4227755,32.71215887,381.6987929,1,387.3408823,266.8960925,13920.75623,1,4.224880292,34.02000612,19.33438365,2.447491195,5.821838815,0.603598904,0.103728272,4594.982875,7.499177245,83.3607585,76.286257,94.59531174,232.7095101,188.6721752,424.1715544,0.236333983,15.93920513,89.51780771,2.151515152,0000000000000000234c,,
2008,Hassakeh,Quamishli,3,6308,0,6308,11815,1873,3791,0,0,11815,0.384508781,3.376182941,647.4056674,14.08633768,189.6343908,1.4227755,32.71215887,381.6987929,1,387.3408823,266.8960925,13920.75623,1,4.224880292,34.02000612,19.33438365,2.447491195,5.821838815,0.603598904,0.103728272,4594.982875,7.499177245,83.3607585,76.286257,94.59531174,232.7095101,188.6721752,424.1715544,0.236333983,15.93920513,89.51780771,2.151515152,0000000000000000234c,,
2008,Hassakeh,Al_Malika,1,25921,0,25921,33023,1274,77595,0,0,33023,0.273788898,2.626098262,792.879962,16.79090102,177.7179584,1.393407522,35.81191186,396.1542193,1,442.2589019,289.3530688,13423.80017,1,11.47143655,33.54190359,18.6441669,1.582791476,6.136688562,0.666427873,0.12666013,4721.081091,7.401004555,86.63318149,80.12390358,95.83024001,281.5667495,182.2285639,417.2135132,0.627665989,23.0979689,93.46190342,71.48066457,0000000000000000234a,,
2008,Hassakeh,Al_Malika,2,1175,0,1175,248,211,6905,0,0,248,0.273788898,2.626098262,792.879962,16.79090102,177.7179584,1.393407522,35.81191186,396.1542193,1,442.2589019,289.3530688,13423.80017,1,11.47143655,33.54190359,18.6441669,1.582791476,6.136688562,0.666427873,0.12666013,4721.081091,7.401004555,86.63318149,80.12390358,95.83024001,281.5667495,182.2285639,417.2135132,0.627665989,23.0979689,93.46190342,71.48066457,0000000000000000234a,,
2008,Hassakeh,Al_Malika,3,105,0,105,0,0,1485,0,0,0,0.273788898,2.626098262,792.879962,16.79090102,177.7179584,1.393407522,35.81191186,396.1542193,1,442.2589019,289.3530688,13423.80017,1,11.47143655,33.54190359,18.6441669,1.582791476,6.136688562,0.666427873,0.12666013,4721.081091,7.401004555,86.63318149,80.12390358,95.83024001,281.5667495,182.2285639,417.2135132,0.627665989,23.0979689,93.46190342,71.48066457,0000000000000000234a,,
2008,Hassakeh,Ras_Al_Ain,1,15940,0,15940,63760,4000,4932,0,0,63760,0.383012451,4.287075453,498.104815,11.54425893,181.239228,1.436138441,29.13638552,428.1986409,1,428.0325777,360.6050858,13824.74349,1,10.62784115,33.47861156,19.20103263,2.638289289,8.381608776,0.48289482,0.085653506,4313.740496,7.607914063,79.7361979,77.58064,93.00953399,185.7780483,158.4989891,413.1203426,0.413294717,15.5378662,90.27981357,3.258706468,0000000000000000234d,,
2008,Hassakeh,Ras_Al_Ain,2,67429,0,67429,187116,2775,22015,0,0,187116,0.383012451,4.287075453,498.104815,11.54425893,181.239228,1.436138441,29.13638552,428.1986409,1,428.0325777,360.6050858,13824.74349,1,10.62784115,33.47861156,19.20103263,2.638289289,8.381608776,0.48289482,0.085653506,4313.740496,7.607914063,79.7361979,77.58064,93.00953399,185.7780483,158.4989891,413.1203426,0.413294717,15.5378662,90.27981357,3.258706468,0000000000000000234d,,
2008,Hassakeh,Ras_Al_Ain,3,516,0,516,921,1785,3803,0,0,921,0.383012451,4.287075453,498.104815,11.54425893,181.239228,1.436138441,29.13638552,428.1986409,1,428.0325777,360.6050858,13824.74349,1,10.62784115,33.47861156,19.20103263,2.638289289,8.381608776,0.48289482,0.085653506,4313.740496,7.607914063,79.7361979,77.58064,93.00953399,185.7780483,158.4989891,413.1203426,0.413294717,15.5378662,90.27981357,3.258706468,0000000000000000234d,,
2008,Hassakeh,Ras_Al_Ain,4,135,0,135,314,2326,0,0,0,314,0.383012451,4.287075453,498.104815,11.54425893,181.239228,1.436138441,29.13638552,428.1986409,1,428.0325777,360.6050858,13824.74349,1,10.62784115,33.47861156,19.20103263,2.638289289,8.381608776,0.48289482,0.085653506,4313.740496,7.607914063,79.7361979,77.58064,93.00953399,185.7780483,158.4989891,413.1203426,0.413294717,15.5378662,90.27981357,3.258706468,0000000000000000234d,,
2009,Homs,Tall_Kalakh,1,2699,0,2699,11689,4331,962,2140,2225,13829,0.061265386,1.382119937,1267.62531,34.4141156,213.4968276,1.371293035,28.50363662,371.8628808,1,462.9664108,707.8477003,12464.44258,1,86.9397267,26.44077569,17.3117258,4.796191811,19.27720104,0.675776131,0.115665603,3682.445842,7.036198454,98.79338486,91.65003723,106.2023206,632.7840435,256.0800903,370.1287946,2.899572474,38.32373734,98.92414744,63.89144317,2353,,
2009,Hama,Hama,2,59,0,59,215,3644,0,0,0,215,0.227677668,4.733216797,654.8874094,18.01641388,192.7904067,1.455316559,28.89107986,399.9433813,1,367.8882638,417.9595156,13165.98935,1,25.04294796,28.6796763,18.28609632,4.275100785,11.47925107,0.489089345,0.095670193,3633.948741,7.530149647,82.32834509,83.99794072,97.64709104,320.1907377,199.991121,385.7041579,0.890006436,18.48653952,95.50802103,22.43352601,2345,,
2009,Hama,Hama,3,432,0,432,1318,3051,0,0,0,1318,0.227677668,4.733216797,654.8874094,18.01641388,192.7904067,1.455316559,28.89107986,399.9433813,1,367.8882638,417.9595156,13165.98935,1,25.04294796,28.6796763,18.28609632,4.275100785,11.47925107,0.489089345,0.095670193,3633.948741,7.530149647,82.32834509,83.99794072,97.64709104,320.1907377,199.991121,385.7041579,0.890006436,18.48653952,95.50802103,22.43352601,2345,,
2009,Hama,Hama,4,665,0,665,2328,3501,0,0,0,2328,0.227677668,4.733216797,654.8874094,18.01641388,192.7904067,1.455316559,28.89107986,399.9433813,1,367.8882638,417.9595156,13165.98935,1,25.04294796,28.6796763,18.28609632,4.275100785,11.47925107,0.489089345,0.095670193,3633.948741,7.530149647,82.32834509,83.99794072,97.64709104,320.1907377,199.991121,385.7041579,0.890006436,18.48653952,95.50802103,22.43352601,2345,,
2009,Hama,Al_Ghab,1,8832,0,8832,47136,5337,388,1575,4059,48711,0.049595436,1.643165164,1255.275305,36.85189511,139.7759455,1.347860465,28.59829587,349.5799349,1,352.189296,903.7794585,12053.74713,1,139.7020723,26.79968617,16.74131546,3.695596862,26.52034698,0.733693503,0.124156464,3405.270699,6.782044179,92.73480597,87.6535716,112.0248356,605.6322395,280.5196852,361.9957542,4.508295663,42.21571718,95.66465975,35.28868661,2342,,
2009,Idleb,Idleb,1,5954,0,5954,29145,4895,3946,10943,2773,40088,0.125820372,2.188331063,871.6967846,24.35753872,133.1604544,1.441830046,29.96636028,396.7139838,1,349.4829207,516.3347001,12930.75053,1,18.66965742,28.81927168,17.95937574,3.728531167,14.40612525,0.615032639,0.122000957,3577.755615,7.363514149,87.8828617,80.86179575,109.2656189,422.3891372,201.4720497,378.6673336,0.928862474,24.86059375,97.37499576,24.08243728,2358,,
2009,Idleb,Idleb,2,1709,0,1709,8162,4776,836,1735,2075,9897,0.125820372,2.188331063,871.6967846,24.35753872,133.1604544,1.441830046,29.96636028,396.7139838,1,349.4829207,516.3347001,12930.75053,1,18.66965742,28.81927168,17.95937574,3.728531167,14.40612525,0.615032639,0.122000957,3577.755615,7.363514149,87.8828617,80.86179575,109.2656189,422.3891372,201.4720497,378.6673336,0.928862474,24.86059375,97.37499576,24.08243728,2358,,
2009,Idleb,Idleb,3,1240,0,1240,5232,4219,1840,3139,1706,8371,0.125820372,2.188331063,871.6967846,24.35753872,133.1604544,1.441830046,29.96636028,396.7139838,1,349.4829207,516.3347001,12930.75053,1,18.66965742,28.81927168,17.95937574,3.728531167,14.40612525,0.615032639,0.122000957,3577.755615,7.363514149,87.8828617,80.86179575,109.2656189,422.3891372,201.4720497,378.6673336,0.928862474,24.86059375,97.37499576,24.08243728,2358,,
2009,Idleb,Harim,1,494,0,494,2361,4779,21,0,0,2361,0.076955511,1.744823344,1056.958639,30.45094148,208.4698796,1.397594182,27.2782689,356.5012631,1,400.6489695,499.9459245,12445.58854,1,91.8753057,28.37074389,17.28553964,3.011567931,14.43006905,0.498807285,0.075607885,3470.021214,7.125463716,95.81787612,74.356541,115.0879787,494.4040133,243.3845318,396.2349649,3.52892128,34.93256475,98.77451221,7.104166667,2357,,
2009,Idleb,Al_Jisr_Ash_Shu,1,78,0,78,356,4564,110,567,5155,923,0.061795348,1.387996783,1220.156655,36.27551628,177.540447,1.380476929,27.89801472,304.6574213,1,349.3955892,632.3586972,12243.48407,1,101.3142959,27.24412221,17.00483899,3.717724666,18.80059876,0.596123445,0.089416849,3362.581776,6.711311118,90.37703725,87.11414744,110.7355206,572.5426266,309.262822,377.4719518,3.793157673,40.90641577,97.1705085,19.55376344,2354,,
2009,Idleb,Al_Ma'ra,1,1173,0,1173,5490,4680,7930,24678,3112,30168,0.219400577,2.789560748,755.4915464,21.37354734,161.5969773,1.44106543,30.50289991,387.8445436,1,426.7153644,432.7299923,12876.73287,1,29.05957912,28.67185981,17.8843512,3.730682873,12.26473594,0.543444649,0.113177263,3533.703596,7.422356298,85.92145674,82.6749824,105.4327749,364.0574913,211.8633148,395.4624714,1.089096217,21.8826255,97.80370741,2.740740741,2355,,
2009,Idleb,Al_Ma'ra,2,62,0,62,272,4387,9835,6697,681,6969,0.219400577,2.789560748,755.4915464,21.37354734,161.5969773,1.44106543,30.50289991,387.8445436,1,426.7153644,432.7299923,12876.73287,1,29.05957912,28.67185981,17.8843512,3.730682873,12.26473594,0.543444649,0.113177263,3533.703596,7.422356298,85.92145674,82.6749824,105.4327749,364.0574913,211.8633148,395.4624714,1.089096217,21.8826255,97.80370741,2.740740741,2355,,
2009,Idleb,Al_Ma'ra,3,8,0,8,14,1750,960,180,188,194,0.219400577,2.789560748,755.4915464,21.37354734,161.5969773,1.44106543,30.50289991,387.8445436,1,426.7153644,432.7299923,12876.73287,1,29.05957912,28.67185981,17.8843512,3.730682873,12.26473594,0.543444649,0.113177263,3533.703596,7.422356298,85.92145674,82.6749824,105.4327749,364.0574913,211.8633148,395.4624714,1.089096217,21.8826255,97.80370741,2.740740741,2355,,
2009,Idleb,Ariha,1,981,0,981,4601,4690,214,0,0,4601,0.06189382,1.20144567,970.2670254,27.75104888,178.7756591,1.396585143,27.93576679,350.6523137,1,582.149967,480.0836285,11953.86688,1,87.67581128,27.37809647,16.60259289,2.881420264,13.74923299,0.460815503,0.067824149,3495.325597,7.15618642,94.79378601,88.690252,109.6869744,471.7660703,264.1637633,380.2716742,2.592602428,31.56046909,94.87195936,35.35190616,2356,,
2009,Tartous,Tartous,1,4534,0,4534,23259,5130,121,552,4562,23811,0.049162657,1.417978043,1423.059656,38.67412514,226.602822,1.337365278,24.38800112,328.0083572,1,151.3380759,860.6293009,13474.0594,1,85.26540945,26.82983642,18.71397138,8.057045889,23.4264742,0.613834382,0.078338615,3678.61693,6.801489796,93.38299321,88.80489957,106.7028745,689.2767472,293.3316743,364.969705,1.987711269,46.76351549,93.06302066,64.49344978,2365,,
2009,Tartous,Banyas,1,10,0,10,44,4400,1053,0,0,44,0.064347484,1.259569202,1595.476217,44.04066881,227.2029485,1.248880866,25.12215029,311.6023136,1,597.2024401,815.1918023,11640.28121,1,239.5189203,25.56937044,16.16705723,4.429619276,22.50931898,0.575056214,0.058883759,3621.733851,6.402940695,80.09802315,90.10829699,108.3632163,773.375162,311.2379664,363.3411414,4.321198421,51.28226288,92.3831842,78.70526316,2361,,
2009,Tartous,Safita,1,191,0,191,592,3100,310,605,1952,1197,0.047070335,1.157636077,1669.056218,46.51805631,212.2246192,1.350786518,24.81991989,329.6296751,1,294.0703481,775.9892647,13009.49259,1,85.74052064,26.66944825,18.06873971,6.553456258,21.65475085,0.637536979,0.080896444,3586.974973,6.807968775,93.59895915,89.34921883,108.4893754,825.2695973,291.9812893,377.4132804,2.351750182,44.6094789,96.75005883,76.62715679,2363,,
2009,Tartous,Dreikisch,1,0,0,0,0,0,0,0,0,0,0.020699473,0.796408619,1694.871504,46.88925839,216.934763,1.299036482,24.8601254,322.079217,1,504.6634677,806.8992588,12239.50595,1,163.4163054,25.94782759,16.99931382,5.392263594,22.32543192,0.619588814,0.063116362,3613.626381,6.512992812,83.76642708,90.61156005,108.9060638,841.7712904,306.9629607,371.5972167,3.497485148,47.28655449,97.1389361,23.43243243,2362,,
2009,Tartous,Sheikh_Badr,1,0,0,0,0,0,443,397,896,397,0.0373259,1.003571401,1609.752211,44.41644012,219.4652153,1.304121142,24.82237263,321.6588278,1,407.1159663,811.6330976,12498.32333,1,154.5873703,26.14979737,17.3587824,5.966291189,22.39404895,0.610266751,0.067948784,3625.096661,6.587843617,86.26145388,89.73582875,108.4200647,790.1026618,302.2905226,370.5696379,3.164125443,48.74926315,95.1182741,48.78499377,,,
2009,Lattakia,Al_Hafa,1,0,0,0,0,0,43,0,0,0,0.056619889,1.298629777,1743.152745,51.26557306,251.0029312,1.264981734,25.51066723,281.7179779,1,615.8606536,851.0675132,11676.69127,1,289.7612345,26.1574246,16.21762677,3.744179372,25.0293476,0.615107679,0.059331397,3399.240437,6.168576676,72.28588919,81.99690029,118.5788085,811.1632944,357.4897846,356.8800356,4.643245661,56.30098333,92.67215297,75.1082544,2359,,
2009,Aleppo,A'zaz,1,1684,0,1684,7980,4739,14189,37998,2678,45978,0.121728487,2.146811382,682.7766581,18.18043962,180.5676029,1.396196968,30.36538609,429.7996425,1,481.8095159,521.0781718,12628.18086,1,12.33630082,29.57342955,17.53914008,2.378211902,13.87795533,0.672926965,0.143202435,3754.556368,7.471901984,84.26993387,78.22008826,103.8130795,324.2961633,165.5478602,396.9674719,0.559398203,24.25735487,99.7763424,30.7875817,2325,,
2009,Aleppo,A'zaz,2,384,0,384,1395,3633,3677,1867,508,3262,0.121728487,2.146811382,682.7766581,18.18043962,180.5676029,1.396196968,30.36538609,429.7996425,1,481.8095159,521.0781718,12628.18086,1,12.33630082,29.57342955,17.53914008,2.378211902,13.87795533,0.672926965,0.143202435,3754.556368,7.471901984,84.26993387,78.22008826,103.8130795,324.2961633,165.5478602,396.9674719,0.559398203,24.25735487,99.7763424,30.7875817,2325,,
2009,Aleppo,Afrin,1,992,0,992,4702,4740,2474,5352,2163,10054,0.194810459,2.230856022,1010.631633,28.21024321,184.8305861,1.371035123,25.51170824,404.3181051,1,493.5760545,480.3144191,12142.4345,1,89.965976,28.76749017,16.86449237,2.101971654,13.41174295,0.477366096,0.072729556,3581.49883,7.198506433,93.3831189,73.85343583,112.1555523,472.0130771,192.8950466,401.4796676,3.206478872,32.26458622,96.3685278,72.67440361,2326,,
2009,Aleppo,Jarablus,2,1579,0,1579,8116,5140,5465,2093,383,10209,0.056313267,1.389591551,541.390295,14.37436171,123.911363,1.374076188,31.59740814,433.9335195,1,453.0262094,357.6647919,13125.81666,1,19.54434174,31.7589775,18.23030092,1.999407362,9.499991007,0.53728041,0.105846917,3765.360593,7.473535251,84.21549162,80.74613571,97.61455517,255.4214612,151.8135123,395.6820817,0.731704106,17.89025411,95.8268519,86.86344794,0000000000000000232a,,
2009,Aleppo,Al_Bab,1,0,0,0,0,0,450,246,547,246,0.223794265,2.70647827,491.1160613,13.22495656,171.3158859,1.361738999,28.32570189,404.137529,1,440.5998951,402.3733995,13155.08301,1,12.48017986,30.22738393,18.27094862,2.937482164,10.84549892,0.471589475,0.096575307,3712.555193,7.526863486,82.4378838,81.00786685,95.1927872,231.9910007,172.3288421,394.8106379,0.536196258,18.97472913,95.5945793,57.38811081,2328,,
2009,Aleppo,Al_Bab,2,274,0,274,1557,5682,15389,5694,370,7251,0.223794265,2.70647827,491.1160613,13.22495656,171.3158859,1.361738999,28.32570189,404.137529,1,440.5998951,402.3733995,13155.08301,1,12.48017986,30.22738393,18.27094862,2.937482164,10.84549892,0.471589475,0.096575307,3712.555193,7.526863486,82.4378838,81.00786685,95.1927872,231.9910007,172.3288421,394.8106379,0.536196258,18.97472913,95.5945793,57.38811081,2328,,
2009,Aleppo,Al_Bab,3,8424,0,8424,46762,5551,2058,624,303,47386,0.223794265,2.70647827,491.1160613,13.22495656,171.3158859,1.361738999,28.32570189,404.137529,1,440.5998951,402.3733995,13155.08301,1,12.48017986,30.22738393,18.27094862,2.937482164,10.84549892,0.471589475,0.096575307,3712.555193,7.526863486,82.4378838,81.00786685,95.1927872,231.9910007,172.3288421,394.8106379,0.536196258,18.97472913,95.5945793,57.38811081,2328,,
2009,Aleppo,Al_Bab,4,3610,0,3610,19397,5373,0,0,0,19397,0.223794265,2.70647827,491.1160613,13.22495656,171.3158859,1.361738999,28.32570189,404.137529,1,440.5998951,402.3733995,13155.08301,1,12.48017986,30.22738393,18.27094862,2.937482164,10.84549892,0.471589475,0.096575307,3712.555193,7.526863486,82.4378838,81.00786685,95.1927872,231.9910007,172.3288421,394.8106379,0.536196258,18.97472913,95.5945793,57.38811081,2328,,
2009,Aleppo,Menbij,2,2625,0,2625,15304,5830,18753,4257,227,19561,0.476099108,4.018173677,380.7492567,9.978023557,173.279788,1.406754586,24.018397,332.4689528,1,397.1956572,336.3675467,13572.66727,1,17.60715977,30.77441878,18.85092677,3.47421197,8.818388877,0.33341859,0.060979784,3814.878511,7.618434657,79.38551142,78.86642006,87.93725233,178.3210617,198.2878033,437.4207931,0.49517755,12.11218955,92.28041848,92.68040719,0000000000000000232c,,
2009,Aleppo,Menbij,3,686,0,686,3260,4752,1355,355,262,3615,0.476099108,4.018173677,380.7492567,9.978023557,173.279788,1.406754586,24.018397,332.4689528,1,397.1956572,336.3675467,13572.66727,1,17.60715977,30.77441878,18.85092677,3.47421197,8.818388877,0.33341859,0.060979784,3814.878511,7.618434657,79.38551142,78.86642006,87.93725233,178.3210617,198.2878033,437.4207931,0.49517755,12.11218955,92.28041848,92.68040719,0000000000000000232c,,
2009,Aleppo,Menbij,4,20480,0,20480,94310,4605,0,0,0,94310,0.476099108,4.018173677,380.7492567,9.978023557,173.279788,1.406754586,24.018397,332.4689528,1,397.1956572,336.3675467,13572.66727,1,17.60715977,30.77441878,18.85092677,3.47421197,8.818388877,0.33341859,0.060979784,3814.878511,7.618434657,79.38551142,78.86642006,87.93725233,178.3210617,198.2878033,437.4207931,0.49517755,12.11218955,92.28041848,92.68040719,0000000000000000232c,,
2009,Aleppo,Menbij,5,8776,0,8776,26942,3069,0,0,0,26942,0.476099108,4.018173677,380.7492567,9.978023557,173.279788,1.406754586,24.018397,332.4689528,1,397.1956572,336.3675467,13572.66727,1,17.60715977,30.77441878,18.85092677,3.47421197,8.818388877,0.33341859,0.060979784,3814.878511,7.618434657,79.38551142,78.86642006,87.93725233,178.3210617,198.2878033,437.4207931,0.49517755,12.11218955,92.28041848,92.68040719,0000000000000000232c,,
2009,Aleppo,Ain_Al_Arab,2,13895,0,13895,66793,4807,55052,29893,543,96686,0.285146327,2.615456939,475.340816,11.93126231,180.1352135,1.344070296,29.15984317,412.5287694,1,457.6511594,317.3089526,13398.61622,1,40.7417743,32.08399682,18.60918919,2.328470361,7.990764905,0.447790087,0.091290208,3982.994349,7.452704986,84.90983381,75.56697603,97.17598075,223.7300575,160.737883,374.9119357,1.026508894,16.80178945,93.66177605,86.06697787,2327,,
2009,Aleppo,Ain_Al_Arab,3,3575,0,3575,15111,4227,1660,0,0,15111,0.285146327,2.615456939,475.340816,11.93126231,180.1352135,1.344070296,29.15984317,412.5287694,1,457.6511594,317.3089526,13398.61622,1,40.7417743,32.08399682,18.60918919,2.328470361,7.990764905,0.447790087,0.091290208,3982.994349,7.452704986,84.90983381,75.56697603,97.17598075,223.7300575,160.737883,374.9119357,1.026508894,16.80178945,93.66177605,86.06697787,2327,,
2009,Aleppo,Jebel_Saman,1,1063,0,1063,6299,5925,1130,3567,3157,9866,0.320135248,3.90953411,614.6536455,16.98914949,185.7492815,1.399045613,26.85095306,367.0160671,1,348.6130778,433.3799165,13293.78747,1,24.0041333,29.64488741,18.4635937,3.701136249,11.98103263,0.474956637,0.090276828,3616.918871,7.511498758,82.95004141,77.19780485,98.25535989,296.1742883,183.2856532,401.209007,0.780531933,17.98196178,94.49375027,28.18423019,0000000000000000232b,,
2009,Aleppo,Jebel_Saman,2,1820,0,1820,8906,4893,764,820,1073,9726,0.320135248,3.90953411,614.6536455,16.98914949,185.7492815,1.399045613,26.85095306,367.0160671,1,348.6130778,433.3799165,13293.78747,1,24.0041333,29.64488741,18.4635937,3.701136249,11.98103263,0.474956637,0.090276828,3616.918871,7.511498758,82.95004141,77.19780485,98.25535989,296.1742883,183.2856532,401.209007,0.780531933,17.98196178,94.49375027,28.18423019,0000000000000000232b,,
2009,Aleppo,Jebel_Saman,3,448,0,448,1577,3520,895,542,606,2119,0.320135248,3.90953411,614.6536455,16.98914949,185.7492815,1.399045613,26.85095306,367.0160671,1,348.6130778,433.3799165,13293.78747,1,24.0041333,29.64488741,18.4635937,3.701136249,11.98103263,0.474956637,0.090276828,3616.918871,7.511498758,82.95004141,77.19780485,98.25535989,296.1742883,183.2856532,401.209007,0.780531933,17.98196178,94.49375027,28.18423019,0000000000000000232b,,
2009,Aleppo,Jebel_Saman,4,79,0,79,261,3304,0,0,0,261,0.320135248,3.90953411,614.6536455,16.98914949,185.7492815,1.399045613,26.85095306,367.0160671,1,348.6130778,433.3799165,13293.78747,1,24.0041333,29.64488741,18.4635937,3.701136249,11.98103263,0.474956637,0.090276828,3616.918871,7.511498758,82.95004141,77.19780485,98.25535989,296.1742883,183.2856532,401.209007,0.780531933,17.98196178,94.49375027,28.18423019,0000000000000000232b,,
2009,Aleppo,As_Safira,2,3068,0,3068,20464,6670,2000,1121,561,21585,0.226229514,2.727688396,405.0432668,10.93005333,194.0542344,1.456944439,23.81607607,339.9130212,1,386.7828001,352.3993715,13519.6931,1,58.56984464,30.09649926,18.77735152,3.954551983,9.511246641,0.323666996,0.056255953,3704.775759,7.634697244,78.8434252,80.98253587,84.55449901,194.8920677,209.796782,447.6738108,1.021027812,12.3940763,92.70084845,61.3127161,2329,,
2009,Aleppo,As_Safira,3,3443,0,3443,16709,4853,2533,844,333,17553,0.226229514,2.727688396,405.0432668,10.93005333,194.0542344,1.456944439,23.81607607,339.9130212,1,386.7828001,352.3993715,13519.6931,1,58.56984464,30.09649926,18.77735152,3.954551983,9.511246641,0.323666996,0.056255953,3704.775759,7.634697244,78.8434252,80.98253587,84.55449901,194.8920677,209.796782,447.6738108,1.021027812,12.3940763,92.70084845,61.3127161,2329,,
2009,Aleppo,As_Safira,4,416,0,416,1752,4212,0,0,0,1752,0.226229514,2.727688396,405.0432668,10.93005333,194.0542344,1.456944439,23.81607607,339.9130212,1,386.7828001,352.3993715,13519.6931,1,58.56984464,30.09649926,18.77735152,3.954551983,9.511246641,0.323666996,0.056255953,3704.775759,7.634697244,78.8434252,80.98253587,84.55449901,194.8920677,209.796782,447.6738108,1.021027812,12.3940763,92.70084845,61.3127161,2329,,
2009,Aleppo,As_Safira,5,634,0,634,2540,4006,0,0,0,2540,0.226229514,2.727688396,405.0432668,10.93005333,194.0542344,1.456944439,23.81607607,339.9130212,1,386.7828001,352.3993715,13519.6931,1,58.56984464,30.09649926,18.77735152,3.954551983,9.511246641,0.323666996,0.056255953,3704.775759,7.634697244,78.8434252,80.98253587,84.55449901,194.8920677,209.796782,447.6738108,1.021027812,12.3940763,92.70084845,61.3127161,2329,,
2009,Raqqa,Raqqa,3,275,0,275,1845,6709,120,0,0,1845,1.050201469,5.964680642,280.41902,6.798774633,176.8215937,1.445777656,18.21052889,260.1565394,1,346.2123061,334.1951969,14075.94684,1,26.05879584,31.70571175,19.54992617,3.838626197,8.120099693,0.181031354,0.0234511,4123.552366,7.943602406,68.54658646,75.29863243,82.80640808,129.2257646,252.812006,466.2953785,0.418199141,7.517291598,88.28613618,89.8962532,0000000000000000235e,,
2009,Raqqa,Raqqa,4,20825,0,20825,135591,6511,535,0,0,135591,1.050201469,5.964680642,280.41902,6.798774633,176.8215937,1.445777656,18.21052889,260.1565394,1,346.2123061,334.1951969,14075.94684,1,26.05879584,31.70571175,19.54992617,3.838626197,8.120099693,0.181031354,0.0234511,4123.552366,7.943602406,68.54658646,75.29863243,82.80640808,129.2257646,252.812006,466.2953785,0.418199141,7.517291598,88.28613618,89.8962532,0000000000000000235e,,
2009,Raqqa,Raqqa,5,15115,0,15115,96086,6357,0,0,0,96086,1.050201469,5.964680642,280.41902,6.798774633,176.8215937,1.445777656,18.21052889,260.1565394,1,346.2123061,334.1951969,14075.94684,1,26.05879584,31.70571175,19.54992617,3.838626197,8.120099693,0.181031354,0.0234511,4123.552366,7.943602406,68.54658646,75.29863243,82.80640808,129.2257646,252.812006,466.2953785,0.418199141,7.517291598,88.28613618,89.8962532,0000000000000000235e,,
2009,Raqqa,Tell_Abiad,2,20742,0,20742,80749,3893,20769,1121,54,81870,0.478825179,3.735158564,384.6215782,9.344254858,188.9206138,1.450549568,27.03711738,400.1496788,1,371.821103,282.497018,14014.44613,1,11.17783109,32.79955705,19.46450852,3.044257997,6.879758444,0.241640095,0.034668218,4115.128938,7.789701512,73.67661628,78.41072117,88.19938906,173.2619293,163.0030389,436.503596,0.353533461,11.88417515,88.77423703,33.28514589,2360,,
2009,Raqqa,Tell_Abiad,3,2765,0,2765,8624,3119,2639,0,0,8624,0.478825179,3.735158564,384.6215782,9.344254858,188.9206138,1.450549568,27.03711738,400.1496788,1,371.821103,282.497018,14014.44613,1,11.17783109,32.79955705,19.46450852,3.044257997,6.879758444,0.241640095,0.034668218,4115.128938,7.789701512,73.67661628,78.41072117,88.19938906,173.2619293,163.0030389,436.503596,0.353533461,11.88417515,88.77423703,33.28514589,2360,,
2009,Raqqa,Tell_Abiad,4,240,0,240,635,2646,20,0,0,635,0.478825179,3.735158564,384.6215782,9.344254858,188.9206138,1.450549568,27.03711738,400.1496788,1,371.821103,282.497018,14014.44613,1,11.17783109,32.79955705,19.46450852,3.044257997,6.879758444,0.241640095,0.034668218,4115.128938,7.789701512,73.67661628,78.41072117,88.19938906,173.2619293,163.0030389,436.503596,0.353533461,11.88417515,88.77423703,33.28514589,2360,,
2009,Raqqa,Tabqat,3,975,0,975,5002,5130,0,0,0,5002,0.166312937,1.915996577,318.6469515,8.005540233,159.7684893,1.190950364,17.04136252,252.4603217,1,365.9192606,274.6144016,13821.5432,1,14.81675015,31.02397028,19.19658778,3.859084086,6.903323,0.228695246,0.045103788,3979.330399,7.560426275,81.31912416,78.70110949,85.27833806,148.0328389,193.9123706,366.1195327,0.562168467,8.629667024,90.30521268,97.73904029,0000000000000000235f,,
2009,Raqqa,Tabqat,4,1115,0,1115,4820,4323,15,0,0,4820,0.166312937,1.915996577,318.6469515,8.005540233,159.7684893,1.190950364,17.04136252,252.4603217,1,365.9192606,274.6144016,13821.5432,1,14.81675015,31.02397028,19.19658778,3.859084086,6.903323,0.228695246,0.045103788,3979.330399,7.560426275,81.31912416,78.70110949,85.27833806,148.0328389,193.9123706,366.1195327,0.562168467,8.629667024,90.30521268,97.73904029,0000000000000000235f,,
2009,Raqqa,Tabqat,5,8828,0,8828,38385,4348,30,0,0,38385,0.166312937,1.915996577,318.6469515,8.005540233,159.7684893,1.190950364,17.04136252,252.4603217,1,365.9192606,274.6144016,13821.5432,1,14.81675015,31.02397028,19.19658778,3.859084086,6.903323,0.228695246,0.045103788,3979.330399,7.560426275,81.31912416,78.70110949,85.27833806,148.0328389,193.9123706,366.1195327,0.562168467,8.629667024,90.30521268,97.73904029,0000000000000000235f,,
2009,Dayr_Az_Zor,Dayr_Az_Zor,4,788,0,788,3345,4245,0,0,0,3345,1.527438458,6.266817637,255.5514855,5.74839456,160.6562038,1.475571533,17.45613594,279.0580926,1,311.6110564,293.3117208,14705.31271,1,24.94088817,33.28354626,20.42404543,4.000274024,6.623900592,0.151951357,0.015142331,4444.614907,7.945084905,68.49716985,76.33587066,75.75270308,118.7106186,267.81461,453.5383851,0.441646162,7.406680906,83.29116895,59.82997528,2341,,
2009,Dayr_Az_Zor,Dayr_Az_Zor,5,21434,0,21434,85758,4001,0,0,0,85758,1.527438458,6.266817637,255.5514855,5.74839456,160.6562038,1.475571533,17.45613594,279.0580926,1,311.6110564,293.3117208,14705.31271,1,24.94088817,33.28354626,20.42404543,4.000274024,6.623900592,0.151951357,0.015142331,4444.614907,7.945084905,68.49716985,76.33587066,75.75270308,118.7106186,267.81461,453.5383851,0.441646162,7.406680906,83.29116895,59.82997528,2341,,
2009,Dayr_Az_Zor,Al_Mayadin,5,8390,0,8390,28073,3346,0,0,0,28073,0.846879854,4.706853339,226.719348,4.949171772,106.9848781,1.464284982,15.16950876,321.6518012,1,284.7469964,291.2235349,15011.15286,1,13.44925992,33.64159185,20.84882342,3.964844925,6.371693328,0.148377773,0.010359121,4579.955328,7.935538403,68.81538657,77.64993823,76.45082598,103.4522871,226.8776377,452.2255759,0.231444592,7.050522461,80.86386617,65.76879408,2340,,
2009,Dayr_Az_Zor,Abu_Kamal,5,16921,0,16921,53217,3145,0,0,0,53217,0.326690195,2.534252196,254.3699732,5.448026497,145.9024177,1.474952341,15.51213228,316.9541986,1,199.0450865,266.0494222,15503.41189,1,17.05196237,34.55284989,21.53251652,4.328638096,5.717427351,0.171459879,0.01800395,4668.029664,7.914785937,69.50713545,85.53909402,75.19957917,113.3309368,210.3167699,473.4703945,0.275403663,8.147721895,76.95704848,64.43444099,0000000000000000233f,,
2009,Hassakeh,Hassakeh,1,238,0,238,1091,4584,860,54,63,1145,1.234999017,5.292191536,413.3703385,9.225985109,179.2026918,1.453912692,22.75778998,312.1287676,1,352.2277754,230.0891015,14538.89225,1,19.1175947,33.86527548,20.1929059,3.452961385,5.147152785,0.189810446,0.023128709,4479.500821,7.76640865,74.453045,79.77497417,85.27156096,195.0221708,232.8497925,449.1236429,0.493960645,10.83503123,84.61196629,55.44769984,0000000000000000234b,,
2009,Hassakeh,Hassakeh,2,21102,0,21102,94748,4489,31247,3656,117,98404,1.234999017,5.292191536,413.3703385,9.225985109,179.2026918,1.453912692,22.75778998,312.1287676,1,352.2277754,230.0891015,14538.89225,1,19.1175947,33.86527548,20.1929059,3.452961385,5.147152785,0.189810446,0.023128709,4479.500821,7.76640865,74.453045,79.77497417,85.27156096,195.0221708,232.8497925,449.1236429,0.493960645,10.83503123,84.61196629,55.44769984,0000000000000000234b,,
2009,Hassakeh,Hassakeh,3,5992,0,5992,26364,4399,9085,0,0,26364,1.234999017,5.292191536,413.3703385,9.225985109,179.2026918,1.453912692,22.75778998,312.1287676,1,352.2277754,230.0891015,14538.89225,1,19.1175947,33.86527548,20.1929059,3.452961385,5.147152785,0.189810446,0.023128709,4479.500821,7.76640865,74.453045,79.77497417,85.27156096,195.0221708,232.8497925,449.1236429,0.493960645,10.83503123,84.61196629,55.44769984,0000000000000000234b,,
2009,Hassakeh,Hassakeh,4,4267,0,4267,18382,4308,1614,0,0,18382,1.234999017,5.292191536,413.3703385,9.225985109,179.2026918,1.453912692,22.75778998,312.1287676,1,352.2277754,230.0891015,14538.89225,1,19.1175947,33.86527548,20.1929059,3.452961385,5.147152785,0.189810446,0.023128709,4479.500821,7.76640865,74.453045,79.77497417,85.27156096,195.0221708,232.8497925,449.1236429,0.493960645,10.83503123,84.61196629,55.44769984,0000000000000000234b,,
2009,Hassakeh,Hassakeh,5,5120,0,5120,20490,4002,0,0,0,20490,1.234999017,5.292191536,413.3703385,9.225985109,179.2026918,1.453912692,22.75778998,312.1287676,1,352.2277754,230.0891015,14538.89225,1,19.1175947,33.86527548,20.1929059,3.452961385,5.147152785,0.189810446,0.023128709,4479.500821,7.76640865,74.453045,79.77497417,85.27156096,195.0221708,232.8497925,449.1236429,0.493960645,10.83503123,84.61196629,55.44769984,0000000000000000234b,,
2009,Hassakeh,Quamishli,1,22219,0,22219,104429,4699,88965,20284,228,124713,0.384508781,3.376182941,653.4022866,14.31031672,189.6343908,1.4227755,32.71215887,381.6987929,1,387.3408823,250.6502927,13926.30759,1,4.224880292,33.83830082,19.34209387,2.447491195,5.501519993,0.386545438,0.064797415,4564.952657,7.499177245,83.3607585,82.60651668,91.6286769,319.7093487,188.6721752,424.1715544,0.236333983,15.93920513,89.47374931,2.151515152,0000000000000000234c,,
2009,Hassakeh,Quamishli,2,4009,0,4009,17239,4300,15007,0,0,17239,0.384508781,3.376182941,653.4022866,14.31031672,189.6343908,1.4227755,32.71215887,381.6987929,1,387.3408823,250.6502927,13926.30759,1,4.224880292,33.83830082,19.34209387,2.447491195,5.501519993,0.386545438,0.064797415,4564.952657,7.499177245,83.3607585,82.60651668,91.6286769,319.7093487,188.6721752,424.1715544,0.236333983,15.93920513,89.47374931,2.151515152,0000000000000000234c,,
2009,Hassakeh,Quamishli,3,887,0,887,3741,4218,4211,0,0,3741,0.384508781,3.376182941,653.4022866,14.31031672,189.6343908,1.4227755,32.71215887,381.6987929,1,387.3408823,250.6502927,13926.30759,1,4.224880292,33.83830082,19.34209387,2.447491195,5.501519993,0.386545438,0.064797415,4564.952657,7.499177245,83.3607585,82.60651668,91.6286769,319.7093487,188.6721752,424.1715544,0.236333983,15.93920513,89.47374931,2.151515152,0000000000000000234c,,
2009,Hassakeh,Al_Malika,1,18572,0,18572,83407,4490,127505,119727,939,203134,0.273788898,2.626098262,821.7023628,17.67946439,177.7179584,1.393407522,35.81191186,396.1542193,1,442.2589019,298.6068444,13406.03363,1,11.47143655,33.48399709,18.61949115,1.582791476,6.438534416,0.57234482,0.105162402,4646.778602,7.401004555,86.63318149,87.19923371,94.50804296,398.0325892,182.2285639,417.2135132,0.627665989,23.0979689,93.60290769,71.48066457,0000000000000000234a,,
2009,Hassakeh,Al_Malika,2,433,0,433,1829,4224,9717,49,5,1878,0.273788898,2.626098262,821.7023628,17.67946439,177.7179584,1.393407522,35.81191186,396.1542193,1,442.2589019,298.6068444,13406.03363,1,11.47143655,33.48399709,18.61949115,1.582791476,6.438534416,0.57234482,0.105162402,4646.778602,7.401004555,86.63318149,87.19923371,94.50804296,398.0325892,182.2285639,417.2135132,0.627665989,23.0979689,93.60290769,71.48066457,0000000000000000234a,,
2009,Hassakeh,Al_Malika,3,52,0,52,203,3904,1960,0,0,203,0.273788898,2.626098262,821.7023628,17.67946439,177.7179584,1.393407522,35.81191186,396.1542193,1,442.2589019,298.6068444,13406.03363,1,11.47143655,33.48399709,18.61949115,1.582791476,6.438534416,0.57234482,0.105162402,4646.778602,7.401004555,86.63318149,87.19923371,94.50804296,398.0325892,182.2285639,417.2135132,0.627665989,23.0979689,93.60290769,71.48066457,0000000000000000234a,,
2009,Hassakeh,Ras_Al_Ain,1,18181,0,18181,89341,4914,5044,661,131,90002,0.383012451,4.287075453,483.2799684,11.2537463,181.239228,1.436138441,29.13638552,428.1986409,1,428.0325777,357.8611942,13850.11591,1,10.62784115,33.22884058,19.23627209,2.638289289,8.366096851,0.389049506,0.067441482,4293.391891,7.607914063,79.7361979,77.15720177,89.67456414,220.1097987,158.4989891,413.1203426,0.413294717,15.5378662,90.07844518,3.258706468,0000000000000000234d,,
2009,Hassakeh,Ras_Al_Ain,2,62810,0,62810,304942,4855,26360,2874,109,307816,0.383012451,4.287075453,483.2799684,11.2537463,181.239228,1.436138441,29.13638552,428.1986409,1,428.0325777,357.8611942,13850.11591,1,10.62784115,33.22884058,19.23627209,2.638289289,8.366096851,0.389049506,0.067441482,4293.391891,7.607914063,79.7361979,77.15720177,89.67456414,220.1097987,158.4989891,413.1203426,0.413294717,15.5378662,90.07844518,3.258706468,0000000000000000234d,,
2009,Hassakeh,Ras_Al_Ain,3,475,0,475,1900,4000,3640,0,0,1900,0.383012451,4.287075453,483.2799684,11.2537463,181.239228,1.436138441,29.13638552,428.1986409,1,428.0325777,357.8611942,13850.11591,1,10.62784115,33.22884058,19.23627209,2.638289289,8.366096851,0.389049506,0.067441482,4293.391891,7.607914063,79.7361979,77.15720177,89.67456414,220.1097987,158.4989891,413.1203426,0.413294717,15.5378662,90.07844518,3.258706468,0000000000000000234d,,
2009,Hassakeh,Ras_Al_Ain,4,120,0,120,456,3800,0,0,0,456,0.383012451,4.287075453,483.2799684,11.2537463,181.239228,1.436138441,29.13638552,428.1986409,1,428.0325777,357.8611942,13850.11591,1,10.62784115,33.22884058,19.23627209,2.638289289,8.366096851,0.389049506,0.067441482,4293.391891,7.607914063,79.7361979,77.15720177,89.67456414,220.1097987,158.4989891,413.1203426,0.413294717,15.5378662,90.07844518,3.258706468,0000000000000000234d,,
2011,Homs,Tall_Kalakh,1,2987,0,2987,11822,3958,1754,3224,1838,15046,0.061265386,1.382119937,1284.436904,34.56201504,213.4968276,1.371293035,28.50363662,371.8628808,1,462.9664108,725.0482707,12795.24053,1,86.9397267,28.08106479,17.77116741,8.708731106,19.57149055,0.663057988,0.116760334,3715.325285,7.036198454,98.79338486,99.8347282,102.0872586,744.9870396,256.0800903,370.1287946,2.899572474,38.32373734,98.45047197,63.89144317,2353,,
2011,Hama,Hama,2,374,0,374,1459,3901,8,0,0,1459,0.227677668,4.733216797,659.16019,18.19472061,192.7904067,1.455316559,28.89107986,399.9433813,1,367.8882638,424.8686658,13463.31147,1,25.04294796,30.79445889,18.69904371,7.609160979,11.70764447,0.489739023,0.102730573,3621.810176,7.530149647,82.32834509,93.07834543,93.45389261,361.178733,199.991121,385.7041579,0.890006436,18.48653952,93.14832163,22.43352601,2345,,
2011,Hama,Hama,3,682,0,682,2704,3965,0,0,0,2704,0.227677668,4.733216797,659.16019,18.19472061,192.7904067,1.455316559,28.89107986,399.9433813,1,367.8882638,424.8686658,13463.31147,1,25.04294796,30.79445889,18.69904371,7.609160979,11.70764447,0.489739023,0.102730573,3621.810176,7.530149647,82.32834509,93.07834543,93.45389261,361.178733,199.991121,385.7041579,0.890006436,18.48653952,93.14832163,22.43352601,2345,,
2011,Hama,Hama,4,1878,0,1878,8470,4510,0,0,0,8470,0.227677668,4.733216797,659.16019,18.19472061,192.7904067,1.455316559,28.89107986,399.9433813,1,367.8882638,424.8686658,13463.31147,1,25.04294796,30.79445889,18.69904371,7.609160979,11.70764447,0.489739023,0.102730573,3621.810176,7.530149647,82.32834509,93.07834543,93.45389261,361.178733,199.991121,385.7041579,0.890006436,18.48653952,93.14832163,22.43352601,2345,,
2011,Hama,Al_Ghab,1,7822,0,7822,36204,4628,281,923,3285,37127,0.049595436,1.643165164,1281.456588,37.39440108,139.7759455,1.347860465,28.59829587,349.5799349,1,352.189296,933.8125601,12451.26161,1,139.7020723,28.6051686,17.2934189,7.388366459,27.21416949,0.72649277,0.128253479,3425.867529,6.782044179,92.73480597,97.49931315,110.0647922,708.2816282,280.5196852,361.9957542,4.508295663,42.21571718,98.81953658,35.28868661,2342,,
2011,Idleb,Idleb,1,4196,0,4196,25130,5989,5858,19009,3245,44139,0.125820372,2.188331063,908.6947487,25.43089141,133.1604544,1.441830046,29.96636028,396.7139838,1,349.4829207,535.4816687,13153.20123,1,18.66965742,30.45296286,18.26833504,6.905250237,14.97001231,0.615115967,0.136304255,3572.192674,7.363514149,87.8828617,92.4231762,99.26708059,444.9608933,201.4720497,378.6673336,0.928862474,24.86059375,95.60951405,24.08243728,2358,,
2011,Idleb,Idleb,2,2815,0,2815,14568,5175,2412,5533,2294,20101,0.125820372,2.188331063,908.6947487,25.43089141,133.1604544,1.441830046,29.96636028,396.7139838,1,349.4829207,535.4816687,13153.20123,1,18.66965742,30.45296286,18.26833504,6.905250237,14.97001231,0.615115967,0.136304255,3572.192674,7.363514149,87.8828617,92.4231762,99.26708059,444.9608933,201.4720497,378.6673336,0.928862474,24.86059375,95.60951405,24.08243728,2358,,
2011,Idleb,Idleb,3,4106,0,4106,17266,4205,215,4,19,17270,0.125820372,2.188331063,908.6947487,25.43089141,133.1604544,1.441830046,29.96636028,396.7139838,1,349.4829207,535.4816687,13153.20123,1,18.66965742,30.45296286,18.26833504,6.905250237,14.97001231,0.615115967,0.136304255,3572.192674,7.363514149,87.8828617,92.4231762,99.26708059,444.9608933,201.4720497,378.6673336,0.928862474,24.86059375,95.60951405,24.08243728,2358,,
2011,Idleb,Harim,1,100,0,100,552,5520,0,0,0,552,0.076955511,1.744823344,1079.123131,31.14799495,208.4698796,1.397594182,27.2782689,356.5012631,1,400.6489695,521.107175,12678.87674,1,91.8753057,29.69921885,17.60955103,6.383827348,15.07143975,0.530320822,0.082755796,3463.502715,7.125463716,95.81787612,86.42698543,110.9332777,518.8702457,243.3845318,396.2349649,3.52892128,34.93256475,99.37399412,7.104166667,2357,,
2011,Idleb,Al_Jisr_Ash_Shu,1,260,0,260,1025,3942,179,705,3939,1730,0.061795348,1.387996783,1246.595859,36.92757978,177.540447,1.380476929,27.89801472,304.6574213,1,349.3955892,661.2557221,12537.23907,1,101.3142959,28.69254325,17.41283204,6.904180464,19.58541854,0.631650531,0.099185535,3374.785433,6.711311118,90.37703725,99.46928871,107.2190749,640.9922058,309.262822,377.4719518,3.793157673,40.90641577,99.50189738,19.55376344,2354,,
2011,Idleb,Al_Ma'ra,1,1225,0,1225,4608,3762,8945,25717,2875,30325,0.219400577,2.789560748,758.8663994,21.51412689,161.5969773,1.44106543,30.50289991,387.8445436,1,426.7153644,448.6012618,13167.49245,1,29.05957912,30.54452474,18.28818396,7.017171972,12.73241616,0.573957599,0.13355925,3526.2935,7.422356298,85.92145674,93.32976972,97.55005267,396.3317917,211.8633148,395.4624714,1.089096217,21.8826255,95.49609163,2.740740741,2355,,
2011,Idleb,Al_Ma'ra,2,280,0,280,821,2932,10567,22645,2143,23466,0.219400577,2.789560748,758.8663994,21.51412689,161.5969773,1.44106543,30.50289991,387.8445436,1,426.7153644,448.6012618,13167.49245,1,29.05957912,30.54452474,18.28818396,7.017171972,12.73241616,0.573957599,0.13355925,3526.2935,7.422356298,85.92145674,93.32976972,97.55005267,396.3317917,211.8633148,395.4624714,1.089096217,21.8826255,95.49609163,2.740740741,2355,,
2011,Idleb,Al_Ma'ra,3,0,0,0,0,0,800,71,89,71,0.219400577,2.789560748,758.8663994,21.51412689,161.5969773,1.44106543,30.50289991,387.8445436,1,426.7153644,448.6012618,13167.49245,1,29.05957912,30.54452474,18.28818396,7.017171972,12.73241616,0.573957599,0.13355925,3526.2935,7.422356298,85.92145674,93.32976972,97.55005267,396.3317917,211.8633148,395.4624714,1.089096217,21.8826255,95.49609163,2.740740741,2355,,
2011,Idleb,Ariha,1,622,0,622,2845,4574,339,917,2705,3762,0.06189382,1.20144567,1000.258446,28.59795377,178.7756591,1.396585143,27.93576679,350.6523137,1,582.149967,491.7159341,12278.97138,1,87.67581128,28.89785136,17.05412692,6.405529353,14.07054834,0.479865009,0.076996324,3496.657401,7.15618642,94.79378601,99.11179384,100.1732669,508.9962371,264.1637633,380.2716742,2.592602428,31.56046909,97.45215383,35.35190616,2356,,
2011,Tartous,Tartous,1,3715,0,3715,8268,2226,68,67,985,8335,0.049162657,1.417978043,1442.62727,39.15887482,226.602822,1.337365278,24.38800112,328.0083572,1,151.3380759,914.4142852,13726.36913,1,85.26540945,28.12104619,19.06440157,11.40267816,24.87245366,0.622264403,0.077262862,3683.036573,6.801489796,93.38299321,94.9762318,104.7464656,819.5063228,293.3316743,364.969705,1.987711269,46.76351549,91.06056245,64.49344978,2365,,
2011,Tartous,Banyas,1,13,0,13,0,0,157,0,0,0,0.064347484,1.259569202,1622.830452,44.45622012,227.2029485,1.248880866,25.12215029,311.6023136,1,597.2024401,861.8018401,11970.62466,1,239.5189203,27.08652918,16.62586758,8.044706304,23.62324453,0.606331572,0.062593629,3649.401334,6.402940695,80.09802315,95.98825772,106.2413659,928.619126,311.2379664,363.3411414,4.321198421,51.28226288,95.00495762,78.70526316,2361,,
2011,Tartous,Safita,1,169,0,169,273,1615,150,145,967,418,0.047070335,1.157636077,1660.332736,45.88415888,212.2246192,1.350786518,24.81991989,329.6296751,1,294.0703481,811.6852471,13303.75314,1,85.74052064,28.18625154,18.47743492,10.12972204,22.45908772,0.631401191,0.075269306,3617.531486,6.807968775,93.59895915,95.94384882,106.6131626,959.2299864,291.9812893,377.4132804,2.351750182,44.6094789,94.41465762,76.62715679,2363,,
2011,Tartous,Dreikisch,1,0,0,0,0,0,0,0,0,0,0.020699473,0.796408619,1691.260339,46.54201572,216.934763,1.299036482,24.8601254,322.079217,1,504.6634677,863.7696402,12544.97851,1,163.4163054,27.49872096,17.42358127,8.969771283,23.77400405,0.655287999,0.066755309,3632.835605,6.512992812,83.76642708,96.93974399,107.0816804,976.7167223,306.9629607,371.5972167,3.497485148,47.28655449,99.56332154,23.43243243,2362,,
2011,Tartous,Sheikh_Badr,1,0,0,0,0,0,499,531,1064,531,0.0373259,1.003571401,1621.830699,44.48768822,219.4652153,1.304121142,24.82237263,321.6588278,1,407.1159663,860.0931145,12792.54133,1,154.5873703,27.61865427,17.76741851,9.48657705,23.60141069,0.62950965,0.0684652,3645.760074,6.587843617,86.26145388,95.9258896,106.7211858,929.6544697,302.2905226,370.5696379,3.164125443,48.74926315,95.71819382,48.78499377,,,
2011,Lattakia,Al_Hafa,1,0,0,0,0,0,75,0,0,0,0.056619889,1.298629777,1832.723204,53.37833643,251.0029312,1.264981734,25.51066723,281.7179779,1,615.8606536,909.0162288,12008.80982,1,289.7612345,27.5039906,16.67890253,7.229134882,26.47842942,0.651137781,0.062543627,3432.458828,6.168576676,72.28588919,93.78327138,121.0804769,970.8888715,357.4897846,356.8800356,4.643245661,56.30098333,95.30801447,75.1082544,2359,,
2011,Lattakia,Jablah,1,0,0,0,0,0,12,32,2667,32,0.056903002,1.06433536,1722.293544,49.05031094,242.7106218,1.288362214,25.18450697,312.336117,1,539.9002309,843.2779442,12211.85127,1,269.6827043,27.39469902,16.96090454,8.318019882,24.0003784,0.619754068,0.067149664,3510.279564,6.394601508,79.82005026,96.04631794,110.9131499,966.7510984,319.9496365,362.0527367,4.337486611,50.9748085,96.91945454,69.6122449,0000000000000000235b,,
2011,Aleppo,A'zaz,1,1295,0,1295,5669,4378,10139,15635,1542,21304,0.121728487,2.146811382,737.6562208,19.66237291,180.5676029,1.396196968,30.36538609,429.7996425,1,481.8095159,498.2781115,12848.43525,1,12.33630082,31.40882749,17.84504896,5.712116833,13.28785847,0.621796552,0.148133538,3750.61342,7.471901984,84.26993387,91.06414375,95.80511534,351.6400462,165.5478602,396.9674719,0.559398203,24.25735487,98.02829168,30.7875817,2325,,
2011,Aleppo,A'zaz,2,254,0,254,1138,4480,2924,3541,1211,4679,0.121728487,2.146811382,737.6562208,19.66237291,180.5676029,1.396196968,30.36538609,429.7996425,1,481.8095159,498.2781115,12848.43525,1,12.33630082,31.40882749,17.84504896,5.712116833,13.28785847,0.621796552,0.148133538,3750.61342,7.471901984,84.26993387,91.06414375,95.80511534,351.6400462,165.5478602,396.9674719,0.559398203,24.25735487,98.02829168,30.7875817,2325,,
2011,Aleppo,Afrin,1,760,0,760,3869,5091,2702,0,0,3869,0.194810459,2.230856022,1052.969823,29.52549781,184.8305861,1.371035123,25.51170824,404.3181051,1,493.5760545,495.1071685,12410.3783,1,89.965976,30.28283912,17.23663653,5.550083874,13.89573128,0.47511762,0.067679524,3565.306755,7.198506433,93.3831189,86.48511043,105.2300321,499.6369421,192.8950466,401.4796676,3.206478872,32.26458622,98.49506589,72.67440361,2326,,
2011,Aleppo,Jarablus,2,1737,0,1737,7196,4143,7859,3678,468,10874,0.056313267,1.389591551,581.6668335,15.5287223,123.911363,1.374076188,31.59740814,433.9335195,1,453.0262094,357.226133,13408.55304,1,19.54434174,33.38898184,18.62299033,5.131814815,9.54395412,0.531458031,0.11241075,3744.748184,7.473535251,84.21549162,86.28167225,94.39096557,267.4696289,151.8135123,395.6820817,0.731704106,17.89025411,93.58291239,86.86344794,0000000000000000232a,,
2011,Aleppo,Al_Bab,1,0,0,0,0,0,870,345,397,345,0.223794265,2.70647827,526.6631589,14.28935429,171.3158859,1.361738999,28.32570189,404.137529,1,440.5998951,413.9911908,13373.40924,1,12.48017986,32.13922144,18.5741795,6.07019182,11.25418205,0.497320728,0.107216461,3684.702994,7.526863486,82.4378838,92.85402454,89.95474819,249.9554151,172.3288421,394.8106379,0.536196258,18.97472913,93.86183145,57.38811081,2328,,
2011,Aleppo,Al_Bab,2,0,0,0,0,0,19390,7640,394,7640,0.223794265,2.70647827,526.6631589,14.28935429,171.3158859,1.361738999,28.32570189,404.137529,1,440.5998951,413.9911908,13373.40924,1,12.48017986,32.13922144,18.5741795,6.07019182,11.25418205,0.497320728,0.107216461,3684.702994,7.526863486,82.4378838,92.85402454,89.95474819,249.9554151,172.3288421,394.8106379,0.536196258,18.97472913,93.86183145,57.38811081,2328,,
2011,Aleppo,Al_Bab,3,0,0,0,0,0,59,19,322,19,0.223794265,2.70647827,526.6631589,14.28935429,171.3158859,1.361738999,28.32570189,404.137529,1,440.5998951,413.9911908,13373.40924,1,12.48017986,32.13922144,18.5741795,6.07019182,11.25418205,0.497320728,0.107216461,3684.702994,7.526863486,82.4378838,92.85402454,89.95474819,249.9554151,172.3288421,394.8106379,0.536196258,18.97472913,93.86183145,57.38811081,2328,,
2011,Aleppo,Al_Bab,4,0,0,0,0,0,0,0,0,0,0.223794265,2.70647827,526.6631589,14.28935429,171.3158859,1.361738999,28.32570189,404.137529,1,440.5998951,413.9911908,13373.40924,1,12.48017986,32.13922144,18.5741795,6.07019182,11.25418205,0.497320728,0.107216461,3684.702994,7.526863486,82.4378838,92.85402454,89.95474819,249.9554151,172.3288421,394.8106379,0.536196258,18.97472913,93.86183145,57.38811081,2328,,
2011,Aleppo,Menbij,2,1606,0,1606,5261,3276,13130,0,0,5261,0.476099108,4.018173677,405.000346,10.76334346,173.279788,1.406754586,24.018397,332.4689528,1,397.1956572,353.7806322,13817.12406,1,17.60715977,32.7241286,19.19045009,6.463595644,9.405088265,0.403847373,0.075093158,3761.774528,7.618434657,79.38551142,85.37572592,87.92903245,195.9471299,198.2878033,437.4207931,0.49517755,12.11218955,90.34028523,92.68040719,0000000000000000232c,,
2011,Aleppo,Menbij,3,1076,0,1076,4060,3773,720,0,0,4060,0.476099108,4.018173677,405.000346,10.76334346,173.279788,1.406754586,24.018397,332.4689528,1,397.1956572,353.7806322,13817.12406,1,17.60715977,32.7241286,19.19045009,6.463595644,9.405088265,0.403847373,0.075093158,3761.774528,7.618434657,79.38551142,85.37572592,87.92903245,195.9471299,198.2878033,437.4207931,0.49517755,12.11218955,90.34028523,92.68040719,0000000000000000232c,,
2011,Aleppo,Menbij,4,21508,0,21508,79386,3691,0,0,0,79386,0.476099108,4.018173677,405.000346,10.76334346,173.279788,1.406754586,24.018397,332.4689528,1,397.1956572,353.7806322,13817.12406,1,17.60715977,32.7241286,19.19045009,6.463595644,9.405088265,0.403847373,0.075093158,3761.774528,7.618434657,79.38551142,85.37572592,87.92903245,195.9471299,198.2878033,437.4207931,0.49517755,12.11218955,90.34028523,92.68040719,0000000000000000232c,,
2011,Aleppo,Menbij,5,7284,0,7284,25916,3558,0,0,0,25916,0.476099108,4.018173677,405.000346,10.76334346,173.279788,1.406754586,24.018397,332.4689528,1,397.1956572,353.7806322,13817.12406,1,17.60715977,32.7241286,19.19045009,6.463595644,9.405088265,0.403847373,0.075093158,3761.774528,7.618434657,79.38551142,85.37572592,87.92903245,195.9471299,198.2878033,437.4207931,0.49517755,12.11218955,90.34028523,92.68040719,0000000000000000232c,,
2011,Aleppo,Ain_Al_Arab,2,15843,0,15843,61312,3870,55000,64020,1164,125332,0.285146327,2.615456939,505.8283539,12.90344576,180.1352135,1.344070296,29.15984317,412.5287694,1,457.6511594,336.3477794,13711.82347,1,40.7417743,33.64828745,19.04419927,5.637378465,8.596727069,0.544285779,0.117837489,3919.10292,7.452704986,84.90983381,81.03280684,96.5635819,240.8431677,160.737883,374.9119357,1.026508894,16.80178945,91.17600419,86.06697787,2327,,
2011,Aleppo,Ain_Al_Arab,3,4056,0,4056,17003,4192,1660,1328,800,18331,0.285146327,2.615456939,505.8283539,12.90344576,180.1352135,1.344070296,29.15984317,412.5287694,1,457.6511594,336.3477794,13711.82347,1,40.7417743,33.64828745,19.04419927,5.637378465,8.596727069,0.544285779,0.117837489,3919.10292,7.452704986,84.90983381,81.03280684,96.5635819,240.8431677,160.737883,374.9119357,1.026508894,16.80178945,91.17600419,86.06697787,2327,,
2011,Aleppo,Jebel_Saman,1,1432,0,1432,6149,4294,1916,3148,1643,9297,0.320135248,3.90953411,651.2596211,18.06350107,185.7492815,1.399045613,26.85095306,367.0160671,1,348.6130778,449.9144939,13490.99012,1,24.0041333,31.45270711,18.73748628,6.825072106,12.48416209,0.495728172,0.105682081,3604.389778,7.511498758,82.95004141,90.21282571,93.19488056,318.7446258,183.2856532,401.209007,0.780531933,17.98196178,92.92864985,28.18423019,0000000000000000232b,,
2011,Aleppo,Jebel_Saman,2,11498,0,11498,46257,4023,6225,6480,1041,52737,0.320135248,3.90953411,651.2596211,18.06350107,185.7492815,1.399045613,26.85095306,367.0160671,1,348.6130778,449.9144939,13490.99012,1,24.0041333,31.45270711,18.73748628,6.825072106,12.48416209,0.495728172,0.105682081,3604.389778,7.511498758,82.95004141,90.21282571,93.19488056,318.7446258,183.2856532,401.209007,0.780531933,17.98196178,92.92864985,28.18423019,0000000000000000232b,,
2011,Aleppo,Jebel_Saman,3,2527,0,2527,9714,3844,7194,949,132,10663,0.320135248,3.90953411,651.2596211,18.06350107,185.7492815,1.399045613,26.85095306,367.0160671,1,348.6130778,449.9144939,13490.99012,1,24.0041333,31.45270711,18.73748628,6.825072106,12.48416209,0.495728172,0.105682081,3604.389778,7.511498758,82.95004141,90.21282571,93.19488056,318.7446258,183.2856532,401.209007,0.780531933,17.98196178,92.92864985,28.18423019,0000000000000000232b,,
2011,Aleppo,Jebel_Saman,4,599,0,599,1629,2720,0,0,0,1629,0.320135248,3.90953411,651.2596211,18.06350107,185.7492815,1.399045613,26.85095306,367.0160671,1,348.6130778,449.9144939,13490.99012,1,24.0041333,31.45270711,18.73748628,6.825072106,12.48416209,0.495728172,0.105682081,3604.389778,7.511498758,82.95004141,90.21282571,93.19488056,318.7446258,183.2856532,401.209007,0.780531933,17.98196178,92.92864985,28.18423019,0000000000000000232b,,
2011,Aleppo,As_Safira,2,1817,0,1817,8126,4472,1170,358,306,8484,0.226229514,2.727688396,437.9999399,11.93489114,194.0542344,1.456944439,23.81607607,339.9130212,1,386.7828001,370.940218,13741.58836,1,58.56984464,32.01754758,19.08553939,6.86709845,10.11855919,0.367058826,0.067077785,3668.911479,7.634697244,78.8434252,94.20299319,84.27408805,221.6349965,209.796782,447.6738108,1.021027812,12.3940763,90.93977491,61.3127161,2329,,
2011,Aleppo,As_Safira,3,2056,0,2056,11595,5639,1365,1071,785,12666,0.226229514,2.727688396,437.9999399,11.93489114,194.0542344,1.456944439,23.81607607,339.9130212,1,386.7828001,370.940218,13741.58836,1,58.56984464,32.01754758,19.08553939,6.86709845,10.11855919,0.367058826,0.067077785,3668.911479,7.634697244,78.8434252,94.20299319,84.27408805,221.6349965,209.796782,447.6738108,1.021027812,12.3940763,90.93977491,61.3127161,2329,,
2011,Aleppo,As_Safira,4,541,0,541,2611,4826,0,0,0,2611,0.226229514,2.727688396,437.9999399,11.93489114,194.0542344,1.456944439,23.81607607,339.9130212,1,386.7828001,370.940218,13741.58836,1,58.56984464,32.01754758,19.08553939,6.86709845,10.11855919,0.367058826,0.067077785,3668.911479,7.634697244,78.8434252,94.20299319,84.27408805,221.6349965,209.796782,447.6738108,1.021027812,12.3940763,90.93977491,61.3127161,2329,,
2011,Aleppo,As_Safira,5,81,0,81,327,4037,0,0,0,327,0.226229514,2.727688396,437.9999399,11.93489114,194.0542344,1.456944439,23.81607607,339.9130212,1,386.7828001,370.940218,13741.58836,1,58.56984464,32.01754758,19.08553939,6.86709845,10.11855919,0.367058826,0.067077785,3668.911479,7.634697244,78.8434252,94.20299319,84.27408805,221.6349965,209.796782,447.6738108,1.021027812,12.3940763,90.93977491,61.3127161,2329,,
2011,Aleppo,Al_Atarib,1,634,0,634,2162,3410,0,0,0,2162,0.238032084,2.718073793,612.3805371,16.58389109,174.2304944,1.388732777,27.45568421,390.5144508,1,432.4067962,409.4482159,13350.28773,1,34.4062138,32.13281758,18.54206629,6.032169001,11.07328282,0.492076635,0.100141348,3712.443757,7.48601785,83.799405,88.43866283,93.41780552,293.233994,179.3366728,406.2694257,1.044627954,19.08461768,93.66910195,64.49473443,,,
2011,Aleppo,Dayr_Hafir,2,299,0,299,1509,5047,650,215,331,1724,0.238032084,2.718073793,612.3805371,16.58389109,174.2304944,1.388732777,27.45568421,390.5144508,1,432.4067962,409.4482159,13350.28773,1,34.4062138,32.13281758,18.54206629,6.032169001,11.07328282,0.492076635,0.100141348,3712.443757,7.48601785,83.799405,88.43866283,93.41780552,293.233994,179.3366728,406.2694257,1.044627954,19.08461768,93.66910195,64.49473443,,,
2011,Aleppo,Dayr_Hafir,3,7604,0,7604,35039,4608,2000,660,330,35699,0.238032084,2.718073793,612.3805371,16.58389109,174.2304944,1.388732777,27.45568421,390.5144508,1,432.4067962,409.4482159,13350.28773,1,34.4062138,32.13281758,18.54206629,6.032169001,11.07328282,0.492076635,0.100141348,3712.443757,7.48601785,83.799405,88.43866283,93.41780552,293.233994,179.3366728,406.2694257,1.044627954,19.08461768,93.66910195,64.49473443,,,
2011,Aleppo,Dayr_Hafir,4,3843,0,3843,17981,4679,0,0,0,17981,0.238032084,2.718073793,612.3805371,16.58389109,174.2304944,1.388732777,27.45568421,390.5144508,1,432.4067962,409.4482159,13350.28773,1,34.4062138,32.13281758,18.54206629,6.032169001,11.07328282,0.492076635,0.100141348,3712.443757,7.48601785,83.799405,88.43866283,93.41780552,293.233994,179.3366728,406.2694257,1.044627954,19.08461768,93.66910195,64.49473443,,,
2011,Raqqa,Raqqa,3,335,0,335,1987,5931,300,0,0,1987,1.050201469,5.964680642,290.0515932,7.156433323,176.8215937,1.445777656,18.21052889,260.1565394,1,346.2123061,369.1096023,14354.75103,1,26.05879584,33.67802819,19.93715421,6.5511431,9.134298618,0.209783102,0.029652373,4052.018873,7.943602406,68.54658646,80.14583898,81.82244652,140.44338,252.812006,466.2953785,0.418199141,7.517291598,86.07340452,89.8962532,0000000000000000235e,,
2011,Raqqa,Raqqa,4,16391,0,16391,91970,5611,1217,0,0,91970,1.050201469,5.964680642,290.0515932,7.156433323,176.8215937,1.445777656,18.21052889,260.1565394,1,346.2123061,369.1096023,14354.75103,1,26.05879584,33.67802819,19.93715421,6.5511431,9.134298618,0.209783102,0.029652373,4052.018873,7.943602406,68.54658646,80.14583898,81.82244652,140.44338,252.812006,466.2953785,0.418199141,7.517291598,86.07340452,89.8962532,0000000000000000235e,,
2011,Raqqa,Raqqa,5,16971,0,16971,96377,5679,0,0,0,96377,1.050201469,5.964680642,290.0515932,7.156433323,176.8215937,1.445777656,18.21052889,260.1565394,1,346.2123061,369.1096023,14354.75103,1,26.05879584,33.67802819,19.93715421,6.5511431,9.134298618,0.209783102,0.029652373,4052.018873,7.943602406,68.54658646,80.14583898,81.82244652,140.44338,252.812006,466.2953785,0.418199141,7.517291598,86.07340452,89.8962532,0000000000000000235e,,
2011,Raqqa,Tell_Abiad,2,18619,0,18619,97172,5219,22226,45,2,97217,0.478825179,3.735158564,411.8921654,10.23332207,188.9206138,1.450549568,27.03711738,400.1496788,1,371.821103,320.2824451,14326.06433,1,11.17783109,34.48497162,19.89731156,6.068372378,7.973385536,0.404218264,0.071988738,4024.009305,7.789701512,73.67661628,84.12373237,90.87481296,198.4594152,163.0030389,436.503596,0.353533461,11.88417515,86.30107678,33.28514589,2360,,
2011,Raqqa,Tell_Abiad,3,10235,0,10235,37563,3670,6970,0,0,37563,0.478825179,3.735158564,411.8921654,10.23332207,188.9206138,1.450549568,27.03711738,400.1496788,1,371.821103,320.2824451,14326.06433,1,11.17783109,34.48497162,19.89731156,6.068372378,7.973385536,0.404218264,0.071988738,4024.009305,7.789701512,73.67661628,84.12373237,90.87481296,198.4594152,163.0030389,436.503596,0.353533461,11.88417515,86.30107678,33.28514589,2360,,
2011,Raqqa,Tell_Abiad,4,290,0,290,1362,4697,520,0,0,1362,0.478825179,3.735158564,411.8921654,10.23332207,188.9206138,1.450549568,27.03711738,400.1496788,1,371.821103,320.2824451,14326.06433,1,11.17783109,34.48497162,19.89731156,6.068372378,7.973385536,0.404218264,0.071988738,4024.009305,7.789701512,73.67661628,84.12373237,90.87481296,198.4594152,163.0030389,436.503596,0.353533461,11.88417515,86.30107678,33.28514589,2360,,
2011,Raqqa,Tabqat,3,676,0,676,3064,4533,0,0,0,3064,0.166312937,1.915996577,330.0399817,8.383254473,159.7684893,1.190950364,17.04136252,252.4603217,1,365.9192606,292.3595583,14067.28,1,14.81675015,32.99257784,19.53788889,6.823419166,7.429653894,0.3104032,0.063324446,3935.895662,7.560426275,81.31912416,81.34993837,87.58028467,161.9557027,193.9123706,366.1195327,0.562168467,8.629667024,88.35492063,97.73904029,0000000000000000235f,,
2011,Raqqa,Tabqat,4,549,0,549,2742,4995,0,0,0,2742,0.166312937,1.915996577,330.0399817,8.383254473,159.7684893,1.190950364,17.04136252,252.4603217,1,365.9192606,292.3595583,14067.28,1,14.81675015,32.99257784,19.53788889,6.823419166,7.429653894,0.3104032,0.063324446,3935.895662,7.560426275,81.31912416,81.34993837,87.58028467,161.9557027,193.9123706,366.1195327,0.562168467,8.629667024,88.35492063,97.73904029,0000000000000000235f,,
2011,Raqqa,Tabqat,5,9947,0,9947,56887,5719,0,0,0,56887,0.166312937,1.915996577,330.0399817,8.383254473,159.7684893,1.190950364,17.04136252,252.4603217,1,365.9192606,292.3595583,14067.28,1,14.81675015,32.99257784,19.53788889,6.823419166,7.429653894,0.3104032,0.063324446,3935.895662,7.560426275,81.31912416,81.34993837,87.58028467,161.9557027,193.9123706,366.1195327,0.562168467,8.629667024,88.35492063,97.73904029,0000000000000000235f,,
2011,Dayr_Az_Zor,Dayr_Az_Zor,4,1008,0,1008,3699,3670,0,0,0,3699,1.527438458,6.266817637,261.2266888,6.018787956,160.6562038,1.475571533,17.45613594,279.0580926,1,311.6110564,341.4655675,15062.05193,1,24.94088817,35.23420971,20.91951656,6.828379361,7.893922715,0.202520979,0.027238086,4339.187604,7.945084905,68.49716985,90.19761482,70.19370282,128.3404958,267.81461,453.5383851,0.441646162,7.406680906,80.45990536,59.82997528,2341,30.95597909,
2011,Dayr_Az_Zor,Dayr_Az_Zor,5,17796,0,17796,67625,3800,0,0,0,67625,1.527438458,6.266817637,261.2266888,6.018787956,160.6562038,1.475571533,17.45613594,279.0580926,1,311.6110564,341.4655675,15062.05193,1,24.94088817,35.23420971,20.91951656,6.828379361,7.893922715,0.202520979,0.027238086,4339.187604,7.945084905,68.49716985,90.19761482,70.19370282,128.3404958,267.81461,453.5383851,0.441646162,7.406680906,80.45990536,59.82997528,2341,30.95597909,
2011,Dayr_Az_Zor,Al_Mayadin,5,18221,0,18221,71062,3900,0,0,0,71062,0.846879854,4.706853339,234.3718025,5.269831778,106.9848781,1.464284982,15.16950876,321.6518012,1,284.7469964,361.6397429,15427.31177,1,13.44925992,35.56094711,21.4268219,7.418749219,8.157094062,0.175723994,0.015627304,4446.424745,7.935538403,68.81538657,94.50034911,67.5343877,104.7468507,226.8776377,452.2255759,0.231444592,7.050522461,77.5610177,65.76879408,2340,31.44297531,
2011,Dayr_Az_Zor,Abu_Kamal,5,7876,0,7876,25290,3211,0,0,0,25290,0.326690195,2.534252196,273.8048742,5.981226987,145.9024177,1.474952341,15.51213228,316.9541986,1,199.0450865,307.7903743,15934.77389,1,17.05196237,36.44816431,22.1316304,7.711575566,6.747913785,0.193940904,0.02377576,4576.737558,7.914785937,69.50713545,105.2609096,70.4405529,124.5852983,210.3167699,473.4703945,0.275403663,8.147721895,73.53354055,64.43444099,0000000000000000233f,43.52779449,
2011,Hassakeh,Hassakeh,1,375,0,375,1208,3221,320,0,0,1208,1.234999017,5.292191536,476.2122781,10.99686754,179.2026918,1.453912692,22.75778998,312.1287676,1,352.2277754,276.7549271,14898.86072,1,19.1175947,35.55595552,20.69286211,6.526506355,6.40569317,0.288339169,0.046644772,4329.435702,7.76640865,74.453045,97.5787538,83.07191463,244.7546935,232.8497925,449.1236429,0.493960645,10.83503123,81.75507367,55.44769984,0000000000000000234b,41.57474952,
2011,Hassakeh,Hassakeh,2,15414,0,15414,48631,3155,27066,0,0,48631,1.234999017,5.292191536,476.2122781,10.99686754,179.2026918,1.453912692,22.75778998,312.1287676,1,352.2277754,276.7549271,14898.86072,1,19.1175947,35.55595552,20.69286211,6.526506355,6.40569317,0.288339169,0.046644772,4329.435702,7.76640865,74.453045,97.5787538,83.07191463,244.7546935,232.8497925,449.1236429,0.493960645,10.83503123,81.75507367,55.44769984,0000000000000000234b,41.57474952,
2011,Hassakeh,Hassakeh,3,4669,0,4669,10621,2275,6853,0,0,10621,1.234999017,5.292191536,476.2122781,10.99686754,179.2026918,1.453912692,22.75778998,312.1287676,1,352.2277754,276.7549271,14898.86072,1,19.1175947,35.55595552,20.69286211,6.526506355,6.40569317,0.288339169,0.046644772,4329.435702,7.76640865,74.453045,97.5787538,83.07191463,244.7546935,232.8497925,449.1236429,0.493960645,10.83503123,81.75507367,55.44769984,0000000000000000234b,41.57474952,
2011,Hassakeh,Hassakeh,4,5132,0,5132,20307,3957,6745,0,0,20307,1.234999017,5.292191536,476.2122781,10.99686754,179.2026918,1.453912692,22.75778998,312.1287676,1,352.2277754,276.7549271,14898.86072,1,19.1175947,35.55595552,20.69286211,6.526506355,6.40569317,0.288339169,0.046644772,4329.435702,7.76640865,74.453045,97.5787538,83.07191463,244.7546935,232.8497925,449.1236429,0.493960645,10.83503123,81.75507367,55.44769984,0000000000000000234b,41.57474952,
2011,Hassakeh,Hassakeh,5,4082,0,4082,13948,3417,0,0,0,13948,1.234999017,5.292191536,476.2122781,10.99686754,179.2026918,1.453912692,22.75778998,312.1287676,1,352.2277754,276.7549271,14898.86072,1,19.1175947,35.55595552,20.69286211,6.526506355,6.40569317,0.288339169,0.046644772,4329.435702,7.76640865,74.453045,97.5787538,83.07191463,244.7546935,232.8497925,449.1236429,0.493960645,10.83503123,81.75507367,55.44769984,0000000000000000234b,41.57474952,
2011,Hassakeh,Quamishli,1,18810,0,18810,85002,4519,54151,12996,240,97998,0.384508781,3.376182941,793.4412247,18.10620445,189.6343908,1.4227755,32.71215887,381.6987929,1,387.3408823,330.280832,14353.23399,1,4.224880292,34.91544057,19.93504721,6.246434976,7.550792433,0.627295818,0.131465453,4381.151031,7.499177245,83.3607585,97.69018705,93.80111939,417.4322746,188.6721752,424.1715544,0.236333983,15.93920513,86.08544452,2.151515152,0000000000000000234c,55.23870784,
2011,Hassakeh,Quamishli,2,6066,0,6066,26235,4325,16223,3585,221,29820,0.384508781,3.376182941,793.4412247,18.10620445,189.6343908,1.4227755,32.71215887,381.6987929,1,387.3408823,330.280832,14353.23399,1,4.224880292,34.91544057,19.93504721,6.246434976,7.550792433,0.627295818,0.131465453,4381.151031,7.499177245,83.3607585,97.69018705,93.80111939,417.4322746,188.6721752,424.1715544,0.236333983,15.93920513,86.08544452,2.151515152,0000000000000000234c,55.23870784,
2011,Hassakeh,Quamishli,3,1817,0,1817,4693,2583,1614,202,125,4895,0.384508781,3.376182941,793.4412247,18.10620445,189.6343908,1.4227755,32.71215887,381.6987929,1,387.3408823,330.280832,14353.23399,1,4.224880292,34.91544057,19.93504721,6.246434976,7.550792433,0.627295818,0.131465453,4381.151031,7.499177245,83.3607585,97.69018705,93.80111939,417.4322746,188.6721752,424.1715544,0.236333983,15.93920513,86.08544452,2.151515152,0000000000000000234c,55.23870784,
2011,Hassakeh,Al_Malika,1,15496,0,15496,46519,3002,90974,69413,763,115932,0.273788898,2.626098262,976.1586689,21.60253232,177.7179584,1.393407522,35.81191186,396.1542193,1,442.2589019,393.8774156,13666.4967,1,11.47143655,33.96345322,18.98124542,5.30754703,8.721070792,0.699182629,0.160136116,4517.723336,7.401004555,86.63318149,94.87911742,96.61260723,521.5367541,182.2285639,417.2135132,0.627665989,23.0979689,91.53574044,71.48066457,0000000000000000234a,46.97295912,
2011,Hassakeh,Al_Malika,2,1360,0,1360,2381,1751,6460,0,0,2381,0.273788898,2.626098262,976.1586689,21.60253232,177.7179584,1.393407522,35.81191186,396.1542193,1,442.2589019,393.8774156,13666.4967,1,11.47143655,33.96345322,18.98124542,5.30754703,8.721070792,0.699182629,0.160136116,4517.723336,7.401004555,86.63318149,94.87911742,96.61260723,521.5367541,182.2285639,417.2135132,0.627665989,23.0979689,91.53574044,71.48066457,0000000000000000234a,46.97295912,
2011,Hassakeh,Al_Malika,3,40,0,40,42,1050,850,0,0,42,0.273788898,2.626098262,976.1586689,21.60253232,177.7179584,1.393407522,35.81191186,396.1542193,1,442.2589019,393.8774156,13666.4967,1,11.47143655,33.96345322,18.98124542,5.30754703,8.721070792,0.699182629,0.160136116,4517.723336,7.401004555,86.63318149,94.87911742,96.61260723,521.5367541,182.2285639,417.2135132,0.627665989,23.0979689,91.53574044,71.48066457,0000000000000000234a,46.97295912,
2011,Hassakeh,Ras_Al_Ain,1,9901,0,9901,43386,4382,2649,1799,679,45185,0.383012451,4.287075453,576.9982961,13.84920175,181.239228,1.436138441,29.13638552,428.1986409,1,428.0325777,413.5924815,14230.86565,1,10.62784115,34.77468749,19.76509118,5.864929421,9.943785244,0.555244864,0.109442218,4165.292806,7.607914063,79.7361979,94.56803775,90.20463916,289.229291,158.4989891,413.1203426,0.413294717,15.5378662,87.05662182,3.258706468,0000000000000000234d,32.02772605,
2011,Hassakeh,Ras_Al_Ain,2,44139,0,44139,186575,4227,20221,122,6,186697,0.383012451,4.287075453,576.9982961,13.84920175,181.239228,1.436138441,29.13638552,428.1986409,1,428.0325777,413.5924815,14230.86565,1,10.62784115,34.77468749,19.76509118,5.864929421,9.943785244,0.555244864,0.109442218,4165.292806,7.607914063,79.7361979,94.56803775,90.20463916,289.229291,158.4989891,413.1203426,0.413294717,15.5378662,87.05662182,3.258706468,0000000000000000234d,32.02772605,
2011,Hassakeh,Ras_Al_Ain,3,265,0,265,1150,4339,4125,0,0,1150,0.383012451,4.287075453,576.9982961,13.84920175,181.239228,1.436138441,29.13638552,428.1986409,1,428.0325777,413.5924815,14230.86565,1,10.62784115,34.77468749,19.76509118,5.864929421,9.943785244,0.555244864,0.109442218,4165.292806,7.607914063,79.7361979,94.56803775,90.20463916,289.229291,158.4989891,413.1203426,0.413294717,15.5378662,87.05662182,3.258706468,0000000000000000234d,32.02772605,
2011,Hassakeh,Ras_Al_Ain,4,75,0,75,324,4320,0,0,0,324,0.383012451,4.287075453,576.9982961,13.84920175,181.239228,1.436138441,29.13638552,428.1986409,1,428.0325777,413.5924815,14230.86565,1,10.62784115,34.77468749,19.76509118,5.864929421,9.943785244,0.555244864,0.109442218,4165.292806,7.607914063,79.7361979,94.56803775,90.20463916,289.229291,158.4989891,413.1203426,0.413294717,15.5378662,87.05662182,3.258706468,0000000000000000234d,32.02772605,
2015,Homs,Tall_Kalakh,1,1913,0,1913,6696,3500,1491,2237,1500,8933,0.061265386,1.382119937,1034.853579,28.29953976,213.4968276,1.371293035,28.50363662,371.8628808,1,462.9664108,738.9113066,12721.81209,1,86.9397267,27.13059375,17.66918346,7.701091478,20.22355959,0.701310697,0.124566132,3655.785897,7.036198454,98.79338486,80.11309609,101.4525143,636.0133493,256.0800903,370.1287946,2.899572474,38.32373734,99.03323737,63.89144317,2353,,
2015,Homs,Tadmor,5,1585,0,1585,6311,3981,0,0,0,6311,3.841744306,8.05403205,226.9586928,5.667685126,159.7105472,1.451686932,14.80853441,400.785848,1,615.4601233,283.9285638,13481.28623,1,66.07295238,30.24046945,18.72400865,6.27377903,7.118696124,0.181722007,0.018120647,4003.433693,7.963283185,67.8905605,85.17823555,72.30822602,101.7079039,192.9330692,406.9913066,0.714945106,6.814479757,93.00566488,12.93083756,2352,,
2015,Hama,Hama,2,148,0,148,290,1959,0,0,0,290,0.227677668,4.733216797,479.6161959,13.50923298,192.7904067,1.455316559,28.89107986,399.9433813,1,367.8882638,432.9444182,13452.28107,1,25.04294796,29.04721219,18.68372371,7.143466926,12.17799083,0.568554327,0.126765065,3549.284437,7.530149647,82.32834509,73.45120501,88.10909637,287.982182,199.991121,385.7041579,0.890006436,18.48653952,93.23586452,22.43352601,2345,,
2015,Hama,Hama,3,15,0,15,39,2600,0,0,0,39,0.227677668,4.733216797,479.6161959,13.50923298,192.7904067,1.455316559,28.89107986,399.9433813,1,367.8882638,432.9444182,13452.28107,1,25.04294796,29.04721219,18.68372371,7.143466926,12.17799083,0.568554327,0.126765065,3549.284437,7.530149647,82.32834509,73.45120501,88.10909637,287.982182,199.991121,385.7041579,0.890006436,18.48653952,93.23586452,22.43352601,2345,,
2015,Hama,Hama,4,100,0,100,275,2750,0,0,0,275,0.227677668,4.733216797,479.6161959,13.50923298,192.7904067,1.455316559,28.89107986,399.9433813,1,367.8882638,432.9444182,13452.28107,1,25.04294796,29.04721219,18.68372371,7.143466926,12.17799083,0.568554327,0.126765065,3549.284437,7.530149647,82.32834509,73.45120501,88.10909637,287.982182,199.991121,385.7041579,0.890006436,18.48653952,93.23586452,22.43352601,2345,,
2015,Hama,Al_Ghab,1,6212,0,6212,21180,3409,51,137,2686,21317,0.049595436,1.643165164,1065.048333,31.00553268,139.7759455,1.347860465,28.59829587,349.5799349,1,352.189296,851.9008957,12476.20777,1,139.7020723,27.29792225,17.32806635,6.7491534,24.74304903,0.701883936,0.124999486,3434.026722,6.782044179,92.73480597,79.40905801,109.1023106,674.8553775,280.5196852,361.9957542,4.508295663,42.21571718,99.01752199,35.28868661,2342,,
2015,Idleb,Idleb,1,5305.329,0,5305.329,14653,2762,8228.803,9917,1205,24570,0.125820372,2.188331063,732.0502929,20.67624878,133.1604544,1.441830046,29.96636028,396.7139838,1,349.4829207,483.3689577,13237.70226,1,18.66965742,28.83082802,18.38569759,6.694362874,13.63826665,0.603045732,0.123707506,3539.537265,7.363514149,87.8828617,76.12239193,99.25279372,453.635612,201.4720497,378.6673336,0.928862474,24.86059375,94.93887092,24.08243728,2358,,
2015,Idleb,Idleb,2,3303.566,0,3303.566,9124,2762,1336.007,1609,1204,10733,0.125820372,2.188331063,732.0502929,20.67624878,133.1604544,1.441830046,29.96636028,396.7139838,1,349.4829207,483.3689577,13237.70226,1,18.66965742,28.83082802,18.38569759,6.694362874,13.63826665,0.603045732,0.123707506,3539.537265,7.363514149,87.8828617,76.12239193,99.25279372,453.635612,201.4720497,378.6673336,0.928862474,24.86059375,94.93887092,24.08243728,2358,,
2015,Idleb,Idleb,3,5045.686,0,5045.686,13936,2762,118.862,143,1203,14079,0.125820372,2.188331063,732.0502929,20.67624878,133.1604544,1.441830046,29.96636028,396.7139838,1,349.4829207,483.3689577,13237.70226,1,18.66965742,28.83082802,18.38569759,6.694362874,13.63826665,0.603045732,0.123707506,3539.537265,7.363514149,87.8828617,76.12239193,99.25279372,453.635612,201.4720497,378.6673336,0.928862474,24.86059375,94.93887092,24.08243728,2358,,
2015,Idleb,Harim,1,68.201,0,68.201,189,2771,0,0,0,189,0.076955511,1.744823344,912.0322597,26.58889658,208.4698796,1.397594182,27.2782689,356.5012631,1,400.6489695,491.9455249,12818.04656,1,91.8753057,28.27048826,17.80284244,6.474024762,14.35504927,0.50957186,0.088273734,3429.124514,7.125463716,95.81787612,71.76203277,111.2565285,551.4227904,243.3845318,396.2349649,3.52892128,34.93256475,98.26947177,7.104166667,2357,,
2015,Idleb,Al_Jisr_Ash_Shu,1,228.534,0,228.534,632,2765,122.428,150,1225,782,0.061795348,1.387996783,1041.193856,31.03028996,177.540447,1.380476929,27.89801472,304.6574213,1,349.3955892,610.0909531,12629.09786,1,101.3142959,27.49231129,17.54041369,6.786441719,18.17381101,0.588951705,0.097852149,3354.411299,6.711311118,90.37703725,83.00391302,107.9536681,664.0898881,309.262822,377.4719518,3.793157673,40.90641577,99.76906462,19.55376344,2354,,
2015,Idleb,Al_Ma'ra,1,23.93,0,23.93,66,2758,2518.682,3032,1204,3098,0.219400577,2.789560748,597.3214857,17.16332435,161.5969773,1.44106543,30.50289991,387.8445436,1,426.7153644,423.601112,13209.53028,1,29.05957912,28.8294441,18.34656984,6.556670496,12.17694566,0.560287101,0.122957746,3479.220227,7.422356298,85.92145674,77.46127739,92.51157093,369.3054902,211.8633148,395.4624714,1.089096217,21.8826255,95.16245808,2.740740741,2355,,
2015,Idleb,Al_Ma'ra,2,14.358,0,14.358,40,2786,5139.585,6188,1204,6228,0.219400577,2.789560748,597.3214857,17.16332435,161.5969773,1.44106543,30.50289991,387.8445436,1,426.7153644,423.601112,13209.53028,1,29.05957912,28.8294441,18.34656984,6.556670496,12.17694566,0.560287101,0.122957746,3479.220227,7.422356298,85.92145674,77.46127739,92.51157093,369.3054902,211.8633148,395.4624714,1.089096217,21.8826255,95.16245808,2.740740741,2355,,
2015,Idleb,Al_Ma'ra,3,0,0,0,0,0,424.337,511,1204,511,0.219400577,2.789560748,597.3214857,17.16332435,161.5969773,1.44106543,30.50289991,387.8445436,1,426.7153644,423.601112,13209.53028,1,29.05957912,28.8294441,18.34656984,6.556670496,12.17694566,0.560287101,0.122957746,3479.220227,7.422356298,85.92145674,77.46127739,92.51157093,369.3054902,211.8633148,395.4624714,1.089096217,21.8826255,95.16245808,2.740740741,2355,,
2015,Idleb,Ariha,1,290.752,0,290.752,803,2762,398.187,479,1203,1282,0.06189382,1.20144567,815.2287959,23.54362703,178.7756591,1.396585143,27.93576679,350.6523137,1,582.149967,477.2789099,12331.41905,1,87.67581128,27.43451438,17.1269709,5.850649265,13.7882885,0.504557069,0.092328849,3461.630438,7.15618642,94.79378601,83.95862672,101.8325248,516.9966108,264.1637633,380.2716742,2.592602428,31.56046909,97.86840514,35.35190616,2356,,
2015,Idleb,Khan_Sheikhun,1,1425.044,0,1425.044,3936,2762,4414.528,5315,1204,9251,0.109173126,1.862431522,819.565338,23.80047734,171.9086835,1.411510346,28.71626212,359.2739051,1,421.6785622,497.2570915,12845.1592,1,65.71892988,28.17151721,17.84049889,6.472429823,14.42647222,0.553282693,0.105023997,3452.784749,7.15576634,90.95860356,78.46164837,102.5614172,511.0900783,246.0292963,385.6216792,2.386528014,30.82853377,97.20165411,17.76660286,,,
2015,Idleb,Khan_Sheikhun,2,270.411,0,270.411,747,2762,3149.838,3792,1204,4539,0.109173126,1.862431522,819.565338,23.80047734,171.9086835,1.411510346,28.71626212,359.2739051,1,421.6785622,497.2570915,12845.1592,1,65.71892988,28.17151721,17.84049889,6.472429823,14.42647222,0.553282693,0.105023997,3452.784749,7.15576634,90.95860356,78.46164837,102.5614172,511.0900783,246.0292963,385.6216792,2.386528014,30.82853377,97.20165411,17.76660286,,,
2015,Tartous,Tartous,1,3043,0,3043,9498,3121,10,20,2000,9518,0.049162657,1.417978043,1207.113848,32.85197005,226.602822,1.337365278,24.38800112,328.0083572,1,151.3380759,929.3642466,13617.38842,1,85.26540945,27.45005814,18.91303947,10.41368077,25.34281476,0.605640778,0.073708448,3673.403229,6.801489796,93.38299321,79.10357823,103.2145226,750.2382134,293.3316743,364.969705,1.987711269,46.76351549,91.92548875,64.49344978,2365,,
2015,Tartous,Banyas,1,0,0,0,0,0,102,102,1000,102,0.064347484,1.259569202,1344.548197,36.66860459,227.2029485,1.248880866,25.12215029,311.6023136,1,597.2024401,845.206846,11931.23336,1,239.5189203,25.96304608,16.57115745,7.338665993,23.05579463,0.582869857,0.059263238,3665.755833,6.402940695,80.09802315,78.51682371,103.849797,853.5714691,311.2379664,363.3411414,4.321198421,51.28226288,94.69232828,78.70526316,2361,,
2015,Tartous,Safita,1,102,0,102,297,2912,133,379,2850,676,0.047070335,1.157636077,1422.87758,39.47510545,212.2246192,1.350786518,24.81991989,329.6296751,1,294.0703481,811.5580805,13214.18298,1,85.74052064,27.38028741,18.35303192,9.181808333,22.52785696,0.636497693,0.074774971,3603.493425,6.807968775,93.59895915,79.26287447,106.7234319,891.5204281,291.9812893,377.4132804,2.351750182,44.6094789,95.12553188,76.62715679,2363,,
2015,Tartous,Dreikisch,1,0,0,0,0,0,0,0,0,0,0.020699473,0.796408619,1392.177844,38.12938114,216.934763,1.299036482,24.8601254,322.079217,1,504.6634677,863.8691625,12490.86047,1,163.4163054,26.52514491,17.34841732,8.200694748,23.65898608,0.638571196,0.064053124,3650.194439,6.512992812,83.76642708,78.45872481,104.7725022,875.2217214,306.9629607,371.5972167,3.497485148,47.28655449,99.13381326,23.43243243,2362,,
2015,Tartous,Sheikh_Badr,1,0,0,0,0,0,282,305,1082,305,0.0373259,1.003571401,1350.57829,36.96357007,219.4652153,1.304121142,24.82237263,321.6588278,1,407.1159663,857.8848372,12724.2582,1,154.5873703,26.70983151,17.67258084,8.6698509,23.48240938,0.615417244,0.06573406,3653.88088,6.587843617,86.26145388,78.42471566,104.7147057,847.1402104,302.2905226,370.5696379,3.164125443,48.74926315,95.80658447,48.78499377,,,
2015,Tartous,Al_Qadmus,1,0,0,0,0,0,461,692,1501,692,0.0373259,1.003571401,1350.57829,36.96357007,219.4652153,1.304121142,24.82237263,321.6588278,1,407.1159663,857.8848372,12724.2582,1,154.5873703,26.70983151,17.67258084,8.6698509,23.48240938,0.615417244,0.06573406,3653.88088,6.587843617,86.26145388,78.42471566,104.7147057,847.1402104,302.2905226,370.5696379,3.164125443,48.74926315,95.80658447,48.78499377,,,
2015,Lattakia,Al_Hafa,1,0,0,0,0,0,3,8,2667,8,0.056619889,1.298629777,1545.273125,44.7177585,251.0029312,1.264981734,25.51066723,281.7179779,1,615.8606536,891.5082698,12024.06066,1,289.7612345,26.38064442,16.70008425,6.908644613,25.79672934,0.643146594,0.06367041,3454.614004,6.168576676,72.28588919,78.24485659,120.790455,982.2720823,357.4897846,356.8800356,4.643245661,56.30098333,95.42905285,75.1082544,2359,,
2015,Lattakia,Jablah,1,0,0,0,0,0,21,54,2571,54,0.056903002,1.06433536,1450.890436,41.2277249,242.7106218,1.288362214,25.18450697,312.336117,1,539.9002309,836.4030487,12170.24973,1,269.6827043,26.29115712,16.90312463,7.612500625,23.75402036,0.606036159,0.066838813,3518.21053,6.394601508,79.82005026,79.38777869,108.342877,940.4676191,319.9496365,362.0527367,4.337486611,50.9748085,96.5892836,69.6122449,0000000000000000235b,,
2015,Aleppo,A'zaz,1,1475,0,1475,9180,6224,2756,51840,18808,61020,0.121728487,2.146811382,626.66868,17.10049483,180.5676029,1.396196968,30.36538609,429.7996425,1,481.8095159,524.5702352,12899.62012,1,12.33630082,29.10240088,17.91613906,5.718456992,14.31115414,0.620651739,0.13071016,3663.623078,7.471901984,84.26993387,75.57512359,95.44563519,393.6314805,165.5478602,396.9674719,0.559398203,24.25735487,97.6220625,30.7875817,2325,,
2015,Aleppo,A'zaz,2,854,0,854,1290,1511,1692,10500,6207,11790,0.121728487,2.146811382,626.66868,17.10049483,180.5676029,1.396196968,30.36538609,429.7996425,1,481.8095159,524.5702352,12899.62012,1,12.33630082,29.10240088,17.91613906,5.718456992,14.31115414,0.620651739,0.13071016,3663.623078,7.471901984,84.26993387,75.57512359,95.44563519,393.6314805,165.5478602,396.9674719,0.559398203,24.25735487,97.6220625,30.7875817,2325,,
2015,Aleppo,Afrin,1,1698,0,1698,7650,4505,1918,5000,2607,12650,0.194810459,2.230856022,893.0625576,25.42287867,184.8305861,1.371035123,25.51170824,404.3181051,1,493.5760545,489.657689,12518.51035,1,89.965976,28.44993129,17.38681994,5.701769775,13.94189012,0.454239199,0.066496905,3511.830192,7.198506433,93.3831189,74.84101432,104.4870179,555.8861701,192.8950466,401.4796676,3.206478872,32.26458622,99.35325678,72.67440361,2326,,
2015,Aleppo,Jarablus,2,1018,0,1018,2880,2829,1056,4500,4261,7380,0.056313267,1.389591551,605.5530805,16.59833379,123.911363,1.374076188,31.59740814,433.9335195,1,453.0262094,406.0830574,13359.10547,1,19.54434174,31.31437997,18.55431315,5.35397598,11.13541714,0.528757532,0.116079369,3647.276315,7.473535251,84.21549162,77.23685581,94.40711174,367.3335052,151.8135123,395.6820817,0.731704106,17.89025411,93.97535345,86.86344794,0000000000000000232a,,
2015,Aleppo,Al_Bab,1,0,0,0,0,0,0,0,0,0,0.223794265,2.70647827,485.0955466,13.48065329,171.3158859,1.361738999,28.32570189,404.137529,1,440.5998951,442.1295503,13355.33237,1,12.48017986,29.86084615,18.54907274,6.049650921,12.2900792,0.495838446,0.104637242,3597.457256,7.526863486,82.4378838,76.20284939,90.34479418,294.5614462,172.3288421,394.8106379,0.536196258,18.97472913,94.00529863,57.38811081,2328,,
2015,Aleppo,Al_Bab,2,1255,0,1255,16400,13068,502,7000,13944,23400,0.223794265,2.70647827,485.0955466,13.48065329,171.3158859,1.361738999,28.32570189,404.137529,1,440.5998951,442.1295503,13355.33237,1,12.48017986,29.86084615,18.54907274,6.049650921,12.2900792,0.495838446,0.104637242,3597.457256,7.526863486,82.4378838,76.20284939,90.34479418,294.5614462,172.3288421,394.8106379,0.536196258,18.97472913,94.00529863,57.38811081,2328,,
2015,Aleppo,Al_Bab,3,0,0,0,0,0,0,0,0,0,0.223794265,2.70647827,485.0955466,13.48065329,171.3158859,1.361738999,28.32570189,404.137529,1,440.5998951,442.1295503,13355.33237,1,12.48017986,29.86084615,18.54907274,6.049650921,12.2900792,0.495838446,0.104637242,3597.457256,7.526863486,82.4378838,76.20284939,90.34479418,294.5614462,172.3288421,394.8106379,0.536196258,18.97472913,94.00529863,57.38811081,2328,,
2015,Aleppo,Al_Bab,4,0,0,0,0,0,0,0,0,0,0.223794265,2.70647827,485.0955466,13.48065329,171.3158859,1.361738999,28.32570189,404.137529,1,440.5998951,442.1295503,13355.33237,1,12.48017986,29.86084615,18.54907274,6.049650921,12.2900792,0.495838446,0.104637242,3597.457256,7.526863486,82.4378838,76.20284939,90.34479418,294.5614462,172.3288421,394.8106379,0.536196258,18.97472913,94.00529863,57.38811081,2328,,
2015,Aleppo,Menbij,2,1824,0,1824,7425,4071,5150,5150,1000,12575,0.476099108,4.018173677,393.857989,10.726643,173.279788,1.406754586,24.018397,332.4689528,1,397.1956572,400.736267,13743.32872,1,17.60715977,30.51391235,19.08795656,6.460352283,10.9144828,0.429298126,0.088895455,3670.773069,7.618434657,79.38551142,74.38423867,87.11041303,224.9070408,198.2878033,437.4207931,0.49517755,12.11218955,90.92596252,92.68040719,0000000000000000232c,,
2015,Aleppo,Menbij,3,1404,0,1404,7368,5248,0,0,0,7368,0.476099108,4.018173677,393.857989,10.726643,173.279788,1.406754586,24.018397,332.4689528,1,397.1956572,400.736267,13743.32872,1,17.60715977,30.51391235,19.08795656,6.460352283,10.9144828,0.429298126,0.088895455,3670.773069,7.618434657,79.38551142,74.38423867,87.11041303,224.9070408,198.2878033,437.4207931,0.49517755,12.11218955,90.92596252,92.68040719,0000000000000000232c,,
2015,Aleppo,Menbij,4,18418,0,18418,59628,3237,0,0,0,59628,0.476099108,4.018173677,393.857989,10.726643,173.279788,1.406754586,24.018397,332.4689528,1,397.1956572,400.736267,13743.32872,1,17.60715977,30.51391235,19.08795656,6.460352283,10.9144828,0.429298126,0.088895455,3670.773069,7.618434657,79.38551142,74.38423867,87.11041303,224.9070408,198.2878033,437.4207931,0.49517755,12.11218955,90.92596252,92.68040719,0000000000000000232c,,
2015,Aleppo,Menbij,5,5396,0,5396,15669,2904,0,0,0,15669,0.476099108,4.018173677,393.857989,10.726643,173.279788,1.406754586,24.018397,332.4689528,1,397.1956572,400.736267,13743.32872,1,17.60715977,30.51391235,19.08795656,6.460352283,10.9144828,0.429298126,0.088895455,3670.773069,7.618434657,79.38551142,74.38423867,87.11041303,224.9070408,198.2878033,437.4207931,0.49517755,12.11218955,90.92596252,92.68040719,0000000000000000232c,,
2015,Aleppo,Ain_Al_Arab,2,12046,0,12046,27387,2274,21640,43280,2000,70667,0.285146327,2.615456939,582.6829556,15.20509413,180.1352135,1.344070296,29.15984317,412.5287694,1,457.6511594,389.0140386,13620.8864,1,40.7417743,31.76845653,18.91789778,5.605836645,10.15774187,0.532985516,0.121607388,3831.156187,7.452704986,84.90983381,78.08818671,97.62332759,336.4717137,160.737883,374.9119357,1.026508894,16.80178945,91.89772698,86.06697787,2327,,
2015,Aleppo,Ain_Al_Arab,3,3293,0,3293,2196,667,1660,3320,2000,5516,0.285146327,2.615456939,582.6829556,15.20509413,180.1352135,1.344070296,29.15984317,412.5287694,1,457.6511594,389.0140386,13620.8864,1,40.7417743,31.76845653,18.91789778,5.605836645,10.15774187,0.532985516,0.121607388,3831.156187,7.452704986,84.90983381,78.08818671,97.62332759,336.4717137,160.737883,374.9119357,1.026508894,16.80178945,91.89772698,86.06697787,2327,,
2015,Aleppo,Jebel_Saman,1,1307,0,1307,7353,5626,1921,4803,2500,12156,0.320135248,3.90953411,521.2652906,14.70223575,185.7492815,1.399045613,26.85095306,367.0160671,1,348.6130778,444.7554355,13563.09937,1,24.0041333,29.58302442,18.83763802,6.701939765,12.52713851,0.522076502,0.108032058,3544.483146,7.511498758,82.95004141,72.78273489,88.45664197,317.7553731,183.2856532,401.209007,0.780531933,17.98196178,92.35635418,28.18423019,0000000000000000232b,,
2015,Aleppo,Jebel_Saman,2,1607,0,1607,55328,34429,5875,11750,2000,67078,0.320135248,3.90953411,521.2652906,14.70223575,185.7492815,1.399045613,26.85095306,367.0160671,1,348.6130778,444.7554355,13563.09937,1,24.0041333,29.58302442,18.83763802,6.701939765,12.52713851,0.522076502,0.108032058,3544.483146,7.511498758,82.95004141,72.78273489,88.45664197,317.7553731,183.2856532,401.209007,0.780531933,17.98196178,92.35635418,28.18423019,0000000000000000232b,,
2015,Aleppo,Jebel_Saman,3,897,0,897,8298,9251,5400,8100,1500,16398,0.320135248,3.90953411,521.2652906,14.70223575,185.7492815,1.399045613,26.85095306,367.0160671,1,348.6130778,444.7554355,13563.09937,1,24.0041333,29.58302442,18.83763802,6.701939765,12.52713851,0.522076502,0.108032058,3544.483146,7.511498758,82.95004141,72.78273489,88.45664197,317.7553731,183.2856532,401.209007,0.780531933,17.98196178,92.35635418,28.18423019,0000000000000000232b,,
2015,Aleppo,Jebel_Saman,4,119,0,119,1899,15958,0,0,0,1899,0.320135248,3.90953411,521.2652906,14.70223575,185.7492815,1.399045613,26.85095306,367.0160671,1,348.6130778,444.7554355,13563.09937,1,24.0041333,29.58302442,18.83763802,6.701939765,12.52713851,0.522076502,0.108032058,3544.483146,7.511498758,82.95004141,72.78273489,88.45664197,317.7553731,183.2856532,401.209007,0.780531933,17.98196178,92.35635418,28.18423019,0000000000000000232b,,
2015,Aleppo,As_Safira,2,780,0,780,2000,2564,1000,3000,3000,5000,0.226229514,2.727688396,365.5525574,10.18233751,194.0542344,1.456944439,23.81607607,339.9130212,1,386.7828001,393.0658599,13732.52367,1,58.56984464,30.02135108,19.07294954,6.684539943,10.93686835,0.454799716,0.097247376,3589.065219,7.634697244,78.8434252,73.91766526,82.64365658,216.3293781,209.796782,447.6738108,1.021027812,12.3940763,91.01171691,61.3127161,2329,,
2015,Aleppo,As_Safira,3,861,0,861,3200,3717,0,0,0,3200,0.226229514,2.727688396,365.5525574,10.18233751,194.0542344,1.456944439,23.81607607,339.9130212,1,386.7828001,393.0658599,13732.52367,1,58.56984464,30.02135108,19.07294954,6.684539943,10.93686835,0.454799716,0.097247376,3589.065219,7.634697244,78.8434252,73.91766526,82.64365658,216.3293781,209.796782,447.6738108,1.021027812,12.3940763,91.01171691,61.3127161,2329,,
2015,Aleppo,As_Safira,4,0,0,0,0,0,0,0,0,0,0.226229514,2.727688396,365.5525574,10.18233751,194.0542344,1.456944439,23.81607607,339.9130212,1,386.7828001,393.0658599,13732.52367,1,58.56984464,30.02135108,19.07294954,6.684539943,10.93686835,0.454799716,0.097247376,3589.065219,7.634697244,78.8434252,73.91766526,82.64365658,216.3293781,209.796782,447.6738108,1.021027812,12.3940763,91.01171691,61.3127161,2329,,
2015,Aleppo,As_Safira,5,0,0,0,0,0,0,0,0,0,0.226229514,2.727688396,365.5525574,10.18233751,194.0542344,1.456944439,23.81607607,339.9130212,1,386.7828001,393.0658599,13732.52367,1,58.56984464,30.02135108,19.07294954,6.684539943,10.93686835,0.454799716,0.097247376,3589.065219,7.634697244,78.8434252,73.91766526,82.64365658,216.3293781,209.796782,447.6738108,1.021027812,12.3940763,91.01171691,61.3127161,2329,,
2015,Aleppo,Al_Atarib,1,1201,0,1201,6750,5620,400,1400,3500,8150,0.238032084,2.718073793,559.2173322,15.42733387,174.2304944,1.388732777,27.45568421,390.5144508,1,432.4067962,436.2515166,13349.05081,1,34.4062138,30.07678783,18.54034835,6.034565288,12.02684652,0.504830847,0.104213244,3631.958058,7.48601785,83.799405,75.37858358,92.56482477,338.3595135,179.3366728,406.2694257,1.044627954,19.08461768,93.89346649,64.49473443,,,
2015,Aleppo,Dayr_Hafir,2,769,0,769,430,559,200,300,1500,730,0.238032084,2.718073793,559.2173322,15.42733387,174.2304944,1.388732777,27.45568421,390.5144508,1,432.4067962,436.2515166,13349.05081,1,34.4062138,30.07678783,18.54034835,6.034565288,12.02684652,0.504830847,0.104213244,3631.958058,7.48601785,83.799405,75.37858358,92.56482477,338.3595135,179.3366728,406.2694257,1.044627954,19.08461768,93.89346649,64.49473443,,,
2015,Aleppo,Dayr_Hafir,3,1418,0,1418,14190,10007,400,520,1300,14710,0.238032084,2.718073793,559.2173322,15.42733387,174.2304944,1.388732777,27.45568421,390.5144508,1,432.4067962,436.2515166,13349.05081,1,34.4062138,30.07678783,18.54034835,6.034565288,12.02684652,0.504830847,0.104213244,3631.958058,7.48601785,83.799405,75.37858358,92.56482477,338.3595135,179.3366728,406.2694257,1.044627954,19.08461768,93.89346649,64.49473443,,,
2015,Aleppo,Dayr_Hafir,4,953,0,953,12900,13536,0,0,0,12900,0.238032084,2.718073793,559.2173322,15.42733387,174.2304944,1.388732777,27.45568421,390.5144508,1,432.4067962,436.2515166,13349.05081,1,34.4062138,30.07678783,18.54034835,6.034565288,12.02684652,0.504830847,0.104213244,3631.958058,7.48601785,83.799405,75.37858358,92.56482477,338.3595135,179.3366728,406.2694257,1.044627954,19.08461768,93.89346649,64.49473443,,,
2015,Raqqa,Raqqa,3,308,0,308,1478,4799,279,472,1692,1950,1.050201469,5.964680642,308.648654,7.817872745,176.8215937,1.445777656,18.21052889,260.1565394,1,346.2123061,416.6416568,14249.54688,1,26.05879584,31.57152218,19.79103733,6.905265918,10.56652121,0.247600372,0.039298595,3946.987695,7.943602406,68.54658646,75.93089841,83.57882535,156.1485558,252.812006,466.2953785,0.418199141,7.517291598,86.90835809,89.8962532,0000000000000000235e,,
2015,Raqqa,Raqqa,4,13774,0,13774,60606,4400,2765,4658,1685,65264,1.050201469,5.964680642,308.648654,7.817872745,176.8215937,1.445777656,18.21052889,260.1565394,1,346.2123061,416.6416568,14249.54688,1,26.05879584,31.57152218,19.79103733,6.905265918,10.56652121,0.247600372,0.039298595,3946.987695,7.943602406,68.54658646,75.93089841,83.57882535,156.1485558,252.812006,466.2953785,0.418199141,7.517291598,86.90835809,89.8962532,0000000000000000235e,,
2015,Raqqa,Raqqa,5,17772,0,17772,71088,4000,1052,1774,1686,72862,1.050201469,5.964680642,308.648654,7.817872745,176.8215937,1.445777656,18.21052889,260.1565394,1,346.2123061,416.6416568,14249.54688,1,26.05879584,31.57152218,19.79103733,6.905265918,10.56652121,0.247600372,0.039298595,3946.987695,7.943602406,68.54658646,75.93089841,83.57882535,156.1485558,252.812006,466.2953785,0.418199141,7.517291598,86.90835809,89.8962532,0000000000000000235e,,
2015,Raqqa,Tell_Abiad,2,22700,0,22700,110000,4846,17565,29582,1684,139582,0.478825179,3.735158564,513.4401263,13.1399515,188.9206138,1.450549568,27.03711738,400.1496788,1,371.821103,369.7825741,14250.64673,1,11.17783109,32.84425613,19.79256491,6.362555823,9.466678321,0.402558272,0.081420672,3906.473526,7.789701512,73.67661628,77.43080705,95.54479694,278.7004093,163.0030389,436.503596,0.353533461,11.88417515,86.8996291,33.28514589,2360,,
2015,Raqqa,Tell_Abiad,3,6574,0,6574,31555,4800,1200,2022,1685,33577,0.478825179,3.735158564,513.4401263,13.1399515,188.9206138,1.450549568,27.03711738,400.1496788,1,371.821103,369.7825741,14250.64673,1,11.17783109,32.84425613,19.79256491,6.362555823,9.466678321,0.402558272,0.081420672,3906.473526,7.789701512,73.67661628,77.43080705,95.54479694,278.7004093,163.0030389,436.503596,0.353533461,11.88417515,86.8996291,33.28514589,2360,,
2015,Raqqa,Tell_Abiad,4,903,0,903,4334,4800,0,0,0,4334,0.478825179,3.735158564,513.4401263,13.1399515,188.9206138,1.450549568,27.03711738,400.1496788,1,371.821103,369.7825741,14250.64673,1,11.17783109,32.84425613,19.79256491,6.362555823,9.466678321,0.402558272,0.081420672,3906.473526,7.789701512,73.67661628,77.43080705,95.54479694,278.7004093,163.0030389,436.503596,0.353533461,11.88417515,86.8996291,33.28514589,2360,,
2015,Raqqa,Tabqat,3,933,0,933,4478,4800,0,0,0,4478,0.166312937,1.915996577,342.0117708,9.010882999,159.7684893,1.190950364,17.04136252,252.4603217,1,365.9192606,351.223363,13977.91388,1,14.81675015,30.74163133,19.41376927,6.765319162,9.25877808,0.439417687,0.099913976,3794.541135,7.560426275,81.31912416,74.70468577,90.33739082,184.189311,193.9123706,366.1195327,0.562168467,8.629667024,89.06417557,97.73904029,0000000000000000235f,,
2015,Raqqa,Tabqat,4,784,0,784,3451,4402,0,0,0,3451,0.166312937,1.915996577,342.0117708,9.010882999,159.7684893,1.190950364,17.04136252,252.4603217,1,365.9192606,351.223363,13977.91388,1,14.81675015,30.74163133,19.41376927,6.765319162,9.25877808,0.439417687,0.099913976,3794.541135,7.560426275,81.31912416,74.70468577,90.33739082,184.189311,193.9123706,366.1195327,0.562168467,8.629667024,89.06417557,97.73904029,0000000000000000235f,,
2015,Raqqa,Tabqat,5,10501,0,10501,46030,4383,3,5,1667,46035,0.166312937,1.915996577,342.0117708,9.010882999,159.7684893,1.190950364,17.04136252,252.4603217,1,365.9192606,351.223363,13977.91388,1,14.81675015,30.74163133,19.41376927,6.765319162,9.25877808,0.439417687,0.099913976,3794.541135,7.560426275,81.31912416,74.70468577,90.33739082,184.189311,193.9123706,366.1195327,0.562168467,8.629667024,89.06417557,97.73904029,0000000000000000235f,,
2015,Dayr_Az_Zor,Dayr_Az_Zor,4,1452,0,1452,3630,2500,0,0,0,3630,1.527438458,6.266817637,313.8293313,7.266278829,160.6562038,1.475571533,17.45613594,279.0580926,1,311.6110564,354.1228155,14902.22435,1,24.94088817,33.41749098,20.69753382,7.166409452,8.218158636,0.188273539,0.025717331,4317.98278,7.945084905,68.49716985,81.70855544,76.33829496,152.9079804,267.81461,453.5383851,0.441646162,7.406680906,81.72837817,59.82997528,2341,,
2015,Dayr_Az_Zor,Dayr_Az_Zor,5,17718,0,17718,44295,2500,0,0,0,44295,1.527438458,6.266817637,313.8293313,7.266278829,160.6562038,1.475571533,17.45613594,279.0580926,1,311.6110564,354.1228155,14902.22435,1,24.94088817,33.41749098,20.69753382,7.166409452,8.218158636,0.188273539,0.025717331,4317.98278,7.945084905,68.49716985,81.70855544,76.33829496,152.9079804,267.81461,453.5383851,0.441646162,7.406680906,81.72837817,59.82997528,2341,,
2015,Dayr_Az_Zor,Al_Mayadin,5,8463,0,8463,21157.5,2500,0,0,0,21157.5,0.846879854,4.706853339,264.4088721,5.931214787,106.9848781,1.464284982,15.16950876,321.6518012,1,284.7469964,369.4070502,15248.3823,1,13.44925992,33.7861186,21.17830875,7.870923028,8.302880938,0.166710198,0.013547575,4456.921043,7.935538403,68.81538657,80.74256701,73.66332335,120.5263287,226.8776377,452.2255759,0.231444592,7.050522461,78.98109285,65.76879408,2340,,
2015,Dayr_Az_Zor,Abu_Kamal,5,10865,0,10865,27162.5,2500,0,0,0,27162.5,0.326690195,2.534252196,311.7471764,6.882004319,145.9024177,1.474952341,15.51213228,316.9541986,1,199.0450865,332.3776871,15746.05763,1,17.05196237,34.86535482,21.86952448,8.243816642,7.347303359,0.177649424,0.019469715,4528.889288,7.914785937,69.50713545,87.03365732,73.22706316,147.8715957,210.3167699,473.4703945,0.275403663,8.147721895,75.03128866,64.43444099,0000000000000000233f,,
2015,Hassakeh,Hassakeh,1,695,0,695,2428,3494,2028,2282,1125,4710,1.234999017,5.292191536,547.9657109,12.96531491,179.2026918,1.453912692,22.75778998,312.1287676,1,352.2277754,331.7422798,14813.31507,1,19.1175947,34.37948521,20.57404871,6.743025443,7.857194356,0.299387617,0.054571072,4225.397236,7.76640865,74.453045,82.97270511,88.86086386,282.167623,232.8497925,449.1236429,0.493960645,10.83503123,82.43400736,55.44769984,0000000000000000234b,,
2015,Hassakeh,Hassakeh,2,9320,0,9320,27354,2935,21040,21776,1035,49130,1.234999017,5.292191536,547.9657109,12.96531491,179.2026918,1.453912692,22.75778998,312.1287676,1,352.2277754,331.7422798,14813.31507,1,19.1175947,34.37948521,20.57404871,6.743025443,7.857194356,0.299387617,0.054571072,4225.397236,7.76640865,74.453045,82.97270511,88.86086386,282.167623,232.8497925,449.1236429,0.493960645,10.83503123,82.43400736,55.44769984,0000000000000000234b,,
2015,Hassakeh,Hassakeh,3,3893,0,3893,9842,2528,6279,4822,768,14664,1.234999017,5.292191536,547.9657109,12.96531491,179.2026918,1.453912692,22.75778998,312.1287676,1,352.2277754,331.7422798,14813.31507,1,19.1175947,34.37948521,20.57404871,6.743025443,7.857194356,0.299387617,0.054571072,4225.397236,7.76640865,74.453045,82.97270511,88.86086386,282.167623,232.8497925,449.1236429,0.493960645,10.83503123,82.43400736,55.44769984,0000000000000000234b,,
2015,Hassakeh,Hassakeh,4,4107,0,4107,9656,2351,2236,1675,749,11331,1.234999017,5.292191536,547.9657109,12.96531491,179.2026918,1.453912692,22.75778998,312.1287676,1,352.2277754,331.7422798,14813.31507,1,19.1175947,34.37948521,20.57404871,6.743025443,7.857194356,0.299387617,0.054571072,4225.397236,7.76640865,74.453045,82.97270511,88.86086386,282.167623,232.8497925,449.1236429,0.493960645,10.83503123,82.43400736,55.44769984,0000000000000000234b,,
2015,Hassakeh,Hassakeh,5,218,0,218,483,2216,0,0,0,483,1.234999017,5.292191536,547.9657109,12.96531491,179.2026918,1.453912692,22.75778998,312.1287676,1,352.2277754,331.7422798,14813.31507,1,19.1175947,34.37948521,20.57404871,6.743025443,7.857194356,0.299387617,0.054571072,4225.397236,7.76640865,74.453045,82.97270511,88.86086386,282.167623,232.8497925,449.1236429,0.493960645,10.83503123,82.43400736,55.44769984,0000000000000000234b,,
2015,Hassakeh,Quamishli,1,7969,0,7969,27882,3499,38823,44608,1149,72490,0.384508781,3.376182941,848.2888099,19.82121288,189.6343908,1.4227755,32.71215887,381.6987929,1,387.3408823,405.5542027,14491.24605,1,4.224880292,34.72872497,20.12673062,6.466847796,9.483061118,0.615603047,0.133414939,4278.701828,7.499177245,83.3607585,80.62767004,96.16583152,434.5074024,188.6721752,424.1715544,0.236333983,15.93920513,84.99011073,2.151515152,0000000000000000234c,,
2015,Hassakeh,Quamishli,2,1519,0,1519,4038,2658,4128,4306,1043,8344,0.384508781,3.376182941,848.2888099,19.82121288,189.6343908,1.4227755,32.71215887,381.6987929,1,387.3408823,405.5542027,14491.24605,1,4.224880292,34.72872497,20.12673062,6.466847796,9.483061118,0.615603047,0.133414939,4278.701828,7.499177245,83.3607585,80.62767004,96.16583152,434.5074024,188.6721752,424.1715544,0.236333983,15.93920513,84.99011073,2.151515152,0000000000000000234c,,
2015,Hassakeh,Quamishli,3,538,0,538,1385,2574,587,454,773,1839,0.384508781,3.376182941,848.2888099,19.82121288,189.6343908,1.4227755,32.71215887,381.6987929,1,387.3408823,405.5542027,14491.24605,1,4.224880292,34.72872497,20.12673062,6.466847796,9.483061118,0.615603047,0.133414939,4278.701828,7.499177245,83.3607585,80.62767004,96.16583152,434.5074024,188.6721752,424.1715544,0.236333983,15.93920513,84.99011073,2.151515152,0000000000000000234c,,
2015,Hassakeh,Al_Malika,1,7835,0,7835,27415,3499,37437,43389,1159,70804,0.273788898,2.626098262,996.6141143,22.58050114,177.7179584,1.393407522,35.81191186,396.1542193,1,442.2589019,473.5491902,13914.75431,1,11.47143655,34.21784332,19.32604765,5.759888133,10.73321176,0.686724791,0.156114655,4412.604942,7.401004555,86.63318149,82.89480318,97.53367939,513.7477132,182.2285639,417.2135132,0.627665989,23.0979689,89.56544201,71.48066457,0000000000000000234a,,
2015,Hassakeh,Al_Malika,2,305,0,305,816,2675,1729,1819,1052,2635,0.273788898,2.626098262,996.6141143,22.58050114,177.7179584,1.393407522,35.81191186,396.1542193,1,442.2589019,473.5491902,13914.75431,1,11.47143655,34.21784332,19.32604765,5.759888133,10.73321176,0.686724791,0.156114655,4412.604942,7.401004555,86.63318149,82.89480318,97.53367939,513.7477132,182.2285639,417.2135132,0.627665989,23.0979689,89.56544201,71.48066457,0000000000000000234a,,
2015,Hassakeh,Al_Malika,3,18,0,18,44,2444,98,77,786,121,0.273788898,2.626098262,996.6141143,22.58050114,177.7179584,1.393407522,35.81191186,396.1542193,1,442.2589019,473.5491902,13914.75431,1,11.47143655,34.21784332,19.32604765,5.759888133,10.73321176,0.686724791,0.156114655,4412.604942,7.401004555,86.63318149,82.89480318,97.53367939,513.7477132,182.2285639,417.2135132,0.627665989,23.0979689,89.56544201,71.48066457,0000000000000000234a,,
2015,Hassakeh,Ras_Al_Ain,1,11129,0,11129,38917,3497,6810,7729,1135,46646,0.383012451,4.287075453,680.7050883,16.51964248,181.239228,1.436138441,29.13638552,428.1986409,1,428.0325777,417.1194488,14204.43233,1,10.62784115,33.66543581,19.72837823,6.07224059,10.11563928,0.492733257,0.100522456,4119.580025,7.607914063,79.7361979,77.20402812,94.98708196,357.5936141,158.4989891,413.1203426,0.413294717,15.5378662,87.26641011,3.258706468,0000000000000000234d,,
2015,Hassakeh,Ras_Al_Ain,2,28217,0,28217,74660,2646,17026,17623,1035,92283,0.383012451,4.287075453,680.7050883,16.51964248,181.239228,1.436138441,29.13638552,428.1986409,1,428.0325777,417.1194488,14204.43233,1,10.62784115,33.66543581,19.72837823,6.07224059,10.11563928,0.492733257,0.100522456,4119.580025,7.607914063,79.7361979,77.20402812,94.98708196,357.5936141,158.4989891,413.1203426,0.413294717,15.5378662,87.26641011,3.258706468,0000000000000000234d,,
2015,Hassakeh,Ras_Al_Ain,3,455,0,455,1167,2565,3860,2964,768,4131,0.383012451,4.287075453,680.7050883,16.51964248,181.239228,1.436138441,29.13638552,428.1986409,1,428.0325777,417.1194488,14204.43233,1,10.62784115,33.66543581,19.72837823,6.07224059,10.11563928,0.492733257,0.100522456,4119.580025,7.607914063,79.7361979,77.20402812,94.98708196,357.5936141,158.4989891,413.1203426,0.413294717,15.5378662,87.26641011,3.258706468,0000000000000000234d,,
2015,Hassakeh,Ras_Al_Ain,4,97,0,97,230,2371,555,0,0,230,0.383012451,4.287075453,680.7050883,16.51964248,181.239228,1.436138441,29.13638552,428.1986409,1,428.0325777,417.1194488,14204.43233,1,10.62784115,33.66543581,19.72837823,6.07224059,10.11563928,0.492733257,0.100522456,4119.580025,7.607914063,79.7361979,77.20402812,94.98708196,357.5936141,158.4989891,413.1203426,0.413294717,15.5378662,87.26641011,3.258706468,0000000000000000234d,,
2016,Homs,Tall_Kalakh,1,632,0,632,0,0,997,1258,1262,1258,0.061265386,1.382119937,1083.189974,29.27615713,213.4968276,1.371293035,28.50363662,371.8628808,1,462.9664108,759.8897351,12887.62823,1,86.9397267,27.13059375,17.89948365,7.576440954,20.57377223,0.699980553,0.122872834,3698.904907,7.036198454,98.79338486,95.51694105,100.2654799,480.8609706,256.0800903,370.1287946,2.899572474,38.32373734,97.71723626,63.89144317,2353,,
2016,Hama,Hama,2,12,0,12,54,4500,70,140,2000,194,0.227677668,4.733216797,503.0170203,13.82836661,192.7904067,1.455316559,28.89107986,399.9433813,1,367.8882638,424.5910592,13634.85571,1,25.04294796,29.25385924,18.9372996,7.11782779,11.65822292,0.567707479,0.124138553,3636.573652,7.530149647,82.32834509,86.02261634,85.42365478,227.9904994,199.991121,385.7041579,0.890006436,18.48653952,91.78685944,22.43352601,2345,,
2016,Hama,Hama,3,0,0,0,0,0,0,0,0,0,0.227677668,4.733216797,503.0170203,13.82836661,192.7904067,1.455316559,28.89107986,399.9433813,1,367.8882638,424.5910592,13634.85571,1,25.04294796,29.25385924,18.9372996,7.11782779,11.65822292,0.567707479,0.124138553,3636.573652,7.530149647,82.32834509,86.02261634,85.42365478,227.9904994,199.991121,385.7041579,0.890006436,18.48653952,91.78685944,22.43352601,2345,,
2016,Hama,Hama,4,94,0,94,273,2904,0,0,0,273,0.227677668,4.733216797,503.0170203,13.82836661,192.7904067,1.455316559,28.89107986,399.9433813,1,367.8882638,424.5910592,13634.85571,1,25.04294796,29.25385924,18.9372996,7.11782779,11.65822292,0.567707479,0.124138553,3636.573652,7.530149647,82.32834509,86.02261634,85.42365478,227.9904994,199.991121,385.7041579,0.890006436,18.48653952,91.78685944,22.43352601,2345,,
2016,Hama,Al_Ghab,1,1734,0,1734,4040,2330,0,0,0,4040,0.049595436,1.643165164,1139.285298,32.78064409,139.7759455,1.347860465,28.59829587,349.5799349,1,352.189296,864.530309,12541.64871,1,139.7020723,27.32628762,17.41895654,6.614762474,24.8441061,0.708316508,0.127308671,3474.481736,6.782044179,92.73480597,93.17375927,109.0737474,457.9115259,280.5196852,361.9957542,4.508295663,42.21571718,99.53689449,35.28868661,2342,,
2016,Idleb,Idleb,1,0,0,0,0,0,0,0,0,0,0.125820372,2.188331063,767.9977211,21.14720595,133.1604544,1.441830046,29.96636028,396.7139838,1,349.4829207,479.5724734,13335.67008,1,18.66965742,28.95661273,18.521764,6.406987806,13.20144175,0.603534748,0.124926343,3630.674666,7.363514149,87.8828617,84.54738735,102.9230285,297.3890157,201.4720497,378.6673336,0.928862474,24.86059375,94.16134856,24.08243728,2358,,
2016,Idleb,Idleb,2,0,0,0,0,0,0,0,0,0,0.125820372,2.188331063,767.9977211,21.14720595,133.1604544,1.441830046,29.96636028,396.7139838,1,349.4829207,479.5724734,13335.67008,1,18.66965742,28.95661273,18.521764,6.406987806,13.20144175,0.603534748,0.124926343,3630.674666,7.363514149,87.8828617,84.54738735,102.9230285,297.3890157,201.4720497,378.6673336,0.928862474,24.86059375,94.16134856,24.08243728,2358,,
2016,Idleb,Idleb,3,0,0,0,0,0,0,0,0,0,0.125820372,2.188331063,767.9977211,21.14720595,133.1604544,1.441830046,29.96636028,396.7139838,1,349.4829207,479.5724734,13335.67008,1,18.66965742,28.95661273,18.521764,6.406987806,13.20144175,0.603534748,0.124926343,3630.674666,7.363514149,87.8828617,84.54738735,102.9230285,297.3890157,201.4720497,378.6673336,0.928862474,24.86059375,94.16134856,24.08243728,2358,,
2016,Idleb,Harim,1,0,0,0,0,0,0,0,0,0,0.076955511,1.744823344,960.8137647,27.49494857,208.4698796,1.397594182,27.2782689,356.5012631,1,400.6489695,501.7776376,12871.59253,1,91.8753057,28.45561433,17.87721185,5.935264242,14.38160066,0.51063271,0.086813542,3493.510136,7.125463716,95.81787612,80.37109345,111.6699503,358.608651,243.3845318,396.2349649,3.52892128,34.93256475,97.8445037,7.104166667,2357,,
2016,Idleb,Al_Jisr_Ash_Shu,1,0,0,0,0,0,0,0,0,0,0.061795348,1.387996783,1120.682013,32.85982634,177.540447,1.380476929,27.89801472,304.6574213,1,349.3955892,624.0980261,12688.16221,1,101.3142959,27.50289479,17.62244752,6.596529361,18.30224695,0.590596976,0.097655715,3409.492806,6.711311118,90.37703725,92.07082098,108.653479,427.4967901,309.262822,377.4719518,3.793157673,40.90641577,99.3002999,19.55376344,2354,,
2016,Idleb,Al_Ma'ra,1,0,0,0,0,0,0,0,0,0,0.219400577,2.789560748,625.0223043,17.45758107,161.5969773,1.44106543,30.50289991,387.8445436,1,426.7153644,411.5252849,13331.99805,1,29.05957912,29.10956956,18.51666395,6.399190636,11.5094564,0.560691388,0.119472659,3579.234293,7.422356298,85.92145674,88.30220642,93.09954836,257.942726,211.8633148,395.4624714,1.089096217,21.8826255,94.1904917,2.740740741,2355,,
2016,Idleb,Al_Ma'ra,2,0,0,0,0,0,0,0,0,0,0.219400577,2.789560748,625.0223043,17.45758107,161.5969773,1.44106543,30.50289991,387.8445436,1,426.7153644,411.5252849,13331.99805,1,29.05957912,29.10956956,18.51666395,6.399190636,11.5094564,0.560691388,0.119472659,3579.234293,7.422356298,85.92145674,88.30220642,93.09954836,257.942726,211.8633148,395.4624714,1.089096217,21.8826255,94.1904917,2.740740741,2355,,
2016,Idleb,Al_Ma'ra,3,0,0,0,0,0,0,0,0,0,0.219400577,2.789560748,625.0223043,17.45758107,161.5969773,1.44106543,30.50289991,387.8445436,1,426.7153644,411.5252849,13331.99805,1,29.05957912,29.10956956,18.51666395,6.399190636,11.5094564,0.560691388,0.119472659,3579.234293,7.422356298,85.92145674,88.30220642,93.09954836,257.942726,211.8633148,395.4624714,1.089096217,21.8826255,94.1904917,2.740740741,2355,,
2016,Idleb,Ariha,1,0,0,0,0,0,0,0,0,0,0.06189382,1.20144567,879.6768376,24.81108507,178.7756591,1.396585143,27.93576679,350.6523137,1,582.149967,474.5008312,12393.47494,1,87.67581128,27.61700572,17.21315964,5.548147926,13.39572436,0.505659673,0.090661341,3544.49926,7.15618642,94.79378601,92.91863199,103.7506837,340.1428168,264.1637633,380.2716742,2.592602428,31.56046909,98.36091222,35.35190616,2356,,
2016,Tartous,Tartous,1,1894,0,1894,0,0,0,31,0,31,0.049162657,1.417978043,1258.008924,33.75691433,226.602822,1.337365278,24.38800112,328.0083572,1,151.3380759,927.6947536,13742.70326,1,85.26540945,27.45005814,19.08708787,10.23979914,24.93619299,0.604044352,0.070957735,3725.67037,6.801489796,93.38299321,90.67611229,103.264284,520.3686464,293.3316743,364.969705,1.987711269,46.76351549,90.93092649,64.49344978,2365,,
2016,Tartous,Banyas,1,0,0,0,0,0,0,0,0,0,0.064347484,1.259569202,1418.657712,38.35474399,227.2029485,1.248880866,25.12215029,311.6023136,1,597.2024401,865.9976745,12012.26605,1,239.5189203,26.02238176,16.68370285,6.927542275,23.41745332,0.585542364,0.056869609,3697.780292,6.402940695,80.09802315,91.15975729,103.7299079,569.0988771,311.2379664,363.3411414,4.321198421,51.28226288,95.33544485,78.70526316,2361,,
2016,Tartous,Safita,1,62,0,62,0,0,0,0,0,0,0.047070335,1.157636077,1474.185802,40.55202737,212.2246192,1.350786518,24.81991989,329.6296751,1,294.0703481,834.1993495,13356.10588,1,85.74052064,27.38028741,18.55014705,8.990956614,22.96843751,0.635927546,0.074612689,3634.294948,6.807968775,93.59895915,92.55227339,105.803254,614.2049508,291.9812893,377.4132804,2.351750182,44.6094789,93.99915971,76.62715679,2363,,
2016,Tartous,Dreikisch,1,0,0,0,0,0,0,0,0,0,0.020699473,0.796408619,1453.900819,39.48812289,216.934763,1.299036482,24.8601254,322.079217,1,504.6634677,894.34764,12609.90602,1,163.4163054,26.52514491,17.51375836,7.906320539,24.29146957,0.638375051,0.057650244,3680.868656,6.512992812,83.76642708,92.63163189,104.1178214,601.3506715,306.9629607,371.5972167,3.497485148,47.28655449,99.92138082,23.43243243,2362,,
2016,Tartous,Sheikh_Badr,1,0,0,0,0,0,0,0,0,0,0.0373259,1.003571401,1415.781711,38.37614182,219.4652153,1.304121142,24.82237263,321.6588278,1,407.1159663,878.9555047,12838.64538,1,154.5873703,26.72169865,17.83145191,8.386869147,23.82687244,0.615628503,0.06164415,3689.630124,6.587843617,86.26145388,91.57847659,104.1857084,583.0767846,302.2905226,370.5696379,3.164125443,48.74926315,95.83459773,48.78499377,,,
2016,Lattakia,Al_Hafa,1,0,0,0,0,0,0,0,0,0,0.056619889,1.298629777,1638.555659,46.8214874,251.0029312,1.264981734,25.51066723,281.7179779,1,615.8606536,919.6118879,12064.66998,1,289.7612345,26.45019943,16.75648608,6.463393265,26.28634587,0.641896553,0.063243673,3498.580535,6.168576676,72.28588919,88.21969895,121.0377206,629.8413811,357.4897846,356.8800356,4.643245661,56.30098333,95.75134905,75.1082544,2359,,
2016,Lattakia,Jablah,1,0,0,0,0,0,0,0,0,0,0.056903002,1.06433536,1543.020432,43.37685309,242.7106218,1.288362214,25.18450697,312.336117,1,539.9002309,854.8439435,12238.26049,1,269.6827043,26.35002773,16.99758402,7.283788934,24.0212008,0.604132303,0.064556698,3556.243835,6.394601508,79.82005026,90.67353957,107.8455337,604.8204597,319.9496365,362.0527367,4.337486611,50.9748085,97.12905154,69.6122449,0000000000000000235b,,
2016,Aleppo,A'zaz,1,1811,0,1811,0,0,14131,0,0,0,0.121728487,2.146811382,639.5583468,16.87556999,180.5676029,1.396196968,30.36538609,429.7996425,1,481.8095159,501.2893153,12988.80154,1,12.33630082,29.63632184,18.04000214,4.947376085,13.2292787,0.621190922,0.132796678,3788.847377,7.471901984,84.26993387,82.74477217,95.97637533,237.0650945,165.5478602,396.9674719,0.559398203,24.25735487,96.91427349,30.7875817,2325,,
2016,Aleppo,A'zaz,2,298,0,298,0,0,3040,0,0,0,0.121728487,2.146811382,639.5583468,16.87556999,180.5676029,1.396196968,30.36538609,429.7996425,1,481.8095159,501.2893153,12988.80154,1,12.33630082,29.63632184,18.04000214,4.947376085,13.2292787,0.621190922,0.132796678,3788.847377,7.471901984,84.26993387,82.74477217,95.97637533,237.0650945,165.5478602,396.9674719,0.559398203,24.25735487,96.91427349,30.7875817,2325,,
2016,Aleppo,Afrin,1,800,0,800,0,0,3903,0,0,0,0.194810459,2.230856022,942.3564303,26.05173033,184.8305861,1.371035123,25.51170824,404.3181051,1,493.5760545,483.6538623,12552.09863,1,89.965976,28.81639026,17.43347032,4.951594757,13.38025836,0.453708407,0.065884797,3616.250825,7.198506433,93.3831189,83.73318391,105.6309613,340.824619,192.8950466,401.4796676,3.206478872,32.26458622,99.6198304,72.67440361,2326,,
2016,Aleppo,Jarablus,2,1630,0,1630,0,0,5000,0,0,0,0.056313267,1.389591551,555.5945806,14.59828497,123.911363,1.374076188,31.59740814,433.9335195,1,453.0262094,373.167842,13459.92125,1,19.54434174,31.91692168,18.69433507,4.687046577,9.812526892,0.527905022,0.110949768,3804.889402,7.473535251,84.21549162,83.12197327,90.4620267,203.6902732,151.8135123,395.6820817,0.731704106,17.89025411,93.17522819,86.86344794,0000000000000000232a,,
2016,Aleppo,Al_Bab,1,0,0,0,0,0,0,0,0,0,0.223794265,2.70647827,467.5763283,12.47094723,171.3158859,1.361738999,28.32570189,404.137529,1,440.5998951,406.6548475,13484.84291,1,12.48017986,30.38212766,18.72894849,5.459570497,10.85206711,0.495747384,0.106905081,3748.324889,7.526863486,82.4378838,83.5955581,89.62298977,184.3358985,172.3288421,394.8106379,0.536196258,18.97472913,92.97743721,57.38811081,2328,,
2016,Aleppo,Al_Bab,2,2700,0,2700,0,0,10920,0,0,0,0.223794265,2.70647827,467.5763283,12.47094723,171.3158859,1.361738999,28.32570189,404.137529,1,440.5998951,406.6548475,13484.84291,1,12.48017986,30.38212766,18.72894849,5.459570497,10.85206711,0.495747384,0.106905081,3748.324889,7.526863486,82.4378838,83.5955581,89.62298977,184.3358985,172.3288421,394.8106379,0.536196258,18.97472913,92.97743721,57.38811081,2328,,
2016,Aleppo,Al_Bab,3,0,0,0,0,0,0,0,0,0,0.223794265,2.70647827,467.5763283,12.47094723,171.3158859,1.361738999,28.32570189,404.137529,1,440.5998951,406.6548475,13484.84291,1,12.48017986,30.38212766,18.72894849,5.459570497,10.85206711,0.495747384,0.106905081,3748.324889,7.526863486,82.4378838,83.5955581,89.62298977,184.3358985,172.3288421,394.8106379,0.536196258,18.97472913,92.97743721,57.38811081,2328,,
2016,Aleppo,Al_Bab,4,0,0,0,0,0,0,0,0,0,0.223794265,2.70647827,467.5763283,12.47094723,171.3158859,1.361738999,28.32570189,404.137529,1,440.5998951,406.6548475,13484.84291,1,12.48017986,30.38212766,18.72894849,5.459570497,10.85206711,0.495747384,0.106905081,3748.324889,7.526863486,82.4378838,83.5955581,89.62298977,184.3358985,172.3288421,394.8106379,0.536196258,18.97472913,92.97743721,57.38811081,2328,,
2016,Aleppo,Menbij,2,2055,0,2055,0,0,5432,0,0,0,0.476099108,4.018173677,372.6969885,9.722360039,173.279788,1.406754586,24.018397,332.4689528,1,397.1956572,358.1625201,13911.60107,1,17.60715977,31.06227537,19.32166815,6.11453118,9.346712458,0.428645313,0.086081894,3832.400399,7.618434657,79.38551142,78.01475197,86.03070175,159.336328,198.2878033,437.4207931,0.49517755,12.11218955,89.59046772,92.68040719,0000000000000000232c,,
2016,Aleppo,Menbij,3,2040,0,2040,0,0,0,0,0,0,0.476099108,4.018173677,372.6969885,9.722360039,173.279788,1.406754586,24.018397,332.4689528,1,397.1956572,358.1625201,13911.60107,1,17.60715977,31.06227537,19.32166815,6.11453118,9.346712458,0.428645313,0.086081894,3832.400399,7.618434657,79.38551142,78.01475197,86.03070175,159.336328,198.2878033,437.4207931,0.49517755,12.11218955,89.59046772,92.68040719,0000000000000000232c,,
2016,Aleppo,Menbij,4,16502,0,16502,0,0,0,0,0,0,0.476099108,4.018173677,372.6969885,9.722360039,173.279788,1.406754586,24.018397,332.4689528,1,397.1956572,358.1625201,13911.60107,1,17.60715977,31.06227537,19.32166815,6.11453118,9.346712458,0.428645313,0.086081894,3832.400399,7.618434657,79.38551142,78.01475197,86.03070175,159.336328,198.2878033,437.4207931,0.49517755,12.11218955,89.59046772,92.68040719,0000000000000000232c,,
2016,Aleppo,Menbij,5,4337,0,4334,0,0,0,0,0,0,0.476099108,4.018173677,372.6969885,9.722360039,173.279788,1.406754586,24.018397,332.4689528,1,397.1956572,358.1625201,13911.60107,1,17.60715977,31.06227537,19.32166815,6.11453118,9.346712458,0.428645313,0.086081894,3832.400399,7.618434657,79.38551142,78.01475197,86.03070175,159.336328,198.2878033,437.4207931,0.49517755,12.11218955,89.59046772,92.68040719,0000000000000000232c,,
2016,Aleppo,Ain_Al_Arab,2,17918,0,17918,0,0,25400,0,0,0,0.285146327,2.615456939,536.6719737,13.41416622,180.1352135,1.344070296,29.15984317,412.5287694,1,457.6511594,346.9370558,13743.1782,1,40.7417743,32.33206833,19.0877475,4.984554189,8.679370401,0.532601549,0.116369707,3999.785178,7.452704986,84.90983381,82.0842584,95.11499757,211.134963,160.737883,374.9119357,1.026508894,16.80178945,90.92715713,86.06697787,2327,,
2016,Aleppo,Ain_Al_Arab,3,246,0,246,0,0,1600,0,0,0,0.285146327,2.615456939,536.6719737,13.41416622,180.1352135,1.344070296,29.15984317,412.5287694,1,457.6511594,346.9370558,13743.1782,1,40.7417743,32.33206833,19.0877475,4.984554189,8.679370401,0.532601549,0.116369707,3999.785178,7.452704986,84.90983381,82.0842584,95.11499757,211.134963,160.737883,374.9119357,1.026508894,16.80178945,90.92715713,86.06697787,2327,,
2016,Aleppo,Jebel_Saman,1,807,0,807,0,0,1556,0,0,0,0.320135248,3.90953411,522.6992437,14.28760378,185.7492815,1.399045613,26.85095306,367.0160671,1,348.6130778,418.6041326,13686.06107,1,24.0041333,29.84549688,19.00841816,6.360975683,11.4324381,0.522197416,0.108159689,3657.410826,7.511498758,82.95004141,79.31123014,90.71238243,210.8689257,183.2856532,401.209007,0.780531933,17.98196178,91.38046767,28.18423019,0000000000000000232b,,
2016,Aleppo,Jebel_Saman,2,5940,0,5940,0,0,4759,0,0,0,0.320135248,3.90953411,522.6992437,14.28760378,185.7492815,1.399045613,26.85095306,367.0160671,1,348.6130778,418.6041326,13686.06107,1,24.0041333,29.84549688,19.00841816,6.360975683,11.4324381,0.522197416,0.108159689,3657.410826,7.511498758,82.95004141,79.31123014,90.71238243,210.8689257,183.2856532,401.209007,0.780531933,17.98196178,91.38046767,28.18423019,0000000000000000232b,,
2016,Aleppo,Jebel_Saman,3,1015,0,1015,0,0,4452,0,0,0,0.320135248,3.90953411,522.6992437,14.28760378,185.7492815,1.399045613,26.85095306,367.0160671,1,348.6130778,418.6041326,13686.06107,1,24.0041333,29.84549688,19.00841816,6.360975683,11.4324381,0.522197416,0.108159689,3657.410826,7.511498758,82.95004141,79.31123014,90.71238243,210.8689257,183.2856532,401.209007,0.780531933,17.98196178,91.38046767,28.18423019,0000000000000000232b,,
2016,Aleppo,Jebel_Saman,4,239,0,239,0,0,0,0,0,0,0.320135248,3.90953411,522.6992437,14.28760378,185.7492815,1.399045613,26.85095306,367.0160671,1,348.6130778,418.6041326,13686.06107,1,24.0041333,29.84549688,19.00841816,6.360975683,11.4324381,0.522197416,0.108159689,3657.410826,7.511498758,82.95004141,79.31123014,90.71238243,210.8689257,183.2856532,401.209007,0.780531933,17.98196178,91.38046767,28.18423019,0000000000000000232b,,
2016,Aleppo,As_Safira,2,1990,0,1990,0,0,298,0,0,0,0.226229514,2.727688396,349.9931751,9.373401577,194.0542344,1.456944439,23.81607607,339.9130212,1,386.7828001,360.0282911,13899.98632,1,58.56984464,30.41294295,19.30553656,6.5039324,9.631240655,0.454702113,0.094264192,3732.897159,7.634697244,78.8434252,79.94567782,79.60437861,151.2728081,209.796782,447.6738108,1.021027812,12.3940763,89.68264823,61.3127161,2329,,
2016,Aleppo,As_Safira,3,300,0,300,0,0,293,0,0,0,0.226229514,2.727688396,349.9931751,9.373401577,194.0542344,1.456944439,23.81607607,339.9130212,1,386.7828001,360.0282911,13899.98632,1,58.56984464,30.41294295,19.30553656,6.5039324,9.631240655,0.454702113,0.094264192,3732.897159,7.634697244,78.8434252,79.94567782,79.60437861,151.2728081,209.796782,447.6738108,1.021027812,12.3940763,89.68264823,61.3127161,2329,,
2016,Aleppo,As_Safira,4,10,0,10,0,0,0,0,0,0,0.226229514,2.727688396,349.9931751,9.373401577,194.0542344,1.456944439,23.81607607,339.9130212,1,386.7828001,360.0282911,13899.98632,1,58.56984464,30.41294295,19.30553656,6.5039324,9.631240655,0.454702113,0.094264192,3732.897159,7.634697244,78.8434252,79.94567782,79.60437861,151.2728081,209.796782,447.6738108,1.021027812,12.3940763,89.68264823,61.3127161,2329,,
2016,Aleppo,As_Safira,5,0,0,0,0,0,0,0,0,0,0.226229514,2.727688396,349.9931751,9.373401577,194.0542344,1.456944439,23.81607607,339.9130212,1,386.7828001,360.0282911,13899.98632,1,58.56984464,30.41294295,19.30553656,6.5039324,9.631240655,0.454702113,0.094264192,3732.897159,7.634697244,78.8434252,79.94567782,79.60437861,151.2728081,209.796782,447.6738108,1.021027812,12.3940763,89.68264823,61.3127161,2329,,
2016,Aleppo,Al_Atarib,1,1226,0,1226,0,0,680,0,0,0,0.238032084,2.718073793,548.3933834,14.59925802,174.2304944,1.388732777,27.45568421,390.5144508,1,432.4067962,406.0622333,13465.81137,1,34.4062138,30.55056812,18.7025158,5.501197671,10.79548658,0.504587266,0.102676476,3772.600757,7.48601785,83.799405,81.56892572,91.64435168,212.3161138,179.3366728,406.2694257,1.044627954,19.08461768,93.03343876,64.49473443,,,
2016,Aleppo,Dayr_Hafir,2,700,0,700,0,0,300,0,0,0,0.238032084,2.718073793,548.3933834,14.59925802,174.2304944,1.388732777,27.45568421,390.5144508,1,432.4067962,406.0622333,13465.81137,1,34.4062138,30.55056812,18.7025158,5.501197671,10.79548658,0.504587266,0.102676476,3772.600757,7.48601785,83.799405,81.56892572,91.64435168,212.3161138,179.3366728,406.2694257,1.044627954,19.08461768,93.03343876,64.49473443,,,
2016,Aleppo,Dayr_Hafir,3,200,0,200,0,0,0,0,0,0,0.238032084,2.718073793,548.3933834,14.59925802,174.2304944,1.388732777,27.45568421,390.5144508,1,432.4067962,406.0622333,13465.81137,1,34.4062138,30.55056812,18.7025158,5.501197671,10.79548658,0.504587266,0.102676476,3772.600757,7.48601785,83.799405,81.56892572,91.64435168,212.3161138,179.3366728,406.2694257,1.044627954,19.08461768,93.03343876,64.49473443,,,
2016,Hassakeh,Hassakeh,1,866,0,866,0,0,2675,0,0,0,1.234999017,5.292191536,531.7975818,12.36557701,179.2026918,1.453912692,22.75778998,312.1287676,1,352.2277754,321.3150562,14938.54611,1,19.1175947,34.93498129,20.74798071,6.028027633,7.484178645,0.308190189,0.057021111,4299.628928,7.76640865,74.453045,88.37321085,86.57889013,279.90205,232.8497925,449.1236429,0.493960645,10.83503123,81.44011021,55.44769984,0000000000000000234b,,
2016,Hassakeh,Hassakeh,2,8397,0,8397,0,0,31257,0,0,0,1.234999017,5.292191536,531.7975818,12.36557701,179.2026918,1.453912692,22.75778998,312.1287676,1,352.2277754,321.3150562,14938.54611,1,19.1175947,34.93498129,20.74798071,6.028027633,7.484178645,0.308190189,0.057021111,4299.628928,7.76640865,74.453045,88.37321085,86.57889013,279.90205,232.8497925,449.1236429,0.493960645,10.83503123,81.44011021,55.44769984,0000000000000000234b,,
2016,Hassakeh,Hassakeh,3,3734,0,3734,0,0,10295,0,0,0,1.234999017,5.292191536,531.7975818,12.36557701,179.2026918,1.453912692,22.75778998,312.1287676,1,352.2277754,321.3150562,14938.54611,1,19.1175947,34.93498129,20.74798071,6.028027633,7.484178645,0.308190189,0.057021111,4299.628928,7.76640865,74.453045,88.37321085,86.57889013,279.90205,232.8497925,449.1236429,0.493960645,10.83503123,81.44011021,55.44769984,0000000000000000234b,,
2016,Hassakeh,Hassakeh,4,3456,0,3456,0,0,3233,0,0,0,1.234999017,5.292191536,531.7975818,12.36557701,179.2026918,1.453912692,22.75778998,312.1287676,1,352.2277754,321.3150562,14938.54611,1,19.1175947,34.93498129,20.74798071,6.028027633,7.484178645,0.308190189,0.057021111,4299.628928,7.76640865,74.453045,88.37321085,86.57889013,279.90205,232.8497925,449.1236429,0.493960645,10.83503123,81.44011021,55.44769984,0000000000000000234b,,
2016,Hassakeh,Hassakeh,5,350,0,350,0,0,0,0,0,0,1.234999017,5.292191536,531.7975818,12.36557701,179.2026918,1.453912692,22.75778998,312.1287676,1,352.2277754,321.3150562,14938.54611,1,19.1175947,34.93498129,20.74798071,6.028027633,7.484178645,0.308190189,0.057021111,4299.628928,7.76640865,74.453045,88.37321085,86.57889013,279.90205,232.8497925,449.1236429,0.493960645,10.83503123,81.44011021,55.44769984,0000000000000000234b,,
2016,Hassakeh,Quamishli,1,7867,0,7867,0,0,51729,0,0,0,0.384508781,3.376182941,854.6398943,19.65176842,189.6343908,1.4227755,32.71215887,381.6987929,1,387.3408823,394.7343268,14476.45726,1,4.224880292,35.07038232,20.10619064,5.396563068,9.088949383,0.583022669,0.131162363,4347.921054,7.499177245,83.3607585,86.86359191,95.5802889,465.3709621,188.6721752,424.1715544,0.236333983,15.93920513,85.10748204,2.151515152,0000000000000000234c,,
2016,Hassakeh,Quamishli,2,1594,0,1594,0,0,8921,0,0,0,0.384508781,3.376182941,854.6398943,19.65176842,189.6343908,1.4227755,32.71215887,381.6987929,1,387.3408823,394.7343268,14476.45726,1,4.224880292,35.07038232,20.10619064,5.396563068,9.088949383,0.583022669,0.131162363,4347.921054,7.499177245,83.3607585,86.86359191,95.5802889,465.3709621,188.6721752,424.1715544,0.236333983,15.93920513,85.10748204,2.151515152,0000000000000000234c,,
2016,Hassakeh,Quamishli,3,1146,0,1146,0,0,2754,0,0,0,0.384508781,3.376182941,854.6398943,19.65176842,189.6343908,1.4227755,32.71215887,381.6987929,1,387.3408823,394.7343268,14476.45726,1,4.224880292,35.07038232,20.10619064,5.396563068,9.088949383,0.583022669,0.131162363,4347.921054,7.499177245,83.3607585,86.86359191,95.5802889,465.3709621,188.6721752,424.1715544,0.236333983,15.93920513,85.10748204,2.151515152,0000000000000000234c,,
2016,Hassakeh,Al_Malika,1,8132,0,8132,0,0,39817,0,0,0,0.273788898,2.626098262,1029.451,23.06804353,177.7179584,1.393407522,35.81191186,396.1542193,1,442.2589019,466.2780893,13911.58074,1,11.47143655,34.60752138,19.32163991,4.753698608,10.45457716,0.669119153,0.157845496,4461.67148,7.401004555,86.63318149,87.27619107,97.09403917,578.3821645,182.2285639,417.2135132,0.627665989,23.0979689,89.59062906,71.48066457,0000000000000000234a,,
2016,Hassakeh,Al_Malika,2,178,0,178,0,0,1534,0,0,0,0.273788898,2.626098262,1029.451,23.06804353,177.7179584,1.393407522,35.81191186,396.1542193,1,442.2589019,466.2780893,13911.58074,1,11.47143655,34.60752138,19.32163991,4.753698608,10.45457716,0.669119153,0.157845496,4461.67148,7.401004555,86.63318149,87.27619107,97.09403917,578.3821645,182.2285639,417.2135132,0.627665989,23.0979689,89.59062906,71.48066457,0000000000000000234a,,
2016,Hassakeh,Al_Malika,3,10,0,10,0,0,100,0,0,0,0.273788898,2.626098262,1029.451,23.06804353,177.7179584,1.393407522,35.81191186,396.1542193,1,442.2589019,466.2780893,13911.58074,1,11.47143655,34.60752138,19.32163991,4.753698608,10.45457716,0.669119153,0.157845496,4461.67148,7.401004555,86.63318149,87.27619107,97.09403917,578.3821645,182.2285639,417.2135132,0.627665989,23.0979689,89.59062906,71.48066457,0000000000000000234a,,
2016,Hassakeh,Ras_Al_Ain,1,16064,0,16064,0,0,11404,0,0,0,0.383012451,4.287075453,647.3579094,15.4385216,181.239228,1.436138441,29.13638552,428.1986409,1,428.0325777,417.7420856,14269.53122,1,10.62784115,34.10652816,19.81879336,5.283794485,9.953164378,0.520356215,0.113576665,4192.134071,7.607914063,79.7361979,82.22117374,92.54380538,320.6579818,158.4989891,413.1203426,0.413294717,15.5378662,86.74975223,3.258706468,0000000000000000234d,,
2016,Hassakeh,Ras_Al_Ain,2,25164,0,25164,0,0,27490,0,0,0,0.383012451,4.287075453,647.3579094,15.4385216,181.239228,1.436138441,29.13638552,428.1986409,1,428.0325777,417.7420856,14269.53122,1,10.62784115,34.10652816,19.81879336,5.283794485,9.953164378,0.520356215,0.113576665,4192.134071,7.607914063,79.7361979,82.22117374,92.54380538,320.6579818,158.4989891,413.1203426,0.413294717,15.5378662,86.74975223,3.258706468,0000000000000000234d,,
2016,Hassakeh,Ras_Al_Ain,3,287,0,287,0,0,4167,0,0,0,0.383012451,4.287075453,647.3579094,15.4385216,181.239228,1.436138441,29.13638552,428.1986409,1,428.0325777,417.7420856,14269.53122,1,10.62784115,34.10652816,19.81879336,5.283794485,9.953164378,0.520356215,0.113576665,4192.134071,7.607914063,79.7361979,82.22117374,92.54380538,320.6579818,158.4989891,413.1203426,0.413294717,15.5378662,86.74975223,3.258706468,0000000000000000234d,,
2016,Hassakeh,Ras_Al_Ain,4,100,0,100,0,0,0,0,0,0,0.383012451,4.287075453,647.3579094,15.4385216,181.239228,1.436138441,29.13638552,428.1986409,1,428.0325777,417.7420856,14269.53122,1,10.62784115,34.10652816,19.81879336,5.283794485,9.953164378,0.520356215,0.113576665,4192.134071,7.607914063,79.7361979,82.22117374,92.54380538,320.6579818,158.4989891,413.1203426,0.413294717,15.5378662,86.74975223,3.258706468,0000000000000000234d,,
2017,Homs,Tall_Kalakh,1,582,0,582,1505.925,2587,1022,1309.4375,1281,2815.3625,0.061265386,1.382119937,1032.48493,27.41584346,213.4968276,1.371293035,28.50363662,371.8628808,1,462.9664108,731.0885938,12969.01022,1,86.9397267,27.77781,18.01251419,7.162801508,19.45254968,0.64264329,0.108790691,3765.015558,7.036198454,98.79338486,99.22077737,99.03297964,477.5920838,256.0800903,370.1287946,2.899572474,38.32373734,97.07134748,63.89144317,2353,,
2017,Hama,Hama,4,95,0,95,332.5,3500,0,0,0,332.5,0.227677668,4.733216797,502.6978465,13.51443671,192.7904067,1.455316559,28.89107986,399.9433813,1,367.8882638,396.2237952,13744.87399,1,25.04294796,30.40777168,19.09010276,6.610034608,10.63778025,0.444197245,0.085558307,3718.709948,7.530149647,82.32834509,91.74489953,85.83655979,235.3119059,199.991121,385.7041579,0.890006436,18.48653952,90.91369853,22.43352601,2345,,
2017,Hama,Al_Ghab,1,20285,0,20285,44120,2175,721,1207,1674,45327,0.049595436,1.643165164,1079.74481,30.52009952,139.7759455,1.347860465,28.59829587,349.5799349,1,352.189296,848.5657275,12643.14001,1,139.7020723,28.03588289,17.55991668,6.107155368,23.97590967,0.693589263,0.124332784,3536.815495,6.782044179,92.73480597,96.7970685,107.8779728,526.8466629,280.5196852,361.9957542,4.508295663,42.21571718,99.65761896,35.28868661,2342,,
2017,Idleb,Idleb,1,2835,0,2835,7401.828,2611,9460,12054.083,1274,19455.912,0.125820372,2.188331063,699.7883092,18.8519634,133.1604544,1.441830046,29.96636028,396.7139838,1,349.4829207,461.0293427,13442.13458,1,18.66965742,29.98230154,18.66963136,5.996925927,12.41262278,0.551505746,0.102885174,3711.018183,7.363514149,87.8828617,92.0940144,101.3297174,351.9420449,201.4720497,378.6673336,0.928862474,24.86059375,93.31639224,24.08243728,2358,,
2017,Idleb,Idleb,2,473,0,473,887.283,1875,2347,2519.537,1073,3406.82,0.125820372,2.188331063,699.7883092,18.8519634,133.1604544,1.441830046,29.96636028,396.7139838,1,349.4829207,461.0293427,13442.13458,1,18.66965742,29.98230154,18.66963136,5.996925927,12.41262278,0.551505746,0.102885174,3711.018183,7.363514149,87.8828617,92.0940144,101.3297174,351.9420449,201.4720497,378.6673336,0.928862474,24.86059375,93.31639224,24.08243728,2358,,
2017,Idleb,Idleb,3,496,0,496,831.649,1676,708,443.775,627,1275.425,0.125820372,2.188331063,699.7883092,18.8519634,133.1604544,1.441830046,29.96636028,396.7139838,1,349.4829207,461.0293427,13442.13458,1,18.66965742,29.98230154,18.66963136,5.996925927,12.41262278,0.551505746,0.102885174,3711.018183,7.363514149,87.8828617,92.0940144,101.3297174,351.9420449,201.4720497,378.6673336,0.928862474,24.86059375,93.31639224,24.08243728,2358,,
2017,Idleb,Harim,1,192,0,192,501.288,2610,1120,1427.122,1274,1928.41,0.076955511,1.744823344,849.0456405,23.74397938,208.4698796,1.397594182,27.2782689,356.5012631,1,400.6489695,478.5927023,12944.07632,1,91.8753057,29.14017067,17.97788378,5.603327071,13.41029625,0.464054265,0.072516677,3574.835487,7.125463716,95.81787612,85.25041958,110.5445179,419.4154683,243.3845318,396.2349649,3.52892128,34.93256475,97.26923557,7.104166667,2357,,
2017,Idleb,Al_Jisr_Ash_Shu,1,555,0,555,1449.035,2610,4060,5173.317,1274,6622.352,0.061795348,1.387996783,1012.122338,29.21148598,177.540447,1.380476929,27.89801472,304.6574213,1,349.3955892,584.1420856,12759.66216,1,101.3142959,28.03975952,17.721753,6.005570569,16.86286119,0.54668792,0.083235991,3463.809488,6.711311118,90.37703725,93.32480879,107.5192332,497.8067882,309.262822,377.4719518,3.793157673,40.90641577,98.73284,19.55376344,2354,,
2017,Idleb,Al_Ma'ra,1,794,0,794,2073.034,2610,1000,1000,1000,3073.034,0.219400577,2.789560748,597.5881948,16.33371239,161.5969773,1.44106543,30.50289991,387.8445436,1,426.7153644,398.7283549,13444.14409,1,29.05957912,30.13775519,18.67242235,5.921473039,10.90970961,0.483634117,0.087474128,3657.618326,7.422356298,85.92145674,94.28898897,91.87850598,291.4753592,211.8633148,395.4624714,1.089096217,21.8826255,93.30044374,2.740740741,2355,,
2017,Idleb,Al_Ma'ra,2,397,0,397,744.717,1875,3118,5643.463,1810,6388.18,0.219400577,2.789560748,597.5881948,16.33371239,161.5969773,1.44106543,30.50289991,387.8445436,1,426.7153644,398.7283549,13444.14409,1,29.05957912,30.13775519,18.67242235,5.921473039,10.90970961,0.483634117,0.087474128,3657.618326,7.422356298,85.92145674,94.28898897,91.87850598,291.4753592,211.8633148,395.4624714,1.089096217,21.8826255,93.30044374,2.740740741,2355,,
2017,Idleb,Al_Ma'ra,3,234,0,234,392.351,1676,680,426.225,627,818.575,0.219400577,2.789560748,597.5881948,16.33371239,161.5969773,1.44106543,30.50289991,387.8445436,1,426.7153644,398.7283549,13444.14409,1,29.05957912,30.13775519,18.67242235,5.921473039,10.90970961,0.483634117,0.087474128,3657.618326,7.422356298,85.92145674,94.28898897,91.87850598,291.4753592,211.8633148,395.4624714,1.089096217,21.8826255,93.30044374,2.740740741,2355,,
2017,Idleb,Ariha,1,314,0,314,819.814,2610,683,870.29,1274,1690.104,0.06189382,1.20144567,808.6157459,22.36020583,178.7756591,1.396585143,27.93576679,350.6523137,1,582.149967,454.2141576,12496.23267,1,87.67581128,28.37067888,17.35587871,5.124074158,12.57306268,0.410210616,0.062613605,3615.3162,7.15618642,94.79378601,97.12316556,102.7445699,403.6914824,264.1637633,380.2716742,2.592602428,31.56046909,99.1764498,35.35190616,2356,,
2017,Idleb,Khan_Sheikhun,1,0,0,0,0,0,4500,4500,1000,4500,0.109173126,1.862431522,793.4320457,22.1002694,171.9086835,1.411510346,28.71626212,359.2739051,1,421.6785622,475.3413286,13017.24996,1,65.71892988,29.13413316,18.07951384,5.730274153,13.2337105,0.491218533,0.081745115,3604.519537,7.15576634,90.95860356,92.41627946,102.8033089,392.8662286,246.0292963,385.6216792,2.386528014,30.82853377,96.35907227,17.76660286,,,
2017,Idleb,Khan_Sheikhun,2,0,0,0,0,0,2139,1508,705,1508,0.109173126,1.862431522,793.4320457,22.1002694,171.9086835,1.411510346,28.71626212,359.2739051,1,421.6785622,475.3413286,13017.24996,1,65.71892988,29.13413316,18.07951384,5.730274153,13.2337105,0.491218533,0.081745115,3604.519537,7.15576634,90.95860356,92.41627946,102.8033089,392.8662286,246.0292963,385.6216792,2.386528014,30.82853377,96.35907227,17.76660286,,,
2017,Tartous,Tartous,1,2009,0,2009,6216,3094,14,15,1071,6231,0.049162657,1.417978043,1204.997703,31.91767703,226.602822,1.337365278,24.38800112,328.0083572,1,151.3380759,891.9098431,13793.33979,1,85.26540945,27.44333477,19.15741637,9.890619045,23.65893448,0.600436279,0.07134132,3774.330211,6.801489796,93.38299321,96.96830669,103.8358892,577.3614551,293.3316743,364.969705,1.987711269,46.76351549,90.52904929,64.49344978,2365,,
2017,Tartous,Banyas,1,0,0,0,0,0,47,59,1255,59,0.064347484,1.259569202,1385.413617,36.99853682,227.2029485,1.248880866,25.12215029,311.6023136,1,597.2024401,849.5937597,12089.20894,1,239.5189203,26.29028104,16.79056797,6.575398882,22.69503916,0.581284183,0.053441023,3743.509204,6.402940695,80.09802315,99.97659923,102.8920064,680.5744999,311.2379664,363.3411414,4.321198421,51.28226288,95.94610269,78.70526316,2361,,
2017,Tartous,Safita,1,71,0,71,112,1577,146,100,685,212,0.047070335,1.157636077,1384.653811,37.61045667,212.2246192,1.350786518,24.81991989,329.6296751,1,294.0703481,811.5213606,13427.40259,1,85.74052064,27.72325553,18.64917026,8.62756695,22.06293959,0.610954202,0.069576024,3680.56607,6.807968775,93.59895915,97.81065997,105.2194485,665.2769691,291.9812893,377.4132804,2.351750182,44.6094789,93.43331279,76.62715679,2363,,
2017,Tartous,Dreikisch,1,0,0,0,0,0,0,0,0,0,0.020699473,0.796408619,1386.801741,37.17466359,216.934763,1.299036482,24.8601254,322.079217,1,504.6634677,878.7719963,12681.11269,1,163.4163054,26.8689636,17.61265652,7.513387628,23.55671242,0.62045357,0.053221259,3729.502462,6.512992812,83.76642708,97.89870184,103.1306733,665.8319159,306.9629607,371.5972167,3.497485148,47.28655449,99.35624847,23.43243243,2362,,
2017,Tartous,Sheikh_Badr,1,0,0,0,0,0,254,291,1146,291,0.0373259,1.003571401,1360.631842,36.42700601,219.4652153,1.304121142,24.82237263,321.6588278,1,407.1159663,857.8334123,12906.42109,1,154.5873703,26.96469389,17.92558485,8.026800465,22.96799508,0.60274559,0.059019726,3735.396546,6.587843617,86.26145388,98.20982181,103.7081127,657.5625927,302.2905226,370.5696379,3.164125443,48.74926315,95.75935763,48.78499377,,,
2017,Lattakia,Al_Hafa,1,0,0,0,2052,0,0,0,0,2052,0.056619889,1.298629777,1512.65348,42.65077422,251.0029312,1.264981734,25.51066723,281.7179779,1,615.8606536,898.7173671,12134.12416,1,289.7612345,26.67729595,16.85295022,5.938313263,25.351842,0.627945574,0.056258349,3545.602629,6.168576676,72.28588919,91.05795662,120.1402966,734.4419222,357.4897846,356.8800356,4.643245661,56.30098333,96.30257268,75.1082544,2359,,
2017,Lattakia,Jablah,1,0,0,0,0,0,68,87,1279,87,0.056903002,1.06433536,1443.280746,39.99849295,242.7106218,1.288362214,25.18450697,312.336117,1,539.9002309,826.1870554,12313.31125,1,269.6827043,26.54784112,17.10182118,6.846603011,22.87809636,0.589588423,0.055077905,3607.337813,6.394601508,79.82005026,95.44448462,105.2086794,707.7216601,319.9496365,362.0527367,4.337486611,50.9748085,97.72469246,69.6122449,0000000000000000235b,,
2017,Aleppo,A'zaz,1,1811,0,1811,7244,4000,14131,7772.05,550,15016.05,0.121728487,2.146811382,533.5452001,13.71644413,180.5676029,1.396196968,30.36538609,429.7996425,1,481.8095159,445.8335286,13118.75101,1,12.33630082,30.78934935,18.22048751,4.83242902,11.46688157,0.554917883,0.106540471,3888.821552,7.471901984,84.26993387,88.01514943,93.61588407,279.1852581,165.5478602,396.9674719,0.559398203,24.25735487,95.8829285,30.7875817,2325,,
2017,Aleppo,A'zaz,2,298,0,298,931.25,3125,3040,1398.4,460,2329.65,0.121728487,2.146811382,533.5452001,13.71644413,180.5676029,1.396196968,30.36538609,429.7996425,1,481.8095159,445.8335286,13118.75101,1,12.33630082,30.78934935,18.22048751,4.83242902,11.46688157,0.554917883,0.106540471,3888.821552,7.471901984,84.26993387,88.01514943,93.61588407,279.1852581,165.5478602,396.9674719,0.559398203,24.25735487,95.8829285,30.7875817,2325,,
2017,Aleppo,Afrin,1,800,0,800,3200,4000,3903,5109.027,1309,8309.027,0.194810459,2.230856022,805.8792511,21.75576638,184.8305861,1.371035123,25.51170824,404.3181051,1,493.5760545,459.2896929,12658.80048,1,89.965976,29.70228461,17.58166733,4.795002485,12.40830067,0.425113381,0.056415157,3703.209896,7.198506433,93.3831189,85.23831156,104.3820711,404.2592088,192.8950466,401.4796676,3.206478872,32.26458622,99.53332954,72.67440361,2326,,
2017,Aleppo,Jarablus,2,1558,0,1558,4000,2567,4000,4600,1150,8600,0.056313267,1.389591551,453.8857573,11.63741288,123.911363,1.374076188,31.59740814,433.9335195,1,453.0262094,329.7881786,13594.58949,1,19.54434174,32.98343954,18.8813743,4.449582343,8.462889068,0.369187908,0.062019859,3899.229046,7.473535251,84.21549162,83.65431282,89.12897259,235.8803656,151.8135123,395.6820817,0.731704106,17.89025411,92.10643258,86.86344794,0000000000000000232a,,
2017,Aleppo,Al_Bab,1,0,0,0,0,0,0,0,0,0,0.223794265,2.70647827,409.032372,10.62149779,171.3158859,1.361738999,28.32570189,404.137529,1,440.5998951,360.997914,13619.11947,1,12.48017986,31.6086672,18.91544371,5.19195271,9.373968806,0.384380918,0.07180707,3849.985804,7.526863486,82.4378838,88.48264775,86.01735744,214.0650289,172.3288421,394.8106379,0.536196258,18.97472913,91.91175025,57.38811081,2328,,
2017,Aleppo,Al_Bab,2,1243,0,1243,2921.05,2350,821,1232.1,1500,4153.15,0.223794265,2.70647827,409.032372,10.62149779,171.3158859,1.361738999,28.32570189,404.137529,1,440.5998951,360.997914,13619.11947,1,12.48017986,31.6086672,18.91544371,5.19195271,9.373968806,0.384380918,0.07180707,3849.985804,7.526863486,82.4378838,88.48264775,86.01735744,214.0650289,172.3288421,394.8106379,0.536196258,18.97472913,91.91175025,57.38811081,2328,,
2017,Aleppo,Al_Bab,3,0,0,0,0,0,0,0,0,0,0.223794265,2.70647827,409.032372,10.62149779,171.3158859,1.361738999,28.32570189,404.137529,1,440.5998951,360.997914,13619.11947,1,12.48017986,31.6086672,18.91544371,5.19195271,9.373968806,0.384380918,0.07180707,3849.985804,7.526863486,82.4378838,88.48264775,86.01735744,214.0650289,172.3288421,394.8106379,0.536196258,18.97472913,91.91175025,57.38811081,2328,,
2017,Aleppo,Al_Bab,4,0,0,0,0,0,0,0,0,0,0.223794265,2.70647827,409.032372,10.62149779,171.3158859,1.361738999,28.32570189,404.137529,1,440.5998951,360.997914,13619.11947,1,12.48017986,31.6086672,18.91544371,5.19195271,9.373968806,0.384380918,0.07180707,3849.985804,7.526863486,82.4378838,88.48264775,86.01735744,214.0650289,172.3288421,394.8106379,0.536196258,18.97472913,91.91175025,57.38811081,2328,,
2017,Aleppo,Menbij,2,1364,0,1364,2728,2000,6700,6700,1000,9428,0.476099108,4.018173677,344.9720028,8.798301028,173.279788,1.406754586,24.018397,332.4689528,1,397.1956572,312.2381767,14040.01848,1,17.60715977,32.24169433,19.50002566,5.759849843,7.964957172,0.291928666,0.048172673,3919.893382,7.618434657,79.38551142,84.39298649,82.22864442,180.6476239,198.2878033,437.4207931,0.49517755,12.11218955,88.57128192,92.68040719,0000000000000000232c,,
2017,Aleppo,Menbij,3,1361,0,1361,2721.2,2000,0,0,0,2721.2,0.476099108,4.018173677,344.9720028,8.798301028,173.279788,1.406754586,24.018397,332.4689528,1,397.1956572,312.2381767,14040.01848,1,17.60715977,32.24169433,19.50002566,5.759849843,7.964957172,0.291928666,0.048172673,3919.893382,7.618434657,79.38551142,84.39298649,82.22864442,180.6476239,198.2878033,437.4207931,0.49517755,12.11218955,88.57128192,92.68040719,0000000000000000232c,,
2017,Aleppo,Menbij,4,27636,0,27636,55271,2000,0,0,0,55271,0.476099108,4.018173677,344.9720028,8.798301028,173.279788,1.406754586,24.018397,332.4689528,1,397.1956572,312.2381767,14040.01848,1,17.60715977,32.24169433,19.50002566,5.759849843,7.964957172,0.291928666,0.048172673,3919.893382,7.618434657,79.38551142,84.39298649,82.22864442,180.6476239,198.2878033,437.4207931,0.49517755,12.11218955,88.57128192,92.68040719,0000000000000000232c,,
2017,Aleppo,Menbij,5,4155,0,4155,4155,1000,0,0,0,4155,0.476099108,4.018173677,344.9720028,8.798301028,173.279788,1.406754586,24.018397,332.4689528,1,397.1956572,312.2381767,14040.01848,1,17.60715977,32.24169433,19.50002566,5.759849843,7.964957172,0.291928666,0.048172673,3919.893382,7.618434657,79.38551142,84.39298649,82.22864442,180.6476239,198.2878033,437.4207931,0.49517755,12.11218955,88.57128192,92.68040719,0000000000000000232c,,
2017,Aleppo,Ain_Al_Arab,2,8897,0,8897,17795.8,2000,41332,41331.9,1000,59127.7,0.285146327,2.615456939,466.2733065,11.36534399,180.1352135,1.344070296,29.15984317,412.5287694,1,457.6511594,294.9322478,13872.55425,1,40.7417743,33.32412961,19.26743645,4.702163923,7.196976599,0.351433549,0.067542647,4101.588598,7.452704986,84.90983381,83.4122809,91.98365073,247.7003945,160.737883,374.9119357,1.026508894,16.80178945,89.90036312,86.06697787,2327,,
2017,Aleppo,Ain_Al_Arab,3,1844,0,1844,3687,2000,4701,4700.5,1000,8387.5,0.285146327,2.615456939,466.2733065,11.36534399,180.1352135,1.344070296,29.15984317,412.5287694,1,457.6511594,294.9322478,13872.55425,1,40.7417743,33.32412961,19.26743645,4.702163923,7.196976599,0.351433549,0.067542647,4101.588598,7.452704986,84.90983381,83.4122809,91.98365073,247.7003945,160.737883,374.9119357,1.026508894,16.80178945,89.90036312,86.06697787,2327,,
2017,Aleppo,Jebel_Saman,1,1418,0,1418,2836,2000,1631,1631,1000,4467,0.320135248,3.90953411,478.6761908,12.78309247,185.7492815,1.399045613,26.85095306,367.0160671,1,348.6130778,387.1280012,13799.08857,1,24.0041333,31.00464418,19.1654008,5.996780041,10.33045719,0.405257798,0.07349412,3743.603991,7.511498758,82.95004141,88.50641205,88.13627148,242.5714848,183.2856532,401.209007,0.780531933,17.98196178,90.48342403,28.18423019,0000000000000000232b,,
2017,Aleppo,Jebel_Saman,2,9990,0,9990,21878.1,2190,5006,5581.69,1115,27459.79,0.320135248,3.90953411,478.6761908,12.78309247,185.7492815,1.399045613,26.85095306,367.0160671,1,348.6130778,387.1280012,13799.08857,1,24.0041333,31.00464418,19.1654008,5.996780041,10.33045719,0.405257798,0.07349412,3743.603991,7.511498758,82.95004141,88.50641205,88.13627148,242.5714848,183.2856532,401.209007,0.780531933,17.98196178,90.48342403,28.18423019,0000000000000000232b,,
2017,Aleppo,Jebel_Saman,3,1687,0,1687,2530.5,1500,4612,2306.5,500,4837,0.320135248,3.90953411,478.6761908,12.78309247,185.7492815,1.399045613,26.85095306,367.0160671,1,348.6130778,387.1280012,13799.08857,1,24.0041333,31.00464418,19.1654008,5.996780041,10.33045719,0.405257798,0.07349412,3743.603991,7.511498758,82.95004141,88.50641205,88.13627148,242.5714848,183.2856532,401.209007,0.780531933,17.98196178,90.48342403,28.18423019,0000000000000000232b,,
2017,Aleppo,Jebel_Saman,4,405,0,405,0,0,0,0,0,0,0.320135248,3.90953411,478.6761908,12.78309247,185.7492815,1.399045613,26.85095306,367.0160671,1,348.6130778,387.1280012,13799.08857,1,24.0041333,31.00464418,19.1654008,5.996780041,10.33045719,0.405257798,0.07349412,3743.603991,7.511498758,82.95004141,88.50641205,88.13627148,242.5714848,183.2856532,401.209007,0.780531933,17.98196178,90.48342403,28.18423019,0000000000000000232b,,
2017,Aleppo,As_Safira,2,611,0,611,1523.447,2493,1904,441.774,232,1965.221,0.226229514,2.727688396,333.4874851,8.737524628,194.0542344,1.456944439,23.81607607,339.9130212,1,386.7828001,324.9070116,14024.20249,1,58.56984464,31.55489717,19.47805901,6.165249136,8.506459117,0.307279933,0.049991446,3815.727269,7.634697244,78.8434252,88.55119977,76.60119267,168.6939215,209.796782,447.6738108,1.021027812,12.3940763,88.69680564,61.3127161,2329,,
2017,Aleppo,As_Safira,3,2908,0,2908,6906.5,2375,562,119.749,213,7026.249,0.226229514,2.727688396,333.4874851,8.737524628,194.0542344,1.456944439,23.81607607,339.9130212,1,386.7828001,324.9070116,14024.20249,1,58.56984464,31.55489717,19.47805901,6.165249136,8.506459117,0.307279933,0.049991446,3815.727269,7.634697244,78.8434252,88.55119977,76.60119267,168.6939215,209.796782,447.6738108,1.021027812,12.3940763,88.69680564,61.3127161,2329,,
2017,Aleppo,As_Safira,4,75,0,75,75.3,1004,15,0,0,75.3,0.226229514,2.727688396,333.4874851,8.737524628,194.0542344,1.456944439,23.81607607,339.9130212,1,386.7828001,324.9070116,14024.20249,1,58.56984464,31.55489717,19.47805901,6.165249136,8.506459117,0.307279933,0.049991446,3815.727269,7.634697244,78.8434252,88.55119977,76.60119267,168.6939215,209.796782,447.6738108,1.021027812,12.3940763,88.69680564,61.3127161,2329,,
2017,Aleppo,As_Safira,5,0,0,0,0,0,0,0,0,0,0.226229514,2.727688396,333.4874851,8.737524628,194.0542344,1.456944439,23.81607607,339.9130212,1,386.7828001,324.9070116,14024.20249,1,58.56984464,31.55489717,19.47805901,6.165249136,8.506459117,0.307279933,0.049991446,3815.727269,7.634697244,78.8434252,88.55119977,76.60119267,168.6939215,209.796782,447.6738108,1.021027812,12.3940763,88.69680564,61.3127161,2329,,
2017,Aleppo,Al_Atarib,1,426,0,426,1278,3000,680,1700,2500,2978,0.238032084,2.718073793,478.2189457,12.42692291,174.2304944,1.388732777,27.45568421,390.5144508,1,432.4067962,364.3893439,13590.89053,1,34.4062138,31.65113825,18.87623685,5.236626188,9.463861274,0.386187505,0.06699793,3865.257442,7.48601785,83.799405,86.2816626,89.01175556,246.6254108,179.3366728,406.2694257,1.044627954,19.08461768,92.13578945,64.49473443,,,
2017,Aleppo,Dayr_Hafir,2,0,0,0,0,0,0,0,0,0,0.238032084,2.718073793,478.2189457,12.42692291,174.2304944,1.388732777,27.45568421,390.5144508,1,432.4067962,364.3893439,13590.89053,1,34.4062138,31.65113825,18.87623685,5.236626188,9.463861274,0.386187505,0.06699793,3865.257442,7.48601785,83.799405,86.2816626,89.01175556,246.6254108,179.3366728,406.2694257,1.044627954,19.08461768,92.13578945,64.49473443,,,
2017,Aleppo,Dayr_Hafir,4,0,0,0,0,0,0,0,0,0,0.238032084,2.718073793,478.2189457,12.42692291,174.2304944,1.388732777,27.45568421,390.5144508,1,432.4067962,364.3893439,13590.89053,1,34.4062138,31.65113825,18.87623685,5.236626188,9.463861274,0.386187505,0.06699793,3865.257442,7.48601785,83.799405,86.2816626,89.01175556,246.6254108,179.3366728,406.2694257,1.044627954,19.08461768,92.13578945,64.49473443,,,
2017,Raqqa,Raqqa,3,0,0,0,0,0,0,0,0,0,1.050201469,5.964680642,294.6496674,6.998968751,176.8215937,1.445777656,18.21052889,260.1565394,1,346.2123061,314.3700515,14551.09548,1,26.05879584,33.28119687,20.20985484,6.130696197,7.476816575,0.198517392,0.026186916,4208.90117,7.943602406,68.54658646,84.38291269,78.74798864,151.2088251,252.812006,466.2953785,0.418199141,7.517291598,84.5151152,89.8962532,0000000000000000235e,,
2017,Raqqa,Raqqa,4,0,0,0,0,0,0,0,0,0,1.050201469,5.964680642,294.6496674,6.998968751,176.8215937,1.445777656,18.21052889,260.1565394,1,346.2123061,314.3700515,14551.09548,1,26.05879584,33.28119687,20.20985484,6.130696197,7.476816575,0.198517392,0.026186916,4208.90117,7.943602406,68.54658646,84.38291269,78.74798864,151.2088251,252.812006,466.2953785,0.418199141,7.517291598,84.5151152,89.8962532,0000000000000000235e,,
2017,Raqqa,Raqqa,5,0,0,0,0,0,0,0,0,0,1.050201469,5.964680642,294.6496674,6.998968751,176.8215937,1.445777656,18.21052889,260.1565394,1,346.2123061,314.3700515,14551.09548,1,26.05879584,33.28119687,20.20985484,6.130696197,7.476816575,0.198517392,0.026186916,4208.90117,7.943602406,68.54658646,84.38291269,78.74798864,151.2088251,252.812006,466.2953785,0.418199141,7.517291598,84.5151152,89.8962532,0000000000000000235e,,
2017,Raqqa,Tell_Abiad,2,0,0,0,0,0,0,0,0,0,0.478825179,3.735158564,420.4467019,10.01944564,188.9206138,1.450549568,27.03711738,400.1496788,1,371.821103,277.905023,14502.55752,1,11.17783109,34.27168337,20.142441,5.362521939,6.628756766,0.265193546,0.042322033,4195.307033,7.789701512,73.67661628,83.27397216,86.66689292,215.9948752,163.0030389,436.503596,0.353533461,11.88417515,84.90033715,33.28514589,2360,,
2017,Raqqa,Tell_Abiad,3,0,0,0,0,0,0,0,0,0,0.478825179,3.735158564,420.4467019,10.01944564,188.9206138,1.450549568,27.03711738,400.1496788,1,371.821103,277.905023,14502.55752,1,11.17783109,34.27168337,20.142441,5.362521939,6.628756766,0.265193546,0.042322033,4195.307033,7.789701512,73.67661628,83.27397216,86.66689292,215.9948752,163.0030389,436.503596,0.353533461,11.88417515,84.90033715,33.28514589,2360,,
2017,Raqqa,Tell_Abiad,4,0,0,0,0,0,0,0,0,0,0.478825179,3.735158564,420.4467019,10.01944564,188.9206138,1.450549568,27.03711738,400.1496788,1,371.821103,277.905023,14502.55752,1,11.17783109,34.27168337,20.142441,5.362521939,6.628756766,0.265193546,0.042322033,4195.307033,7.789701512,73.67661628,83.27397216,86.66689292,215.9948752,163.0030389,436.503596,0.353533461,11.88417515,84.90033715,33.28514589,2360,,
2017,Raqqa,Tabqat,3,0,0,0,0,0,0,0,0,0,0.166312937,1.915996577,306.5280592,7.505007801,159.7684893,1.190950364,17.04136252,252.4603217,1,365.9192606,269.9806208,14265.91475,1,14.81675015,32.46068253,19.81377049,5.955666192,6.613062105,0.242241153,0.04716522,4083.313666,7.560426275,81.31912416,82.7751291,84.1273305,164.2686591,193.9123706,366.1195327,0.562168467,8.629667024,86.77845434,97.73904029,0000000000000000235f,,
2017,Raqqa,Tabqat,4,0,0,0,0,0,0,0,0,0,0.166312937,1.915996577,306.5280592,7.505007801,159.7684893,1.190950364,17.04136252,252.4603217,1,365.9192606,269.9806208,14265.91475,1,14.81675015,32.46068253,19.81377049,5.955666192,6.613062105,0.242241153,0.04716522,4083.313666,7.560426275,81.31912416,82.7751291,84.1273305,164.2686591,193.9123706,366.1195327,0.562168467,8.629667024,86.77845434,97.73904029,0000000000000000235f,,
2017,Raqqa,Tabqat,5,0,0,0,0,0,0,0,0,0,0.166312937,1.915996577,306.5280592,7.505007801,159.7684893,1.190950364,17.04136252,252.4603217,1,365.9192606,269.9806208,14265.91475,1,14.81675015,32.46068253,19.81377049,5.955666192,6.613062105,0.242241153,0.04716522,4083.313666,7.560426275,81.31912416,82.7751291,84.1273305,164.2686591,193.9123706,366.1195327,0.562168467,8.629667024,86.77845434,97.73904029,0000000000000000235f,,
2017,Dayr_Az_Zor,Dayr_Az_Zor,4,0,0,0,0,0,0,0,0,0,1.527438458,6.266817637,307.7688221,6.812869826,160.6562038,1.475571533,17.45613594,279.0580926,1,311.6110564,290.1124602,15193.76658,1,24.94088817,34.9330633,21.10245359,6.176250672,6.434525595,0.15890923,0.018257966,4516.462244,7.945084905,68.49716985,96.06308585,72.52393863,152.8980536,267.81461,453.5383851,0.441646162,7.406680906,79.41455093,59.82997528,2341,,
2017,Dayr_Az_Zor,Dayr_Az_Zor,5,0,0,0,0,0,0,0,0,0,1.527438458,6.266817637,307.7688221,6.812869826,160.6562038,1.475571533,17.45613594,279.0580926,1,311.6110564,290.1124602,15193.76658,1,24.94088817,34.9330633,21.10245359,6.176250672,6.434525595,0.15890923,0.018257966,4516.462244,7.945084905,68.49716985,96.06308585,72.52393863,152.8980536,267.81461,453.5383851,0.441646162,7.406680906,79.41455093,59.82997528,2341,,
2017,Dayr_Az_Zor,Al_Mayadin,5,0,0,0,0,0,0,0,0,0,0.846879854,4.706853339,282.1333629,6.115952727,106.9848781,1.464284982,15.16950876,321.6518012,1,284.7469964,307.0258949,15535.17712,1,13.44925992,35.28347941,21.57663489,7.009375883,6.66775301,0.159438203,0.013207652,4612.072984,7.935538403,68.81538657,97.76326961,68.86984909,135.1162907,226.8776377,452.2255759,0.231444592,7.050522461,76.70494351,65.76879408,2340,,
2017,Dayr_Az_Zor,Abu_Kamal,5,0,0,0,0,0,0,0,0,0,0.326690195,2.534252196,308.5074273,6.580450851,145.9024177,1.474952341,15.51213228,316.9541986,1,199.0450865,276.8571501,16032.98875,1,17.05196237,36.28927474,22.26803993,7.269320218,5.913528805,0.168943447,0.018409802,4687.241493,7.914785937,69.50713545,102.0289785,72.52771214,142.0644387,210.3167699,473.4703945,0.275403663,8.147721895,72.75405752,64.43444099,0000000000000000233f,,
2017,Hassakeh,Hassakeh,1,710,0,710,1810.5,2550,2750,3437.5,1250,5248,1.234999017,5.292191536,505.8976836,11.38613215,179.2026918,1.453912692,22.75778998,312.1287676,1,352.2277754,291.2840379,15035.03125,1,19.1175947,35.3967448,20.88198784,5.870771411,6.560743505,0.289549195,0.04945112,4442.103917,7.76640865,74.453045,96.47748238,83.3574781,250.3479121,232.8497925,449.1236429,0.493960645,10.83503123,80.67435519,55.44769984,0000000000000000234b,,
2017,Hassakeh,Hassakeh,2,3210,0,3210,6672.21,2078.57,24750,22964.535,927.86,29636.745,1.234999017,5.292191536,505.8976836,11.38613215,179.2026918,1.453912692,22.75778998,312.1287676,1,352.2277754,291.2840379,15035.03125,1,19.1175947,35.3967448,20.88198784,5.870771411,6.560743505,0.289549195,0.04945112,4442.103917,7.76640865,74.453045,96.47748238,83.3574781,250.3479121,232.8497925,449.1236429,0.493960645,10.83503123,80.67435519,55.44769984,0000000000000000234b,,
2017,Hassakeh,Hassakeh,3,1480,0,1480,2849,1925,6000,3682.5,613.75,6531.5,1.234999017,5.292191536,505.8976836,11.38613215,179.2026918,1.453912692,22.75778998,312.1287676,1,352.2277754,291.2840379,15035.03125,1,19.1175947,35.3967448,20.88198784,5.870771411,6.560743505,0.289549195,0.04945112,4442.103917,7.76640865,74.453045,96.47748238,83.3574781,250.3479121,232.8497925,449.1236429,0.493960645,10.83503123,80.67435519,55.44769984,0000000000000000234b,,
2017,Hassakeh,Hassakeh,4,2450,0,2450,4655,1900,1900,0,0,4655,1.234999017,5.292191536,505.8976836,11.38613215,179.2026918,1.453912692,22.75778998,312.1287676,1,352.2277754,291.2840379,15035.03125,1,19.1175947,35.3967448,20.88198784,5.870771411,6.560743505,0.289549195,0.04945112,4442.103917,7.76640865,74.453045,96.47748238,83.3574781,250.3479121,232.8497925,449.1236429,0.493960645,10.83503123,80.67435519,55.44769984,0000000000000000234b,,
2017,Hassakeh,Hassakeh,5,1100,0,1100,1980,1800,0,0,0,1980,1.234999017,5.292191536,505.8976836,11.38613215,179.2026918,1.453912692,22.75778998,312.1287676,1,352.2277754,291.2840379,15035.03125,1,19.1175947,35.3967448,20.88198784,5.870771411,6.560743505,0.289549195,0.04945112,4442.103917,7.76640865,74.453045,96.47748238,83.3574781,250.3479121,232.8497925,449.1236429,0.493960645,10.83503123,80.67435519,55.44769984,0000000000000000234b,,
2017,Hassakeh,Quamishli,1,13100,0,13100,31199.877,2381.67,53000,67133.51,1266.67,98333.387,0.384508781,3.376182941,819.4289095,18.28401005,189.6343908,1.4227755,32.71215887,381.6987929,1,387.3408823,370.1947529,14558.86174,1,4.224880292,35.3327915,20.2206413,5.39578904,8.275566082,0.570751575,0.127843608,4480.669541,7.499177245,83.3607585,94.11423151,94.34968929,395.0126981,188.6721752,424.1715544,0.236333983,15.93920513,84.45347828,2.151515152,0000000000000000234c,,
2017,Hassakeh,Quamishli,2,2850,0,2850,5956.5,2090,10900,10173.297,933.33,16129.797,0.384508781,3.376182941,819.4289095,18.28401005,189.6343908,1.4227755,32.71215887,381.6987929,1,387.3408823,370.1947529,14558.86174,1,4.224880292,35.3327915,20.2206413,5.39578904,8.275566082,0.570751575,0.127843608,4480.669541,7.499177245,83.3607585,94.11423151,94.34968929,395.0126981,188.6721752,424.1715544,0.236333983,15.93920513,84.45347828,2.151515152,0000000000000000234c,,
2017,Hassakeh,Quamishli,3,1450,0,1450,2900,2000,1400,0,0,2900,0.384508781,3.376182941,819.4289095,18.28401005,189.6343908,1.4227755,32.71215887,381.6987929,1,387.3408823,370.1947529,14558.86174,1,4.224880292,35.3327915,20.2206413,5.39578904,8.275566082,0.570751575,0.127843608,4480.669541,7.499177245,83.3607585,94.11423151,94.34968929,395.0126981,188.6721752,424.1715544,0.236333983,15.93920513,84.45347828,2.151515152,0000000000000000234c,,
2017,Hassakeh,Al_Malika,1,6450,0,6450,19672.5,3050,46500,72656.25,1562.5,92328.75,0.273788898,2.626098262,1029.865881,22.39948564,177.7179584,1.393407522,35.81191186,396.1542193,1,442.2589019,410.2791276,13960.53543,1,11.47143655,34.69045924,19.38963255,4.721658469,8.927509084,0.610726668,0.144392744,4596.721116,7.401004555,86.63318149,97.68044405,95.02900876,473.383242,182.2285639,417.2135132,0.627665989,23.0979689,89.20209973,71.48066457,0000000000000000234a,,
2017,Hassakeh,Al_Malika,2,150,0,150,352.5,2350,3500,4200,1200,4552.5,0.273788898,2.626098262,1029.865881,22.39948564,177.7179584,1.393407522,35.81191186,396.1542193,1,442.2589019,410.2791276,13960.53543,1,11.47143655,34.69045924,19.38963255,4.721658469,8.927509084,0.610726668,0.144392744,4596.721116,7.401004555,86.63318149,97.68044405,95.02900876,473.383242,182.2285639,417.2135132,0.627665989,23.0979689,89.20209973,71.48066457,0000000000000000234a,,
2017,Hassakeh,Al_Malika,3,50,0,50,110,2200,400,360,900,470,0.273788898,2.626098262,1029.865881,22.39948564,177.7179584,1.393407522,35.81191186,396.1542193,1,442.2589019,410.2791276,13960.53543,1,11.47143655,34.69045924,19.38963255,4.721658469,8.927509084,0.610726668,0.144392744,4596.721116,7.401004555,86.63318149,97.68044405,95.02900876,473.383242,182.2285639,417.2135132,0.627665989,23.0979689,89.20209973,71.48066457,0000000000000000234a,,
2017,Hassakeh,Ras_Al_Ain,1,13500,0,13500,31050,2300,15800,21330,1350,52380,0.383012451,4.287075453,583.1515364,13.39965542,181.239228,1.436138441,29.13638552,428.1986409,1,428.0325777,369.6523591,14367.46024,1,10.62784115,34.65490354,19.95480588,5.079311835,8.484859368,0.487104047,0.098564985,4350.989048,7.607914063,79.7361979,87.98980685,90.05291833,299.3722223,158.4989891,413.1203426,0.413294717,15.5378662,85.97253781,3.258706468,0000000000000000234d,,
2017,Hassakeh,Ras_Al_Ain,2,16900,0,16900,37180,2200,36100,10943.33,303.14,48123.33,0.383012451,4.287075453,583.1515364,13.39965542,181.239228,1.436138441,29.13638552,428.1986409,1,428.0325777,369.6523591,14367.46024,1,10.62784115,34.65490354,19.95480588,5.079311835,8.484859368,0.487104047,0.098564985,4350.989048,7.607914063,79.7361979,87.98980685,90.05291833,299.3722223,158.4989891,413.1203426,0.413294717,15.5378662,85.97253781,3.258706468,0000000000000000234d,,
2017,Hassakeh,Ras_Al_Ain,3,250,0,250,341.668,1366.67,6500,0,0,341.668,0.383012451,4.287075453,583.1515364,13.39965542,181.239228,1.436138441,29.13638552,428.1986409,1,428.0325777,369.6523591,14367.46024,1,10.62784115,34.65490354,19.95480588,5.079311835,8.484859368,0.487104047,0.098564985,4350.989048,7.607914063,79.7361979,87.98980685,90.05291833,299.3722223,158.4989891,413.1203426,0.413294717,15.5378662,85.97253781,3.258706468,0000000000000000234d,,
2017,Hassakeh,Ras_Al_Ain,4,100,0,100,195,1950,0,0,0,195,0.383012451,4.287075453,583.1515364,13.39965542,181.239228,1.436138441,29.13638552,428.1986409,1,428.0325777,369.6523591,14367.46024,1,10.62784115,34.65490354,19.95480588,5.079311835,8.484859368,0.487104047,0.098564985,4350.989048,7.607914063,79.7361979,87.98980685,90.05291833,299.3722223,158.4989891,413.1203426,0.413294717,15.5378662,85.97253781,3.258706468,0000000000000000234d,,
2019,Homs,Tall_Kalakh,1,0,0,0,0,0,0,0,0,0,0.061265386,1.382119937,1911.5034,53.22286983,213.4968276,1.371293035,28.50363662,371.8628808,1,462.9664108,807.2065882,13193.60101,1,86.9397267,26.255138,18.32444584,8.513968152,22.49492735,0.712460975,0.124366366,3590.507571,7.036198454,98.79338486,104.9846043,104.4267567,1073.97855,256.0800903,370.1287946,2.899572474,38.32373734,95.28888091,63.89144317,2353,,
2019,Hama,Hama,2,0,0,0,0,0,0,0,0,0,0.227677668,4.733216797,813.5649518,23.20506401,192.7904067,1.455316559,28.89107986,399.9433813,1,367.8882638,465.4612209,13818.08184,1,25.04294796,28.38143635,19.19178034,7.830479314,13.26410854,0.616048756,0.141737013,3504.980209,7.530149647,82.32834509,87.98103966,97.56844935,418.6968933,199.991121,385.7041579,0.890006436,18.48653952,90.33268379,22.43352601,2345,,
2019,Hama,Hama,3,30,0,30,90,3000,0,0,0,90,0.227677668,4.733216797,813.5649518,23.20506401,192.7904067,1.455316559,28.89107986,399.9433813,1,367.8882638,465.4612209,13818.08184,1,25.04294796,28.38143635,19.19178034,7.830479314,13.26410854,0.616048756,0.141737013,3504.980209,7.530149647,82.32834509,87.98103966,97.56844935,418.6968933,199.991121,385.7041579,0.890006436,18.48653952,90.33268379,22.43352601,2345,,
2019,Hama,Hama,4,130,0,130,358,2754,0,0,0,358,0.227677668,4.733216797,813.5649518,23.20506401,192.7904067,1.455316559,28.89107986,399.9433813,1,367.8882638,465.4612209,13818.08184,1,25.04294796,28.38143635,19.19178034,7.830479314,13.26410854,0.616048756,0.141737013,3504.980209,7.530149647,82.32834509,87.98103966,97.56844935,418.6968933,199.991121,385.7041579,0.890006436,18.48653952,90.33268379,22.43352601,2345,,
2019,Hama,Al_Ghab,1,5155,0,5155,14664,2845,115,217.925,1895,14881.925,0.049595436,1.643165164,1809.837733,53.52371729,139.7759455,1.347860465,28.59829587,349.5799349,1,352.189296,921.8680202,12871.37971,1,139.7020723,26.41515541,17.87691627,7.293097794,27.2378979,0.723227677,0.128946083,3380.375257,6.782044179,92.73480597,99.34443711,111.9221485,897.7995326,280.5196852,361.9957542,4.508295663,42.21571718,97.84619277,35.28868661,2342,,
2019,Idleb,Idleb,1,3080,0,3080,5540,1799,9260,8110,876,13650,0.125820372,2.188331063,1093.018604,31.47421692,133.1604544,1.441830046,29.96636028,396.7139838,1,349.4829207,528.6637581,13543.7509,1,18.66965742,28.20795276,18.81076515,7.366924624,15.21124426,0.596039063,0.132100925,3471.742808,7.363514149,87.8828617,91.27240352,106.2780643,540.4956023,201.4720497,378.6673336,0.928862474,24.86059375,92.50991346,24.08243728,2358,,
2019,Idleb,Idleb,2,2523,0,2523,4865,1928,1552,1230,792,6095,0.125820372,2.188331063,1093.018604,31.47421692,133.1604544,1.441830046,29.96636028,396.7139838,1,349.4829207,528.6637581,13543.7509,1,18.66965742,28.20795276,18.81076515,7.366924624,15.21124426,0.596039063,0.132100925,3471.742808,7.363514149,87.8828617,91.27240352,106.2780643,540.4956023,201.4720497,378.6673336,0.928862474,24.86059375,92.50991346,24.08243728,2358,,
2019,Idleb,Idleb,3,146,0,146,220,1507,25,20,800,240,0.125820372,2.188331063,1093.018604,31.47421692,133.1604544,1.441830046,29.96636028,396.7139838,1,349.4829207,528.6637581,13543.7509,1,18.66965742,28.20795276,18.81076515,7.366924624,15.21124426,0.596039063,0.132100925,3471.742808,7.363514149,87.8828617,91.27240352,106.2780643,540.4956023,201.4720497,378.6673336,0.928862474,24.86059375,92.50991346,24.08243728,2358,,
2019,Idleb,Harim,1,392,0,392,695,1773,1270,1105,870,1800,0.076955511,1.744823344,1326.920463,39.36426031,208.4698796,1.397594182,27.2782689,356.5012631,1,400.6489695,548.0693453,13159.13655,1,91.8753057,27.69773043,18.27657854,6.996927931,16.27037023,0.533481044,0.094834923,3369.876152,7.125463716,95.81787612,86.8186678,117.2060117,656.7739174,243.3845318,396.2349649,3.52892128,34.93256475,95.56240835,7.104166667,2357,,
2019,Idleb,Al_Jisr_Ash_Shu,1,555,0,555,985,1775,2356,2050,870,3035,0.061795348,1.387996783,1639.031668,49.68257613,177.540447,1.380476929,27.89801472,304.6574213,1,349.3955892,662.7802192,13011.57552,1,101.3142959,26.70563194,18.07163267,7.418783557,20.08831586,0.617983455,0.106410921,3298.007008,6.711311118,90.37703725,104.0058286,113.9571576,816.5203237,309.262822,377.4719518,3.793157673,40.90641577,96.7335276,19.55376344,2354,,
2019,Idleb,Al_Ma'ra,1,50,0,50,80,1600,3000,2632,877,2712,0.219400577,2.789560748,964.0705953,28.16866944,161.5969773,1.44106543,30.50289991,387.8445436,1,426.7153644,474.1626953,13519.765,1,29.05957912,28.26483244,18.77745139,7.194626078,13.85047638,0.601515219,0.138269059,3421.492487,7.422356298,85.92145674,91.15500663,102.7485232,470.4377188,211.8633148,395.4624714,1.089096217,21.8826255,92.70027775,2.740740741,2355,,
2019,Idleb,Al_Ma'ra,2,129,0,129,250,1938,3433,2800,816,3050,0.219400577,2.789560748,964.0705953,28.16866944,161.5969773,1.44106543,30.50289991,387.8445436,1,426.7153644,474.1626953,13519.765,1,29.05957912,28.26483244,18.77745139,7.194626078,13.85047638,0.601515219,0.138269059,3421.492487,7.422356298,85.92145674,91.15500663,102.7485232,470.4377188,211.8633148,395.4624714,1.089096217,21.8826255,92.70027775,2.740740741,2355,,
2019,Idleb,Al_Ma'ra,3,114,0,114,180,1579,25,20,800,200,0.219400577,2.789560748,964.0705953,28.16866944,161.5969773,1.44106543,30.50289991,387.8445436,1,426.7153644,474.1626953,13519.765,1,29.05957912,28.26483244,18.77745139,7.194626078,13.85047638,0.601515219,0.138269059,3421.492487,7.422356298,85.92145674,91.15500663,102.7485232,470.4377188,211.8633148,395.4624714,1.089096217,21.8826255,92.70027775,2.740740741,2355,,
2019,Idleb,Ariha,1,301,0,301,535,1777,1483,1290,870,1825,0.06189382,1.20144567,1287.979378,37.92600075,178.7756591,1.396585143,27.93576679,350.6523137,1,582.149967,523.0896975,12658.66826,1,87.67581128,26.8399934,17.5814837,6.40529139,15.4063644,0.507109123,0.092523649,3395.032677,7.15618642,94.79378601,101.8028848,107.9944741,643.9730396,264.1637633,380.2716742,2.592602428,31.56046909,99.53437887,35.35190616,2356,,
2019,Idleb,Khan_Sheikhun,1,1200,0,1200,2165,1804,5500,4813,875,6978,0.109173126,1.862431522,1262.204142,37.32314471,171.9086835,1.411510346,28.71626212,359.2739051,1,421.6785622,547.3531431,13178.57925,1,65.71892988,27.54322819,18.30358229,7.076510716,16.16535423,0.571225581,0.112827895,3391.230226,7.15576634,90.95860356,95.01095827,109.6368462,625.6401204,246.0292963,385.6216792,2.386528014,30.82853377,95.40810121,17.76660286,,,
2019,Idleb,Khan_Sheikhun,2,1000,0,1000,1885,1885,1839,1470,799,3355,0.109173126,1.862431522,1262.204142,37.32314471,171.9086835,1.411510346,28.71626212,359.2739051,1,421.6785622,547.3531431,13178.57925,1,65.71892988,27.54322819,18.30358229,7.076510716,16.16535423,0.571225581,0.112827895,3391.230226,7.15576634,90.95860356,95.01095827,109.6368462,625.6401204,246.0292963,385.6216792,2.386528014,30.82853377,95.40810121,17.76660286,,,
2019,Tartous,Tartous,1,0,0,0,3091,0,0,0,0,3091,0.049162657,1.417978043,2233.680368,61.55182167,226.602822,1.337365278,24.38800112,328.0083572,1,151.3380759,992.5484558,14109.3162,1,85.26540945,26.68238449,19.5962725,11.28403308,27.39746802,0.641907104,0.073336647,3627.942747,6.801489796,93.38299321,104.4211094,110.3452058,1275.543973,293.3316743,364.969705,1.987711269,46.76351549,88.02130001,64.49344978,2365,,
2019,Tartous,Safita,1,0,0,0,117,0,0,0,0,117,0.047070335,1.157636077,2579.995813,72.66860028,212.2246192,1.350786518,24.81991989,329.6296751,1,294.0703481,902.0763346,13700.72598,1,85.74052064,26.54211164,19.02878608,9.975554046,25.43169748,0.658615216,0.07026704,3549.358481,6.807968775,93.59895915,105.340617,111.569682,1476.396837,291.9812893,377.4132804,2.351750182,44.6094789,91.26407954,76.62715679,2363,,
2019,Raqqa,Raqqa,3,5000,0,5000,16250,3250,19300,38600,2000,54850,1.050201469,5.964680642,435.8101978,11.27081143,176.8215937,1.445777656,18.21052889,260.1565394,1,346.2123061,454.5102989,14541.2107,1,26.05879584,31.4866392,20.19612598,7.471828369,11.769926,0.509869274,0.101025737,3865.715369,7.943602406,68.54658646,72.64190031,89.75325824,250.218062,252.812006,466.2953785,0.418199141,7.517291598,84.59356584,89.8962532,0000000000000000235e,,
2019,Raqqa,Raqqa,4,13100,0,13100,42575,3250,0,0,0,42575,1.050201469,5.964680642,435.8101978,11.27081143,176.8215937,1.445777656,18.21052889,260.1565394,1,346.2123061,454.5102989,14541.2107,1,26.05879584,31.4866392,20.19612598,7.471828369,11.769926,0.509869274,0.101025737,3865.715369,7.943602406,68.54658646,72.64190031,89.75325824,250.218062,252.812006,466.2953785,0.418199141,7.517291598,84.59356584,89.8962532,0000000000000000235e,,
2019,Raqqa,Raqqa,5,3438,0,3438,11173.5,3250,0,0,0,11173.5,1.050201469,5.964680642,435.8101978,11.27081143,176.8215937,1.445777656,18.21052889,260.1565394,1,346.2123061,454.5102989,14541.2107,1,26.05879584,31.4866392,20.19612598,7.471828369,11.769926,0.509869274,0.101025737,3865.715369,7.943602406,68.54658646,72.64190031,89.75325824,250.218062,252.812006,466.2953785,0.418199141,7.517291598,84.59356584,89.8962532,0000000000000000235e,,
2019,Raqqa,Tell_Abiad,2,28462,0,28462,92501.5,3250,37340,74680,2000,167181.5,0.478825179,3.735158564,685.0985994,17.54699796,188.9206138,1.450549568,27.03711738,400.1496788,1,371.821103,410.584065,14503.541,1,11.17783109,32.77834829,20.14380694,6.955663809,10.51888009,0.660890941,0.152317996,3903.363589,7.789701512,73.67661628,77.52978124,94.15651007,403.1294832,163.0030389,436.503596,0.353533461,11.88417515,84.89253176,33.28514589,2360,,
2019,Dayr_Az_Zor,Dayr_Az_Zor,4,2000,0,2000,6200,3100,0,0,0,6200,1.527438458,6.266817637,450.5345961,10.6926883,160.6562038,1.475571533,17.45613594,279.0580926,1,311.6110564,375.1494493,15204.90764,1,24.94088817,33.4042485,21.11792727,7.632522522,8.934109866,0.34566879,0.068371014,4212.482929,7.945084905,68.49716985,78.20352332,82.54290125,272.2396402,267.81461,453.5383851,0.441646162,7.406680906,79.32612988,59.82997528,2341,,
2019,Dayr_Az_Zor,Dayr_Az_Zor,5,15913,0,15913,49323,3100,0,0,0,49323,1.527438458,6.266817637,450.5345961,10.6926883,160.6562038,1.475571533,17.45613594,279.0580926,1,311.6110564,375.1494493,15204.90764,1,24.94088817,33.4042485,21.11792727,7.632522522,8.934109866,0.34566879,0.068371014,4212.482929,7.945084905,68.49716985,78.20352332,82.54290125,272.2396402,267.81461,453.5383851,0.441646162,7.406680906,79.32612988,59.82997528,2341,,
2019,Dayr_Az_Zor,Al_Mayadin,5,3092,0,3092,9585,3100,0,0,0,9585,0.846879854,4.706853339,380.3783669,8.657949785,106.9848781,1.464284982,15.16950876,321.6518012,1,284.7469964,345.7629914,15591.15555,1,13.44925992,33.88324696,21.65438271,8.49931863,7.881927538,0.262594913,0.0383688,4392.400012,7.935538403,68.81538657,80.96491381,81.54364746,233.7218908,226.8776377,452.2255759,0.231444592,7.050522461,76.26067023,65.76879408,2340,,
2019,Dayr_Az_Zor,Abu_Kamal,5,517,0,517,1610,3114,0,0,0,1610,0.326690195,2.534252196,456.6364081,10.19223752,145.9024177,1.474952341,15.51213228,316.9541986,1,199.0450865,312.2965701,16083.0899,1,17.05196237,34.95855495,22.33762486,8.903564387,6.976273982,0.285158663,0.051785141,4479.237114,7.914785937,69.50713545,91.93096613,82.70358551,278.1455563,210.3167699,473.4703945,0.275403663,8.147721895,72.35642936,64.43444099,0000000000000000233f,,
2019,Hassakeh,Hassakeh,1,0,0,0,0,0,0,0,0,0,1.234999017,5.292191536,747.1083689,17.93215308,179.2026918,1.453912692,22.75778998,312.1287676,1,352.2277754,361.7672141,15035.41019,1,19.1175947,34.20113821,20.88251415,7.348396395,8.687463458,0.509621141,0.116888643,4165.305996,7.76640865,74.453045,79.39009591,88.63111029,440.5179835,232.8497925,449.1236429,0.493960645,10.83503123,80.67134773,55.44769984,0000000000000000234b,,
2021,Homs,Tall_Kalakh,1,806,0,806,1456,1806,1350,1198,887,2654,0.061265386,1.382119937,1197.706893,64.27406609,213.4968276,1.371293035,28.50363662,371.8628808,1,462.9664108,391.2997451,13264.00093,1,86.9397267,27.50831986,18.42222351,8.213751124,21.00262045,0.703892675,0.121125702,1862.437256,7.036198454,98.79338486,106.5742497,97.54382303,578.3493477,256.0800903,370.1287946,2.899572474,38.32373734,94.73015135,63.89144317,2353,,
2021,Hama,Hama,2,52,0,52,0,0,10,0,0,0,0.227677668,4.733216797,546.9780881,29.34455114,192.7904067,1.455316559,28.89107986,399.9433813,1,367.8882638,200.067281,13854.9229,1,25.04294796,29.4398789,19.24294848,7.618016883,10.73038249,0.541037145,0.108649431,1862.985193,7.530149647,82.32834509,103.5102005,84.48039379,265.0023871,199.991121,385.7041579,0.890006436,18.48653952,90.04029441,22.43352601,2345,,
2021,Hama,Hama,3,126,0,126,0,0,0,0,0,0,0.227677668,4.733216797,546.9780881,29.34455114,192.7904067,1.455316559,28.89107986,399.9433813,1,367.8882638,200.067281,13854.9229,1,25.04294796,29.4398789,19.24294848,7.618016883,10.73038249,0.541037145,0.108649431,1862.985193,7.530149647,82.32834509,103.5102005,84.48039379,265.0023871,199.991121,385.7041579,0.890006436,18.48653952,90.04029441,22.43352601,2345,,
2021,Hama,Hama,4,280,0,280,0,0,0,0,0,0,0.227677668,4.733216797,546.9780881,29.34455114,192.7904067,1.455316559,28.89107986,399.9433813,1,367.8882638,200.067281,13854.9229,1,25.04294796,29.4398789,19.24294848,7.618016883,10.73038249,0.541037145,0.108649431,1862.985193,7.530149647,82.32834509,103.5102005,84.48039379,265.0023871,199.991121,385.7041579,0.890006436,18.48653952,90.04029441,22.43352601,2345,,
2021,Hama,Al_Ghab,1,280,0,280,0,0,0,0,0,0,0.049595436,1.643165164,1171.570073,66.54393537,139.7759455,1.347860465,28.59829587,349.5799349,1,352.189296,437.1415685,12895.66777,1,139.7020723,27.58696078,17.91064969,7.482278585,24.82553502,0.725737733,0.129095583,1759.596314,6.782044179,92.73480597,109.5506159,107.3347801,526.7130404,280.5196852,361.9957542,4.508295663,42.21571718,97.65343036,35.28868661,2342,,
2021,Idleb,Idleb,1,1050,0,1050,2206,2101,5599,11094,1981,13300,0.125820372,2.188331063,716.0112494,38.07337761,133.1604544,1.441830046,29.96636028,396.7139838,1,349.4829207,217.7179913,13659.18928,1,18.66965742,29.4112918,18.97109623,7.456626615,11.57580973,0.587986035,0.120334238,1879.608694,7.363514149,87.8828617,100.3712487,97.60875275,337.9490304,201.4720497,378.6673336,0.928862474,24.86059375,91.59373584,24.08243728,2358,,
2021,Idleb,Idleb,2,563,0,563,1048,1861,793,1064,1342,2112,0.125820372,2.188331063,716.0112494,38.07337761,133.1604544,1.441830046,29.96636028,396.7139838,1,349.4829207,217.7179913,13659.18928,1,18.66965742,29.4112918,18.97109623,7.456626615,11.57580973,0.587986035,0.120334238,1879.608694,7.363514149,87.8828617,100.3712487,97.60875275,337.9490304,201.4720497,378.6673336,0.928862474,24.86059375,91.59373584,24.08243728,2358,,
2021,Idleb,Idleb,3,534,0,534,1233,2309,543,0,0,1233,0.125820372,2.188331063,716.0112494,38.07337761,133.1604544,1.441830046,29.96636028,396.7139838,1,349.4829207,217.7179913,13659.18928,1,18.66965742,29.4112918,18.97109623,7.456626615,11.57580973,0.587986035,0.120334238,1879.608694,7.363514149,87.8828617,100.3712487,97.60875275,337.9490304,201.4720497,378.6673336,0.928862474,24.86059375,91.59373584,24.08243728,2358,,
2021,Idleb,Harim,1,594,0,594,1573,2648,670,1273,1900,2846,0.076955511,1.744823344,868.687891,47.95536273,208.4698796,1.397594182,27.2782689,356.5012631,1,400.6489695,231.5127983,13122.34768,1,91.8753057,28.75388709,18.22548288,6.921718898,12.80847777,0.481201769,0.079195438,1810.450986,7.125463716,95.81787612,94.03072352,110.3529431,411.4468054,243.3845318,396.2349649,3.52892128,34.93256475,95.85438352,7.104166667,2357,,
2021,Idleb,Al_Jisr_Ash_Shu,1,646,0,646,1734,2684,1200,2280,1900,4014,0.061795348,1.387996783,1054.624513,60.66616625,177.540447,1.380476929,27.89801472,304.6574213,1,349.3955892,297.1031941,12988.15026,1,101.3142959,27.90288643,18.03909758,7.509110562,17.08992119,0.615782273,0.106483514,1737.406394,6.711311118,90.37703725,104.8732084,106.2123316,470.4066867,309.262822,377.4719518,3.793157673,40.90641577,96.91944238,19.55376344,2354,,
2021,Idleb,Al_Ma'ra,1,1308,0,1308,3500,2676,5800,11020,1900,14520,0.219400577,2.789560748,622.1337177,33.94666872,161.5969773,1.44106543,30.50289991,387.8445436,1,426.7153644,201.1844715,13599.37506,1,29.05957912,29.3021438,18.88802092,7.141629147,10.99633263,0.565888919,0.115980914,1831.679733,7.422356298,85.92145674,105.6601441,90.05467873,290.9305852,211.8633148,395.4624714,1.089096217,21.8826255,92.06845188,2.740740741,2355,,
2021,Idleb,Al_Ma'ra,2,650,0,650,1872,2880,1850,3515,1900,5387,0.219400577,2.789560748,622.1337177,33.94666872,161.5969773,1.44106543,30.50289991,387.8445436,1,426.7153644,201.1844715,13599.37506,1,29.05957912,29.3021438,18.88802092,7.141629147,10.99633263,0.565888919,0.115980914,1831.679733,7.422356298,85.92145674,105.6601441,90.05467873,290.9305852,211.8633148,395.4624714,1.089096217,21.8826255,92.06845188,2.740740741,2355,,
2021,Idleb,Al_Ma'ra,3,630,0,630,1543,2449,850,1615,1900,3158,0.219400577,2.789560748,622.1337177,33.94666872,161.5969773,1.44106543,30.50289991,387.8445436,1,426.7153644,201.1844715,13599.37506,1,29.05957912,29.3021438,18.88802092,7.141629147,10.99633263,0.565888919,0.115980914,1831.679733,7.422356298,85.92145674,105.6601441,90.05467873,290.9305852,211.8633148,395.4624714,1.089096217,21.8826255,92.06845188,2.740740741,2355,,
2021,Idleb,Ariha,1,680,0,680,1795,2640,740,1406,1900,3201,0.06189382,1.20144567,843.827153,46.42299821,178.7756591,1.396585143,27.93576679,350.6523137,1,582.149967,233.0294201,12735.42057,1,87.67581128,27.89596281,17.68808412,6.497693741,12.83238198,0.511903905,0.090131286,1816.692061,7.15618642,94.79378601,107.587015,99.89161295,386.1195501,264.1637633,380.2716742,2.592602428,31.56046909,98.9252336,35.35190616,2356,,
2021,Idleb,Khan_Sheikhun,1,0,0,0,0,0,0,0,0,0,0.109173126,1.862431522,821.0569048,45.4129147,171.9086835,1.411510346,28.71626212,359.2739051,1,421.6785622,236.1095751,13220.89657,1,65.71892988,28.65323439,18.36235635,7.105355793,13.06058466,0.55255258,0.102425078,1815.167574,7.15576634,90.95860356,102.5044679,100.8240638,379.3705316,246.0292963,385.6216792,2.386528014,30.82853377,95.07224944,17.76660286,,,
2021,Idleb,Khan_Sheikhun,2,0,0,0,0,0,0,0,0,0,0.109173126,1.862431522,821.0569048,45.4129147,171.9086835,1.411510346,28.71626212,359.2739051,1,421.6785622,236.1095751,13220.89657,1,65.71892988,28.65323439,18.36235635,7.105355793,13.06058466,0.55255258,0.102425078,1815.167574,7.15576634,90.95860356,102.5044679,100.8240638,379.3705316,246.0292963,385.6216792,2.386528014,30.82853377,95.07224944,17.76660286,,,
2021,Tartous,Tartous,1,705,0,705,1523,2160,134,134,1000,1657,0.049162657,1.417978043,1365.087006,72.02265709,226.602822,1.337365278,24.38800112,328.0083572,1,151.3380759,446.1418915,14057.30663,1,85.26540945,27.73256599,19.52403699,10.81619828,23.5745892,0.628856754,0.074003178,1894.35774,6.801489796,93.38299321,103.2910999,100.9516749,652.7938306,293.3316743,364.969705,1.987711269,46.76351549,88.43407436,64.49344978,2365,,
2021,Tartous,Banyas,1,0,0,0,0,0,0,0,0,0,0.064347484,1.259569202,1520.470261,80.81667566,227.2029485,1.248880866,25.12215029,311.6023136,1,597.2024401,429.7070579,12440.94368,1,239.5189203,26.24258344,17.27908844,7.73296841,22.85514487,0.612007904,0.051948732,1880.381841,6.402940695,80.09802315,106.6948607,100.9168641,710.7008477,311.2379664,363.3411414,4.321198421,51.28226288,98.73764824,78.70526316,2361,,
2021,Tartous,Safita,1,132,0,132,367,2780,244,470,1926,837,0.047070335,1.157636077,1596.63031,86.22211343,212.2246192,1.350786518,24.81991989,329.6296751,1,294.0703481,418.0031801,13679.5594,1,85.74052064,27.64409373,18.99938805,9.616611047,22.59434591,0.64508756,0.074855104,1850.764294,6.807968775,93.59895915,104.8518998,105.5518443,761.9863429,291.9812893,377.4132804,2.351750182,44.6094789,91.43206827,76.62715679,2363,,
2021,Tartous,Sheikh_Badr,1,0,0,0,0,0,411,0,0,0,0.0373259,1.003571401,1537.655784,81.91689286,219.4652153,1.304121142,24.82237263,321.6588278,1,407.1159663,436.0712834,13196.23832,1,154.5873703,26.95698259,18.32810878,9.085639911,23.23914697,0.638180984,0.061950864,1876.754004,6.587843617,86.26145388,105.5199477,102.4483892,730.0558928,302.2905226,370.5696379,3.164125443,48.74926315,94.76300913,48.78499377,,,
2021,Aleppo,A'zaz,1,830,0,830,3423.75,4125,2127,1028.05,483.33,4451.8,0.121728487,2.146811382,568.902204,29.15380091,180.5676029,1.396196968,30.36538609,429.7996425,1,481.8095159,230.310165,13343.3562,1,12.33630082,30.07535013,18.53243916,6.239893022,11.80937752,0.624811954,0.135857648,1950.38262,7.471901984,84.26993387,103.8573137,92.64218858,295.8411934,165.5478602,396.9674719,0.559398203,24.25735487,94.10034763,30.7875817,2325,,
2021,Aleppo,A'zaz,2,140,0,140,463.75,3312.5,525,603.75,1150,1067.5,0.121728487,2.146811382,568.902204,29.15380091,180.5676029,1.396196968,30.36538609,429.7996425,1,481.8095159,230.310165,13343.3562,1,12.33630082,30.07535013,18.53243916,6.239893022,11.80937752,0.624811954,0.135857648,1950.38262,7.471901984,84.26993387,103.8573137,92.64218858,295.8411934,165.5478602,396.9674719,0.559398203,24.25735487,94.10034763,30.7875817,2325,,
2021,Aleppo,Afrin,1,841,0,841,2859.4,3400,4021,5629.4,1400,8488.8,0.194810459,2.230856022,812.7801541,43.5068371,184.8305861,1.371035123,25.51170824,404.3181051,1,493.5760545,228.8836268,12827.81351,1,89.965976,28.99220221,17.81640766,5.925855933,12.26186942,0.457395755,0.068691389,1867.166496,7.198506433,93.3831189,96.81010336,103.4673816,410.4784793,192.8950466,401.4796676,3.206478872,32.26458622,98.19195623,72.67440361,2326,,
2021,Aleppo,Jarablus,2,1530,0,1530,6120,4000,10076,15114,1500,21234,0.056313267,1.389591551,528.5313829,27.03855416,123.911363,1.374076188,31.59740814,433.9335195,1,453.0262094,165.4009336,13743.79891,1,19.54434174,32.37822764,19.0886096,6.109471132,8.470922933,0.477272887,0.092321221,1953.732416,7.473535251,84.21549162,102.281526,93.79377091,252.9893217,151.8135123,395.6820817,0.731704106,17.89025411,90.92223087,86.86344794,0000000000000000232a,,
2021,Aleppo,Al_Bab,1,11,0,11,22,2000,760,1140,1500,1162,0.223794265,2.70647827,456.1221997,23.65556273,171.3158859,1.361738999,28.32570189,404.137529,1,440.5998951,186.6692455,13803.20516,1,12.48017986,30.87920741,19.17111828,6.794029583,9.709641445,0.492798436,0.106069874,1927.181566,7.526863486,82.4378838,107.8694134,86.4284589,225.1725054,172.3288421,394.8106379,0.536196258,18.97472913,90.4507527,57.38811081,2328,,
2021,Aleppo,Al_Bab,2,301,0,301,466.801,1550.83,17480,5438.222,311.11,5905.023,0.223794265,2.70647827,456.1221997,23.65556273,171.3158859,1.361738999,28.32570189,404.137529,1,440.5998951,186.6692455,13803.20516,1,12.48017986,30.87920741,19.17111828,6.794029583,9.709641445,0.492798436,0.106069874,1927.181566,7.526863486,82.4378838,107.8694134,86.4284589,225.1725054,172.3288421,394.8106379,0.536196258,18.97472913,90.4507527,57.38811081,2328,,
2021,Aleppo,Al_Bab,3,0,0,0,0,0,25,0,0,0,0.223794265,2.70647827,456.1221997,23.65556273,171.3158859,1.361738999,28.32570189,404.137529,1,440.5998951,186.6692455,13803.20516,1,12.48017986,30.87920741,19.17111828,6.794029583,9.709641445,0.492798436,0.106069874,1927.181566,7.526863486,82.4378838,107.8694134,86.4284589,225.1725054,172.3288421,394.8106379,0.536196258,18.97472913,90.4507527,57.38811081,2328,,
2021,Aleppo,Menbij,2,1837,0,1837,4684.35,2550,1961,1961,1000,6645.35,0.476099108,4.018173677,379.3977081,19.39792258,173.279788,1.406754586,24.018397,332.4689528,1,397.1956572,161.7771646,14207.50269,1,17.60715977,31.5975419,19.73264263,7.179223207,8.281374119,0.448284958,0.090014966,1954.86773,7.618434657,79.38551142,97.4232625,81.92265331,168.1178748,198.2878033,437.4207931,0.49517755,12.11218955,87.24204213,92.68040719,0000000000000000232c,,
2021,Aleppo,Menbij,3,2027,0,2027,6562.413,3237.5,443,149.513,337.5,6711.925,0.476099108,4.018173677,379.3977081,19.39792258,173.279788,1.406754586,24.018397,332.4689528,1,397.1956572,161.7771646,14207.50269,1,17.60715977,31.5975419,19.73264263,7.179223207,8.281374119,0.448284958,0.090014966,1954.86773,7.618434657,79.38551142,97.4232625,81.92265331,168.1178748,198.2878033,437.4207931,0.49517755,12.11218955,87.24204213,92.68040719,0000000000000000232c,,
2021,Aleppo,Menbij,4,8191,0,8191,31163.032,3804.55,0,0,0,31163.032,0.476099108,4.018173677,379.3977081,19.39792258,173.279788,1.406754586,24.018397,332.4689528,1,397.1956572,161.7771646,14207.50269,1,17.60715977,31.5975419,19.73264263,7.179223207,8.281374119,0.448284958,0.090014966,1954.86773,7.618434657,79.38551142,97.4232625,81.92265331,168.1178748,198.2878033,437.4207931,0.49517755,12.11218955,87.24204213,92.68040719,0000000000000000232c,,
2021,Aleppo,Menbij,5,517,0,517,1240.8,2400,0,0,0,1240.8,0.476099108,4.018173677,379.3977081,19.39792258,173.279788,1.406754586,24.018397,332.4689528,1,397.1956572,161.7771646,14207.50269,1,17.60715977,31.5975419,19.73264263,7.179223207,8.281374119,0.448284958,0.090014966,1954.86773,7.618434657,79.38551142,97.4232625,81.92265331,168.1178748,198.2878033,437.4207931,0.49517755,12.11218955,87.24204213,92.68040719,0000000000000000232c,,
2021,Aleppo,Ain_Al_Arab,2,15500,0,15500,31000,2000,51628,3097.68,60,34097.68,0.285146327,2.615456939,548.8988398,26.72549994,180.1352135,1.344070296,29.15984317,412.5287694,1,457.6511594,146.3198511,14074.54156,1,40.7417743,32.89283826,19.54797439,6.423076992,7.136254745,0.546729786,0.10729501,2052.83937,7.452704986,84.90983381,98.36565352,88.17229603,240.8623842,160.737883,374.9119357,1.026508894,16.80178945,88.29728918,86.06697787,2327,,
2021,Aleppo,Ain_Al_Arab,3,4000,0,4000,8000,2000,2660,159.6,60,8159.6,0.285146327,2.615456939,548.8988398,26.72549994,180.1352135,1.344070296,29.15984317,412.5287694,1,457.6511594,146.3198511,14074.54156,1,40.7417743,32.89283826,19.54797439,6.423076992,7.136254745,0.546729786,0.10729501,2052.83937,7.452704986,84.90983381,98.36565352,88.17229603,240.8623842,160.737883,374.9119357,1.026508894,16.80178945,88.29728918,86.06697787,2327,,
2021,Aleppo,Jebel_Saman,1,832,0,832,931.216,1119.25,796,142.882,179.5,1074.098,0.320135248,3.90953411,503.7984253,26.68756857,185.7492815,1.399045613,26.85095306,367.0160671,1,348.6130778,190.638697,13966.93195,1,24.0041333,30.2227558,19.3985166,7.387335479,10.1008622,0.498172321,0.100538479,1886.764425,7.511498758,82.95004141,101.0262096,86.36808829,241.7776998,183.2856532,401.209007,0.780531933,17.98196178,89.1513337,28.18423019,0000000000000000232b,,
2021,Aleppo,Jebel_Saman,2,2207,0,2207,5876.138,2662.5,1177,61.425,52.19,5937.562,0.320135248,3.90953411,503.7984253,26.68756857,185.7492815,1.399045613,26.85095306,367.0160671,1,348.6130778,190.638697,13966.93195,1,24.0041333,30.2227558,19.3985166,7.387335479,10.1008622,0.498172321,0.100538479,1886.764425,7.511498758,82.95004141,101.0262096,86.36808829,241.7776998,183.2856532,401.209007,0.780531933,17.98196178,89.1513337,28.18423019,0000000000000000232b,,
2021,Aleppo,Jebel_Saman,3,552,0,552,787.842,1427.25,1049,13.182,12.57,801.024,0.320135248,3.90953411,503.7984253,26.68756857,185.7492815,1.399045613,26.85095306,367.0160671,1,348.6130778,190.638697,13966.93195,1,24.0041333,30.2227558,19.3985166,7.387335479,10.1008622,0.498172321,0.100538479,1886.764425,7.511498758,82.95004141,101.0262096,86.36808829,241.7776998,183.2856532,401.209007,0.780531933,17.98196178,89.1513337,28.18423019,0000000000000000232b,,
2021,Aleppo,Jebel_Saman,4,99,0,99,363.825,3675,0,0,0,363.825,0.320135248,3.90953411,503.7984253,26.68756857,185.7492815,1.399045613,26.85095306,367.0160671,1,348.6130778,190.638697,13966.93195,1,24.0041333,30.2227558,19.3985166,7.387335479,10.1008622,0.498172321,0.100538479,1886.764425,7.511498758,82.95004141,101.0262096,86.36808829,241.7776998,183.2856532,401.209007,0.780531933,17.98196178,89.1513337,28.18423019,0000000000000000232b,,
2021,Aleppo,As_Safira,2,2319,0,2319,6087.375,2625,3430,471.625,137.5,6559,0.226229514,2.727688396,365.4364209,18.99467347,194.0542344,1.456944439,23.81607607,339.9130212,1,386.7828001,169.1879108,14136.27859,1,58.56984464,30.75788449,19.63372027,7.358905664,8.817437254,0.459965055,0.09129485,1922.888934,7.634697244,78.8434252,101.0504057,74.93125937,166.0503952,209.796782,447.6738108,1.021027812,12.3940763,87.80731274,61.3127161,2329,,
2021,Aleppo,As_Safira,3,2746,0,2746,6015.456,2190.63,2716,406.042,149.5,6421.498,0.226229514,2.727688396,365.4364209,18.99467347,194.0542344,1.456944439,23.81607607,339.9130212,1,386.7828001,169.1879108,14136.27859,1,58.56984464,30.75788449,19.63372027,7.358905664,8.817437254,0.459965055,0.09129485,1922.888934,7.634697244,78.8434252,101.0504057,74.93125937,166.0503952,209.796782,447.6738108,1.021027812,12.3940763,87.80731274,61.3127161,2329,,
2021,Aleppo,As_Safira,4,250,0,250,550,2200,0,0,0,550,0.226229514,2.727688396,365.4364209,18.99467347,194.0542344,1.456944439,23.81607607,339.9130212,1,386.7828001,169.1879108,14136.27859,1,58.56984464,30.75788449,19.63372027,7.358905664,8.817437254,0.459965055,0.09129485,1922.888934,7.634697244,78.8434252,101.0504057,74.93125937,166.0503952,209.796782,447.6738108,1.021027812,12.3940763,87.80731274,61.3127161,2329,,
2021,Aleppo,As_Safira,5,600,0,600,740,1233.33,0,0,0,740,0.226229514,2.727688396,365.4364209,18.99467347,194.0542344,1.456944439,23.81607607,339.9130212,1,386.7828001,169.1879108,14136.27859,1,58.56984464,30.75788449,19.63372027,7.358905664,8.817437254,0.459965055,0.09129485,1922.888934,7.634697244,78.8434252,101.0504057,74.93125937,166.0503952,209.796782,447.6738108,1.021027812,12.3940763,87.80731274,61.3127161,2329,,
2021,Aleppo,Al_Atarib,1,2000,0,2000,4000,2000,2000,3000,1500,7000,0.238032084,2.718073793,520.4834169,26.89505243,174.2304944,1.388732777,27.45568421,390.5144508,1,432.4067962,184.8984493,13762.92857,1,34.4062138,30.97450098,19.11517857,6.677223877,9.573467455,0.500678894,0.09901043,1939.477945,7.48601785,83.799405,101.085486,88.46576212,250.1612317,179.3366728,406.2694257,1.044627954,19.08461768,90.77040815,64.49473443,,,
2021,Aleppo,Dayr_Hafir,2,105,0,105,262.763,2502.5,24,7.2,300,269.963,0.238032084,2.718073793,520.4834169,26.89505243,174.2304944,1.388732777,27.45568421,390.5144508,1,432.4067962,184.8984493,13762.92857,1,34.4062138,30.97450098,19.11517857,6.677223877,9.573467455,0.500678894,0.09901043,1939.477945,7.48601785,83.799405,101.085486,88.46576212,250.1612317,179.3366728,406.2694257,1.044627954,19.08461768,90.77040815,64.49473443,,,
2021,Aleppo,Dayr_Hafir,3,3408,0,3408,8250.768,2421,0,0,0,8250.768,0.238032084,2.718073793,520.4834169,26.89505243,174.2304944,1.388732777,27.45568421,390.5144508,1,432.4067962,184.8984493,13762.92857,1,34.4062138,30.97450098,19.11517857,6.677223877,9.573467455,0.500678894,0.09901043,1939.477945,7.48601785,83.799405,101.085486,88.46576212,250.1612317,179.3366728,406.2694257,1.044627954,19.08461768,90.77040815,64.49473443,,,
2021,Aleppo,Dayr_Hafir,4,1450,0,1450,3400.25,2345,0,0,0,3400.25,0.238032084,2.718073793,520.4834169,26.89505243,174.2304944,1.388732777,27.45568421,390.5144508,1,432.4067962,184.8984493,13762.92857,1,34.4062138,30.97450098,19.11517857,6.677223877,9.573467455,0.500678894,0.09901043,1939.477945,7.48601785,83.799405,101.085486,88.46576212,250.1612317,179.3366728,406.2694257,1.044627954,19.08461768,90.77040815,64.49473443,,,
2021,Raqqa,Raqqa,3,200,0,200,720,3600,400,0,0,720,1.050201469,5.964680642,306.8285765,14.75783599,176.8215937,1.445777656,18.21052889,260.1565394,1,346.2123061,183.9146051,14769.31822,1,26.05879584,32.70616449,20.51294197,7.452181429,8.88012085,0.312034861,0.047379669,2078.089216,7.943602406,68.54658646,86.36040997,77.40420893,121.4238902,252.812006,466.2953785,0.418199141,7.517291598,82.78318872,89.8962532,0000000000000000235e,,
2021,Raqqa,Raqqa,4,900,0,900,3150,3500,500,0,0,3150,1.050201469,5.964680642,306.8285765,14.75783599,176.8215937,1.445777656,18.21052889,260.1565394,1,346.2123061,183.9146051,14769.31822,1,26.05879584,32.70616449,20.51294197,7.452181429,8.88012085,0.312034861,0.047379669,2078.089216,7.943602406,68.54658646,86.36040997,77.40420893,121.4238902,252.812006,466.2953785,0.418199141,7.517291598,82.78318872,89.8962532,0000000000000000235e,,
2021,Raqqa,Raqqa,5,500,0,500,1750,3500,0,0,0,1750,1.050201469,5.964680642,306.8285765,14.75783599,176.8215937,1.445777656,18.21052889,260.1565394,1,346.2123061,183.9146051,14769.31822,1,26.05879584,32.70616449,20.51294197,7.452181429,8.88012085,0.312034861,0.047379669,2078.089216,7.943602406,68.54658646,86.36040997,77.40420893,121.4238902,252.812006,466.2953785,0.418199141,7.517291598,82.78318872,89.8962532,0000000000000000235e,,
2021,Raqqa,Tell_Abiad,2,3500,0,3500,11900,3400,1200,0,0,11900,0.478825179,3.735158564,470.2171109,22.43472836,188.9206138,1.450549568,27.03711738,400.1496788,1,371.821103,148.5655505,14690.8795,1,11.17783109,33.83745108,20.40399931,7.034058778,7.106257426,0.517056559,0.097694343,2094.934051,7.789701512,73.67661628,90.95778243,83.92505512,191.3545661,163.0030389,436.503596,0.353533461,11.88417515,83.40571825,33.28514589,2360,,
2021,Dayr_Az_Zor,Dayr_Az_Zor,4,622.038,0,622.038,1717.508,2761.1,0,0,0,1717.508,1.527438458,6.266817637,293.1347627,12.99925726,160.6562038,1.475571533,17.45613594,279.0580926,1,311.6110564,154.4318194,15497.0282,1,24.94088817,34.55514746,21.52365028,7.699535994,6.882230133,0.246559985,0.034964535,2254.011628,7.945084905,68.49716985,93.10711365,72.83182114,114.8556782,267.81461,453.5383851,0.441646162,7.406680906,77.00771266,59.82997528,2341,,
2021,Dayr_Az_Zor,Dayr_Az_Zor,5,25307.962,0,25307.962,69880.346,2761.2,0,0,0,69880.346,1.527438458,6.266817637,293.1347627,12.99925726,160.6562038,1.475571533,17.45613594,279.0580926,1,311.6110564,154.4318194,15497.0282,1,24.94088817,34.55514746,21.52365028,7.699535994,6.882230133,0.246559985,0.034964535,2254.011628,7.945084905,68.49716985,93.10711365,72.83182114,114.8556782,267.81461,453.5383851,0.441646162,7.406680906,77.00771266,59.82997528,2341,,
2021,Dayr_Az_Zor,Al_Mayadin,5,6373,0,6373,16308.507,2559,0,0,0,16308.507,0.846879854,4.706853339,246.2035116,10.62078276,106.9848781,1.464284982,15.16950876,321.6518012,1,284.7469964,159.4289112,15893.91361,1,13.44925992,34.93612242,22.07488002,8.259148119,6.907091927,0.168682591,0.014840848,2317.129625,7.935538403,68.81538657,94.69725817,69.21531054,109.893155,226.8776377,452.2255759,0.231444592,7.050522461,73.85782847,65.76879408,2340,,
2021,Dayr_Az_Zor,Abu_Kamal,5,5881,0,5881,15190.623,2583,0,0,0,15190.623,0.326690195,2.534252196,276.394693,11.45412038,145.9024177,1.474952341,15.51213228,316.9541986,1,199.0450865,128.1910468,16374.69623,1,17.05196237,35.93644626,22.74263365,8.625814176,5.336450965,0.193397299,0.022041255,2412.05909,7.914785937,69.50713545,98.58575263,67.45506507,123.7892744,210.3167699,473.4703945,0.275403663,8.147721895,70.04209343,64.43444099,0000000000000000233f,,
2021,Hassakeh,Hassakeh,1,260,0,260,669.5,2575,1220,0,0,669.5,1.234999017,5.292191536,486.170098,21.24026775,179.2026918,1.453912692,22.75778998,312.1287676,1,352.2277754,121.1533144,15315.81236,1,19.1175947,35.1180914,21.27196161,7.154337463,5.297322677,0.459860828,0.086748808,2287.907578,7.76640865,74.453045,98.55794892,77.83036405,180.3539887,232.8497925,449.1236429,0.493960645,10.83503123,78.44593367,55.44769984,0000000000000000234b,,
2021,Hassakeh,Hassakeh,2,12873,0,12873,31860.675,2475,46426,0,0,31860.675,1.234999017,5.292191536,486.170098,21.24026775,179.2026918,1.453912692,22.75778998,312.1287676,1,352.2277754,121.1533144,15315.81236,1,19.1175947,35.1180914,21.27196161,7.154337463,5.297322677,0.459860828,0.086748808,2287.907578,7.76640865,74.453045,98.55794892,77.83036405,180.3539887,232.8497925,449.1236429,0.493960645,10.83503123,78.44593367,55.44769984,0000000000000000234b,,
2021,Hassakeh,Hassakeh,3,5437,0,5437,13032.809,2397.06,17270,0,0,13032.809,1.234999017,5.292191536,486.170098,21.24026775,179.2026918,1.453912692,22.75778998,312.1287676,1,352.2277754,121.1533144,15315.81236,1,19.1175947,35.1180914,21.27196161,7.154337463,5.297322677,0.459860828,0.086748808,2287.907578,7.76640865,74.453045,98.55794892,77.83036405,180.3539887,232.8497925,449.1236429,0.493960645,10.83503123,78.44593367,55.44769984,0000000000000000234b,,
2021,Hassakeh,Hassakeh,4,4296,0,4296,10127.82,2357.5,16122,0,0,10127.82,1.234999017,5.292191536,486.170098,21.24026775,179.2026918,1.453912692,22.75778998,312.1287676,1,352.2277754,121.1533144,15315.81236,1,19.1175947,35.1180914,21.27196161,7.154337463,5.297322677,0.459860828,0.086748808,2287.907578,7.76640865,74.453045,98.55794892,77.83036405,180.3539887,232.8497925,449.1236429,0.493960645,10.83503123,78.44593367,55.44769984,0000000000000000234b,,
2021,Hassakeh,Hassakeh,5,4345,0,4345,10102.125,2325,0,0,0,10102.125,1.234999017,5.292191536,486.170098,21.24026775,179.2026918,1.453912692,22.75778998,312.1287676,1,352.2277754,121.1533144,15315.81236,1,19.1175947,35.1180914,21.27196161,7.154337463,5.297322677,0.459860828,0.086748808,2287.907578,7.76640865,74.453045,98.55794892,77.83036405,180.3539887,232.8497925,449.1236429,0.493960645,10.83503123,78.44593367,55.44769984,0000000000000000234b,,
2021,Hassakeh,Quamishli,1,15277,0,15277,38744.169,2536.11,63610,0,0,38744.169,0.384508781,3.376182941,788.9420633,33.88655765,189.6343908,1.4227755,32.71215887,381.6987929,1,387.3408823,131.7962897,14941.39258,1,4.224880292,35.06370176,20.75193413,6.418903408,5.668281747,0.632565331,0.131057659,2327.185918,7.499177245,83.3607585,96.90333945,89.26610478,295.1030308,188.6721752,424.1715544,0.236333983,15.93920513,81.41751923,2.151515152,0000000000000000234c,,
2021,Hassakeh,Quamishli,2,8165,0,8165,19970.229,2445.83,8547,0,0,19970.229,0.384508781,3.376182941,788.9420633,33.88655765,189.6343908,1.4227755,32.71215887,381.6987929,1,387.3408823,131.7962897,14941.39258,1,4.224880292,35.06370176,20.75193413,6.418903408,5.668281747,0.632565331,0.131057659,2327.185918,7.499177245,83.3607585,96.90333945,89.26610478,295.1030308,188.6721752,424.1715544,0.236333983,15.93920513,81.41751923,2.151515152,0000000000000000234c,,
2021,Hassakeh,Quamishli,3,3247,0,3247,7549.275,2325,4200,0,0,7549.275,0.384508781,3.376182941,788.9420633,33.88655765,189.6343908,1.4227755,32.71215887,381.6987929,1,387.3408823,131.7962897,14941.39258,1,4.224880292,35.06370176,20.75193413,6.418903408,5.668281747,0.632565331,0.131057659,2327.185918,7.499177245,83.3607585,96.90333945,89.26610478,295.1030308,188.6721752,424.1715544,0.236333983,15.93920513,81.41751923,2.151515152,0000000000000000234c,,
2021,Hassakeh,Al_Malika,1,10746,0,10746,27637.369,2571.88,54926,0,0,27637.369,0.273788898,2.626098262,942.8898715,39.30330207,177.7179584,1.393407522,35.81191186,396.1542193,1,442.2589019,141.3216526,14462.18061,1,11.47143655,34.81196718,20.08636196,5.436268333,5.901714653,0.635813741,0.137095843,2398.009299,7.401004555,86.63318149,100.7150737,91.35444172,354.3684526,182.2285639,417.2135132,0.627665989,23.0979689,85.22078878,71.48066457,0000000000000000234a,,
2021,Hassakeh,Al_Malika,2,670,0,670,1574.5,2350,2910,0,0,1574.5,0.273788898,2.626098262,942.8898715,39.30330207,177.7179584,1.393407522,35.81191186,396.1542193,1,442.2589019,141.3216526,14462.18061,1,11.47143655,34.81196718,20.08636196,5.436268333,5.901714653,0.635813741,0.137095843,2398.009299,7.401004555,86.63318149,100.7150737,91.35444172,354.3684526,182.2285639,417.2135132,0.627665989,23.0979689,85.22078878,71.48066457,0000000000000000234a,,
2021,Hassakeh,Al_Malika,3,40,0,40,92,2300,765,0,0,92,0.273788898,2.626098262,942.8898715,39.30330207,177.7179584,1.393407522,35.81191186,396.1542193,1,442.2589019,141.3216526,14462.18061,1,11.47143655,34.81196718,20.08636196,5.436268333,5.901714653,0.635813741,0.137095843,2398.009299,7.401004555,86.63318149,100.7150737,91.35444172,354.3684526,182.2285639,417.2135132,0.627665989,23.0979689,85.22078878,71.48066457,0000000000000000234a,,
2021,Hassakeh,Ras_Al_Ain,1,7630,0,7630,19666.325,2577.5,9408,0,0,19666.325,0.383012451,4.287075453,596.0306356,26.71222797,181.239228,1.436138441,29.13638552,428.1986409,1,428.0325777,146.9372913,14632.02885,1,10.62784115,34.35430215,20.32226229,6.468240797,6.586521486,0.623422164,0.1282506,2230.302594,7.607914063,79.7361979,90.22779383,86.50230107,228.6699497,158.4989891,413.1203426,0.413294717,15.5378662,83.87278693,3.258706468,0000000000000000234d,,
2021,Hassakeh,Ras_Al_Ain,2,7725,0,7725,19080.75,2470,11354,0,0,19080.75,0.383012451,4.287075453,596.0306356,26.71222797,181.239228,1.436138441,29.13638552,428.1986409,1,428.0325777,146.9372913,14632.02885,1,10.62784115,34.35430215,20.32226229,6.468240797,6.586521486,0.623422164,0.1282506,2230.302594,7.607914063,79.7361979,90.22779383,86.50230107,228.6699497,158.4989891,413.1203426,0.413294717,15.5378662,83.87278693,3.258706468,0000000000000000234d,,
2021,Hassakeh,Ras_Al_Ain,3,1855,0,1855,4359.25,2350,6550,0,0,4359.25,0.383012451,4.287075453,596.0306356,26.71222797,181.239228,1.436138441,29.13638552,428.1986409,1,428.0325777,146.9372913,14632.02885,1,10.62784115,34.35430215,20.32226229,6.468240797,6.586521486,0.623422164,0.1282506,2230.302594,7.607914063,79.7361979,90.22779383,86.50230107,228.6699497,158.4989891,413.1203426,0.413294717,15.5378662,83.87278693,3.258706468,0000000000000000234d,,
2021,Hassakeh,Ras_Al_Ain,4,615,0,615,1414.5,2300,11280,0,0,1414.5,0.383012451,4.287075453,596.0306356,26.71222797,181.239228,1.436138441,29.13638552,428.1986409,1,428.0325777,146.9372913,14632.02885,1,10.62784115,34.35430215,20.32226229,6.468240797,6.586521486,0.623422164,0.1282506,2230.302594,7.607914063,79.7361979,90.22779383,86.50230107,228.6699497,158.4989891,413.1203426,0.413294717,15.5378662,83.87278693,3.258706468,0000000000000000234d,,
2022,Homs,Tall_Kalakh,1,976.1,0,976.1,2433.783,2493,0,0,0,2433.783,0.061265386,1.382119937,1153.071534,31.45173532,213.4968276,1.371293035,28.50363662,371.8628808,1,462.9664108,761.1095818,13123.07951,1,86.9397267,27.44946527,18.22649931,8.001789979,20.7688995,0.687587866,0.117282972,3665.161889,7.036198454,98.79338486,101.3991589,97.7612076,578.3977037,256.0800903,370.1287946,2.899572474,38.32373734,95.84857535,63.89144317,2353,,
2022,Hama,Hama,2,0,0,0,0,0,0,0,0,0,0.227677668,4.733216797,583.9247844,16.18077257,192.7904067,1.455316559,28.89107986,399.9433813,1,367.8882638,414.0420209,13740.072,1,25.04294796,29.34120585,19.08343334,7.75339253,11.46316321,0.471853201,0.094265439,3607.757133,7.530149647,82.32834509,102.8093657,86.91760083,288.7229064,199.991121,385.7041579,0.890006436,18.48653952,90.95180951,22.43352601,2345,,
2022,Hama,Hama,3,0,0,0,0,0,29,54.375,1875,54.375,0.227677668,4.733216797,583.9247844,16.18077257,192.7904067,1.455316559,28.89107986,399.9433813,1,367.8882638,414.0420209,13740.072,1,25.04294796,29.34120585,19.08343334,7.75339253,11.46316321,0.471853201,0.094265439,3607.757133,7.530149647,82.32834509,102.8093657,86.91760083,288.7229064,199.991121,385.7041579,0.890006436,18.48653952,90.95180951,22.43352601,2345,,
2022,Hama,Hama,4,0,0,0,0,0,0,0,0,0,0.227677668,4.733216797,583.9247844,16.18077257,192.7904067,1.455316559,28.89107986,399.9433813,1,367.8882638,414.0420209,13740.072,1,25.04294796,29.34120585,19.08343334,7.75339253,11.46316321,0.471853201,0.094265439,3607.757133,7.530149647,82.32834509,102.8093657,86.91760083,288.7229064,199.991121,385.7041579,0.890006436,18.48653952,90.95180951,22.43352601,2345,,
2022,Hama,Al_Ghab,1,0,0,0,0,0,0,0,0,0,0.049595436,1.643165164,1223.789956,35.69799224,139.7759455,1.347860465,28.59829587,349.5799349,1,352.189296,864.8016158,12797.49309,1,139.7020723,27.58658361,17.77429595,7.279976001,25.19977332,0.703350588,0.125677891,3427.17587,6.782044179,92.73480597,105.4140121,108.1400587,625.3497565,280.5196852,361.9957542,4.508295663,42.21571718,98.43259455,35.28868661,2342,,
2022,Idleb,Idleb,1,14,0,14,36.4,2600,93,50.088,538.58,86.488,0.125820372,2.188331063,736.8357759,20.35138109,133.1604544,1.441830046,29.96636028,396.7139838,1,349.4829207,464.6152731,13583.43372,1,18.66965742,29.40992897,18.86588016,7.611267152,12.82347284,0.549219495,0.111500102,3619.568907,7.363514149,87.8828617,100.6294314,100.7540969,363.2821691,201.4720497,378.6673336,0.928862474,24.86059375,92.1949705,24.08243728,2358,,
2022,Idleb,Idleb,2,45,0,45,109.125,2425,1875,117.188,62.5,226.313,0.125820372,2.188331063,736.8357759,20.35138109,133.1604544,1.441830046,29.96636028,396.7139838,1,349.4829207,464.6152731,13583.43372,1,18.66965742,29.40992897,18.86588016,7.611267152,12.82347284,0.549219495,0.111500102,3619.568907,7.363514149,87.8828617,100.6294314,100.7540969,363.2821691,201.4720497,378.6673336,0.928862474,24.86059375,92.1949705,24.08243728,2358,,
2022,Idleb,Idleb,3,757,0,757,1926.565,2545,585,0,0,1926.565,0.125820372,2.188331063,736.8357759,20.35138109,133.1604544,1.441830046,29.96636028,396.7139838,1,349.4829207,464.6152731,13583.43372,1,18.66965742,29.40992897,18.86588016,7.611267152,12.82347284,0.549219495,0.111500102,3619.568907,7.363514149,87.8828617,100.6294314,100.7540969,363.2821691,201.4720497,378.6673336,0.928862474,24.86059375,92.1949705,24.08243728,2358,,
2022,Idleb,Harim,1,200,0,200,500,2500,674,379.125,562.5,879.125,0.076955511,1.744823344,929.1755501,26.49947784,208.4698796,1.397594182,27.2782689,356.5012631,1,400.6489695,478.0288437,13047.01632,1,91.8753057,28.75388709,18.12085601,6.964360673,13.65377356,0.457862903,0.073605665,3505.391921,7.125463716,95.81787612,96.44264775,112.3868225,450.1950582,243.3845318,396.2349649,3.52892128,34.93256475,96.45225139,7.104166667,2357,,
2022,Idleb,Al_Jisr_Ash_Shu,1,280,0,280,700,2500,500,244,488,944,0.061795348,1.387996783,1121.746992,33.14919992,177.540447,1.380476929,27.89801472,304.6574213,1,349.3955892,602.9970332,12885.64669,1,101.3142959,27.90288643,17.89673152,7.457486603,17.81703239,0.581575797,0.102641034,3382.933833,6.711311118,90.37703725,102.5470365,107.9906383,579.5172627,309.262822,377.4719518,3.793157673,40.90641577,97.73296275,19.55376344,2354,,
2022,Idleb,Al_Ma'ra,1,287,0,287,703.15,2450,1780,934.5,525,1637.65,0.219400577,2.789560748,655.0525405,18.48878414,161.5969773,1.44106543,30.50289991,387.8445436,1,426.7153644,410.8023332,13517.11592,1,29.05957912,29.25537727,18.77377211,7.334007666,11.61134089,0.49383131,0.104936026,3541.972515,7.422356298,85.92145674,103.2131462,93.02894103,327.8371544,211.8633148,395.4624714,1.089096217,21.8826255,92.72130223,2.740740741,2355,,
2022,Idleb,Al_Ma'ra,2,51,0,51,96.237,1887,2989,795.288,266,891.525,0.219400577,2.789560748,655.0525405,18.48878414,161.5969773,1.44106543,30.50289991,387.8445436,1,426.7153644,410.8023332,13517.11592,1,29.05957912,29.25537727,18.77377211,7.334007666,11.61134089,0.49383131,0.104936026,3541.972515,7.422356298,85.92145674,103.2131462,93.02894103,327.8371544,211.8633148,395.4624714,1.089096217,21.8826255,92.72130223,2.740740741,2355,,
2022,Idleb,Al_Ma'ra,3,104,0,104,210.6,2025,1751,0,0,210.6,0.219400577,2.789560748,655.0525405,18.48878414,161.5969773,1.44106543,30.50289991,387.8445436,1,426.7153644,410.8023332,13517.11592,1,29.05957912,29.25537727,18.77377211,7.334007666,11.61134089,0.49383131,0.104936026,3541.972515,7.422356298,85.92145674,103.2131462,93.02894103,327.8371544,211.8633148,395.4624714,1.089096217,21.8826255,92.72130223,2.740740741,2355,,
2022,Idleb,Ariha,1,360,0,360,936,2600,700,269.5,385,1205.5,0.06189382,1.20144567,869.2456133,24.66070536,178.7756591,1.396585143,27.93576679,350.6523137,1,582.149967,476.5201676,12649.29008,1,87.67581128,27.89596281,17.56845844,6.446228428,13.52773068,0.469293125,0.082213084,3523.820562,7.15618642,94.79378601,104.9871024,102.7359002,442.7462716,264.1637633,380.2716742,2.592602428,31.56046909,99.60880892,35.35190616,2356,,
2022,Idleb,Khan_Sheikhun,1,0,0,0,0,0,0,0,0,0,0.109173126,1.862431522,862.4112944,24.62990967,171.9086835,1.411510346,28.71626212,359.2739051,1,421.6785622,486.5927302,13136.50055,1,65.71892988,28.64360851,18.24513965,7.162670104,13.88667007,0.510356526,0.094979182,3514.737548,7.15576634,90.95860356,101.5638729,103.3792798,432.7155832,246.0292963,385.6216792,2.386528014,30.82853377,95.74205916,17.76660286,,,
2022,Idleb,Khan_Sheikhun,2,0,0,0,0,0,0,0,0,0,0.109173126,1.862431522,862.4112944,24.62990967,171.9086835,1.411510346,28.71626212,359.2739051,1,421.6785622,486.5927302,13136.50055,1,65.71892988,28.64360851,18.24513965,7.162670104,13.88667007,0.510356526,0.094979182,3514.737548,7.15576634,90.95860356,101.5638729,103.3792798,432.7155832,246.0292963,385.6216792,2.386528014,30.82853377,95.74205916,17.76660286,,,
2022,Tartous,Tartous,1,3432.75,0,3432.75,9316.102,2714,7.8,8.385,1075,9324.487,0.049162657,1.417978043,1366.825727,36.89833734,226.602822,1.337365278,24.38800112,328.0083572,1,151.3380759,901.3059714,13938.54812,1,85.26540945,27.73256599,19.35909462,10.67286308,24.36600935,0.610771263,0.072700278,3703.301672,6.801489796,93.38299321,101.4685892,102.3350745,681.2216925,293.3316743,364.969705,1.987711269,46.76351549,89.37660219,64.49344978,2365,,
2022,Tartous,Banyas,1,0,0,0,0,0,0,0,0,0,0.064347484,1.259569202,1600.041879,43.47580487,227.2029485,1.248880866,25.12215029,311.6023136,1,597.2024401,860.8231151,12307.8453,1,239.5189203,26.24215039,17.09422958,7.41669145,23.39843272,0.578945447,0.050511003,3679.304215,6.402940695,80.09802315,103.512899,103.4128924,818.2044495,311.2379664,363.3411414,4.321198421,51.28226288,97.6813119,78.70526316,2361,,
2022,Tartous,Safita,1,64,0,64,152.8,2387.5,244.3,470.278,1925,623.078,0.047070335,1.157636077,1575.960496,43.49984396,212.2246192,1.350786518,24.81991989,329.6296751,1,294.0703481,822.9134052,13547.73694,1,85.74052064,27.61686522,18.81630131,9.381133197,22.73011332,0.62362998,0.072556166,3621.910688,6.807968775,93.59895915,101.6287439,105.7738295,782.1864919,291.9812893,377.4132804,2.351750182,44.6094789,92.47827826,76.62715679,2363,,
2022,Tartous,Dreikisch,1,0,0,0,0,0,0,0,0,0,0.020699473,0.796408619,1620.199543,44.17777928,216.934763,1.299036482,24.8601254,322.079217,1,504.6634677,907.9338778,12809.37226,1,163.4163054,26.66177124,17.7907948,8.317458632,24.75990406,0.623268309,0.052769682,3666.45357,6.512992812,83.76642708,105.5491791,103.0075033,805.7212464,306.9629607,371.5972167,3.497485148,47.28655449,98.33831543,23.43243243,2362,,
2022,Tartous,Sheikh_Badr,1,0,0,0,0,0,447.53,441.936,987.5,441.936,0.0373259,1.003571401,1565.16461,42.64191501,219.4652153,1.304121142,24.82237263,321.6588278,1,407.1159663,876.5096143,13065.55318,1,154.5873703,26.94738185,18.14660164,8.833948876,23.88391735,0.607940749,0.05904897,3670.43161,6.587843617,86.26145388,103.1191412,103.8800332,783.7160539,302.2905226,370.5696379,3.164125443,48.74926315,95.37765825,48.78499377,,,
2022,Lattakia,Al_Hafa,1,0,0,0,0,0,0,0,0,0,0.056619889,1.298629777,1677.289713,48.08510034,251.0029312,1.264981734,25.51066723,281.7179779,1,615.8606536,913.849565,12328.35462,1,289.7612345,26.78306873,17.12271475,7.11563242,26.19878847,0.628239443,0.052898002,3487.169311,6.168576676,72.28588919,96.96183655,120.1071143,857.6369037,357.4897846,356.8800356,4.643245661,56.30098333,97.84408429,75.1082544,2359,,
2022,Lattakia,Jablah,1,0,0,0,0,0,0,0,0,0,0.056903002,1.06433536,1671.932425,47.03309751,242.7106218,1.288362214,25.18450697,312.336117,1,539.9002309,828.5557861,12497.6846,1,269.6827043,26.57087906,17.35789528,7.738424536,23.30193214,0.588118171,0.054461192,3553.799733,6.394601508,79.82005026,102.9046661,108.7335244,847.5741715,319.9496365,362.0527367,4.337486611,50.9748085,99.18797305,69.6122449,0000000000000000235b,,
2022,Aleppo,A'zaz,1,290,0,290,870,3000,768,119.36,155.42,989.36,0.121728487,2.146811382,564.5722897,14.89843566,180.5676029,1.396196968,30.36538609,429.7996425,1,481.8095159,484.9931372,13322.34444,1,12.33630082,30.04376691,18.50325617,5.93826393,12.80566099,0.560641803,0.122070171,3788.473623,7.471901984,84.26993387,114.1298058,93.82194035,263.6125837,165.5478602,396.9674719,0.559398203,24.25735487,94.2671076,30.7875817,2325,,
2022,Aleppo,A'zaz,2,55,0,55,160.875,2925,37,6.568,177.5,167.443,0.121728487,2.146811382,564.5722897,14.89843566,180.5676029,1.396196968,30.36538609,429.7996425,1,481.8095159,484.9931372,13322.34444,1,12.33630082,30.04376691,18.50325617,5.93826393,12.80566099,0.560641803,0.122070171,3788.473623,7.471901984,84.26993387,114.1298058,93.82194035,263.6125837,165.5478602,396.9674719,0.559398203,24.25735487,94.2671076,30.7875817,2325,,
2022,Aleppo,Afrin,1,341,0,341,1023,3000,3780,567,150,1590,0.194810459,2.230856022,853.3964065,23.54942026,184.8305861,1.371035123,25.51170824,404.3181051,1,493.5760545,466.5485102,12780.06047,1,89.965976,28.97913821,17.75008399,5.447687467,12.87665216,0.435545174,0.060469808,3622.853144,7.198506433,93.3831189,105.8051539,105.3370426,398.9445126,192.8950466,401.4796676,3.206478872,32.26458622,98.57094865,72.67440361,2326,,
2022,Aleppo,Jarablus,2,1900,0,1900,5700,3000,7000,840,120,6540,0.056313267,1.389591551,499.4674046,13.20832674,123.911363,1.374076188,31.59740814,433.9335195,1,453.0262094,345.3853226,13757.16469,1,19.54434174,32.14292478,19.10717318,5.293938518,9.142667965,0.38315179,0.071830134,3780.458578,7.473535251,84.21549162,102.4642535,95.02215601,238.6991481,151.8135123,395.6820817,0.731704106,17.89025411,90.81615328,86.86344794,0000000000000000232a,,
2022,Aleppo,Al_Bab,1,11,0,11,33,3000,760,95,125,128,0.223794265,2.70647827,433.3192042,11.61714649,171.3158859,1.361738999,28.32570189,404.137529,1,440.5998951,399.5643494,13786.47616,1,12.48017986,30.74729324,19.14788356,6.543109381,10.74150676,0.420420752,0.089977718,3728.996903,7.526863486,82.4378838,111.1300964,87.9401314,200.4327169,172.3288421,394.8106379,0.536196258,18.97472913,90.58352253,57.38811081,2328,,
2022,Aleppo,Al_Bab,2,274,0,274,761,2777.37,15895,1907.4,120,2668.4,0.223794265,2.70647827,433.3192042,11.61714649,171.3158859,1.361738999,28.32570189,404.137529,1,440.5998951,399.5643494,13786.47616,1,12.48017986,30.74729324,19.14788356,6.543109381,10.74150676,0.420420752,0.089977718,3728.996903,7.526863486,82.4378838,111.1300964,87.9401314,200.4327169,172.3288421,394.8106379,0.536196258,18.97472913,90.58352253,57.38811081,2328,,
2022,Aleppo,Al_Bab,3,0,0,0,0,0,10,0,0,0,0.223794265,2.70647827,433.3192042,11.61714649,171.3158859,1.361738999,28.32570189,404.137529,1,440.5998951,399.5643494,13786.47616,1,12.48017986,30.74729324,19.14788356,6.543109381,10.74150676,0.420420752,0.089977718,3728.996903,7.526863486,82.4378838,111.1300964,87.9401314,200.4327169,172.3288421,394.8106379,0.536196258,18.97472913,90.58352253,57.38811081,2328,,
2022,Aleppo,Al_Bab,4,0,0,0,0,0,0,0,0,0,0.223794265,2.70647827,433.3192042,11.61714649,171.3158859,1.361738999,28.32570189,404.137529,1,440.5998951,399.5643494,13786.47616,1,12.48017986,30.74729324,19.14788356,6.543109381,10.74150676,0.420420752,0.089977718,3728.996903,7.526863486,82.4378838,111.1300964,87.9401314,200.4327169,172.3288421,394.8106379,0.536196258,18.97472913,90.58352253,57.38811081,2328,,
2022,Aleppo,Menbij,2,1796,0,1796,5388,3000,3466,0,0,5388,0.476099108,4.018173677,361.6883296,9.590197247,173.279788,1.406754586,24.018397,332.4689528,1,397.1956572,339.8088584,14194.80616,1,17.60715977,31.40308545,19.71500856,7.173474921,9.01647333,0.376684383,0.071407023,3770.437858,7.618434657,79.38551142,95.98003733,83.50404945,176.5482633,198.2878033,437.4207931,0.49517755,12.11218955,87.34280823,92.68040719,0000000000000000232c,,
2022,Aleppo,Menbij,3,852,0,852,2470.8,2900,0,0,0,2470.8,0.476099108,4.018173677,361.6883296,9.590197247,173.279788,1.406754586,24.018397,332.4689528,1,397.1956572,339.8088584,14194.80616,1,17.60715977,31.40308545,19.71500856,7.173474921,9.01647333,0.376684383,0.071407023,3770.437858,7.618434657,79.38551142,95.98003733,83.50404945,176.5482633,198.2878033,437.4207931,0.49517755,12.11218955,87.34280823,92.68040719,0000000000000000232c,,
2022,Aleppo,Menbij,4,14614,0,14614,42453.67,2905,0,0,0,42453.67,0.476099108,4.018173677,361.6883296,9.590197247,173.279788,1.406754586,24.018397,332.4689528,1,397.1956572,339.8088584,14194.80616,1,17.60715977,31.40308545,19.71500856,7.173474921,9.01647333,0.376684383,0.071407023,3770.437858,7.618434657,79.38551142,95.98003733,83.50404945,176.5482633,198.2878033,437.4207931,0.49517755,12.11218955,87.34280823,92.68040719,0000000000000000232c,,
2022,Aleppo,Menbij,5,6711,0,6711,17492.222,2606.5,0,0,0,17492.222,0.476099108,4.018173677,361.6883296,9.590197247,173.279788,1.406754586,24.018397,332.4689528,1,397.1956572,339.8088584,14194.80616,1,17.60715977,31.40308545,19.71500856,7.173474921,9.01647333,0.376684383,0.071407023,3770.437858,7.618434657,79.38551142,95.98003733,83.50404945,176.5482633,198.2878033,437.4207931,0.49517755,12.11218955,87.34280823,92.68040719,0000000000000000232c,,
2022,Aleppo,Ain_Al_Arab,2,8700,0,8700,26100,3000,29000,4350,150,30450,0.285146327,2.615456939,522.426985,13.19467927,180.1352135,1.344070296,29.15984317,412.5287694,1,457.6511594,305.3832165,14101.6476,1,40.7417743,32.61294207,19.58562166,5.871829538,7.723247288,0.327896575,0.062319653,3958.376157,7.452704986,84.90983381,93.18281477,90.39463319,259.7738425,160.737883,374.9119357,1.026508894,16.80178945,88.08216194,86.06697787,2327,,
2022,Aleppo,Ain_Al_Arab,3,2350,0,2350,7050,3000,1000,150,150,7200,0.285146327,2.615456939,522.426985,13.19467927,180.1352135,1.344070296,29.15984317,412.5287694,1,457.6511594,305.3832165,14101.6476,1,40.7417743,32.61294207,19.58562166,5.871829538,7.723247288,0.327896575,0.062319653,3958.376157,7.452704986,84.90983381,93.18281477,90.39463319,259.7738425,160.737883,374.9119357,1.026508894,16.80178945,88.08216194,86.06697787,2327,,
2022,Aleppo,Jebel_Saman,1,244,0,244,646.6,2650,419,83.8,200,730.4,0.320135248,3.90953411,500.7580615,13.74065255,185.7492815,1.399045613,26.85095306,367.0160671,1,348.6130778,404.3217135,13916.59163,1,24.0041333,30.19814449,19.32859949,7.615348285,11.09240758,0.425266408,0.085012971,3643.354295,7.511498758,82.95004141,102.5131152,88.35499167,239.2942805,183.2856532,401.209007,0.780531933,17.98196178,89.55086008,28.18423019,0000000000000000232b,,
2022,Aleppo,Jebel_Saman,2,1338,0,1338,3478.8,2600,529,68.77,130,3547.57,0.320135248,3.90953411,500.7580615,13.74065255,185.7492815,1.399045613,26.85095306,367.0160671,1,348.6130778,404.3217135,13916.59163,1,24.0041333,30.19814449,19.32859949,7.615348285,11.09240758,0.425266408,0.085012971,3643.354295,7.511498758,82.95004141,102.5131152,88.35499167,239.2942805,183.2856532,401.209007,0.780531933,17.98196178,89.55086008,28.18423019,0000000000000000232b,,
2022,Aleppo,Jebel_Saman,3,215,0,215,397.75,1850,195,15.6,80,413.35,0.320135248,3.90953411,500.7580615,13.74065255,185.7492815,1.399045613,26.85095306,367.0160671,1,348.6130778,404.3217135,13916.59163,1,24.0041333,30.19814449,19.32859949,7.615348285,11.09240758,0.425266408,0.085012971,3643.354295,7.511498758,82.95004141,102.5131152,88.35499167,239.2942805,183.2856532,401.209007,0.780531933,17.98196178,89.55086008,28.18423019,0000000000000000232b,,
2022,Aleppo,Jebel_Saman,4,0,0,0,0,0,0,0,0,0,0.320135248,3.90953411,500.7580615,13.74065255,185.7492815,1.399045613,26.85095306,367.0160671,1,348.6130778,404.3217135,13916.59163,1,24.0041333,30.19814449,19.32859949,7.615348285,11.09240758,0.425266408,0.085012971,3643.354295,7.511498758,82.95004141,102.5131152,88.35499167,239.2942805,183.2856532,401.209007,0.780531933,17.98196178,89.55086008,28.18423019,0000000000000000232b,,
2022,Aleppo,As_Safira,2,2200,0,2200,6600,3000,2153,199.153,92.5,6799.153,0.226229514,2.727688396,357.9538717,9.632588541,194.0542344,1.456944439,23.81607607,339.9130212,1,386.7828001,357.4911841,14094.65752,1,58.56984464,30.64082889,19.57591323,7.660142031,9.641565494,0.393596902,0.074371812,3715.07144,7.634697244,78.8434252,101.8517632,74.96153636,172.9815025,209.796782,447.6738108,1.021027812,12.3940763,88.1376387,61.3127161,2329,,
2022,Aleppo,As_Safira,3,2600,0,2600,7800,3000,1788,258.701,144.69,8058.701,0.226229514,2.727688396,357.9538717,9.632588541,194.0542344,1.456944439,23.81607607,339.9130212,1,386.7828001,357.4911841,14094.65752,1,58.56984464,30.64082889,19.57591323,7.660142031,9.641565494,0.393596902,0.074371812,3715.07144,7.634697244,78.8434252,101.8517632,74.96153636,172.9815025,209.796782,447.6738108,1.021027812,12.3940763,88.1376387,61.3127161,2329,,
2022,Aleppo,As_Safira,4,200,0,200,515,2575,0,0,0,515,0.226229514,2.727688396,357.9538717,9.632588541,194.0542344,1.456944439,23.81607607,339.9130212,1,386.7828001,357.4911841,14094.65752,1,58.56984464,30.64082889,19.57591323,7.660142031,9.641565494,0.393596902,0.074371812,3715.07144,7.634697244,78.8434252,101.8517632,74.96153636,172.9815025,209.796782,447.6738108,1.021027812,12.3940763,88.1376387,61.3127161,2329,,
2022,Aleppo,As_Safira,5,500,0,500,1250,2500,0,0,0,1250,0.226229514,2.727688396,357.9538717,9.632588541,194.0542344,1.456944439,23.81607607,339.9130212,1,386.7828001,357.4911841,14094.65752,1,58.56984464,30.64082889,19.57591323,7.660142031,9.641565494,0.393596902,0.074371812,3715.07144,7.634697244,78.8434252,101.8517632,74.96153636,172.9815025,209.796782,447.6738108,1.021027812,12.3940763,88.1376387,61.3127161,2329,,
2022,Aleppo,Al_Atarib,1,1000,0,1000,3000,3000,1110,166.5,150,3166.5,0.238032084,2.718073793,511.6978191,13.67893084,174.2304944,1.388732777,27.45568421,390.5144508,1,432.4067962,387.9370365,13744.21858,1,34.4062138,30.84601551,19.08919248,6.442974259,10.3800227,0.415400473,0.079682411,3751.00275,7.48601785,83.799405,103.38213,89.91706013,243.7858563,179.3366728,406.2694257,1.044627954,19.08461768,90.91890013,64.49473443,,,
2022,Aleppo,Dayr_Hafir,2,260,0,260,676,2600,0,0,0,676,0.238032084,2.718073793,511.6978191,13.67893084,174.2304944,1.388732777,27.45568421,390.5144508,1,432.4067962,387.9370365,13744.21858,1,34.4062138,30.84601551,19.08919248,6.442974259,10.3800227,0.415400473,0.079682411,3751.00275,7.48601785,83.799405,103.38213,89.91706013,243.7858563,179.3366728,406.2694257,1.044627954,19.08461768,90.91890013,64.49473443,,,
2022,Aleppo,Dayr_Hafir,3,9406,0,9406,23279.85,2475,0,0,0,23279.85,0.238032084,2.718073793,511.6978191,13.67893084,174.2304944,1.388732777,27.45568421,390.5144508,1,432.4067962,387.9370365,13744.21858,1,34.4062138,30.84601551,19.08919248,6.442974259,10.3800227,0.415400473,0.079682411,3751.00275,7.48601785,83.799405,103.38213,89.91706013,243.7858563,179.3366728,406.2694257,1.044627954,19.08461768,90.91890013,64.49473443,,,
2022,Aleppo,Dayr_Hafir,4,3894,0,3894,9850.652,2529.7,0,0,0,9850.652,0.238032084,2.718073793,511.6978191,13.67893084,174.2304944,1.388732777,27.45568421,390.5144508,1,432.4067962,387.9370365,13744.21858,1,34.4062138,30.84601551,19.08919248,6.442974259,10.3800227,0.415400473,0.079682411,3751.00275,7.48601785,83.799405,103.38213,89.91706013,243.7858563,179.3366728,406.2694257,1.044627954,19.08461768,90.91890013,64.49473443,,,
2022,Raqqa,Raqqa,3,300,0,300,803,2676.67,1200,0,0,803,1.050201469,5.964680642,299.3546828,7.422462539,176.8215937,1.445777656,18.21052889,260.1565394,1,346.2123061,385.861235,14787.21978,1,26.05879584,32.45543228,20.53780524,7.611718501,9.598224844,0.251824626,0.035853945,4032.09119,7.943602406,68.54658646,87.96378861,76.95057016,151.379183,252.812006,466.2953785,0.418199141,7.517291598,82.64111289,89.8962532,0000000000000000235e,,
2022,Raqqa,Raqqa,4,12951,0,12951,34706,2680,11300,0,0,34706,1.050201469,5.964680642,299.3546828,7.422462539,176.8215937,1.445777656,18.21052889,260.1565394,1,346.2123061,385.861235,14787.21978,1,26.05879584,32.45543228,20.53780524,7.611718501,9.598224844,0.251824626,0.035853945,4032.09119,7.943602406,68.54658646,87.96378861,76.95057016,151.379183,252.812006,466.2953785,0.418199141,7.517291598,82.64111289,89.8962532,0000000000000000235e,,
2022,Raqqa,Raqqa,5,6500,0,6500,17420,2680,0,0,0,17420,1.050201469,5.964680642,299.3546828,7.422462539,176.8215937,1.445777656,18.21052889,260.1565394,1,346.2123061,385.861235,14787.21978,1,26.05879584,32.45543228,20.53780524,7.611718501,9.598224844,0.251824626,0.035853945,4032.09119,7.943602406,68.54658646,87.96378861,76.95057016,151.379183,252.812006,466.2953785,0.418199141,7.517291598,82.64111289,89.8962532,0000000000000000235e,,
2022,Raqqa,Tell_Abiad,2,23500,0,23500,62980,2680,25500,0,0,62980,0.478825179,3.735158564,455.0888046,11.28373076,188.9206138,1.450549568,27.03711738,400.1496788,1,371.821103,310.5081321,14746.93261,1,11.17783109,33.56460581,20.48185084,6.619916736,7.712749636,0.23130188,0.033776676,4032.141292,7.789701512,73.67661628,87.67490081,84.91251176,236.1778537,163.0030389,436.503596,0.353533461,11.88417515,82.96085232,33.28514589,2360,,
2022,Raqqa,Tell_Abiad,3,3350,0,3350,8978,2680,9900,0,0,8978,0.478825179,3.735158564,455.0888046,11.28373076,188.9206138,1.450549568,27.03711738,400.1496788,1,371.821103,310.5081321,14746.93261,1,11.17783109,33.56460581,20.48185084,6.619916736,7.712749636,0.23130188,0.033776676,4032.141292,7.789701512,73.67661628,87.67490081,84.91251176,236.1778537,163.0030389,436.503596,0.353533461,11.88417515,82.96085232,33.28514589,2360,,
2022,Raqqa,Tell_Abiad,4,150,0,150,403,2686.67,200,0,0,403,0.478825179,3.735158564,455.0888046,11.28373076,188.9206138,1.450549568,27.03711738,400.1496788,1,371.821103,310.5081321,14746.93261,1,11.17783109,33.56460581,20.48185084,6.619916736,7.712749636,0.23130188,0.033776676,4032.141292,7.789701512,73.67661628,87.67490081,84.91251176,236.1778537,163.0030389,436.503596,0.353533461,11.88417515,82.96085232,33.28514589,2360,,
2022,Raqqa,Tabqat,3,350,0,350,938,2680,1400,0,0,938,0.166312937,1.915996577,322.4079906,8.220368199,159.7684893,1.190950364,17.04136252,252.4603217,1,365.9192606,296.1494315,14461.93092,1,14.81675015,31.70220099,20.08601517,7.497222461,7.555463093,0.277066442,0.056127357,3921.062647,7.560426275,81.31912416,87.74859706,84.49662626,165.5372817,193.9123706,366.1195327,0.562168467,8.629667024,85.22277044,97.73904029,0000000000000000235f,,
2022,Raqqa,Tabqat,4,400,0,400,1072,2680,500,0,0,1072,0.166312937,1.915996577,322.4079906,8.220368199,159.7684893,1.190950364,17.04136252,252.4603217,1,365.9192606,296.1494315,14461.93092,1,14.81675015,31.70220099,20.08601517,7.497222461,7.555463093,0.277066442,0.056127357,3921.062647,7.560426275,81.31912416,87.74859706,84.49662626,165.5372817,193.9123706,366.1195327,0.562168467,8.629667024,85.22277044,97.73904029,0000000000000000235f,,
2022,Raqqa,Tabqat,5,2499,0,2499,6981.636,2793,0,0,0,6981.636,0.166312937,1.915996577,322.4079906,8.220368199,159.7684893,1.190950364,17.04136252,252.4603217,1,365.9192606,296.1494315,14461.93092,1,14.81675015,31.70220099,20.08601517,7.497222461,7.555463093,0.277066442,0.056127357,3921.062647,7.560426275,81.31912416,87.74859706,84.49662626,165.5372817,193.9123706,366.1195327,0.562168467,8.629667024,85.22277044,97.73904029,0000000000000000235f,,
2022,Dayr_Az_Zor,Dayr_Az_Zor,4,1200,0,1200,3000,2500,0,0,0,3000,1.527438458,6.266817637,277.9716056,6.353719001,160.6562038,1.475571533,17.45613594,279.0580926,1,311.6110564,326.3119336,15570.08535,1,24.94088817,34.16104866,21.62511854,7.475826855,7.486188404,0.189812501,0.023255455,4373.943329,7.945084905,68.49716985,90.86092252,70.69086481,144.1595338,267.81461,453.5383851,0.441646162,7.406680906,76.42789404,59.82997528,2341,,
2022,Dayr_Az_Zor,Dayr_Az_Zor,5,13813,0,13813,25385,1838,0,0,0,25385,1.527438458,6.266817637,277.9716056,6.353719001,160.6562038,1.475571533,17.45613594,279.0580926,1,311.6110564,326.3119336,15570.08535,1,24.94088817,34.16104866,21.62511854,7.475826855,7.486188404,0.189812501,0.023255455,4373.943329,7.945084905,68.49716985,90.86092252,70.69086481,144.1595338,267.81461,453.5383851,0.441646162,7.406680906,76.42789404,59.82997528,2341,,
2022,Dayr_Az_Zor,Al_Mayadin,5,3763,0,3763,8370,2224,0,0,0,8370,0.846879854,4.706853339,236.1786815,5.246791967,106.9848781,1.464284982,15.16950876,321.6518012,1,284.7469964,342.3090463,15951.85046,1,13.44925992,34.577984,22.15534786,8.50229903,7.633411147,0.160308048,0.012746968,4500.392146,7.935538403,68.81538657,95.74471651,66.67223932,120.405364,226.8776377,452.2255759,0.231444592,7.050522461,73.39801221,65.76879408,2340,,
2022,Dayr_Az_Zor,Abu_Kamal,5,5198,0,5198,10870,2091,0,0,0,10870,0.326690195,2.534252196,257.6242345,5.509759015,145.9024177,1.474952341,15.51213228,316.9541986,1,199.0450865,280.0051193,16453.33767,1,17.05196237,35.56587328,22.85185788,8.797239032,6.008735494,0.189567589,0.019720783,4674.780444,7.914785937,69.50713545,99.5615819,67.56458255,127.1424415,210.3167699,473.4703945,0.275403663,8.147721895,69.41795498,64.43444099,0000000000000000233f,,
2022,Hassakeh,Hassakeh,1,350,0,350,1085,3100,1449,0,0,1085,1.234999017,5.292191536,433.7473863,9.808065615,179.2026918,1.453912692,22.75778998,312.1287676,1,352.2277754,256.4968273,15453.47138,1,19.1175947,34.85050812,21.46315469,6.72688267,5.80346644,0.201110278,0.026851314,4421.354044,7.76640865,74.453045,92.0468608,80.08382336,230.3232279,232.8497925,449.1236429,0.493960645,10.83503123,77.35340178,55.44769984,0000000000000000234b,,
2022,Hassakeh,Hassakeh,2,7404,0,7404,21948,2964,30841,0,0,21948,1.234999017,5.292191536,433.7473863,9.808065615,179.2026918,1.453912692,22.75778998,312.1287676,1,352.2277754,256.4968273,15453.47138,1,19.1175947,34.85050812,21.46315469,6.72688267,5.80346644,0.201110278,0.026851314,4421.354044,7.76640865,74.453045,92.0468608,80.08382336,230.3232279,232.8497925,449.1236429,0.493960645,10.83503123,77.35340178,55.44769984,0000000000000000234b,,
2022,Hassakeh,Hassakeh,3,2054,0,2054,5884,2865,10490,0,0,5884,1.234999017,5.292191536,433.7473863,9.808065615,179.2026918,1.453912692,22.75778998,312.1287676,1,352.2277754,256.4968273,15453.47138,1,19.1175947,34.85050812,21.46315469,6.72688267,5.80346644,0.201110278,0.026851314,4421.354044,7.76640865,74.453045,92.0468608,80.08382336,230.3232279,232.8497925,449.1236429,0.493960645,10.83503123,77.35340178,55.44769984,0000000000000000234b,,
2022,Hassakeh,Hassakeh,4,2178,0,2178,5758,2644,8224,0,0,5758,1.234999017,5.292191536,433.7473863,9.808065615,179.2026918,1.453912692,22.75778998,312.1287676,1,352.2277754,256.4968273,15453.47138,1,19.1175947,34.85050812,21.46315469,6.72688267,5.80346644,0.201110278,0.026851314,4421.354044,7.76640865,74.453045,92.0468608,80.08382336,230.3232279,232.8497925,449.1236429,0.493960645,10.83503123,77.35340178,55.44769984,0000000000000000234b,,
2022,Hassakeh,Hassakeh,5,3117,0,3117,8143,2613,0,0,0,8143,1.234999017,5.292191536,433.7473863,9.808065615,179.2026918,1.453912692,22.75778998,312.1287676,1,352.2277754,256.4968273,15453.47138,1,19.1175947,34.85050812,21.46315469,6.72688267,5.80346644,0.201110278,0.026851314,4421.354044,7.76640865,74.453045,92.0468608,80.08382336,230.3232279,232.8497925,449.1236429,0.493960645,10.83503123,77.35340178,55.44769984,0000000000000000234b,,
2022,Hassakeh,Quamishli,1,6847,0,6847,20390,2978,36130,0,0,20390,0.384508781,3.376182941,687.2387848,15.24289909,189.6343908,1.4227755,32.71215887,381.6987929,1,387.3408823,287.7409778,15124.67677,1,4.224880292,35.06069318,21.00649552,5.936039841,6.390644645,0.338313256,0.055353182,4507.583182,7.499177245,83.3607585,91.40521057,91.06483641,367.7380977,188.6721752,424.1715544,0.236333983,15.93920513,79.96288274,2.151515152,0000000000000000234c,,
2022,Hassakeh,Quamishli,2,2573,0,2573,7230,2810,2644,0,0,7230,0.384508781,3.376182941,687.2387848,15.24289909,189.6343908,1.4227755,32.71215887,381.6987929,1,387.3408823,287.7409778,15124.67677,1,4.224880292,35.06069318,21.00649552,5.936039841,6.390644645,0.338313256,0.055353182,4507.583182,7.499177245,83.3607585,91.40521057,91.06483641,367.7380977,188.6721752,424.1715544,0.236333983,15.93920513,79.96288274,2.151515152,0000000000000000234c,,
2022,Hassakeh,Quamishli,3,2015,0,2015,5473,2716,1745,0,0,5473,0.384508781,3.376182941,687.2387848,15.24289909,189.6343908,1.4227755,32.71215887,381.6987929,1,387.3408823,287.7409778,15124.67677,1,4.224880292,35.06069318,21.00649552,5.936039841,6.390644645,0.338313256,0.055353182,4507.583182,7.499177245,83.3607585,91.40521057,91.06483641,367.7380977,188.6721752,424.1715544,0.236333983,15.93920513,79.96288274,2.151515152,0000000000000000234c,,
2022,Hassakeh,Al_Malika,1,13365,0,13365,39334,2943,43574,0,0,39334,0.273788898,2.626098262,818.6852951,17.54739628,177.7179584,1.393407522,35.81191186,396.1542193,1,442.2589019,302.1065869,14713.76807,1,11.47143655,34.81196718,20.43578899,5.012095812,6.482347978,0.423642656,0.074850495,4664.56566,7.401004555,86.63318149,93.84450649,92.67837407,454.1620752,182.2285639,417.2135132,0.627665989,23.0979689,83.22406293,71.48066457,0000000000000000234a,,
2022,Hassakeh,Al_Malika,2,355,0,355,977,2752,6328,0,0,977,0.273788898,2.626098262,818.6852951,17.54739628,177.7179584,1.393407522,35.81191186,396.1542193,1,442.2589019,302.1065869,14713.76807,1,11.47143655,34.81196718,20.43578899,5.012095812,6.482347978,0.423642656,0.074850495,4664.56566,7.401004555,86.63318149,93.84450649,92.67837407,454.1620752,182.2285639,417.2135132,0.627665989,23.0979689,83.22406293,71.48066457,0000000000000000234a,,
2022,Hassakeh,Al_Malika,3,25,0,25,66.875,2675,1460,0,0,66.875,0.273788898,2.626098262,818.6852951,17.54739628,177.7179584,1.393407522,35.81191186,396.1542193,1,442.2589019,302.1065869,14713.76807,1,11.47143655,34.81196718,20.43578899,5.012095812,6.482347978,0.423642656,0.074850495,4664.56566,7.401004555,86.63318149,93.84450649,92.67837407,454.1620752,182.2285639,417.2135132,0.627665989,23.0979689,83.22406293,71.48066457,0000000000000000234a,,
2022,Hassakeh,Ras_Al_Ain,1,8960,0,8960,26835,2995,6470,0,0,26835,0.383012451,4.287075453,553.9880121,12.85810461,181.239228,1.436138441,29.13638552,428.1986409,1,428.0325777,315.6201443,14743.97555,1,10.62784115,34.23489984,20.47774382,6.001896001,7.323877608,0.295120469,0.04867221,4307.473364,7.607914063,79.7361979,87.06119395,88.2097834,288.9234952,158.4989891,413.1203426,0.413294717,15.5378662,82.98432103,3.258706468,0000000000000000234d,,
2022,Hassakeh,Ras_Al_Ain,2,7720,0,7720,21655,2805,7979,0,0,21655,0.383012451,4.287075453,553.9880121,12.85810461,181.239228,1.436138441,29.13638552,428.1986409,1,428.0325777,315.6201443,14743.97555,1,10.62784115,34.23489984,20.47774382,6.001896001,7.323877608,0.295120469,0.04867221,4307.473364,7.607914063,79.7361979,87.06119395,88.2097834,288.9234952,158.4989891,413.1203426,0.413294717,15.5378662,82.98432103,3.258706468,0000000000000000234d,,
2022,Hassakeh,Ras_Al_Ain,3,750,0,750,2106,2808,625,0,0,2106,0.383012451,4.287075453,553.9880121,12.85810461,181.239228,1.436138441,29.13638552,428.1986409,1,428.0325777,315.6201443,14743.97555,1,10.62784115,34.23489984,20.47774382,6.001896001,7.323877608,0.295120469,0.04867221,4307.473364,7.607914063,79.7361979,87.06119395,88.2097834,288.9234952,158.4989891,413.1203426,0.413294717,15.5378662,82.98432103,3.258706468,0000000000000000234d,,
2022,Hassakeh,Ras_Al_Ain,4,0,0,0,0,0,0,0,0,0,0.383012451,4.287075453,553.9880121,12.85810461,181.239228,1.436138441,29.13638552,428.1986409,1,428.0325777,315.6201443,14743.97555,1,10.62784115,34.23489984,20.47774382,6.001896001,7.323877608,0.295120469,0.04867221,4307.473364,7.607914063,79.7361979,87.06119395,88.2097834,288.9234952,158.4989891,413.1203426,0.413294717,15.5378662,82.98432103,3.258706468,0000000000000000234d,,
2023,Homs,Tall_Kalakh,1,950,0,950,1965.313,2068.75,0,0,0,1965.313,0.061265386,1.382119937,1162.007335,32.11416705,213.4968276,1.371293035,28.50363662,371.8628808,1,462.9664108,792.7120297,13163.31895,1,86.9397267,27.44821989,18.28238743,8.001789979,21.93076513,0.698475953,0.121368939,3617.363612,7.036198454,98.79338486,91.15852066,99.20772418,527.858406,256.0800903,370.1287946,2.899572474,38.32373734,95.52921469,63.89144317,2353,,
2023,Hama,Hama,2,15,0,15,35.25,2350,5,0,0,35.25,0.227677668,4.733216797,548.6403936,15.49774467,192.7904067,1.455316559,28.89107986,399.9433813,1,367.8882638,439.3072189,13724.01401,1,25.04294796,29.63410386,19.06113056,7.75339253,12.39057115,0.528248425,0.106224894,3539.13055,7.530149647,82.32834509,84.13475451,91.48770998,243.9134161,199.991121,385.7041579,0.890006436,18.48653952,91.07925392,22.43352601,2345,,
2023,Hama,Hama,3,123,0,123,304.9,2479,30,25.07,835.67,329.97,0.227677668,4.733216797,548.6403936,15.49774467,192.7904067,1.455316559,28.89107986,399.9433813,1,367.8882638,439.3072189,13724.01401,1,25.04294796,29.63410386,19.06113056,7.75339253,12.39057115,0.528248425,0.106224894,3539.13055,7.530149647,82.32834509,84.13475451,91.48770998,243.9134161,199.991121,385.7041579,0.890006436,18.48653952,91.07925392,22.43352601,2345,,
2023,Hama,Hama,4,0,0,0,0,0,0,0,0,0,0.227677668,4.733216797,548.6403936,15.49774467,192.7904067,1.455316559,28.89107986,399.9433813,1,367.8882638,439.3072189,13724.01401,1,25.04294796,29.63410386,19.06113056,7.75339253,12.39057115,0.528248425,0.106224894,3539.13055,7.530149647,82.32834509,84.13475451,91.48770998,243.9134161,199.991121,385.7041579,0.890006436,18.48653952,91.07925392,22.43352601,2345,,
2023,Hama,Al_Ghab,1,6223,0,6223,23959,3850,90,246.16,2735,24205.16,0.049595436,1.643165164,1160.485857,34.36033469,139.7759455,1.347860465,28.59829587,349.5799349,1,352.189296,873.9496901,12791.87691,1,139.7020723,27.63260823,17.76649571,7.279976001,25.83983103,0.717495735,0.127998166,3376.399746,6.782044179,92.73480597,86.72626648,108.4255186,526.2543907,280.5196852,361.9957542,4.508295663,42.21571718,98.47716734,35.28868661,2342,,
2023,Idleb,Idleb,1,438,0,438,1116.9,2550,1730,2090,1208,3206.9,0.125820372,2.188331063,682.7478459,19.4353295,133.1604544,1.441830046,29.96636028,396.7139838,1,349.4829207,502.8977547,13551.43279,1,18.66965742,29.45196242,18.82143443,7.611267152,14.30311203,0.59183116,0.124687545,3511.921382,7.363514149,87.8828617,78.78809827,102.3620874,292.3668351,201.4720497,378.6673336,0.928862474,24.86059375,92.44894609,24.08243728,2358,,
2023,Idleb,Idleb,2,143,0,143,432.575,3025,609,526.785,865,959.36,0.125820372,2.188331063,682.7478459,19.4353295,133.1604544,1.441830046,29.96636028,396.7139838,1,349.4829207,502.8977547,13551.43279,1,18.66965742,29.45196242,18.82143443,7.611267152,14.30311203,0.59183116,0.124687545,3511.921382,7.363514149,87.8828617,78.78809827,102.3620874,292.3668351,201.4720497,378.6673336,0.928862474,24.86059375,92.44894609,24.08243728,2358,,
2023,Idleb,Idleb,3,652,0,652,1956,3000,31,21.7,700,1977.7,0.125820372,2.188331063,682.7478459,19.4353295,133.1604544,1.441830046,29.96636028,396.7139838,1,349.4829207,502.8977547,13551.43279,1,18.66965742,29.45196242,18.82143443,7.611267152,14.30311203,0.59183116,0.124687545,3511.921382,7.363514149,87.8828617,78.78809827,102.3620874,292.3668351,201.4720497,378.6673336,0.928862474,24.86059375,92.44894609,24.08243728,2358,,
2023,Idleb,Harim,1,350,0,350,892.5,2550,850,1190,1400,2082.5,0.076955511,1.744823344,884.272408,25.92426001,208.4698796,1.397594182,27.2782689,356.5012631,1,400.6489695,498.1062098,13057.53523,1,91.8753057,28.92379205,18.13546559,6.964360673,14.61773836,0.47109117,0.079555166,3409.984181,7.125463716,95.81787612,77.61240766,116.1778042,371.0598494,243.3845318,396.2349649,3.52892128,34.93256475,96.36876805,7.104166667,2357,,
2023,Idleb,Al_Jisr_Ash_Shu,1,400,0,400,1020,2550,600,840,1400,1860,0.061795348,1.387996783,1061.74161,32.05053441,177.540447,1.380476929,27.89801472,304.6574213,1,349.3955892,618.904803,12858.49766,1,101.3142959,27.73785601,17.85902453,7.457486603,18.67697197,0.598284523,0.10624792,3311.711097,6.711311118,90.37703725,85.51059219,111.419698,470.8489151,309.262822,377.4719518,3.793157673,40.90641577,97.94843125,19.55376344,2354,,
2023,Idleb,Al_Ma'ra,1,152,0,152,446.5,2937.5,3672,3347.64,911.56,3794.14,0.219400577,2.789560748,599.8657654,17.37096887,161.5969773,1.44106543,30.50289991,387.8445436,1,426.7153644,435.0355745,13501.17845,1,29.05957912,29.52073911,18.75163673,7.334007666,12.61294934,0.556413994,0.117735319,3452.266021,7.422356298,85.92145674,82.27702422,95.74820282,262.3009034,211.8633148,395.4624714,1.089096217,21.8826255,92.8477901,2.740740741,2355,,
2023,Idleb,Al_Ma'ra,2,341,0,341,937.75,2750,1272,1028.2,808.33,1965.95,0.219400577,2.789560748,599.8657654,17.37096887,161.5969773,1.44106543,30.50289991,387.8445436,1,426.7153644,435.0355745,13501.17845,1,29.05957912,29.52073911,18.75163673,7.334007666,12.61294934,0.556413994,0.117735319,3452.266021,7.422356298,85.92145674,82.27702422,95.74820282,262.3009034,211.8633148,395.4624714,1.089096217,21.8826255,92.8477901,2.740740741,2355,,
2023,Idleb,Al_Ma'ra,3,115,0,115,319.125,2775,1598,1098.625,687.5,1417.75,0.219400577,2.789560748,599.8657654,17.37096887,161.5969773,1.44106543,30.50289991,387.8445436,1,426.7153644,435.0355745,13501.17845,1,29.05957912,29.52073911,18.75163673,7.334007666,12.61294934,0.556413994,0.117735319,3452.266021,7.422356298,85.92145674,82.27702422,95.74820282,262.3009034,211.8633148,395.4624714,1.089096217,21.8826255,92.8477901,2.740740741,2355,,
2023,Idleb,Ariha,1,500,0,500,1275,2550,936,1310.4,1400,2585.4,0.06189382,1.20144567,785.3671995,22.83590439,178.7756591,1.396585143,27.93576679,350.6523137,1,582.149967,491.5557915,12651.33798,1,87.67581128,28.20269481,17.57130274,6.446228428,14.3008083,0.465239823,0.081527812,3438.177122,7.15618642,94.79378601,84.37023014,102.721592,341.1090674,264.1637633,380.2716742,2.592602428,31.56046909,99.59255575,35.35190616,2356,,
2023,Idleb,Khan_Sheikhun,1,0,0,0,0,0,0,0,0,0,0.109173126,1.862431522,802.7989658,23.52339944,171.9086835,1.411510346,28.71626212,359.2739051,1,421.6785622,509.3000267,13123.99642,1,65.71892988,28.76740888,18.2277728,7.162670104,14.902316,0.536572134,0.101950752,3424.811961,7.15576634,90.95860356,81.7116705,105.6858769,347.5371141,246.0292963,385.6216792,2.386528014,30.82853377,95.84129825,17.76660286,,,
2023,Idleb,Khan_Sheikhun,2,0,0,0,0,0,0,0,0,0,0.109173126,1.862431522,802.7989658,23.52339944,171.9086835,1.411510346,28.71626212,359.2739051,1,421.6785622,509.3000267,13123.99642,1,65.71892988,28.76740888,18.2277728,7.162670104,14.902316,0.536572134,0.101950752,3424.811961,7.15576634,90.95860356,81.7116705,105.6858769,347.5371141,246.0292963,385.6216792,2.386528014,30.82853377,95.84129825,17.76660286,,,
2023,Tartous,Tartous,1,4953.69,0,4953.69,14931.837,3014,24.65,39.44,1600,14971.277,0.049162657,1.417978043,1351.284443,37.10154739,226.602822,1.337365278,24.38800112,328.0083572,1,151.3380759,950.3251094,13935.52276,1,85.26540945,27.31854687,19.35489272,10.53082335,26.14147612,0.629634063,0.075151729,3641.124218,6.801489796,93.38299321,88.00640943,103.3863366,654.3553806,293.3316743,364.969705,1.987711269,46.76351549,89.40061304,64.49344978,2365,,
2023,Tartous,Banyas,1,0,0,0,0,0,602.999,425.869,706.23,425.869,0.064347484,1.259569202,1559.738451,43.03827578,227.2029485,1.248880866,25.12215029,311.6023136,1,597.2024401,904.4728226,12296.5558,1,239.5189203,26.55994156,17.07854973,7.377450055,24.95951471,0.619430511,0.058702029,3623.072811,6.402940695,80.09802315,88.9596275,103.2985873,752.2900715,311.2379664,363.3411414,4.321198421,51.28226288,97.59171273,78.70526316,2361,,
2023,Tartous,Safita,1,39.5,0,39.5,89.369,2262.5,134.9,121.41,900,210.779,0.047070335,1.157636077,1588.401122,44.51372928,212.2246192,1.350786518,24.81991989,329.6296751,1,294.0703481,847.8352684,13561.00726,1,85.74052064,27.35197363,18.83473231,9.376704269,23.77529033,0.645573162,0.076258908,3567.339809,6.807968775,93.59895915,90.14801677,107.7751282,753.0972895,291.9812893,377.4132804,2.351750182,44.6094789,92.37295822,76.62715679,2363,,
2023,Tartous,Dreikisch,1,0,0,0,0,0,0,0,0,0,0.020699473,0.796408619,1554.458337,43.01828113,216.934763,1.299036482,24.8601254,322.079217,1,504.6634677,945.2680176,12803.81716,1,163.4163054,26.68285238,17.78307939,8.284921342,26.15846901,0.647866475,0.054561962,3612.483142,6.512992812,83.76642708,90.14745215,102.7697821,754.1722222,306.9629607,371.5972167,3.497485148,47.28655449,98.38240348,23.43243243,2362,,
2023,Tartous,Sheikh_Badr,1,0,0,0,0,0,374.8,277.352,740,277.352,0.0373259,1.003571401,1526.643199,42.24605857,219.4652153,1.304121142,24.82237263,321.6588278,1,407.1159663,916.3796047,13059.244,1,154.5873703,26.88166324,18.13783889,8.774716101,25.35923836,0.636050602,0.063174379,3613.759875,6.587843617,86.26145388,89.05352945,104.2992559,736.9580516,302.2905226,370.5696379,3.164125443,48.74926315,95.39189145,48.78499377,,,
2023,Lattakia,Al_Hafa,1,0,0,0,0,0,0,0,0,0,0.056619889,1.298629777,1620.083323,47.30598593,251.0029312,1.264981734,25.51066723,281.7179779,1,615.8606536,940.8328625,12303.0538,1,289.7612345,26.90725062,17.08757472,7.104738171,27.46678159,0.660287499,0.061752218,3423.689901,6.168576676,72.28588919,80.39184452,122.5145176,732.2039473,357.4897846,356.8800356,4.643245661,56.30098333,97.64328412,75.1082544,2359,,
2023,Lattakia,Jablah,1,0,0,0,0,0,0,0,0,0,0.056903002,1.06433536,1639.462396,46.96927936,242.7106218,1.288362214,25.18450697,312.336117,1,539.9002309,861.8204853,12479.61888,1,269.6827043,26.73193647,17.33280401,7.729222073,24.68928731,0.621855155,0.065637156,3489.499361,6.394601508,79.82005026,85.92175559,106.978179,764.1152512,319.9496365,362.0527367,4.337486611,50.9748085,99.04459432,69.6122449,0000000000000000235b,,
2023,Aleppo,A'zaz,1,592,0,592,1996.567,3372.58,1078,1338.7,1241.84,3335.267,0.121728487,2.146811382,540.7581258,14.64919,180.5676029,1.396196968,30.36538609,429.7996425,1,481.8095159,519.2226114,13318.31547,1,12.33630082,30.51117574,18.49766038,5.93826393,14.07247682,0.599463856,0.126602448,3690.385844,7.471901984,84.26993387,82.65251994,94.86080707,233.0498727,165.5478602,396.9674719,0.559398203,24.25735487,94.29908357,30.7875817,2325,,
2023,Aleppo,A'zaz,2,147,0,147,471.975,3210.71,1166,1453.3,1246.4,1925.275,0.121728487,2.146811382,540.7581258,14.64919,180.5676029,1.396196968,30.36538609,429.7996425,1,481.8095159,519.2226114,13318.31547,1,12.33630082,30.51117574,18.49766038,5.93826393,14.07247682,0.599463856,0.126602448,3690.385844,7.471901984,84.26993387,82.65251994,94.86080707,233.0498727,165.5478602,396.9674719,0.559398203,24.25735487,94.29908357,30.7875817,2325,,
2023,Aleppo,Afrin,1,341,0,341,1159.4,3400,3780,5292,1400,6451.4,0.194810459,2.230856022,822.0640289,23.33418372,184.8305861,1.371035123,25.51170824,404.3181051,1,493.5760545,488.927268,12833.84281,1,89.965976,29.56130984,17.82478169,5.447687467,13.87727261,0.433506745,0.061712543,3522.003157,7.198506433,93.3831189,80.59402456,106.6335174,342.1858688,192.8950466,401.4796676,3.206478872,32.26458622,98.14410465,72.67440361,2326,,
2023,Aleppo,Jarablus,2,1472,0,1472,4563.2,3100,7000,7700,1100,12263.2,0.056313267,1.389591551,501.2307231,13.6545585,123.911363,1.374076188,31.59740814,433.9335195,1,453.0262094,390.4735632,13737.76701,1,19.54434174,32.85381442,19.08023197,5.293938518,10.64448735,0.452815997,0.080552849,3669.794064,7.473535251,84.21549162,84.77801527,91.64897259,225.846961,151.8135123,395.6820817,0.731704106,17.89025411,90.97010306,86.86344794,0000000000000000232a,,
2023,Aleppo,Al_Bab,1,110,0,110,275,2500,225,180,800,455,0.223794265,2.70647827,417.3772107,11.51314798,171.3158859,1.361738999,28.32570189,404.137529,1,440.5998951,447.5752104,13771.92222,1,12.48017986,31.13088671,19.12766976,6.540947347,12.36484598,0.476067645,0.095547945,3624.222323,7.526863486,82.4378838,81.40047051,87.78339829,189.2529982,172.3288421,394.8106379,0.536196258,18.97472913,90.69902997,57.38811081,2328,,
2023,Aleppo,Al_Bab,2,353,0,353,693.669,1965,7313,3463,473.5,4156.669,0.223794265,2.70647827,417.3772107,11.51314798,171.3158859,1.361738999,28.32570189,404.137529,1,440.5998951,447.5752104,13771.92222,1,12.48017986,31.13088671,19.12766976,6.540947347,12.36484598,0.476067645,0.095547945,3624.222323,7.526863486,82.4378838,81.40047051,87.78339829,189.2529982,172.3288421,394.8106379,0.536196258,18.97472913,90.69902997,57.38811081,2328,,
2023,Aleppo,Al_Bab,3,12,0,12,35.4,2950,0,0,0,35.4,0.223794265,2.70647827,417.3772107,11.51314798,171.3158859,1.361738999,28.32570189,404.137529,1,440.5998951,447.5752104,13771.92222,1,12.48017986,31.13088671,19.12766976,6.540947347,12.36484598,0.476067645,0.095547945,3624.222323,7.526863486,82.4378838,81.40047051,87.78339829,189.2529982,172.3288421,394.8106379,0.536196258,18.97472913,90.69902997,57.38811081,2328,,
2023,Aleppo,Al_Bab,4,0,0,0,0,0,0,0,0,0,0.223794265,2.70647827,417.3772107,11.51314798,171.3158859,1.361738999,28.32570189,404.137529,1,440.5998951,447.5752104,13771.92222,1,12.48017986,31.13088671,19.12766976,6.540947347,12.36484598,0.476067645,0.095547945,3624.222323,7.526863486,82.4378838,81.40047051,87.78339829,189.2529982,172.3288421,394.8106379,0.536196258,18.97472913,90.69902997,57.38811081,2328,,
2023,Aleppo,Menbij,2,1954,0,1954,7034.4,3600,1144,1218.8,1065.38,8253.2,0.476099108,4.018173677,373.9696713,10.20802512,173.279788,1.406754586,24.018397,332.4689528,1,397.1956572,396.3335132,14164.86613,1,17.60715977,31.67905544,19.67342518,7.114548279,10.81780349,0.467570877,0.086720175,3662.48698,7.618434657,79.38551142,83.05291979,85.72676478,175.381185,198.2878033,437.4207931,0.49517755,12.11218955,87.58042752,92.68040719,0000000000000000232c,,
2023,Aleppo,Menbij,3,1052,0,1052,3497.9,3325,83,0,0,3497.9,0.476099108,4.018173677,373.9696713,10.20802512,173.279788,1.406754586,24.018397,332.4689528,1,397.1956572,396.3335132,14164.86613,1,17.60715977,31.67905544,19.67342518,7.114548279,10.81780349,0.467570877,0.086720175,3662.48698,7.618434657,79.38551142,83.05291979,85.72676478,175.381185,198.2878033,437.4207931,0.49517755,12.11218955,87.58042752,92.68040719,0000000000000000232c,,
2023,Aleppo,Menbij,4,14614,0,14614,46358.856,3172,0,0,0,46358.856,0.476099108,4.018173677,373.9696713,10.20802512,173.279788,1.406754586,24.018397,332.4689528,1,397.1956572,396.3335132,14164.86613,1,17.60715977,31.67905544,19.67342518,7.114548279,10.81780349,0.467570877,0.086720175,3662.48698,7.618434657,79.38551142,83.05291979,85.72676478,175.381185,198.2878033,437.4207931,0.49517755,12.11218955,87.58042752,92.68040719,0000000000000000232c,,
2023,Aleppo,Menbij,5,6711,0,6711,20133,3000,0,0,0,20133,0.476099108,4.018173677,373.9696713,10.20802512,173.279788,1.406754586,24.018397,332.4689528,1,397.1956572,396.3335132,14164.86613,1,17.60715977,31.67905544,19.67342518,7.114548279,10.81780349,0.467570877,0.086720175,3662.48698,7.618434657,79.38551142,83.05291979,85.72676478,175.381185,198.2878033,437.4207931,0.49517755,12.11218955,87.58042752,92.68040719,0000000000000000232c,,
2023,Aleppo,Ain_Al_Arab,2,13200,0,13200,47520,3600,16118,16118,1000,63638,0.285146327,2.615456939,563.7385286,14.77282765,180.1352135,1.344070296,29.15984317,412.5287694,1,457.6511594,380.733672,14039.3435,1,40.7417743,33.13139378,19.4990882,5.871829538,9.98038138,0.56486627,0.1175264,3815.050264,7.452704986,84.90983381,86.86222377,94.27879656,262.6337321,160.737883,374.9119357,1.026508894,16.80178945,88.57663887,86.06697787,2327,,
2023,Aleppo,Ain_Al_Arab,3,3350,0,3350,11390,3400,1000,1000,1000,12390,0.285146327,2.615456939,563.7385286,14.77282765,180.1352135,1.344070296,29.15984317,412.5287694,1,457.6511594,380.733672,14039.3435,1,40.7417743,33.13139378,19.4990882,5.871829538,9.98038138,0.56486627,0.1175264,3815.050264,7.452704986,84.90983381,86.86222377,94.27879656,262.6337321,160.737883,374.9119357,1.026508894,16.80178945,88.57663887,86.06697787,2327,,
2023,Aleppo,Jebel_Saman,1,477,0,477,1574.1,3300,579,687.563,1187.5,2261.663,0.320135248,3.90953411,477.117923,13.45078449,185.7492815,1.399045613,26.85095306,367.0160671,1,348.6130778,438.5213268,13892.91797,1,24.0041333,30.37215203,19.2957194,7.615348285,12.3543548,0.48276746,0.096477001,3546.138261,7.511498758,82.95004141,79.83937935,91.4496434,209.7386212,183.2856532,401.209007,0.780531933,17.98196178,89.7387463,28.18423019,0000000000000000232b,,
2023,Aleppo,Jebel_Saman,2,3429,0,3429,10496.55,3061,5511,4374.356,793.75,14870.906,0.320135248,3.90953411,477.117923,13.45078449,185.7492815,1.399045613,26.85095306,367.0160671,1,348.6130778,438.5213268,13892.91797,1,24.0041333,30.37215203,19.2957194,7.615348285,12.3543548,0.48276746,0.096477001,3546.138261,7.511498758,82.95004141,79.83937935,91.4496434,209.7386212,183.2856532,401.209007,0.780531933,17.98196178,89.7387463,28.18423019,0000000000000000232b,,
2023,Aleppo,Jebel_Saman,3,439,0,439,1111.611,2532.14,4302,2742.525,637.5,3854.136,0.320135248,3.90953411,477.117923,13.45078449,185.7492815,1.399045613,26.85095306,367.0160671,1,348.6130778,438.5213268,13892.91797,1,24.0041333,30.37215203,19.2957194,7.615348285,12.3543548,0.48276746,0.096477001,3546.138261,7.511498758,82.95004141,79.83937935,91.4496434,209.7386212,183.2856532,401.209007,0.780531933,17.98196178,89.7387463,28.18423019,0000000000000000232b,,
2023,Aleppo,Jebel_Saman,4,0,0,0,0,0,0,0,0,0,0.320135248,3.90953411,477.117923,13.45078449,185.7492815,1.399045613,26.85095306,367.0160671,1,348.6130778,438.5213268,13892.91797,1,24.0041333,30.37215203,19.2957194,7.615348285,12.3543548,0.48276746,0.096477001,3546.138261,7.511498758,82.95004141,79.83937935,91.4496434,209.7386212,183.2856532,401.209007,0.780531933,17.98196178,89.7387463,28.18423019,0000000000000000232b,,
2023,Aleppo,As_Safira,2,2350,0,2350,9047.5,3850,1730,1816.5,1050,10864,0.226229514,2.727688396,345.265284,9.544454062,194.0542344,1.456944439,23.81607607,339.9130212,1,386.7828001,393.9807874,14075.21585,1,58.56984464,30.88501245,19.5489109,7.606831907,10.90526901,0.413365635,0.074354707,3616.444033,7.634697244,78.8434252,79.210341,79.4979355,154.8323411,209.796782,447.6738108,1.021027812,12.3940763,88.29193769,61.3127161,2329,,
2023,Aleppo,As_Safira,3,2700,0,2700,9736.875,3606.25,1262,1285.663,1018.75,11022.538,0.226229514,2.727688396,345.265284,9.544454062,194.0542344,1.456944439,23.81607607,339.9130212,1,386.7828001,393.9807874,14075.21585,1,58.56984464,30.88501245,19.5489109,7.606831907,10.90526901,0.413365635,0.074354707,3616.444033,7.634697244,78.8434252,79.210341,79.4979355,154.8323411,209.796782,447.6738108,1.021027812,12.3940763,88.29193769,61.3127161,2329,,
2023,Aleppo,As_Safira,4,200,0,200,673.75,3368.75,0,0,0,673.75,0.226229514,2.727688396,345.265284,9.544454062,194.0542344,1.456944439,23.81607607,339.9130212,1,386.7828001,393.9807874,14075.21585,1,58.56984464,30.88501245,19.5489109,7.606831907,10.90526901,0.413365635,0.074354707,3616.444033,7.634697244,78.8434252,79.210341,79.4979355,154.8323411,209.796782,447.6738108,1.021027812,12.3940763,88.29193769,61.3127161,2329,,
2023,Aleppo,As_Safira,5,500,0,500,1462.5,2925,0,0,0,1462.5,0.226229514,2.727688396,345.265284,9.544454062,194.0542344,1.456944439,23.81607607,339.9130212,1,386.7828001,393.9807874,14075.21585,1,58.56984464,30.88501245,19.5489109,7.606831907,10.90526901,0.413365635,0.074354707,3616.444033,7.634697244,78.8434252,79.210341,79.4979355,154.8323411,209.796782,447.6738108,1.021027812,12.3940763,88.29193769,61.3127161,2329,,
2023,Aleppo,Al_Atarib,1,1095,0,1095,3832.5,3500,600,600,1000,4432.5,0.238032084,2.718073793,505.1901869,13.89089644,174.2304944,1.388732777,27.45568421,390.5144508,1,432.4067962,431.9709941,13729.27387,1,34.4062138,31.26560005,19.06843594,6.428674409,11.87711143,0.486303061,0.092436759,3643.315616,7.48601785,83.799405,82.29873677,91.48497945,224.1151975,179.3366728,406.2694257,1.044627954,19.08461768,91.03750895,64.49473443,,,
2023,Aleppo,Dayr_Hafir,2,263,0,263,565.45,2150,0,0,0,565.45,0.238032084,2.718073793,505.1901869,13.89089644,174.2304944,1.388732777,27.45568421,390.5144508,1,432.4067962,431.9709941,13729.27387,1,34.4062138,31.26560005,19.06843594,6.428674409,11.87711143,0.486303061,0.092436759,3643.315616,7.48601785,83.799405,82.29873677,91.48497945,224.1151975,179.3366728,406.2694257,1.044627954,19.08461768,91.03750895,64.49473443,,,
2023,Aleppo,Dayr_Hafir,3,7840,0,7840,19649,2506.25,0,0,0,19649,0.238032084,2.718073793,505.1901869,13.89089644,174.2304944,1.388732777,27.45568421,390.5144508,1,432.4067962,431.9709941,13729.27387,1,34.4062138,31.26560005,19.06843594,6.428674409,11.87711143,0.486303061,0.092436759,3643.315616,7.48601785,83.799405,82.29873677,91.48497945,224.1151975,179.3366728,406.2694257,1.044627954,19.08461768,91.03750895,64.49473443,,,
2023,Aleppo,Dayr_Hafir,4,3357,0,3357,6630.075,1975,0,0,0,6630.075,0.238032084,2.718073793,505.1901869,13.89089644,174.2304944,1.388732777,27.45568421,390.5144508,1,432.4067962,431.9709941,13729.27387,1,34.4062138,31.26560005,19.06843594,6.428674409,11.87711143,0.486303061,0.092436759,3643.315616,7.48601785,83.799405,82.29873677,91.48497945,224.1151975,179.3366728,406.2694257,1.044627954,19.08461768,91.03750895,64.49473443,,,
2023,Raqqa,Raqqa,3,310,0,310,1116,3600,3000,4400,1466.67,5516,1.050201469,5.964680642,331.7728843,8.426989827,176.8215937,1.445777656,18.21052889,260.1565394,1,346.2123061,438.9991523,14692.17591,1,26.05879584,32.59318612,20.40579988,7.554922282,11.17152197,0.437196325,0.078022608,3936.027232,7.943602406,68.54658646,88.18407201,80.44932087,159.8468785,252.812006,466.2953785,0.418199141,7.517291598,83.39542927,89.8962532,0000000000000000235e,,
2023,Raqqa,Raqqa,4,13100,0,13100,46178,3525,0,0,0,46178,1.050201469,5.964680642,331.7728843,8.426989827,176.8215937,1.445777656,18.21052889,260.1565394,1,346.2123061,438.9991523,14692.17591,1,26.05879584,32.59318612,20.40579988,7.554922282,11.17152197,0.437196325,0.078022608,3936.027232,7.943602406,68.54658646,88.18407201,80.44932087,159.8468785,252.812006,466.2953785,0.418199141,7.517291598,83.39542927,89.8962532,0000000000000000235e,,
2023,Raqqa,Raqqa,5,6050,0,6050,21326,3525,0,0,0,21326,1.050201469,5.964680642,331.7728843,8.426989827,176.8215937,1.445777656,18.21052889,260.1565394,1,346.2123061,438.9991523,14692.17591,1,26.05879584,32.59318612,20.40579988,7.554922282,11.17152197,0.437196325,0.078022608,3936.027232,7.943602406,68.54658646,88.18407201,80.44932087,159.8468785,252.812006,466.2953785,0.418199141,7.517291598,83.39542927,89.8962532,0000000000000000235e,,
2023,Raqqa,Tell_Abiad,2,28420,0,28420,99470,3500,35000,50000,1428.57,149470,0.478825179,3.735158564,525.2487905,13.4699064,188.9206138,1.450549568,27.03711738,400.1496788,1,371.821103,378.4019688,14652.62766,1,11.17783109,33.8523338,20.35087176,6.619878668,9.713598115,0.459369666,0.081526874,3898.424205,7.789701512,73.67661628,88.06062179,86.65600513,249.2888155,163.0030389,436.503596,0.353533461,11.88417515,83.70930426,33.28514589,2360,,
2023,Raqqa,Tell_Abiad,3,3400,0,3400,11900,3500,4000,5800,1450,17700,0.478825179,3.735158564,525.2487905,13.4699064,188.9206138,1.450549568,27.03711738,400.1496788,1,371.821103,378.4019688,14652.62766,1,11.17783109,33.8523338,20.35087176,6.619878668,9.713598115,0.459369666,0.081526874,3898.424205,7.789701512,73.67661628,88.06062179,86.65600513,249.2888155,163.0030389,436.503596,0.353533461,11.88417515,83.70930426,33.28514589,2360,,
2023,Raqqa,Tell_Abiad,4,160,0,160,560,3500,0,0,0,560,0.478825179,3.735158564,525.2487905,13.4699064,188.9206138,1.450549568,27.03711738,400.1496788,1,371.821103,378.4019688,14652.62766,1,11.17783109,33.8523338,20.35087176,6.619878668,9.713598115,0.459369666,0.081526874,3898.424205,7.789701512,73.67661628,88.06062179,86.65600513,249.2888155,163.0030389,436.503596,0.353533461,11.88417515,83.70930426,33.28514589,2360,,
2023,Raqqa,Tabqat,3,340,0,340,1360,4000,1000,1400,1400,2760,0.166312937,1.915996577,353.0544386,9.303509936,159.7684893,1.190950364,17.04136252,252.4603217,1,365.9192606,348.5356614,14415.08747,1,14.81675015,31.91136187,20.02095481,7.471055942,9.188781066,0.489998024,0.101994315,3793.852062,7.560426275,81.31912416,84.48291199,88.47190836,170.1670632,193.9123706,366.1195327,0.562168467,8.629667024,85.59454392,97.73904029,0000000000000000235f,,
2023,Raqqa,Tabqat,4,420,0,420,1680,4000,0,0,0,1680,0.166312937,1.915996577,353.0544386,9.303509936,159.7684893,1.190950364,17.04136252,252.4603217,1,365.9192606,348.5356614,14415.08747,1,14.81675015,31.91136187,20.02095481,7.471055942,9.188781066,0.489998024,0.101994315,3793.852062,7.560426275,81.31912416,84.48291199,88.47190836,170.1670632,193.9123706,366.1195327,0.562168467,8.629667024,85.59454392,97.73904029,0000000000000000235f,,
2023,Raqqa,Tabqat,5,3800,0,3800,10713,2819.21,0,0,0,10713,0.166312937,1.915996577,353.0544386,9.303509936,159.7684893,1.190950364,17.04136252,252.4603217,1,365.9192606,348.5356614,14415.08747,1,14.81675015,31.91136187,20.02095481,7.471055942,9.188781066,0.489998024,0.101994315,3793.852062,7.560426275,81.31912416,84.48291199,88.47190836,170.1670632,193.9123706,366.1195327,0.562168467,8.629667024,85.59454392,97.73904029,0000000000000000235f,,
2023,Dayr_Az_Zor,Dayr_Az_Zor,4,1200,0,1200,3600,3000,0,0,0,3600,1.527438458,6.266817637,326.7886237,7.65373548,160.6562038,1.475571533,17.45613594,279.0580926,1,311.6110564,367.5313887,15436.41814,1,24.94088817,34.36678588,21.43946963,7.475690378,8.635666667,0.275201282,0.045130016,4268.661848,7.945084905,68.49716985,93.87922563,74.87514268,159.0287057,267.81461,453.5383851,0.441646162,7.406680906,77.48874495,59.82997528,2341,,
2023,Dayr_Az_Zor,Dayr_Az_Zor,5,14545.65,0,14545.65,43237.727,2972,0,0,0,43237.727,1.527438458,6.266817637,326.7886237,7.65373548,160.6562038,1.475571533,17.45613594,279.0580926,1,311.6110564,367.5313887,15436.41814,1,24.94088817,34.36678588,21.43946963,7.475690378,8.635666667,0.275201282,0.045130016,4268.661848,7.945084905,68.49716985,93.87922563,74.87514268,159.0287057,267.81461,453.5383851,0.441646162,7.406680906,77.48874495,59.82997528,2341,,
2023,Dayr_Az_Zor,Al_Mayadin,5,2888.8,0,2888.8,7863.314,2722,0,0,0,7863.314,0.846879854,4.706853339,284.7454856,6.476007681,106.9848781,1.464284982,15.16950876,321.6518012,1,284.7469964,379.9487465,15834.34554,1,13.44925992,34.82288958,21.99214658,8.318649275,8.669600104,0.212170433,0.026796119,4395.9294,7.935538403,68.81538657,94.10397262,74.12107201,143.7493306,226.8776377,452.2255759,0.231444592,7.050522461,74.33059096,65.76879408,2340,,
2023,Dayr_Az_Zor,Abu_Kamal,5,6565.2,0,6565.2,18243,2778,0,0,0,18243,0.326690195,2.534252196,317.110598,6.982192764,145.9024177,1.474952341,15.51213228,316.9541986,1,199.0450865,320.0002854,16336.64847,1,17.05196237,35.79134445,22.68978954,8.619180373,7.064927508,0.225829326,0.033700817,4540.705001,7.914785937,69.50713545,95.65065228,74.74443466,163.3299197,210.3167699,473.4703945,0.275403663,8.147721895,70.3440598,64.43444099,0000000000000000233f,,
2023,Hassakeh,Hassakeh,1,350,0,350,1081.588,3090.25,1017,1024.628,1007.5,2106.215,1.234999017,5.292191536,504.2815118,11.7798694,179.2026918,1.453912692,22.75778998,312.1287676,1,352.2277754,288.9371515,15312.78944,1,19.1175947,35.19031775,21.26776311,6.72688267,6.75610179,0.265011239,0.040978092,4279.875235,7.76640865,74.453045,91.45603774,85.68708648,236.8345199,232.8497925,449.1236429,0.493960645,10.83503123,78.46992511,55.44769984,0000000000000000234b,,
2023,Hassakeh,Hassakeh,2,7612.338,0,7612.338,30180.665,3964,30074.754,47286.681,1572,77467.346,1.234999017,5.292191536,504.2815118,11.7798694,179.2026918,1.453912692,22.75778998,312.1287676,1,352.2277754,288.9371515,15312.78944,1,19.1175947,35.19031775,21.26776311,6.72688267,6.75610179,0.265011239,0.040978092,4279.875235,7.76640865,74.453045,91.45603774,85.68708648,236.8345199,232.8497925,449.1236429,0.493960645,10.83503123,78.46992511,55.44769984,0000000000000000234b,,
2023,Hassakeh,Hassakeh,3,2796,0,2796,10734.517,3839,10124.048,15309.914,1512,26044.43,1.234999017,5.292191536,504.2815118,11.7798694,179.2026918,1.453912692,22.75778998,312.1287676,1,352.2277754,288.9371515,15312.78944,1,19.1175947,35.19031775,21.26776311,6.72688267,6.75610179,0.265011239,0.040978092,4279.875235,7.76640865,74.453045,91.45603774,85.68708648,236.8345199,232.8497925,449.1236429,0.493960645,10.83503123,78.46992511,55.44769984,0000000000000000234b,,
2023,Hassakeh,Hassakeh,4,1369.244,0,1369.244,5099.149,3723,6692.539,10268.63,1534,15367.779,1.234999017,5.292191536,504.2815118,11.7798694,179.2026918,1.453912692,22.75778998,312.1287676,1,352.2277754,288.9371515,15312.78944,1,19.1175947,35.19031775,21.26776311,6.72688267,6.75610179,0.265011239,0.040978092,4279.875235,7.76640865,74.453045,91.45603774,85.68708648,236.8345199,232.8497925,449.1236429,0.493960645,10.83503123,78.46992511,55.44769984,0000000000000000234b,,
2023,Hassakeh,Hassakeh,5,744.237,0,744.237,2619.105,3519,0,0,0,2619.105,1.234999017,5.292191536,504.2815118,11.7798694,179.2026918,1.453912692,22.75778998,312.1287676,1,352.2277754,288.9371515,15312.78944,1,19.1175947,35.19031775,21.26776311,6.72688267,6.75610179,0.265011239,0.040978092,4279.875235,7.76640865,74.453045,91.45603774,85.68708648,236.8345199,232.8497925,449.1236429,0.493960645,10.83503123,78.46992511,55.44769984,0000000000000000234b,,
2023,Hassakeh,Quamishli,1,7230.51,0,7230.51,28411.476,3929,22010.877,34453.46,1565,62864.937,0.384508781,3.376182941,765.397089,17.60841325,189.6343908,1.4227755,32.71215887,381.6987929,1,387.3408823,330.484018,14966.42638,1,4.224880292,35.34919465,20.78670331,5.936039841,7.616567233,0.421185097,0.074978711,4345.769231,7.499177245,83.3607585,88.53818626,94.00267995,340.6697583,188.6721752,424.1715544,0.236333983,15.93920513,81.21883822,2.151515152,0000000000000000234c,,
2023,Hassakeh,Quamishli,2,10497.998,0,10497.998,40706.676,3877,12274.165,18622.768,1517,59329.444,0.384508781,3.376182941,765.397089,17.60841325,189.6343908,1.4227755,32.71215887,381.6987929,1,387.3408823,330.484018,14966.42638,1,4.224880292,35.34919465,20.78670331,5.936039841,7.616567233,0.421185097,0.074978711,4345.769231,7.499177245,83.3607585,88.53818626,94.00267995,340.6697583,188.6721752,424.1715544,0.236333983,15.93920513,81.21883822,2.151515152,0000000000000000234c,,
2023,Hassakeh,Quamishli,3,3167,0,3167,9809.949,3098,4985,5921.435,1188,15731.384,0.384508781,3.376182941,765.397089,17.60841325,189.6343908,1.4227755,32.71215887,381.6987929,1,387.3408823,330.484018,14966.42638,1,4.224880292,35.34919465,20.78670331,5.936039841,7.616567233,0.421185097,0.074978711,4345.769231,7.499177245,83.3607585,88.53818626,94.00267995,340.6697583,188.6721752,424.1715544,0.236333983,15.93920513,81.21883822,2.151515152,0000000000000000234c,,
2023,Hassakeh,Al_Malika,1,17205.368,0,17205.368,68821.472,4000,36284.652,58055.443,1600,126876.915,0.273788898,2.626098262,905.3490159,20.13068377,177.7179584,1.393407522,35.81191186,396.1542193,1,442.2589019,358.8112597,14526.49241,1,11.47143655,34.84650697,20.1756839,5.012095812,7.983959474,0.52055537,0.100928985,4496.358492,7.401004555,86.63318149,93.7292737,94.82277741,377.9081951,182.2285639,417.2135132,0.627665989,23.0979689,84.71037773,71.48066457,0000000000000000234a,,
2023,Hassakeh,Al_Malika,2,5234.382,0,5234.382,20937.526,4000,15653.474,25045.558,1600,45983.084,0.273788898,2.626098262,905.3490159,20.13068377,177.7179584,1.393407522,35.81191186,396.1542193,1,442.2589019,358.8112597,14526.49241,1,11.47143655,34.84650697,20.1756839,5.012095812,7.983959474,0.52055537,0.100928985,4496.358492,7.401004555,86.63318149,93.7292737,94.82277741,377.9081951,182.2285639,417.2135132,0.627665989,23.0979689,84.71037773,71.48066457,0000000000000000234a,,
2023,Hassakeh,Al_Malika,3,3429,0,3429,13716,4000,809.813,1295.701,1600,15011.701,0.273788898,2.626098262,905.3490159,20.13068377,177.7179584,1.393407522,35.81191186,396.1542193,1,442.2589019,358.8112597,14526.49241,1,11.47143655,34.84650697,20.1756839,5.012095812,7.983959474,0.52055537,0.100928985,4496.358492,7.401004555,86.63318149,93.7292737,94.82277741,377.9081951,182.2285639,417.2135132,0.627665989,23.0979689,84.71037773,71.48066457,0000000000000000234a,,
2023,Hassakeh,Ras_Al_Ain,1,5529.103,0,5529.103,22116.412,4000,15551.379,24882.207,1600,46998.619,0.383012451,4.287075453,655.5566381,15.80884114,181.239228,1.436138441,29.13638552,428.1986409,1,428.0325777,384.0671705,14630.85461,1,10.62784115,34.50269313,20.3206314,6.001896001,9.258524646,0.488070087,0.087070865,4145.772254,7.607914063,79.7361979,87.0285395,91.85301436,309.2243112,158.4989891,413.1203426,0.413294717,15.5378662,83.88210629,3.258706468,0000000000000000234d,,
2023,Hassakeh,Ras_Al_Ain,2,13650.117,0,13650.117,54600.468,4000,29445.413,47112.66,1600,101713.129,0.383012451,4.287075453,655.5566381,15.80884114,181.239228,1.436138441,29.13638552,428.1986409,1,428.0325777,384.0671705,14630.85461,1,10.62784115,34.50269313,20.3206314,6.001896001,9.258524646,0.488070087,0.087070865,4145.772254,7.607914063,79.7361979,87.0285395,91.85301436,309.2243112,158.4989891,413.1203426,0.413294717,15.5378662,83.88210629,3.258706468,0000000000000000234d,,
2023,Hassakeh,Ras_Al_Ain,3,1026.923,0,1026.923,4107.692,4000,5143.229,8229.167,1600,12336.859,0.383012451,4.287075453,655.5566381,15.80884114,181.239228,1.436138441,29.13638552,428.1986409,1,428.0325777,384.0671705,14630.85461,1,10.62784115,34.50269313,20.3206314,6.001896001,9.258524646,0.488070087,0.087070865,4145.772254,7.607914063,79.7361979,87.0285395,91.85301436,309.2243112,158.4989891,413.1203426,0.413294717,15.5378662,83.88210629,3.258706468,0000000000000000234d,,
2023,Hassakeh,Ras_Al_Ain,4,1972,0,1972,7888,4000,7546.96,12075.136,1600,19963.136,0.383012451,4.287075453,655.5566381,15.80884114,181.239228,1.436138441,29.13638552,428.1986409,1,428.0325777,384.0671705,14630.85461,1,10.62784115,34.50269313,20.3206314,6.001896001,9.258524646,0.488070087,0.087070865,4145.772254,7.607914063,79.7361979,87.0285395,91.85301436,309.2243112,158.4989891,413.1203426,0.413294717,15.5378662,83.88210629,3.258706468,0000000000000000234d,,
