year,ADM1_NAME,ADM2_NAME,Stability_Zone,Area_Rainfed,Production_Rainfed,Yield_Rainfed_kg_ha,Shape_Area,Shape_Leng,annual_rain_mm,aridity_index,aspect_deg,bulk_dens,cec_cmol_kg,clay_pct,cropland,elevation_m,et_mm,gdd_annual,grassland,gwt_depth_m,max_temp_c,mean_temp_c,min_temp_c,moisture_pct,ndvi_peak,ndvi_std,pet_mm,ph,ph_quality,rain_cv_pct,rainy_days,rainy_rain_mm,sand_pct,silt_pct,slope_deg,soc_g_kg,thermal_suit,water_occurrence
2004,Al_Qunaytirah,Al_Qunaytirah,1,8468,8134,960.56,0.120668536,1.817203669,1406.879695,36.16978973,196.6396652,1.392797379,36.80800834,452.0421233,1,812.7813464,531.4123433,11492.13935,1,99.78962314,24.68114839,15.96130465,6.07067335,13.71310549,0.633351872,0.140983835,3888.654059,7.519971534,82.66761553,111.4886413,92.38867208,629.9775386,184.0334609,363.9594199,3.215624823,25.20123137,91.20745513,62.36754297
2004,Aleppo,Afrin,1,8415,13801,1640.047534,0.194810459,2.230856022,1215.203869,35.09691131,184.8305861,1.371035123,25.51170824,404.3181051,1,493.5760545,527.5228424,11752.31477,1,89.965976,27.97670649,16.3226594,4.572773084,15.23720541,0.443035704,0.062292004,3461.423967,7.198506433,93.3831189,93.89885033,102.9610652,580.9413006,192.8950466,401.4796676,3.206478872,32.26458622,93.27233944,72.67440361
2004,Aleppo,As_Safira,2,483,464,960.6625259,0.226229514,2.727688396,582.2826115,16.53952985,194.0542344,1.456944439,23.81607607,339.9130212,1,386.7828001,432.6432281,13058.15538,1,58.56984464,29.67338519,18.13632691,5.767509616,12.29327035,0.43730669,0.091350434,3519.551169,7.634697244,78.8434252,102.9774751,87.6107645,280.9751616,209.796782,447.6738108,1.021027812,12.3940763,96.3638462,61.3127161
2004,Aleppo,As_Safira,3,515,490,951.4563107,0.226229514,2.727688396,582.2826115,16.53952985,194.0542344,1.456944439,23.81607607,339.9130212,1,386.7828001,432.6432281,13058.15538,1,58.56984464,29.67338519,18.13632691,5.767509616,12.29327035,0.43730669,0.091350434,3519.551169,7.634697244,78.8434252,102.9774751,87.6107645,280.9751616,209.796782,447.6738108,1.021027812,12.3940763,96.3638462,61.3127161
2004,Aleppo,As_Safira,4,140,84,600,0.226229514,2.727688396,582.2826115,16.53952985,194.0542344,1.456944439,23.81607607,339.9130212,1,386.7828001,432.6432281,13058.15538,1,58.56984464,29.67338519,18.13632691,5.767509616,12.29327035,0.43730669,0.091350434,3519.551169,7.634697244,78.8434252,102.9774751,87.6107645,280.9751616,209.796782,447.6738108,1.021027812,12.3940763,96.3638462,61.3127161
2004,Aleppo,Azaz,1,22181,40569,1828.997791,0.121728487,2.146811382,916.5460818,25.40616673,180.5676029,1.396196968,30.36538609,429.7996425,1,481.8095159,588.5443126,12193.92719,1,12.33630082,29.12048446,16.93600999,4.840201807,16.31296237,0.653378307,0.140118104,3606.573277,7.471901984,84.26993387,97.94279803,94.4319319,440.1574596,165.5478602,396.9674719,0.559398203,24.25735487,96.77719993,30.7875817
2004,Aleppo,Azaz,2,2490,2856,1146.987952,0.121728487,2.146811382,916.5460818,25.40616673,180.5676029,1.396196968,30.36538609,429.7996425,1,481.8095159,588.5443126,12193.92719,1,12.33630082,29.12048446,16.93600999,4.840201807,16.31296237,0.653378307,0.140118104,3606.573277,7.471901984,84.26993387,97.94279803,94.4319319,440.1574596,165.5478602,396.9674719,0.559398203,24.25735487,96.77719993,30.7875817
2004,Aleppo,Jarablus,2,200,180,900,0.056313267,1.389591551,773.1243408,21.46206858,123.911363,1.374076188,31.59740814,433.9335195,1,453.0262094,430.4851015,12744.43247,1,19.54434174,31.57849837,17.70060065,4.657554645,11.9561035,0.5211062,0.120310253,3601.2825,7.473535251,84.21549162,96.63975041,93.97130007,395.3812805,151.8135123,395.6820817,0.731704106,17.89025411,98.85371056,86.86344794
2004,Aleppo,Jebel_Saman,1,11644,78795,6767.004466,0.320135248,3.90953411,826.5507606,23.85379342,185.7492815,1.399045613,26.85095306,367.0160671,1,348.6130778,509.4159087,12833.21129,1,24.0041333,29.12980012,17.82390457,5.763825072,14.69717461,0.511132177,0.105151362,3464.070507,7.511498758,82.95004141,98.56663565,91.64755569,374.181011,183.2856532,401.209007,0.780531933,17.98196178,98.14911672,28.18423019
2004,Aleppo,Jebel_Saman,2,9578,19462,2031.948215,0.320135248,3.90953411,826.5507606,23.85379342,185.7492815,1.399045613,26.85095306,367.0160671,1,348.6130778,509.4159087,12833.21129,1,24.0041333,29.12980012,17.82390457,5.763825072,14.69717461,0.511132177,0.105151362,3464.070507,7.511498758,82.95004141,98.56663565,91.64755569,374.181011,183.2856532,401.209007,0.780531933,17.98196178,98.14911672,28.18423019
2004,Aleppo,Jebel_Saman,3,4063,2598,639.4289934,0.320135248,3.90953411,826.5507606,23.85379342,185.7492815,1.399045613,26.85095306,367.0160671,1,348.6130778,509.4159087,12833.21129,1,24.0041333,29.12980012,17.82390457,5.763825072,14.69717461,0.511132177,0.105151362,3464.070507,7.511498758,82.95004141,98.56663565,91.64755569,374.181011,183.2856532,401.209007,0.780531933,17.98196178,98.14911672,28.18423019
2004,As_Suweida,As_Suwayda,1,1332,466,349.85,0.245068348,2.898837435,458.12975,10.53937888,164.7488635,1.44067499,22.83274428,379.7186382,1,936.6083153,339.1059667,12172.82197,1,132.549277,27.18324179,16.90669717,6.271423272,7.849795869,0.284057728,0.042215566,4345.838224,7.882238542,70.59204861,98.48346577,78.46400854,223.3074109,218.1895834,401.1968401,1.365785859,8.704768714,96.60969814,36.89205703
2004,As_Suweida,As_Suwayda,2,10477,4507,430.18,0.245068348,2.898837435,458.12975,10.53937888,164.7488635,1.44067499,22.83274428,379.7186382,1,936.6083153,339.1059667,12172.82197,1,132.549277,27.18324179,16.90669717,6.271423272,7.849795869,0.284057728,0.042215566,4345.838224,7.882238542,70.59204861,98.48346577,78.46400854,223.3074109,218.1895834,401.1968401,1.365785859,8.704768714,96.60969814,36.89205703
2004,As_Suweida,Salkhad,2,12155,1803,148.33,0.19678529,2.476461818,423.7693794,9.741654148,175.7154581,1.445399312,22.89129271,345.5826409,1,1096.653045,343.7647011,11888.15806,1,151.5089895,26.96422946,16.51133063,5.736117107,7.953113684,0.262928705,0.038090827,4349.076208,7.899676731,70.01077564,100.1736093,76.35236044,200.9437579,268.1481021,387.011929,1.285466681,8.340411369,94.35046077,38.32058288
2004,As_Suweida,Salkhad,3,289,4,13.84,0.19678529,2.476461818,423.7693794,9.741654148,175.7154581,1.445399312,22.89129271,345.5826409,1,1096.653045,343.7647011,11888.15806,1,151.5089895,26.96422946,16.51133063,5.736117107,7.953113684,0.262928705,0.038090827,4349.076208,7.899676731,70.01077564,100.1736093,76.35236044,200.9437579,268.1481021,387.011929,1.285466681,8.340411369,94.35046077,38.32058288
2004,As_Suweida,Shahba,2,6617,3805,575.03,0.197527256,2.191659403,495.0115666,11.86004777,172.1533402,1.451189377,19.92857504,355.5120454,1,812.086703,337.7041296,12340.08103,1,62.52582608,27.26186447,17.13900143,6.513993436,8.107209186,0.282475834,0.04608453,4172.773801,7.921607895,69.27973685,100.2343847,77.91719223,234.0119175,217.4198839,427.8247932,0.996377189,7.542191094,97.93715104,8.194029851
2004,As_Suweida,Shahba,3,2568,106,41.28,0.197527256,2.191659403,495.0115666,11.86004777,172.1533402,1.451189377,19.92857504,355.5120454,1,812.086703,337.7041296,12340.08103,1,62.52582608,27.26186447,17.13900143,6.513993436,8.107209186,0.282475834,0.04608453,4172.773801,7.921607895,69.27973685,100.2343847,77.91719223,234.0119175,217.4198839,427.8247932,0.996377189,7.542191094,97.93715104,8.194029851
2004,Damascus,Al_Ghutta,3,397,261,657.43,0.011843117,0.558468679,524.9110876,13.88868146,106.1618312,1.291118521,15.97295861,315.6253218,1,651.6936639,570.4786951,12320.45649,1,6.349500264,27.87032203,17.11174512,6.162632197,15.11184261,0.511512854,0.059076795,3778.416275,7.702316985,76.58943385,105.5263878,74.42777006,243.9153949,178.6231764,388.861443,0.350493747,15.36100502,97.7814007,4.8
2004,Damascus,Al_Ghutta,4,430,264,613.95,0.011843117,0.558468679,524.9110876,13.88868146,106.1618312,1.291118521,15.97295861,315.6253218,1,651.6936639,570.4786951,12320.45649,1,6.349500264,27.87032203,17.11174512,6.162632197,15.11184261,0.511512854,0.059076795,3778.416275,7.702316985,76.58943385,105.5263878,74.42777006,243.9153949,178.6231764,388.861443,0.350493747,15.36100502,97.7814007,4.8
2004,Damascus,An_Nabk,2,149,185,1241.61,0.109668581,1.50691639,467.3983833,11.62008752,155.3219186,1.425568843,17.53600335,278.9022471,1,1377.627627,340.6509666,10011.86763,1,210.038337,24.90926081,13.89932499,2.461787723,8.474334911,0.171931522,0.018758268,4021.331008,7.786512673,73.78291091,96.99382549,82.46832846,213.7191483,316.1138341,404.2577387,3.567828626,9.921132736,79.4247142,5.130434783
2004,Damascus,At_Tall,2,255,173,678.43,0.044028509,1.064884239,744.2308193,19.61238996,162.1199029,1.40030382,25.61268638,363.9933535,1,1466.66102,409.1296488,9432.535951,1,145.3541383,24.04996676,13.08894467,1.497849749,10.7866085,0.203474599,0.033387571,3793.697233,7.636543834,78.78187219,104.4533402,82.34707642,342.820349,274.0306517,362.7005117,3.630504348,17.15543139,74.79396955,1.666666667
2004,Damascus,At_Tall,3,60,9,150,0.044028509,1.064884239,744.2308193,19.61238996,162.1199029,1.40030382,25.61268638,363.9933535,1,1466.66102,409.1296488,9432.535951,1,145.3541383,24.04996676,13.08894467,1.497849749,10.7866085,0.203474599,0.033387571,3793.697233,7.636543834,78.78187219,104.4533402,82.34707642,342.820349,274.0306517,362.7005117,3.630504348,17.15543139,74.79396955,1.666666667
2004,Damascus,Az_Zabdani,1,150,58,386.67,0.060455564,1.268423947,1010.499342,26.18716753,181.4811797,1.350758075,29.73442299,406.6926124,1,1549.684822,478.8227436,8933.416664,1,364.1754447,22.86939472,12.39524317,0.999997204,12.43694711,0.261887956,0.058913724,3857.757697,7.486507827,83.78307244,109.4513387,89.22730533,453.8392914,271.265393,322.8236739,6.230150135,23.98346865,70.82996096,59.03225806
2004,Damascus,Az_Zabdani,2,16,5,312.5,0.060455564,1.268423947,1010.499342,26.18716753,181.4811797,1.350758075,29.73442299,406.6926124,1,1549.684822,478.8227436,8933.416664,1,364.1754447,22.86939472,12.39524317,0.999997204,12.43694711,0.261887956,0.058913724,3857.757697,7.486507827,83.78307244,109.4513387,89.22730533,453.8392914,271.265393,322.8236739,6.230150135,23.98346865,70.82996096,59.03225806
2004,Damascus,Qatana,1,1275,1262,989.8,0.093841203,1.750152374,971.8779492,24.71850817,126.6999471,1.390187794,33.83029859,446.2725683,1,1076.168708,458.7744912,10566.68218,1,134.8032696,24.68625162,14.67594747,3.895142329,11.68891113,0.356906799,0.060139174,3930.782381,7.631263536,78.95788213,110.4899603,86.12028903,429.6790831,198.523565,355.7564594,3.240654984,17.95975534,83.86255699,10.25471698
2004,Damascus,Qatana,2,2311,2112,913.89,0.093841203,1.750152374,971.8779492,24.71850817,126.6999471,1.390187794,33.83029859,446.2725683,1,1076.168708,458.7744912,10566.68218,1,134.8032696,24.68625162,14.67594747,3.895142329,11.68891113,0.356906799,0.060139174,3930.782381,7.631263536,78.95788213,110.4899603,86.12028903,429.6790831,198.523565,355.7564594,3.240654984,17.95975534,83.86255699,10.25471698
2004,Damascus,Qatana,3,24,25,1041.67,0.093841203,1.750152374,971.8779492,24.71850817,126.6999471,1.390187794,33.83029859,446.2725683,1,1076.168708,458.7744912,10566.68218,1,134.8032696,24.68625162,14.67594747,3.895142329,11.68891113,0.356906799,0.060139174,3930.782381,7.631263536,78.95788213,110.4899603,86.12028903,429.6790831,198.523565,355.7564594,3.240654984,17.95975534,83.86255699,10.25471698
2004,Damascus,Yabrud,2,350,125,357.14,0.055958524,1.256549001,899.033111,24.23811667,151.1400992,1.388098698,24.46438451,298.4432339,1,1851.02324,444.8274066,8206.394411,1,231.2609004,22.54587078,11.33576445,-0.734874681,11.99549309,0.174754182,0.043506684,3708.170656,7.507783175,83.07389417,114.4591477,86.00699233,393.1968196,327.2389854,375.052399,3.28542421,18.12267988,64.77579686,3.666666667
2004,Damascus,Yabrud,3,174,58,333.33,0.055958524,1.256549001,899.033111,24.23811667,151.1400992,1.388098698,24.46438451,298.4432339,1,1851.02324,444.8274066,8206.394411,1,231.2609004,22.54587078,11.33576445,-0.734874681,11.99549309,0.174754182,0.043506684,3708.170656,7.507783175,83.07389417,114.4591477,86.00699233,393.1968196,327.2389854,375.052399,3.28542421,18.12267988,64.77579686,3.666666667
2004,Dara,As_Sanamayn,1,1359,1797,1322.3,0.126365387,2.232014688,636.6406112,15.5229052,180.1350323,1.464749006,30.99856142,436.994746,1,676.2522372,399.9784752,12200.63407,1,14.37105451,26.49444148,16.94532509,6.704845328,9.743519948,0.424843374,0.07938375,4100.298069,7.860602751,71.31324164,103.2065511,79.16810387,296.6651153,132.4975201,430.6093861,0.669011199,10.00010737,96.83042909,28.32124352
2004,Dara,As_Sanamayn,2,5600,3566,636.79,0.126365387,2.232014688,636.6406112,15.5229052,180.1350323,1.464749006,30.99856142,436.994746,1,676.2522372,399.9784752,12200.63407,1,14.37105451,26.49444148,16.94532509,6.704845328,9.743519948,0.424843374,0.07938375,4100.298069,7.860602751,71.31324164,103.2065511,79.16810387,296.6651153,132.4975201,430.6093861,0.669011199,10.00010737,96.83042909,28.32124352
2004,Dara,As_Sanamayn,3,800,385,481.25,0.126365387,2.232014688,636.6406112,15.5229052,180.1350323,1.464749006,30.99856142,436.994746,1,676.2522372,399.9784752,12200.63407,1,14.37105451,26.49444148,16.94532509,6.704845328,9.743519948,0.424843374,0.07938375,4100.298069,7.860602751,71.31324164,103.2065511,79.16810387,296.6651153,132.4975201,430.6093861,0.669011199,10.00010737,96.83042909,28.32124352
2004,Dara,As_Sanamayn,4,181,11,60.77,0.126365387,2.232014688,636.6406112,15.5229052,180.1350323,1.464749006,30.99856142,436.994746,1,676.2522372,399.9784752,12200.63407,1,14.37105451,26.49444148,16.94532509,6.704845328,9.743519948,0.424843374,0.07938375,4100.298069,7.860602751,71.31324164,103.2065511,79.16810387,296.6651153,132.4975201,430.6093861,0.669011199,10.00010737,96.83042909,28.32124352
2004,Dara,Dara,1,2835,3569,1258.91,0.151895403,2.467237111,598.5513259,15.05152323,247.890732,1.46774472,34.72026577,423.6944089,1,594.8481838,449.3981904,12266.25574,1,31.20078753,25.72967457,17.03646631,7.54135931,11.31260573,0.499337342,0.082288982,3975.682737,7.877365296,70.75449014,108.3265101,73.49304376,264.8148296,127.803691,442.0431636,0.879878166,12.29504118,97.35123605,40.20714807
2004,Dara,Dara,2,13904,8760,630.03,0.151895403,2.467237111,598.5513259,15.05152323,247.890732,1.46774472,34.72026577,423.6944089,1,594.8481838,449.3981904,12266.25574,1,31.20078753,25.72967457,17.03646631,7.54135931,11.31260573,0.499337342,0.082288982,3975.682737,7.877365296,70.75449014,108.3265101,73.49304376,264.8148296,127.803691,442.0431636,0.879878166,12.29504118,97.35123605,40.20714807
2004,Dara,Dara,3,1308,824,629.97,0.151895403,2.467237111,598.5513259,15.05152323,247.890732,1.46774472,34.72026577,423.6944089,1,594.8481838,449.3981904,12266.25574,1,31.20078753,25.72967457,17.03646631,7.54135931,11.31260573,0.499337342,0.082288982,3975.682737,7.877365296,70.75449014,108.3265101,73.49304376,264.8148296,127.803691,442.0431636,0.879878166,12.29504118,97.35123605,40.20714807
2004,Dara,Izra,1,6474,9336,1442.08,0.087018771,1.658654183,674.1690531,16.32740397,217.4263142,1.470306952,41.10287596,441.4595726,1,594.9833148,435.2672456,12182.07432,1,10.9531787,25.81066771,16.91954766,7.194174246,10.54700567,0.500452336,0.090773613,4128.064574,7.923266829,69.22443902,106.2532324,77.76191914,311.2666195,92.06481307,460.4442333,0.522892419,12.7609944,96.6831295,44.50057937
2004,Dara,Izra,2,7946,5650,711.05,0.087018771,1.658654183,674.1690531,16.32740397,217.4263142,1.470306952,41.10287596,441.4595726,1,594.9833148,435.2672456,12182.07432,1,10.9531787,25.81066771,16.91954766,7.194174246,10.54700567,0.500452336,0.090773613,4128.064574,7.923266829,69.22443902,106.2532324,77.76191914,311.2666195,92.06481307,460.4442333,0.522892419,12.7609944,96.6831295,44.50057937
2004,Dara,Izra,3,85,32,376.47,0.087018771,1.658654183,674.1690531,16.32740397,217.4263142,1.470306952,41.10287596,441.4595726,1,594.9833148,435.2672456,12182.07432,1,10.9531787,25.81066771,16.91954766,7.194174246,10.54700567,0.500452336,0.090773613,4128.064574,7.923266829,69.22443902,106.2532324,77.76191914,311.2666195,92.06481307,460.4442333,0.522892419,12.7609944,96.6831295,44.50057937
2004,Hama,Al_Ghab,1,4079,11980,2936.994361,0.049595436,1.643165164,1619.44551,48.79831691,139.7759455,1.347860465,28.59829587,349.5799349,1,352.189296,956.2618512,11850.64189,1,139.7020723,26.11561902,16.45922485,6.155916022,28.75971485,0.667755042,0.109289703,3317.650339,6.782044179,92.73480597,102.7148366,107.8420566,687.3904254,280.5196852,361.9957542,4.508295663,42.21571718,94.05271344,35.28868661
2004,Hama,As_Salamiyeh,2,9329,10412,1116.089613,0.504159747,4.926087865,486.1823855,13.96601378,191.2833095,1.455325727,20.3416433,317.9445519,1,514.8899545,417.080737,12653.7686,1,39.708665,28.69477287,17.57467862,5.652517396,11.97411839,0.359649507,0.070816289,3480.182197,7.805379097,73.15403011,91.88511676,85.35966811,240.291867,260.9011364,420.1232357,0.788382027,9.040582617,99.57326505,29.78971963
2004,Hama,Hama,1,8345,15780,1890.952666,0.227677668,4.733216797,854.2153212,24.39982953,192.7904067,1.455316559,28.89107986,399.9433813,1,367.8882638,472.4507038,12784.69935,1,25.04294796,28.15932693,17.75652687,6.176370229,13.48218522,0.513190554,0.104672225,3499.906923,7.530149647,82.32834509,100.6526403,91.74939391,394.5803469,199.991121,385.7041579,0.890006436,18.48653952,98.53413217,22.43352601
2004,Hama,Hama,2,9102,17968,1974.071633,0.227677668,4.733216797,854.2153212,24.39982953,192.7904067,1.455316559,28.89107986,399.9433813,1,367.8882638,472.4507038,12784.69935,1,25.04294796,28.15932693,17.75652687,6.176370229,13.48218522,0.513190554,0.104672225,3499.906923,7.530149647,82.32834509,100.6526403,91.74939391,394.5803469,199.991121,385.7041579,0.890006436,18.48653952,98.53413217,22.43352601
2004,Hama,Hama,3,184,114,619.5652174,0.227677668,4.733216797,854.2153212,24.39982953,192.7904067,1.455316559,28.89107986,399.9433813,1,367.8882638,472.4507038,12784.69935,1,25.04294796,28.15932693,17.75652687,6.176370229,13.48218522,0.513190554,0.104672225,3499.906923,7.530149647,82.32834509,100.6526403,91.74939391,394.5803469,199.991121,385.7041579,0.890006436,18.48653952,98.53413217,22.43352601
2004,Hama,Masyaf,1,5334,6876,1289.088864,0.076403686,1.92474214,1791.618529,51.10736911,150.0452924,1.353623889,29.44578727,387.4121925,1,532.6863029,760.5598941,11693.82997,1,139.1245061,25.68570801,16.24143051,6.086733848,21.70482799,0.604554502,0.092430252,3504.597256,6.889563149,96.31877164,104.4990951,98.20414048,782.0305942,261.5816804,350.4100182,3.339515959,38.59856987,92.80817433,5.952755906
2004,Hama,Muhradah,1,1082,2707,2501.848429,0.05125136,1.195215355,1114.105461,32.68580311,210.5076775,1.449025265,33.05226761,439.5914949,1,254.483542,743.6076531,12798.92079,1,22.9822089,27.70943623,17.77627888,6.732597318,21.85285209,0.638485127,0.110660534,3407.530173,7.358416593,88.05278024,105.1035266,95.4550424,483.9191318,196.6763121,347.9956241,0.787416154,25.49695415,98.42126356,10.50963597
2004,Hassakeh,Al_Malika,1,8844,15406,1741.971958,0.273788898,2.626098262,1152.073845,26.6486605,177.7179584,1.393407522,35.81191186,396.1542193,1,442.2589019,474.1345723,13141.8264,1,11.47143655,32.9108448,18.25253667,4.463664118,10.98188085,0.666948607,0.146867996,4322.196076,7.401004555,86.63318149,84.76396938,95.87159356,580.3412606,182.2285639,417.2135132,0.627665989,23.0979689,95.69979046,71.48066457
2004,Hassakeh,Hassakeh,1,1657,1972,1190.102595,1.234999017,5.292191536,556.6485078,13.41586041,179.2026918,1.453912692,22.75778998,312.1287676,1,352.2277754,371.0257892,14185.18109,1,19.1175947,33.97463499,19.70164041,5.469777574,8.964459639,0.368618961,0.071220593,4148.182316,7.76640865,74.453045,89.13112145,85.56433542,281.8678814,232.8497925,449.1236429,0.493960645,10.83503123,87.41919767,55.44769984
2004,Hassakeh,Hassakeh,2,35507,29329,826.0061396,1.234999017,5.292191536,556.6485078,13.41586041,179.2026918,1.453912692,22.75778998,312.1287676,1,352.2277754,371.0257892,14185.18109,1,19.1175947,33.97463499,19.70164041,5.469777574,8.964459639,0.368618961,0.071220593,4148.182316,7.76640865,74.453045,89.13112145,85.56433542,281.8678814,232.8497925,449.1236429,0.493960645,10.83503123,87.41919767,55.44769984
2004,Hassakeh,Hassakeh,3,8744,2685,307.0677036,1.234999017,5.292191536,556.6485078,13.41586041,179.2026918,1.453912692,22.75778998,312.1287676,1,352.2277754,371.0257892,14185.18109,1,19.1175947,33.97463499,19.70164041,5.469777574,8.964459639,0.368618961,0.071220593,4148.182316,7.76640865,74.453045,89.13112145,85.56433542,281.8678814,232.8497925,449.1236429,0.493960645,10.83503123,87.41919767,55.44769984
2004,Hassakeh,Hassakeh,4,6985,630,90.1932713,1.234999017,5.292191536,556.6485078,13.41586041,179.2026918,1.453912692,22.75778998,312.1287676,1,352.2277754,371.0257892,14185.18109,1,19.1175947,33.97463499,19.70164041,5.469777574,8.964459639,0.368618961,0.071220593,4148.182316,7.76640865,74.453045,89.13112145,85.56433542,281.8678814,232.8497925,449.1236429,0.493960645,10.83503123,87.41919767,55.44769984
2004,Hassakeh,Quamishli,1,78197,91660,1172.16773,0.384508781,3.376182941,921.7399403,21.94856308,189.6343908,1.4227755,32.71215887,381.6987929,1,387.3408823,439.2062933,13689.70088,1,4.224880292,33.62868311,19.01347345,5.171298083,10.47570032,0.655323095,0.142240128,4198.545714,7.499177245,83.3607585,86.22519576,92.96184617,470.5476877,188.6721752,424.1715544,0.236333983,15.93920513,91.35158031,2.151515152
2004,Hassakeh,Quamishli,2,8148,5077,623.0976927,0.384508781,3.376182941,921.7399403,21.94856308,189.6343908,1.4227755,32.71215887,381.6987929,1,387.3408823,439.2062933,13689.70088,1,4.224880292,33.62868311,19.01347345,5.171298083,10.47570032,0.655323095,0.142240128,4198.545714,7.499177245,83.3607585,86.22519576,92.96184617,470.5476877,188.6721752,424.1715544,0.236333983,15.93920513,91.35158031,2.151515152
2004,Hassakeh,Ras_Al_Ain,1,6187,8848,1430.095361,0.383012451,4.287075453,671.52675,16.78523,181.239228,1.436138441,29.13638552,428.1986409,1,428.0325777,501.1308912,13508.12645,1,10.62784115,33.16590373,18.76128674,4.962238261,12.54271608,0.51289681,0.101571124,3999.700319,7.607914063,79.7361979,89.03775221,90.13674178,330.3802676,158.4989891,413.1203426,0.413294717,15.5378662,92.79264719,3.258706468
2004,Hassakeh,Ras_Al_Ain,2,14074,10049,714.0116527,0.383012451,4.287075453,671.52675,16.78523,181.239228,1.436138441,29.13638552,428.1986409,1,428.0325777,501.1308912,13508.12645,1,10.62784115,33.16590373,18.76128674,4.962238261,12.54271608,0.51289681,0.101571124,3999.700319,7.607914063,79.7361979,89.03775221,90.13674178,330.3802676,158.4989891,413.1203426,0.413294717,15.5378662,92.79264719,3.258706468
2004,Homs,Al_Maghrim,2,761,103,135.348226,0.306769432,2.913060825,417.806835,11.65822104,218.2032013,1.457191708,18.26401052,311.7343597,1,797.1330828,402.2068037,11516.48493,1,104.0896137,26.87597321,15.99511796,4.730016621,11.228833,0.311562852,0.050815572,3582.795792,7.836838992,72.10536695,92.20131132,83.69427533,194.7168549,282.185961,406.7754786,1.39213165,8.706368852,91.40067404,23.70967742
2004,Homs,Al_Maghrim,3,1339,124,92.6064227,0.306769432,2.913060825,417.806835,11.65822104,218.2032013,1.457191708,18.26401052,311.7343597,1,797.1330828,402.2068037,11516.48493,1,104.0896137,26.87597321,15.99511796,4.730016621,11.228833,0.311562852,0.050815572,3582.795792,7.836838992,72.10536695,92.20131132,83.69427533,194.7168549,282.185961,406.7754786,1.39213165,8.706368852,91.40067404,23.70967742
2004,Homs,Al_Quasir,1,622,684,1099.678457,0.079506691,1.850323115,999.5076645,26.91216838,228.7835016,1.423727806,26.81275048,398.4009405,1,596.8480096,471.3051408,11812.69433,1,19.08778159,26.34181455,16.4065199,6.138104572,12.74586126,0.468655629,0.078005426,3712.961842,7.575372583,80.8209139,103.6223389,92.28315287,461.6882265,214.1664714,361.619498,0.932790651,19.01649265,93.7515423,81.53370847
2004,Homs,Al_Quasir,2,1279,1804,1410.476935,0.079506691,1.850323115,999.5076645,26.91216838,228.7835016,1.423727806,26.81275048,398.4009405,1,596.8480096,471.3051408,11812.69433,1,19.08778159,26.34181455,16.4065199,6.138104572,12.74586126,0.468655629,0.078005426,3712.961842,7.575372583,80.8209139,103.6223389,92.28315287,461.6882265,214.1664714,361.619498,0.932790651,19.01649265,93.7515423,81.53370847
2004,Homs,Al_Quasir,3,191,243,1272.251309,0.079506691,1.850323115,999.5076645,26.91216838,228.7835016,1.423727806,26.81275048,398.4009405,1,596.8480096,471.3051408,11812.69433,1,19.08778159,26.34181455,16.4065199,6.138104572,12.74586126,0.468655629,0.078005426,3712.961842,7.575372583,80.8209139,103.6223389,92.28315287,461.6882265,214.1664714,361.619498,0.932790651,19.01649265,93.7515423,81.53370847
2004,Homs,Ar_Rastan,1,2836,3081,1086.389281,0.023749721,0.879988685,874.594779,23.85883938,217.7540281,1.490165194,31.51599766,455.9867872,1,435.4754306,490.0063054,12460.14396,1,32.93536539,27.23093505,17.3057555,6.387093219,13.33924687,0.453883208,0.07776625,3664.705464,7.628313312,79.05622294,103.4973237,91.88512505,414.9840532,194.2140276,350.5086574,1.105333487,20.10500042,98.89003144,64.92877493
2004,Homs,Ar_Rastan,2,1953,1203,615.9754224,0.023749721,0.879988685,874.594779,23.85883938,217.7540281,1.490165194,31.51599766,455.9867872,1,435.4754306,490.0063054,12460.14396,1,32.93536539,27.23093505,17.3057555,6.387093219,13.33924687,0.453883208,0.07776625,3664.705464,7.628313312,79.05622294,103.4973237,91.88512505,414.9840532,194.2140276,350.5086574,1.105333487,20.10500042,98.89003144,64.92877493
2004,Homs,Homs,1,9547,13862,1451.974442,0.661463232,5.466555194,525.3326025,14.01782445,170.4993423,1.454793713,18.39390553,334.3746299,1,749.4069726,427.4411739,11461.9785,1,42.53240625,26.46212822,15.91941459,4.910125823,11.42334095,0.284816922,0.043771232,3746.604375,7.822295424,72.59015253,97.44916302,83.49579931,242.9752814,262.3261291,400.8940442,1.265880206,10.65134129,90.96808337,61.8628226
2004,Homs,Homs,2,3090,1719,556.3106796,0.661463232,5.466555194,525.3326025,14.01782445,170.4993423,1.454793713,18.39390553,334.3746299,1,749.4069726,427.4411739,11461.9785,1,42.53240625,26.46212822,15.91941459,4.910125823,11.42334095,0.284816922,0.043771232,3746.604375,7.822295424,72.59015253,97.44916302,83.49579931,242.9752814,262.3261291,400.8940442,1.265880206,10.65134129,90.96808337,61.8628226
2004,Homs,Homs,3,75,6,80,0.661463232,5.466555194,525.3326025,14.01782445,170.4993423,1.454793713,18.39390553,334.3746299,1,749.4069726,427.4411739,11461.9785,1,42.53240625,26.46212822,15.91941459,4.910125823,11.42334095,0.284816922,0.043771232,3746.604375,7.822295424,72.59015253,97.44916302,83.49579931,242.9752814,262.3261291,400.8940442,1.265880206,10.65134129,90.96808337,61.8628226
2004,Homs,Homs,4,180,2,11.11111111,0.661463232,5.466555194,525.3326025,14.01782445,170.4993423,1.454793713,18.39390553,334.3746299,1,749.4069726,427.4411739,11461.9785,1,42.53240625,26.46212822,15.91941459,4.910125823,11.42334095,0.284816922,0.043771232,3746.604375,7.822295424,72.59015253,97.44916302,83.49579931,242.9752814,262.3261291,400.8940442,1.265880206,10.65134129,90.96808337,61.8628226
2004,Homs,Tall_Kalakh,1,4507,5972,1325.049922,0.061265386,1.382119937,1763.371248,48.6760063,213.4968276,1.371293035,28.50363662,371.8628808,1,462.9664108,693.8983642,12168.11012,1,86.9397267,25.74826823,16.90015294,7.249091974,19.19852908,0.646014747,0.116854407,3621.67035,7.036198454,98.79338486,102.8467833,99.11400291,758.9369258,256.0800903,370.1287946,2.899572474,38.32373734,96.57230253,63.89144317
2004,Idleb,Al_Jisr_Ash_Shu,1,3785,8225,2173.051519,0.061795348,1.387996783,1390.599941,42.44735427,177.540447,1.380476929,27.89801472,304.6574213,1,349.3955892,652.9926146,12004.732,1,101.3142959,26.41587877,16.67323889,6.147881979,19.9243501,0.567985334,0.087129156,3275.05799,6.711311118,90.37703725,102.3600724,103.7260718,617.696014,309.262822,377.4719518,3.793157673,40.90641577,95.27565082,19.55376344
2004,Idleb,Al_Mara,1,3187,9293,2915.908378,0.219400577,2.789560748,981.1078451,28.88280248,161.5969773,1.44106543,30.50289991,387.8445436,1,426.7153644,495.1245461,12463.44268,1,29.05957912,27.99098124,17.31033705,5.735174544,14.58409446,0.563325132,0.121696039,3395.858203,7.422356298,85.92145674,103.6446441,93.40441828,435.9463525,211.8633148,395.4624714,1.089096217,21.8826255,98.91621171,2.740740741
2004,Idleb,Al_Mara,2,4174,8511,2039.05127,0.219400577,2.789560748,981.1078451,28.88280248,161.5969773,1.44106543,30.50289991,387.8445436,1,426.7153644,495.1245461,12463.44268,1,29.05957912,27.99098124,17.31033705,5.735174544,14.58409446,0.563325132,0.121696039,3395.858203,7.422356298,85.92145674,103.6446441,93.40441828,435.9463525,211.8633148,395.4624714,1.089096217,21.8826255,98.91621171,2.740740741
2004,Idleb,Ariha,1,1777,4514,2540.236353,0.06189382,1.20144567,1222.21157,36.22747012,178.7756591,1.396585143,27.93576679,350.6523137,1,582.149967,521.4364215,11593.55664,1,87.67581128,26.46915931,16.102162,5.380374414,15.46343596,0.4576139,0.075758543,3372.714934,7.15618642,94.79378601,106.311357,97.34530193,547.7594113,264.1637633,380.2716742,2.592602428,31.56046909,92.01235429,35.35190616
2004,Idleb,Harim,1,2189,5707,2607.126542,0.076955511,1.744823344,1262.438648,37.61273307,208.4698796,1.397594182,27.2782689,356.5012631,1,400.6489695,547.1849605,12100.58401,1,91.8753057,27.51901264,16.80636669,5.719943248,16.3228571,0.497392113,0.080009999,3355.412962,7.125463716,95.81787612,93.33899435,108.7440432,570.9437331,243.3845318,396.2349649,3.52892128,34.93256475,96.03638107,7.104166667
2004,Idleb,Idleb,1,8245,20431,2477.986659,0.125820372,2.188331063,1102.585467,32.06712398,133.1604544,1.441830046,29.96636028,396.7139838,1,349.4829207,579.1314183,12484.21588,1,18.66965742,28.00408697,17.33918873,5.897763851,16.82364932,0.591957344,0.120681925,3437.367181,7.363514149,87.8828617,100.2852302,96.06875003,493.5158649,201.4720497,378.6673336,0.928862474,24.86059375,99.08107844,24.08243728
2004,Lattakia,Al_Hafa,1,2639,5887,2230.769231,0.056619889,1.298629777,2137.431546,63.98372662,251.0029312,1.264981734,25.51066723,281.7179779,1,615.8606536,869.9596057,11546.28078,1,289.7612345,25.59497186,16.03650109,6.282786528,26.03313322,0.597195067,0.064871625,3339.586207,6.168576676,72.28588919,98.15818966,118.2883787,894.6899466,357.4897846,356.8800356,4.643245661,56.30098333,91.63714907,75.1082544
2004,Lattakia,Al_Qardaha,1,1743,4040,2317.8428,0.030228789,0.883071844,2177.807883,64.75446977,235.6423718,1.266061629,25.08147767,304.5236994,1,540.3966252,965.819507,11868.98022,1,281.3834412,25.68362769,16.48469475,7.066961958,28.68849509,0.626698271,0.071613789,3362.177693,6.246956385,74.89854616,98.69794075,114.5743476,906.0700778,333.7468418,356.7924855,4.669937499,58.43730767,94.19825573,62.20930233
2004,Lattakia,Jablah,1,1722,4738,2751.4518,0.056903002,1.06433536,2222.911587,65.33392429,242.7106218,1.288362214,25.18450697,312.336117,1,539.9002309,816.7903287,11767.30629,1,269.6827043,25.49057676,16.34348096,7.040491957,23.96304638,0.558662802,0.068820988,3401.384919,6.394601508,79.82005026,100.2130128,106.4843853,930.4394084,319.9496365,362.0527367,4.337486611,50.9748085,93.3913198,69.6122449
2004,Lattakia,Lattakia,1,1546,2973,1923.027167,0.097763298,1.762987067,2070.922061,59.48889873,209.5944837,1.261131142,24.7105126,304.2298707,1,231.7146206,1168.630472,12729.96358,1,104.336183,26.35343008,17.68050497,8.568295259,33.57805978,0.681882635,0.077170987,3480.190785,6.347943236,78.26477454,96.9695714,113.2090596,874.2419387,328.3346711,334.66475,3.391717815,52.37302557,98.96854303,87.11285641
2004,Raqqa,Tell_Abiad,2,2371,1897,800.0843526,0.478825179,3.735158564,522.4332391,13.47531981,188.9206138,1.450549568,27.03711738,400.1496788,1,371.821103,384.8257953,13577.9887,1,11.17783109,32.83786378,18.85831764,5.278616146,9.942940494,0.387628408,0.073127305,3875.963564,7.789701512,73.67661628,87.54519569,87.89689453,261.4067156,163.0030389,436.503596,0.353533461,11.88417515,92.23818491,33.28514589
2004,Tartous,Banyas,1,6652,8062,1211.966326,0.064347484,1.259569202,2146.772586,60.57879057,227.2029485,1.248880866,25.12215029,311.6023136,1,597.2024401,815.615671,11522.57927,1,239.5189203,25.15813268,16.00358232,6.684955758,23.01293579,0.555566792,0.068353139,3542.769305,6.402940695,80.09802315,101.9273229,103.1564506,886.1705899,311.2379664,363.3411414,4.321198421,51.28226288,91.44904185,78.70526316
2004,Tartous,Dreikisch,1,940,804,855.3191489,0.020699473,0.796408619,2333.777034,65.61672825,216.934763,1.299036482,24.8601254,322.079217,1,504.6634677,794.417308,12085.56988,1,163.4163054,25.5105695,16.78551372,7.666470305,22.33818856,0.585714713,0.061866096,3555.679975,6.512992812,83.76642708,104.2928989,104.4986247,958.1456507,306.9629607,371.5972167,3.497485148,47.28655449,95.91722127,23.43243243
2004,Tartous,Safita,1,694,1069,1540.345821,0.047070335,1.157636077,2328.41008,65.97336377,212.2246192,1.350786518,24.81991989,329.6296751,1,294.0703481,767.8302862,12793.64333,1,85.74052064,26.16255977,17.76894907,8.788427803,21.77356463,0.606889907,0.076809727,3528.31842,6.807968775,93.59895915,102.3953471,106.1658278,955.5768453,291.9812893,377.4132804,2.351750182,44.6094789,98.46314814,76.62715679
2004,Tartous,Sheikh_Badr,1,1882,1694,900.1062699,0.005349553,0.386265066,2290.876111,64.5320541,214.3609237,1.284536565,24.92166647,316.9745763,,488.3054996,787.5676662,11997.40035,1,198.9956955,25.3106692,16.66305604,7.655225253,22.18654631,0.565833963,0.054113691,3548.9817,6.413826005,80.46086682,103.2944161,104.8124333,936.1166226,307.9387223,375.526846,3.662482193,53.80450397,95.21746306,0.666666667
2004,Tartous,Tartous,1,432,484,1120.37037,0.049162657,1.417978043,1946.719812,53.72719261,226.602822,1.337365278,24.38800112,328.0083572,1,151.3380759,870.9635257,13307.05593,1,85.26540945,26.43344388,18.48202212,9.988166645,24.06022446,0.579063973,0.073570849,3622.341771,6.801489796,93.38299321,102.470699,101.4075782,785.2004058,293.3316743,364.969705,1.987711269,46.76351549,94.38844502,64.49344978
2005,Al_Qunaytirah,Al_Qunaytirah,1,9274,15023,1619.905111,0.120668536,1.817203669,1303.621516,32.75967521,196.6396652,1.392797379,36.80800834,452.0421233,1,812.7813464,508.6836476,11465.42594,1,99.78962314,24.67099887,15.9242027,6.746780549,12.84056182,0.637514724,0.140851817,3978.34811,7.519971534,82.66761553,112.8898772,94.67530318,673.090969,184.0334609,363.9594199,3.215624823,25.20123137,90.995444,62.36754297
2005,Aleppo,Afrin,1,8120,22574,2780.049261,0.194810459,2.230856022,1056.723174,30.10027131,184.8305861,1.371035123,25.51170824,404.3181051,1,493.5760545,511.2885721,11743.14835,1,89.965976,27.91138205,16.30992827,4.944976592,14.5672483,0.434509972,0.05694293,3509.676577,7.198506433,93.3831189,89.27565968,103.1621822,485.4051563,192.8950466,401.4796676,3.206478872,32.26458622,93.19959012,72.67440361
2005,Aleppo,As_Safira,2,592,947,1599.662162,0.226229514,2.727688396,481.3966191,13.39676206,194.0542344,1.456944439,23.81607607,339.9130212,1,386.7828001,407.6633703,13068.01604,1,58.56984464,29.67338519,18.15002228,5.767509616,11.3481158,0.410501965,0.084687367,3592.380377,7.634697244,78.8434252,96.2352179,86.8956053,218.7092924,209.796782,447.6738108,1.021027812,12.3940763,96.28558697,61.3127161
2005,Aleppo,As_Safira,3,674,539,799.7032641,0.226229514,2.727688396,481.3966191,13.39676206,194.0542344,1.456944439,23.81607607,339.9130212,1,386.7828001,407.6633703,13068.01604,1,58.56984464,29.67338519,18.15002228,5.767509616,11.3481158,0.410501965,0.084687367,3592.380377,7.634697244,78.8434252,96.2352179,86.8956053,218.7092924,209.796782,447.6738108,1.021027812,12.3940763,96.28558697,61.3127161
2005,Aleppo,As_Safira,4,23,17,739.1304348,0.226229514,2.727688396,481.3966191,13.39676206,194.0542344,1.456944439,23.81607607,339.9130212,1,386.7828001,407.6633703,13068.01604,1,58.56984464,29.67338519,18.15002228,5.767509616,11.3481158,0.410501965,0.084687367,3592.380377,7.634697244,78.8434252,96.2352179,86.8956053,218.7092924,209.796782,447.6738108,1.021027812,12.3940763,96.28558697,61.3127161
2005,Aleppo,Azaz,1,18591,52612,2829.971492,0.121728487,2.146811382,782.8524743,21.43226121,180.5676029,1.396196968,30.36538609,429.7996425,1,481.8095159,571.6433919,12204.21367,1,12.33630082,29.10573304,16.95029677,4.879821791,15.65498421,0.636550173,0.140571882,3651.682593,7.471901984,84.26993387,93.76116346,97.11618169,358.7064237,165.5478602,396.9674719,0.559398203,24.25735487,96.85883867,30.7875817
2005,Aleppo,Azaz,2,2650,6572,2480,0.121728487,2.146811382,782.8524743,21.43226121,180.5676029,1.396196968,30.36538609,429.7996425,1,481.8095159,571.6433919,12204.21367,1,12.33630082,29.10573304,16.95029677,4.879821791,15.65498421,0.636550173,0.140571882,3651.682593,7.471901984,84.26993387,93.76116346,97.11618169,358.7064237,165.5478602,396.9674719,0.559398203,24.25735487,96.85883867,30.7875817
2005,Aleppo,Jarablus,2,57,115,2017.54386,0.056313267,1.389591551,654.0767778,17.98500175,123.911363,1.374076188,31.59740814,433.9335195,1,453.0262094,410.6756808,12758.54879,1,19.54434174,31.40185807,17.72020665,4.689403647,11.29711513,0.508575409,0.114776675,3635.790181,7.473535251,84.21549162,95.34513895,94.97812509,294.5269454,151.8135123,395.6820817,0.731704106,17.89025411,98.7416763,86.86344794
2005,Aleppo,Jebel_Saman,1,10468,18005,1720.003821,0.320135248,3.90953411,680.9241387,19.30349788,185.7492815,1.399045613,26.85095306,367.0160671,1,348.6130778,485.921619,12825.42231,1,24.0041333,29.12975226,17.81308654,5.763825072,13.77339204,0.490559459,0.101372302,3526.465037,7.511498758,82.95004141,89.49335598,94.1545251,324.3345388,183.2856532,401.209007,0.780531933,17.98196178,98.21093407,28.18423019
2005,Aleppo,Jebel_Saman,2,11768,23889,2029.996601,0.320135248,3.90953411,680.9241387,19.30349788,185.7492815,1.399045613,26.85095306,367.0160671,1,348.6130778,485.921619,12825.42231,1,24.0041333,29.12975226,17.81308654,5.763825072,13.77339204,0.490559459,0.101372302,3526.465037,7.511498758,82.95004141,89.49335598,94.1545251,324.3345388,183.2856532,401.209007,0.780531933,17.98196178,98.21093407,28.18423019
2005,Aleppo,Jebel_Saman,3,4053,5593,1379.965458,0.320135248,3.90953411,680.9241387,19.30349788,185.7492815,1.399045613,26.85095306,367.0160671,1,348.6130778,485.921619,12825.42231,1,24.0041333,29.12975226,17.81308654,5.763825072,13.77339204,0.490559459,0.101372302,3526.465037,7.511498758,82.95004141,89.49335598,94.1545251,324.3345388,183.2856532,401.209007,0.780531933,17.98196178,98.21093407,28.18423019
2005,Aleppo,Menbij,2,3,3,1000,0.476099108,4.018173677,453.6744579,12.41617724,173.279788,1.406754586,24.018397,332.4689528,1,397.1956572,405.5563337,13129.23498,1,17.60715977,30.56875842,18.23504858,5.59956174,11.10208144,0.438241559,0.093818959,3652.898049,7.618434657,79.38551142,92.6352749,87.68904306,210.4364443,198.2878033,437.4207931,0.49517755,12.11218955,95.79972238,92.68040719
2005,As_Suweida,As_Suwayda,1,1553,994,640.0515132,0.245068348,2.898837435,421.2187892,9.449905994,164.7488635,1.44067499,22.83274428,379.7186382,1,936.6083153,294.0402283,12222.96733,1,132.549277,26.94958602,16.97634351,6.43352773,6.629956037,0.270413736,0.039413179,4456.386026,7.882238542,70.59204861,102.2060811,82.21046364,230.3510238,218.1895834,401.1968401,1.365785859,8.704768714,97.0076772,36.89205703
2005,As_Suweida,As_Suwayda,2,9228,5786,627.0047681,0.245068348,2.898837435,421.2187892,9.449905994,164.7488635,1.44067499,22.83274428,379.7186382,1,936.6083153,294.0402283,12222.96733,1,132.549277,26.94958602,16.97634351,6.43352773,6.629956037,0.270413736,0.039413179,4456.386026,7.882238542,70.59204861,102.2060811,82.21046364,230.3510238,218.1895834,401.1968401,1.365785859,8.704768714,97.0076772,36.89205703
2005,As_Suweida,Salkhad,2,10228,8540,834.9628471,0.19678529,2.476461818,365.3371125,8.195785651,175.7154581,1.445399312,22.89129271,345.5826409,1,1096.653045,297.142674,11947.3425,1,151.5089895,26.60773092,16.59353125,5.924634933,6.704678425,0.244292047,0.035733553,4456.621612,7.899676731,70.01077564,100.5092882,79.61435565,199.1786515,268.1481021,387.011929,1.285466681,8.340411369,94.82017859,38.32058288
2005,As_Suweida,Salkhad,3,441,221,501.1337868,0.19678529,2.476461818,365.3371125,8.195785651,175.7154581,1.445399312,22.89129271,345.5826409,1,1096.653045,297.142674,11947.3425,1,151.5089895,26.60773092,16.59353125,5.924634933,6.704678425,0.244292047,0.035733553,4456.621612,7.899676731,70.01077564,100.5092882,79.61435565,199.1786515,268.1481021,387.011929,1.285466681,8.340411369,94.82017859,38.32058288
2005,As_Suweida,Shahba,2,4798,2159,449.979158,0.197527256,2.191659403,469.4530203,10.92860486,172.1533402,1.451189377,19.92857504,355.5120454,1,812.086703,291.4193369,12392.93313,1,62.52582608,27.22784717,17.21240712,6.590161108,6.794839906,0.263233022,0.041793436,4294.63541,7.921607895,69.27973685,102.8415207,82.1285267,257.4377438,217.4198839,427.8247932,0.996377189,7.542191094,98.35661213,8.194029851
2005,As_Suweida,Shahba,3,2262,46,20.33598585,0.197527256,2.191659403,469.4530203,10.92860486,172.1533402,1.451189377,19.92857504,355.5120454,1,812.086703,291.4193369,12392.93313,1,62.52582608,27.22784717,17.21240712,6.590161108,6.794839906,0.263233022,0.041793436,4294.63541,7.921607895,69.27973685,102.8415207,82.1285267,257.4377438,217.4198839,427.8247932,0.996377189,7.542191094,98.35661213,8.194029851
2005,Damascus,Al_Qutayfah,3,35,20,571.4285714,0.165290463,2.05625535,364.7339084,9.143668464,195.5281875,1.44431954,15.13843505,319.6985667,1,995.3053148,331.1622619,11521.59034,1,127.2432106,27.08229251,16.0022088,4.726615282,8.324331106,0.183286412,0.022653301,3987.923153,7.89758494,70.08050201,97.17883257,77.26810416,188.5257647,244.8824899,435.20357,2.859481548,8.87439493,91.44119314,2.858974359
2005,Damascus,An_Nabk,3,41,2,48.7804878,0.109668581,1.50691639,422.5089878,10.20064565,155.3219186,1.425568843,17.53600335,278.9022471,1,1377.627627,299.8265907,10025.90821,1,210.038337,24.72075581,13.92035591,2.916530828,7.244023306,0.15783475,0.016134876,4140.982793,7.786512673,73.78291091,93.2982259,82.70473659,204.7167077,316.1138341,404.2577387,3.567828626,9.921132736,79.5448909,5.130434783
2005,Damascus,At_Tall,2,233,186,798.2832618,0.044028509,1.064884239,684.9422444,17.51629468,162.1199029,1.40030382,25.61268638,363.9933535,1,1466.66102,371.6394753,9432.453355,1,145.3541383,23.64107267,13.09179425,2.062042161,9.509695958,0.205172784,0.031656826,3909.314692,7.636543834,78.78187219,101.0086233,85.44449797,350.6202998,274.0306517,362.7005117,3.630504348,17.15543139,74.81025284,1.666666667
2005,Damascus,At_Tall,3,11,12,1090.909091,0.044028509,1.064884239,684.9422444,17.51629468,162.1199029,1.40030382,25.61268638,363.9933535,1,1466.66102,371.6394753,9432.453355,1,145.3541383,23.64107267,13.09179425,2.062042161,9.509695958,0.205172784,0.031656826,3909.314692,7.636543834,78.78187219,101.0086233,85.44449797,350.6202998,274.0306517,362.7005117,3.630504348,17.15543139,74.81025284,1.666666667
2005,Damascus,Az_Zabdani,1,150,150,1000,0.060455564,1.268423947,949.8434047,23.88093021,181.4811797,1.350758075,29.73442299,406.6926124,1,1549.684822,441.0575748,8923.137736,1,364.1754447,22.47646355,12.38419853,1.457399613,11.11653871,0.262699268,0.055059176,3976.413762,7.486507827,83.78307244,105.3295636,92.07329204,478.3384423,271.265393,322.8236739,6.230150135,23.98346865,70.76684873,59.03225806
2005,Damascus,Az_Zabdani,2,16,12,750,0.060455564,1.268423947,949.8434047,23.88093021,181.4811797,1.350758075,29.73442299,406.6926124,1,1549.684822,441.0575748,8923.137736,1,364.1754447,22.47646355,12.38419853,1.457399613,11.11653871,0.262699268,0.055059176,3976.413762,7.486507827,83.78307244,105.3295636,92.07329204,478.3384423,271.265393,322.8236739,6.230150135,23.98346865,70.76684873,59.03225806
2005,Damascus,Qatana,1,959,1199,1250.260688,0.093841203,1.750152374,931.4779395,22.98793745,126.6999471,1.390187794,33.83029859,446.2725683,1,1076.168708,415.2483929,10569.01538,1,134.8032696,24.59160807,14.67918803,4.356923395,10.27287368,0.353410714,0.058536553,4051.029206,7.631263536,78.95788213,109.5724017,90.3589139,489.1862957,198.523565,355.7564594,3.240654984,17.95975534,83.88107444,10.25471698
2005,Damascus,Qatana,2,2235,2682,1200,0.093841203,1.750152374,931.4779395,22.98793745,126.6999471,1.390187794,33.83029859,446.2725683,1,1076.168708,415.2483929,10569.01538,1,134.8032696,24.59160807,14.67918803,4.356923395,10.27287368,0.353410714,0.058536553,4051.029206,7.631263536,78.95788213,109.5724017,90.3589139,489.1862957,198.523565,355.7564594,3.240654984,17.95975534,83.88107444,10.25471698
2005,Damascus,Qatana,3,60,68,1133.333333,0.093841203,1.750152374,931.4779395,22.98793745,126.6999471,1.390187794,33.83029859,446.2725683,1,1076.168708,415.2483929,10569.01538,1,134.8032696,24.59160807,14.67918803,4.356923395,10.27287368,0.353410714,0.058536553,4051.029206,7.631263536,78.95788213,109.5724017,90.3589139,489.1862957,198.523565,355.7564594,3.240654984,17.95975534,83.88107444,10.25471698
2005,Damascus,Yabrud,2,205,100,487.804878,0.055958524,1.256549001,791.4502943,20.72099034,151.1400992,1.388098698,24.46438451,298.4432339,1,1851.02324,411.5739018,8219.124426,1,231.2609004,21.93832984,11.36807534,0.027761973,10.77791703,0.172060182,0.040484303,3818.558241,7.507783175,83.07389417,108.3422238,86.40561197,392.407562,327.2389854,375.052399,3.28542421,18.12267988,64.96043053,3.666666667
2005,Damascus,Yabrud,3,174,29,166.6666667,0.055958524,1.256549001,791.4502943,20.72099034,151.1400992,1.388098698,24.46438451,298.4432339,1,1851.02324,411.5739018,8219.124426,1,231.2609004,21.93832984,11.36807534,0.027761973,10.77791703,0.172060182,0.040484303,3818.558241,7.507783175,83.07389417,108.3422238,86.40561197,392.407562,327.2389854,375.052399,3.28542421,18.12267988,64.96043053,3.666666667
2005,Dara,As_Sanamayn,1,1000,1170,1170,0.126365387,2.232014688,602.345059,14.20781261,180.1350323,1.464749006,30.99856142,436.994746,1,676.2522372,339.4498508,12228.17656,1,14.37105451,26.49442538,16.98357855,6.879978148,7.997921216,0.404186179,0.07463427,4238.53409,7.860602751,71.31324164,104.1295517,82.77618961,317.3410822,132.4975201,430.6093861,0.669011199,10.00010737,97.04902031,28.32124352
2005,Dara,As_Sanamayn,2,6400,1344,210,0.126365387,2.232014688,602.345059,14.20781261,180.1350323,1.464749006,30.99856142,436.994746,1,676.2522372,339.4498508,12228.17656,1,14.37105451,26.49442538,16.98357855,6.879978148,7.997921216,0.404186179,0.07463427,4238.53409,7.860602751,71.31324164,104.1295517,82.77618961,317.3410822,132.4975201,430.6093861,0.669011199,10.00010737,97.04902031,28.32124352
2005,Dara,Dara,1,2941,4206,1430.125808,0.151895403,2.467237111,522.198794,12.75585938,247.890732,1.46774472,34.72026577,423.6944089,1,594.8481838,391.1754844,12290.24842,1,31.20078753,25.72967457,17.06978948,7.647120256,9.580572158,0.413497948,0.069334901,4092.795474,7.877365296,70.75449014,105.6109451,75.13158613,281.4727047,127.803691,442.0431636,0.879878166,12.29504118,97.54165416,40.20714807
2005,Dara,Dara,2,14339,8747,610.0146454,0.151895403,2.467237111,522.198794,12.75585938,247.890732,1.46774472,34.72026577,423.6944089,1,594.8481838,391.1754844,12290.24842,1,31.20078753,25.72967457,17.06978948,7.647120256,9.580572158,0.413497948,0.069334901,4092.795474,7.877365296,70.75449014,105.6109451,75.13158613,281.4727047,127.803691,442.0431636,0.879878166,12.29504118,97.54165416,40.20714807
2005,Dara,Dara,3,933,83,88.96034298,0.151895403,2.467237111,522.198794,12.75585938,247.890732,1.46774472,34.72026577,423.6944089,1,594.8481838,391.1754844,12290.24842,1,31.20078753,25.72967457,17.06978948,7.647120256,9.580572158,0.413497948,0.069334901,4092.795474,7.877365296,70.75449014,105.6109451,75.13158613,281.4727047,127.803691,442.0431636,0.879878166,12.29504118,97.54165416,40.20714807
2005,Dara,Izra,1,6354,4448,700.0314762,0.087018771,1.658654183,628.4523736,14.83423845,217.4263142,1.470306952,41.10287596,441.4595726,1,594.9833148,390.7027798,12208.46759,1,10.9531787,25.81064791,16.95620499,7.384045003,9.229066302,0.509376342,0.09706103,4235.499067,7.923266829,69.22443902,107.2698589,79.38166706,332.8166257,92.06481307,460.4442333,0.522892419,12.7609944,96.89259995,44.50057937
2005,Dara,Izra,2,7639,2979,389.9725095,0.087018771,1.658654183,628.4523736,14.83423845,217.4263142,1.470306952,41.10287596,441.4595726,1,594.9833148,390.7027798,12208.46759,1,10.9531787,25.81064791,16.95620499,7.384045003,9.229066302,0.509376342,0.09706103,4235.499067,7.923266829,69.22443902,107.2698589,79.38166706,332.8166257,92.06481307,460.4442333,0.522892419,12.7609944,96.89259995,44.50057937
2005,Hama,Al_Ghab,1,3746,11425,3049.919915,0.049595436,1.643165164,1217.401728,35.97145907,139.7759455,1.347860465,28.59829587,349.5799349,1,352.189296,961.2583444,11751.19801,1,139.7020723,25.85796371,16.32110835,6.197685815,28.35510695,0.666671114,0.109356372,3383.354595,6.782044179,92.73480597,90.08900751,108.8496904,568.5290453,280.5196852,361.9957542,4.508295663,42.21571718,93.26347626,35.28868661
2005,Hama,As_Salamiyeh,2,9659,13716,1420.022777,0.504159747,4.926087865,419.4855699,11.78442414,191.2833095,1.455325727,20.3416433,317.9445519,1,514.8899545,383.8901576,12666.68533,1,39.708665,28.69477287,17.59261851,5.652517396,10.77500538,0.330159252,0.063994375,3558.661167,7.805379097,73.15403011,90.84940698,86.18876175,191.6148141,260.9011364,420.1232357,0.788382027,9.040582617,99.47075137,29.78971963
2005,Hama,As_Salamiyeh,3,44,63,1431.818182,0.504159747,4.926087865,419.4855699,11.78442414,191.2833095,1.455325727,20.3416433,317.9445519,1,514.8899545,383.8901576,12666.68533,1,39.708665,28.69477287,17.59261851,5.652517396,10.77500538,0.330159252,0.063994375,3558.661167,7.805379097,73.15403011,90.84940698,86.18876175,191.6148141,260.9011364,420.1232357,0.788382027,9.040582617,99.47075137,29.78971963
2005,Hama,As_Salamiyeh,4,80,95,1187.5,0.504159747,4.926087865,419.4855699,11.78442414,191.2833095,1.455325727,20.3416433,317.9445519,1,514.8899545,383.8901576,12666.68533,1,39.708665,28.69477287,17.59261851,5.652517396,10.77500538,0.330159252,0.063994375,3558.661167,7.805379097,73.15403011,90.84940698,86.18876175,191.6148141,260.9011364,420.1232357,0.788382027,9.040582617,99.47075137,29.78971963
2005,Hama,Hama,1,8390,18542,2210.011919,0.227677668,4.733216797,702.6382185,19.65224645,192.7904067,1.455316559,28.89107986,399.9433813,1,367.8882638,446.229428,12757.15688,1,25.04294796,28.13759198,17.71827345,6.176370229,12.46416433,0.489216425,0.097889025,3574.358268,7.530149647,82.32834509,94.7944868,95.23549274,324.6623823,199.991121,385.7041579,0.890006436,18.48653952,98.75272314,22.43352601
2005,Hama,Hama,2,9260,16112,1739.956803,0.227677668,4.733216797,702.6382185,19.65224645,192.7904067,1.455316559,28.89107986,399.9433813,1,367.8882638,446.229428,12757.15688,1,25.04294796,28.13759198,17.71827345,6.176370229,12.46416433,0.489216425,0.097889025,3574.358268,7.530149647,82.32834509,94.7944868,95.23549274,324.6623823,199.991121,385.7041579,0.890006436,18.48653952,98.75272314,22.43352601
2005,Hama,Masyaf,1,5402,10750,1990.003702,0.076403686,1.92474214,1384.978868,38.72027881,150.0452924,1.353623889,29.44578727,387.4121925,1,532.6863029,749.6192535,11604.92425,1,139.1245061,25.4303534,16.11795035,6.101458859,20.97223608,0.60116448,0.089149624,3575.882477,6.889563149,96.31877164,98.99716639,99.62141996,654.3040608,261.5816804,350.4100182,3.339515959,38.59856987,92.10257344,5.952755906
2005,Hama,Muhradah,1,770,1925,2500,0.05125136,1.195215355,869.684979,25.07316055,210.5076775,1.449025265,33.05226761,439.5914949,1,254.483542,732.8294805,12711.89935,1,22.9822089,27.5763506,17.65541576,6.732597318,21.16942585,0.613599395,0.113407155,3467.58936,7.358416593,88.05278024,94.53015765,98.32215544,404.622674,196.6763121,347.9956241,0.787416154,25.49695415,99.11190992,10.50963597
2005,Hassakeh,Al_Malika,1,6765,11501,1700.07391,0.273788898,2.626098262,1004.390536,22.55414892,177.7179584,1.393407522,35.81191186,396.1542193,1,442.2589019,432.956548,13304.23833,1,11.47143655,33.34086531,18.47810879,4.463634958,9.734654249,0.637121723,0.142469785,4452.240686,7.401004555,86.63318149,88.26017084,96.50155148,475.5179169,182.2285639,417.2135132,0.627665989,23.0979689,94.4108069,71.48066457
2005,Hassakeh,Hassakeh,1,710,823,1159.15493,1.234999017,5.292191536,494.420644,11.69336607,179.2026918,1.453912692,22.75778998,312.1287676,1,352.2277754,341.7955319,14228.40702,1,19.1175947,33.97736607,19.76167642,5.469777574,8.107330651,0.361648613,0.069270679,4227.21488,7.76640865,74.453045,89.54287749,88.86838568,233.6532255,232.8497925,449.1236429,0.493960645,10.83503123,87.07613473,55.44769984
2005,Hassakeh,Hassakeh,2,30827,17879,579.9785902,1.234999017,5.292191536,494.420644,11.69336607,179.2026918,1.453912692,22.75778998,312.1287676,1,352.2277754,341.7955319,14228.40702,1,19.1175947,33.97736607,19.76167642,5.469777574,8.107330651,0.361648613,0.069270679,4227.21488,7.76640865,74.453045,89.54287749,88.86838568,233.6532255,232.8497925,449.1236429,0.493960645,10.83503123,87.07613473,55.44769984
2005,Hassakeh,Hassakeh,3,5826,1626,279.0937178,1.234999017,5.292191536,494.420644,11.69336607,179.2026918,1.453912692,22.75778998,312.1287676,1,352.2277754,341.7955319,14228.40702,1,19.1175947,33.97736607,19.76167642,5.469777574,8.107330651,0.361648613,0.069270679,4227.21488,7.76640865,74.453045,89.54287749,88.86838568,233.6532255,232.8497925,449.1236429,0.493960645,10.83503123,87.07613473,55.44769984
2005,Hassakeh,Hassakeh,4,14919,2387,159.9973189,1.234999017,5.292191536,494.420644,11.69336607,179.2026918,1.453912692,22.75778998,312.1287676,1,352.2277754,341.7955319,14228.40702,1,19.1175947,33.97736607,19.76167642,5.469777574,8.107330651,0.361648613,0.069270679,4227.21488,7.76640865,74.453045,89.54287749,88.86838568,233.6532255,232.8497925,449.1236429,0.493960645,10.83503123,87.07613473,55.44769984
2005,Hassakeh,Quamishli,1,71875,58218,809.9895652,0.384508781,3.376182941,808.4358262,18.79303897,189.6343908,1.4227755,32.71215887,381.6987929,1,387.3408823,401.9466259,13809.261,1,4.224880292,33.88592289,19.17952917,5.171298083,9.365464372,0.599920442,0.13218101,4300.783376,7.499177245,83.3607585,90.12007658,95.51523273,381.9407367,188.6721752,424.1715544,0.236333983,15.93920513,90.40269048,2.151515152
2005,Hassakeh,Quamishli,2,9407,4704,500.0531519,0.384508781,3.376182941,808.4358262,18.79303897,189.6343908,1.4227755,32.71215887,381.6987929,1,387.3408823,401.9466259,13809.261,1,4.224880292,33.88592289,19.17952917,5.171298083,9.365464372,0.599920442,0.13218101,4300.783376,7.499177245,83.3607585,90.12007658,95.51523273,381.9407367,188.6721752,424.1715544,0.236333983,15.93920513,90.40269048,2.151515152
2005,Hassakeh,Ras_Al_Ain,1,7453,9539,1279.887294,0.383012451,4.287075453,598.8060553,14.80484114,181.239228,1.436138441,29.13638552,428.1986409,1,428.0325777,471.7607384,13552.07229,1,10.62784115,33.22326523,18.82232262,4.962238261,11.68198831,0.488336252,0.098797732,4043.663833,7.607914063,79.7361979,89.67698486,92.63093106,283.0723903,158.4989891,413.1203426,0.413294717,15.5378662,92.44387073,3.258706468
2005,Hassakeh,Ras_Al_Ain,2,10749,7658,712.4383664,0.383012451,4.287075453,598.8060553,14.80484114,181.239228,1.436138441,29.13638552,428.1986409,1,428.0325777,471.7607384,13552.07229,1,10.62784115,33.22326523,18.82232262,4.962238261,11.68198831,0.488336252,0.098797732,4043.663833,7.607914063,79.7361979,89.67698486,92.63093106,283.0723903,158.4989891,413.1203426,0.413294717,15.5378662,92.44387073,3.258706468
2005,Hassakeh,Ras_Al_Ain,3,390,105,269.2307692,0.383012451,4.287075453,598.8060553,14.80484114,181.239228,1.436138441,29.13638552,428.1986409,1,428.0325777,471.7607384,13552.07229,1,10.62784115,33.22326523,18.82232262,4.962238261,11.68198831,0.488336252,0.098797732,4043.663833,7.607914063,79.7361979,89.67698486,92.63093106,283.0723903,158.4989891,413.1203426,0.413294717,15.5378662,92.44387073,3.258706468
2005,Homs,Al_Maghrim,2,350,259,740,0.306769432,2.913060825,354.6461367,9.659315985,218.2032013,1.457191708,18.26401052,311.7343597,1,797.1330828,359.3662498,11519.83627,1,104.0896137,26.87597321,15.9997726,4.730016621,9.793116307,0.273764739,0.042867527,3670.545038,7.836838992,72.10536695,86.77077878,84.31567142,162.4388263,282.185961,406.7754786,1.39213165,8.706368852,91.427272,23.70967742
2005,Homs,Al_Maghrim,3,1100,456,414.5454545,0.306769432,2.913060825,354.6461367,9.659315985,218.2032013,1.457191708,18.26401052,311.7343597,1,797.1330828,359.3662498,11519.83627,1,104.0896137,26.87597321,15.9997726,4.730016621,9.793116307,0.273764739,0.042867527,3670.545038,7.836838992,72.10536695,86.77077878,84.31567142,162.4388263,282.185961,406.7754786,1.39213165,8.706368852,91.427272,23.70967742
2005,Homs,Al_Quasir,1,839,1569,1870.083433,0.079506691,1.850323115,820.3674994,21.53797541,228.7835016,1.423727806,26.81275048,398.4009405,1,596.8480096,443.6081842,11781.16292,1,19.08778159,26.34100581,16.36272628,6.183175866,11.70055432,0.454110188,0.071943376,3807.935074,7.575372583,80.8209139,99.87628658,95.40460987,367.1251244,214.1664714,361.619498,0.932790651,19.01649265,93.50129303,81.53370847
2005,Homs,Al_Quasir,2,871,1394,1600.459242,0.079506691,1.850323115,820.3674994,21.53797541,228.7835016,1.423727806,26.81275048,398.4009405,1,596.8480096,443.6081842,11781.16292,1,19.08778159,26.34100581,16.36272628,6.183175866,11.70055432,0.454110188,0.071943376,3807.935074,7.575372583,80.8209139,99.87628658,95.40460987,367.1251244,214.1664714,361.619498,0.932790651,19.01649265,93.50129303,81.53370847
2005,Homs,Al_Quasir,3,448,269,600.4464286,0.079506691,1.850323115,820.3674994,21.53797541,228.7835016,1.423727806,26.81275048,398.4009405,1,596.8480096,443.6081842,11781.16292,1,19.08778159,26.34100581,16.36272628,6.183175866,11.70055432,0.454110188,0.071943376,3807.935074,7.575372583,80.8209139,99.87628658,95.40460987,367.1251244,214.1664714,361.619498,0.932790651,19.01649265,93.50129303,81.53370847
2005,Homs,Ar_Rastan,1,2832,6797,2400.070621,0.023749721,0.879988685,735.8061639,19.70963352,217.7540281,1.490165194,31.51599766,455.9867872,1,435.4754306,471.3056141,12448.66539,1,32.93536539,27.23093505,17.28981305,6.387093219,12.59393964,0.470174272,0.081342186,3732.231078,7.628313312,79.05622294,103.467139,97.05393804,332.8089012,194.2140276,350.5086574,1.105333487,20.10500042,98.79893169,64.92877493
2005,Homs,Ar_Rastan,2,1946,2413,1239.979445,0.023749721,0.879988685,735.8061639,19.70963352,217.7540281,1.490165194,31.51599766,455.9867872,1,435.4754306,471.3056141,12448.66539,1,32.93536539,27.23093505,17.28981305,6.387093219,12.59393964,0.470174272,0.081342186,3732.231078,7.628313312,79.05622294,103.467139,97.05393804,332.8089012,194.2140276,350.5086574,1.105333487,20.10500042,98.79893169,64.92877493
2005,Homs,Homs,1,10422,15945,1529.936672,0.661463232,5.466555194,441.6746715,11.51345224,170.4993423,1.454793713,18.39390553,334.3746299,1,749.4069726,398.4270619,11431.78355,1,42.53240625,26.46018117,15.87747715,4.945453839,10.4110857,0.261727554,0.039739743,3835.16193,7.822295424,72.59015253,89.41583413,85.44465752,207.0628931,262.3261291,400.8940442,1.265880206,10.65134129,90.72844085,61.8628226
2005,Homs,Homs,2,3785,5375,1420.07926,0.661463232,5.466555194,441.6746715,11.51345224,170.4993423,1.454793713,18.39390553,334.3746299,1,749.4069726,398.4270619,11431.78355,1,42.53240625,26.46018117,15.87747715,4.945453839,10.4110857,0.261727554,0.039739743,3835.16193,7.822295424,72.59015253,89.41583413,85.44465752,207.0628931,262.3261291,400.8940442,1.265880206,10.65134129,90.72844085,61.8628226
2005,Homs,Homs,3,43,3,69.76744186,0.661463232,5.466555194,441.6746715,11.51345224,170.4993423,1.454793713,18.39390553,334.3746299,1,749.4069726,398.4270619,11431.78355,1,42.53240625,26.46018117,15.87747715,4.945453839,10.4110857,0.261727554,0.039739743,3835.16193,7.822295424,72.59015253,89.41583413,85.44465752,207.0628931,262.3261291,400.8940442,1.265880206,10.65134129,90.72844085,61.8628226
2005,Homs,Tall_Kalakh,1,5730,10600,1849.91274,0.061265386,1.382119937,1386.854324,37.43090727,213.4968276,1.371293035,28.50363662,371.8628808,1,462.9664108,678.6183409,12110.96213,1,86.9397267,25.70009656,16.82078073,7.255059326,18.3663518,0.64611559,0.113854254,3704.104753,7.036198454,98.79338486,99.10971467,102.0519388,675.6643895,256.0800903,370.1287946,2.899572474,38.32373734,96.11874705,63.89144317
2005,Idleb,Al_Jisr_Ash_Shu,1,3461,8687,2509.968217,0.061795348,1.387996783,1135.982435,34.00458085,177.540447,1.380476929,27.89801472,304.6574213,1,349.3955892,649.7394312,11924.5799,1,101.3142959,26.35052956,16.56191653,6.169062647,19.44102556,0.557474697,0.077515117,3339.674716,6.711311118,90.37703725,88.07900038,106.6338384,539.9979646,309.262822,377.4719518,3.793157673,40.90641577,94.63952305,19.55376344
2005,Idleb,Al_Mara,1,3927,8757,2229.946524,0.219400577,2.789560748,774.4699855,22.35929197,161.5969773,1.44106543,30.50289991,387.8445436,1,426.7153644,477.7839043,12429.47212,1,29.05957912,27.91015995,17.26315572,5.735243558,13.80365117,0.549057733,0.115661017,3462.750044,7.422356298,85.92145674,89.25624019,97.44037488,367.1924374,211.8633148,395.4624714,1.089096217,21.8826255,98.64660412,2.740740741
2005,Idleb,Al_Mara,2,3504,7709,2200.057078,0.219400577,2.789560748,774.4699855,22.35929197,161.5969773,1.44106543,30.50289991,387.8445436,1,426.7153644,477.7839043,12429.47212,1,29.05957912,27.91015995,17.26315572,5.735243558,13.80365117,0.549057733,0.115661017,3462.750044,7.422356298,85.92145674,89.25624019,97.44037488,367.1924374,211.8633148,395.4624714,1.089096217,21.8826255,98.64660412,2.740740741
2005,Idleb,Ariha,1,1087,2945,2709.291628,0.06189382,1.20144567,946.2230839,27.5164989,178.7756591,1.396585143,27.93576679,350.6523137,1,582.149967,509.5418148,11533.97437,1,87.67581128,26.34664832,16.01940885,5.38383156,14.82601189,0.447885987,0.066242542,3437.748103,7.15618642,94.79378601,91.14395114,100.093624,452.8738904,264.1637633,380.2716742,2.592602428,31.56046909,91.53947916,35.35190616
2005,Idleb,Harim,1,1971,5519,2800.101471,0.076955511,1.744823344,1088.088314,31.85413691,208.4698796,1.397594182,27.2782689,356.5012631,1,400.6489695,532.5100558,12062.926,1,91.8753057,27.43763584,16.75406388,5.719943248,15.60607079,0.480118202,0.072577179,3414.846165,7.125463716,95.81787612,82.61239746,111.1390014,517.8115205,243.3845318,396.2349649,3.52892128,34.93256475,95.73750791,7.104166667
2005,Idleb,Idleb,1,7698,43032,5590.023383,0.125820372,2.188331063,893.8843943,25.51304497,133.1604544,1.441830046,29.96636028,396.7139838,1,349.4829207,561.6391003,12456.42401,1,18.66965742,27.99355581,17.3005889,5.897763851,16.01224745,0.582960136,0.118214139,3502.636651,7.363514149,87.8828617,87.82826421,99.54429205,431.787239,201.4720497,378.6673336,0.928862474,24.86059375,98.86050803,24.08243728
2005,Lattakia,Al_Hafa,1,2612,4728,1810.107198,0.056619889,1.298629777,1677.759753,49.43723111,251.0029312,1.264981734,25.51066723,281.7179779,1,615.8606536,870.599724,11461.46793,1,289.7612345,25.28968388,15.91870546,6.448536095,25.64359173,0.579938911,0.058562615,3392.717073,6.168576676,72.28588919,81.74897662,118.8374255,763.5880115,357.4897846,356.8800356,4.643245661,56.30098333,90.9640312,75.1082544
2005,Lattakia,Al_Qardaha,1,1269,3566,2810.086682,0.030228789,0.883071844,1643.362781,48.19142569,235.6423718,1.266061629,25.08147767,304.5236994,1,540.3966252,973.6129656,11784.30259,1,281.3834412,25.35325794,16.36708693,7.185069563,28.51120946,0.616845111,0.066279796,3409.07297,6.246956385,74.89854616,84.50058143,114.9677278,754.6815936,333.7468418,356.7924855,4.669937499,58.43730767,93.52621101,62.20930233
2005,Lattakia,Jablah,1,1625,3608,2220.307692,0.056903002,1.06433536,1669.151971,48.24133509,242.7106218,1.288362214,25.18450697,312.336117,1,539.9002309,809.098008,11682.71779,1,269.6827043,25.05674909,16.22599693,7.270889672,23.34122286,0.55073297,0.063775182,3459.003683,6.394601508,79.82005026,87.49878671,107.3757254,796.4717105,319.9496365,362.0527367,4.337486611,50.9748085,92.71998244,69.6122449
2005,Lattakia,Lattakia,1,1628,3793,2329.85258,0.097763298,1.762987067,1701.12896,48.49374652,209.5944837,1.261131142,24.7105126,304.2298707,1,231.7146206,1186.631575,12651.9426,1,104.336183,26.14248029,17.57214251,8.771248652,33.84922271,0.664939435,0.070896541,3506.934696,6.347943236,78.26477454,83.3566272,113.9784034,781.8026236,328.3346711,334.66475,3.391717815,52.37302557,99.58775711,87.11285641
2005,Raqqa,Tell_Abiad,2,717,954,1330.543933,0.478825179,3.735158564,466.9389514,11.93904253,188.9206138,1.450549568,27.03711738,400.1496788,1,371.821103,368.8760447,13609.48249,1,11.17783109,32.77697004,18.90205902,5.278616146,9.44830582,0.38224754,0.073010368,3910.025112,7.789701512,73.67661628,91.35716098,87.53817862,218.1333799,163.0030389,436.503596,0.353533461,11.88417515,91.98823419,33.28514589
2005,Tartous,Banyas,1,6567,8209,1250.038069,0.064347484,1.259569202,1631.033592,45.14830433,227.2029485,1.248880866,25.12215029,311.6023136,1,597.2024401,802.0542577,11440.26865,1,239.5189203,24.66375573,15.88926201,6.99788211,22.20302713,0.550959397,0.064387984,3611.613178,6.402940695,80.09802315,87.48995762,103.9000678,803.8425679,311.2379664,363.3411414,4.321198421,51.28226288,90.79578291,78.70526316
2005,Tartous,Dreikisch,1,1022,1472,1440.313112,0.020699473,0.796408619,1801.765795,49.81382919,216.934763,1.299036482,24.8601254,322.079217,1,504.6634677,771.8353694,12013.65108,1,163.4163054,25.20186476,16.6856265,7.852364222,21.34005477,0.576945432,0.061954101,3615.999183,6.512992812,83.76642708,94.8637779,105.0020783,894.2098144,306.9629607,371.5972167,3.497485148,47.28655449,95.34643714,23.43243243
2005,Tartous,Safita,1,956,1625,1699.790795,0.047070335,1.157636077,1814.022805,50.39490905,212.2246192,1.350786518,24.81991989,329.6296751,1,294.0703481,742.5625409,12730.56803,1,85.74052064,26.01547367,17.68134449,8.883909339,20.64584823,0.606738062,0.074643962,3598.615198,6.807968775,93.59895915,95.46621563,106.7475272,910.9236901,291.9812893,377.4132804,2.351750182,44.6094789,98.96374577,76.62715679
2005,Tartous,Sheikh_Badr,1,398,402,1010.050251,0.005349553,0.386265066,1752.325722,48.42172507,214.3609237,1.284536565,24.92166647,316.9745763,,488.3054996,764.1261112,11925.82273,1,198.9956955,24.92147973,16.56364269,7.865623657,21.11654127,0.556492651,0.054330463,3617.8833,6.413826005,80.46086682,90.52221276,104.9047055,870.3433243,307.9387223,375.526846,3.662482193,53.80450397,94.64938678,0.666666667
2005,Tartous,Tartous,1,389,634,1629.820051,0.049162657,1.417978043,1538.260025,41.85656638,226.602822,1.337365278,24.38800112,328.0083572,1,151.3380759,852.2478894,13240.94932,1,85.26540945,26.15424475,18.39020739,10.26789158,23.21788763,0.594556921,0.0755546,3674.074564,6.801489796,93.38299321,94.41288904,103.6838871,784.4365526,293.3316743,364.969705,1.987711269,46.76351549,94.91310061,64.49344978
2007,Al_Qunaytirah,Al_Qunaytirah,1,9595,16849,1756.01876,0.120668536,1.817203669,1041.267968,26.40046653,196.6396652,1.392797379,36.80800834,452.0421233,1,812.7813464,529.2180871,11432.33668,1,99.78962314,24.66203211,15.87824538,6.167097503,13.47289698,0.632084137,0.138245127,3943.127149,7.519971534,82.66761553,100.0111676,93.94961289,535.876838,184.0334609,363.9594199,3.215624823,25.20123137,90.73283076,62.36754297
2007,Aleppo,Afrin,1,7082,12244,1728.890144,0.194810459,2.230856022,966.0789633,27.29067257,184.8305861,1.371035123,25.51170824,404.3181051,1,493.5760545,498.5457474,11903.50514,1,89.965976,28.72187309,16.53264603,3.705459482,14.08736407,0.446509891,0.062119542,3538.960258,7.198506433,93.3831189,73.85060648,104.6905968,449.8173243,192.8950466,401.4796676,3.206478872,32.26458622,94.47226302,72.67440361
2007,Aleppo,As_Safira,2,526,392,745.2471483,0.226229514,2.727688396,456.299557,12.50202521,194.0542344,1.456944439,23.81607607,339.9130212,1,386.7828001,382.3177388,13180.31056,1,58.56984464,30.3292621,18.30598688,5.414454643,10.47411383,0.340847961,0.060963917,3648.805126,7.634697244,78.8434252,77.9617139,82.03534485,234.5414825,209.796782,447.6738108,1.021027812,12.3940763,95.39436066,61.3127161
2007,Aleppo,As_Safira,3,620,248,400,0.226229514,2.727688396,456.299557,12.50202521,194.0542344,1.456944439,23.81607607,339.9130212,1,386.7828001,382.3177388,13180.31056,1,58.56984464,30.3292621,18.30598688,5.414454643,10.47411383,0.340847961,0.060963917,3648.805126,7.634697244,78.8434252,77.9617139,82.03534485,234.5414825,209.796782,447.6738108,1.021027812,12.3940763,95.39436066,61.3127161
2007,Aleppo,Azaz,1,21697,26036,1199.981564,0.121728487,2.146811382,689.2035742,18.58520782,180.5676029,1.396196968,30.36538609,429.7996425,1,481.8095159,545.7112373,12331.34245,1,12.33630082,29.84623108,17.12686451,4.032263728,14.72099854,0.657211515,0.143902225,3707.344726,7.471901984,84.26993387,76.64265539,95.28963026,327.6101433,165.5478602,396.9674719,0.559398203,24.25735487,97.8677972,30.7875817
2007,Aleppo,Azaz,2,2008,2008,1000,0.121728487,2.146811382,689.2035742,18.58520782,180.5676029,1.396196968,30.36538609,429.7996425,1,481.8095159,545.7112373,12331.34245,1,12.33630082,29.84623108,17.12686451,4.032263728,14.72099854,0.657211515,0.143902225,3707.344726,7.471901984,84.26993387,76.64265539,95.28963026,327.6101433,165.5478602,396.9674719,0.559398203,24.25735487,97.8677972,30.7875817
2007,Aleppo,Jarablus,2,36,27,750,0.056313267,1.389591551,556.2533961,14.93497183,123.911363,1.374076188,31.59740814,433.9335195,1,453.0262094,396.0397108,12900.13001,1,19.54434174,32.00957298,17.91684724,3.311987098,10.64037379,0.50430863,0.108251415,3723.502479,7.473535251,84.21549162,78.46507467,94.33377934,272.5773875,151.8135123,395.6820817,0.731704106,17.89025411,97.61801579,86.86344794
2007,Aleppo,Jebel_Saman,1,12175,30438,2500.041068,0.320135248,3.90953411,636.1562011,17.79380047,185.7492815,1.399045613,26.85095306,367.0160671,1,348.6130778,453.3305249,12937.51534,1,24.0041333,29.82169878,17.9687713,5.329610052,12.67583751,0.463034267,0.090503266,3574.156427,7.511498758,82.95004141,74.98280623,90.6511904,302.5689137,183.2856532,401.209007,0.780531933,17.98196178,97.32130686,28.18423019
2007,Aleppo,Jebel_Saman,2,14652,21978,1500,0.320135248,3.90953411,636.1562011,17.79380047,185.7492815,1.399045613,26.85095306,367.0160671,1,348.6130778,453.3305249,12937.51534,1,24.0041333,29.82169878,17.9687713,5.329610052,12.67583751,0.463034267,0.090503266,3574.156427,7.511498758,82.95004141,74.98280623,90.6511904,302.5689137,183.2856532,401.209007,0.780531933,17.98196178,97.32130686,28.18423019
2007,Aleppo,Jebel_Saman,3,8101,2431,300.0864091,0.320135248,3.90953411,636.1562011,17.79380047,185.7492815,1.399045613,26.85095306,367.0160671,1,348.6130778,453.3305249,12937.51534,1,24.0041333,29.82169878,17.9687713,5.329610052,12.67583751,0.463034267,0.090503266,3574.156427,7.511498758,82.95004141,74.98280623,90.6511904,302.5689137,183.2856532,401.209007,0.780531933,17.98196178,97.32130686,28.18423019
2007,As_Suweida,As_Suwayda,1,1205,573,475.5186722,0.245068348,2.898837435,399.3996167,9.01326702,164.7488635,1.44067499,22.83274428,379.7186382,1,936.6083153,290.9394791,12229.84037,1,132.549277,26.7306811,16.98588941,5.977828112,6.591092217,0.241448217,0.029861362,4430.241367,7.882238542,70.59204861,98.29180184,84.05844132,211.89507,218.1895834,401.1968401,1.365785859,8.704768714,97.06222517,36.89205703
2007,As_Suweida,As_Suwayda,2,8496,3008,354.0489642,0.245068348,2.898837435,399.3996167,9.01326702,164.7488635,1.44067499,22.83274428,379.7186382,1,936.6083153,290.9394791,12229.84037,1,132.549277,26.7306811,16.98588941,5.977828112,6.591092217,0.241448217,0.029861362,4430.241367,7.882238542,70.59204861,98.29180184,84.05844132,211.89507,218.1895834,401.1968401,1.365785859,8.704768714,97.06222517,36.89205703
2007,As_Suweida,Salkhad,2,7993,1526,190.9170524,0.19678529,2.476461818,366.1068717,8.222102269,175.7154581,1.445399312,22.89129271,345.5826409,1,1096.653045,290.0578663,11955.48281,1,151.5089895,26.36121227,16.60483724,5.516902923,6.542573484,0.212285183,0.023777116,4451.716103,7.899676731,70.01077564,103.5882012,81.17249193,195.8910269,268.1481021,387.011929,1.285466681,8.340411369,94.88478423,38.32058288
2007,As_Suweida,Shahba,2,4881,1601,328.006556,0.197527256,2.191659403,409.2474261,9.582971568,172.1533402,1.451189377,19.92857504,355.5120454,1,812.086703,288.208825,12396.95182,1,62.52582608,27.09829976,17.21798864,6.081760103,6.759088862,0.216678232,0.03020573,4269.569136,7.921607895,69.27973685,89.8356832,84.31060125,223.275331,217.4198839,427.8247932,0.996377189,7.542191094,98.38850651,8.194029851
2007,As_Suweida,Shahba,3,1239,93,75.06053269,0.197527256,2.191659403,409.2474261,9.582971568,172.1533402,1.451189377,19.92857504,355.5120454,1,812.086703,288.208825,12396.95182,1,62.52582608,27.09829976,17.21798864,6.081760103,6.759088862,0.216678232,0.03020573,4269.569136,7.921607895,69.27973685,89.8356832,84.31060125,223.275331,217.4198839,427.8247932,0.996377189,7.542191094,98.38850651,8.194029851
2007,Damascus,At_Tall,2,212,81,382.0754717,0.044028509,1.064884239,598.1997841,15.4801044,162.1199029,1.40030382,25.61268638,363.9933535,1,1466.66102,401.1765901,9596.621189,1,145.3541383,23.9279815,13.32864054,2.48703119,10.38763294,0.217638651,0.02421869,3863.31363,7.636543834,78.78187219,84.0128678,88.5161782,312.9370316,274.0306517,362.7005117,3.630504348,17.15543139,76.16366023,1.666666667
2007,Damascus,At_Tall,3,3,2,666.6666667,0.044028509,1.064884239,598.1997841,15.4801044,162.1199029,1.40030382,25.61268638,363.9933535,1,1466.66102,401.1765901,9596.621189,1,145.3541383,23.9279815,13.32864054,2.48703119,10.38763294,0.217638651,0.02421869,3863.31363,7.636543834,78.78187219,84.0128678,88.5161782,312.9370316,274.0306517,362.7005117,3.630504348,17.15543139,76.16366023,1.666666667
2007,Damascus,Az_Zabdani,1,150,251,1673.333333,0.060455564,1.268423947,786.0054248,19.99321709,181.4811797,1.350758075,29.73442299,406.6926124,1,1549.684822,474.0907566,9102.823904,1,364.1754447,22.77482718,12.64281017,2.229141294,12.08420973,0.285208619,0.047354689,3930.360428,7.486507827,83.78307244,89.61647065,92.62572316,409.8214657,271.265393,322.8236739,6.230150135,23.98346865,72.24462954,59.03225806
2007,Damascus,Az_Zabdani,2,16,27,1687.5,0.060455564,1.268423947,786.0054248,19.99321709,181.4811797,1.350758075,29.73442299,406.6926124,1,1549.684822,474.0907566,9102.823904,1,364.1754447,22.77482718,12.64281017,2.229141294,12.08420973,0.285208619,0.047354689,3930.360428,7.486507827,83.78307244,89.61647065,92.62572316,409.8214657,271.265393,322.8236739,6.230150135,23.98346865,72.24462954,59.03225806
2007,Damascus,Qatana,1,706,928,1314.447592,0.093841203,1.750152374,749.4779501,18.65741882,126.6999471,1.390187794,33.83029859,446.2725683,1,1076.168708,429.0006388,10677.55206,1,134.8032696,24.76603782,14.82993341,4.237023285,10.71889413,0.337610308,0.052550708,4016.050576,7.631263536,78.95788213,93.75599563,90.63485879,396.462884,198.523565,355.7564594,3.240654984,17.95975534,84.74247665,10.25471698
2007,Damascus,Qatana,2,631,1006,1594.29477,0.093841203,1.750152374,749.4779501,18.65741882,126.6999471,1.390187794,33.83029859,446.2725683,1,1076.168708,429.0006388,10677.55206,1,134.8032696,24.76603782,14.82993341,4.237023285,10.71889413,0.337610308,0.052550708,4016.050576,7.631263536,78.95788213,93.75599563,90.63485879,396.462884,198.523565,355.7564594,3.240654984,17.95975534,84.74247665,10.25471698
2007,Dara,As_Sanamayn,1,950,912,960,0.126365387,2.232014688,507.1570767,12.01003478,180.1350323,1.464749006,30.99856142,436.994746,1,676.2522372,327.9905845,12256.30055,1,14.37105451,26.70280974,17.02263966,6.198652417,7.761409485,0.321854147,0.053901285,4221.777752,7.860602751,71.31324164,89.22940162,84.41578276,260.9155,132.4975201,430.6093861,0.669011199,10.00010737,97.27222662,28.32124352
2007,Dara,As_Sanamayn,2,5245,3646,695.1382269,0.126365387,2.232014688,507.1570767,12.01003478,180.1350323,1.464749006,30.99856142,436.994746,1,676.2522372,327.9905845,12256.30055,1,14.37105451,26.70280974,17.02263966,6.198652417,7.761409485,0.321854147,0.053901285,4221.777752,7.860602751,71.31324164,89.22940162,84.41578276,260.9155,132.4975201,430.6093861,0.669011199,10.00010737,97.27222662,28.32124352
2007,Dara,Dara,1,3628,4608,1270.121279,0.151895403,2.467237111,508.5611816,12.50354897,247.890732,1.46774472,34.72026577,423.6944089,1,594.8481838,384.9303006,12340.2879,1,31.20078753,25.84571013,17.13928875,7.161905098,9.482106181,0.369647287,0.054261794,4066.334664,7.877365296,70.75449014,98.86292948,82.94886952,259.8456006,127.803691,442.0431636,0.879878166,12.29504118,97.93879283,40.20714807
2007,Dara,Dara,2,14394,2979,206.9612338,0.151895403,2.467237111,508.5611816,12.50354897,247.890732,1.46774472,34.72026577,423.6944089,1,594.8481838,384.9303006,12340.2879,1,31.20078753,25.84571013,17.13928875,7.161905098,9.482106181,0.369647287,0.054261794,4066.334664,7.877365296,70.75449014,98.86292948,82.94886952,259.8456006,127.803691,442.0431636,0.879878166,12.29504118,97.93879283,40.20714807
2007,Dara,Izra,1,7000,6678,954,0.087018771,1.658654183,539.7499324,12.80136253,217.4263142,1.470306952,41.10287596,441.4595726,1,594.9833148,385.4828623,12256.67914,1,10.9531787,26.03277195,17.02316548,6.816284411,9.154702162,0.493892204,0.090660195,4215.347528,7.923266829,69.22443902,97.01264531,84.25584635,270.0526998,92.06481307,460.4442333,0.522892419,12.7609944,97.27523129,44.50057937
2007,Dara,Izra,2,8525,2506,293.9589443,0.087018771,1.658654183,539.7499324,12.80136253,217.4263142,1.470306952,41.10287596,441.4595726,1,594.9833148,385.4828623,12256.67914,1,10.9531787,26.03277195,17.02316548,6.816284411,9.154702162,0.493892204,0.090660195,4215.347528,7.923266829,69.22443902,97.01264531,84.25584635,270.0526998,92.06481307,460.4442333,0.522892419,12.7609944,97.27523129,44.50057937
2007,Dara,Izra,3,54,7.182,133,0.087018771,1.658654183,539.7499324,12.80136253,217.4263142,1.470306952,41.10287596,441.4595726,1,594.9833148,385.4828623,12256.67914,1,10.9531787,26.03277195,17.02316548,6.816284411,9.154702162,0.493892204,0.090660195,4215.347528,7.923266829,69.22443902,97.01264531,84.25584635,270.0526998,92.06481307,460.4442333,0.522892419,12.7609944,97.27523129,44.50057937
2007,Hama,Al_Ghab,1,3300,11105,3365.151515,0.049595436,1.643165164,1245.377594,37.3078176,139.7759455,1.347860465,28.59829587,349.5799349,1,352.189296,904.8575358,11848.50444,1,139.7020723,26.2665459,16.45625617,5.727106143,27.05156548,0.723841319,0.127098025,3337.114298,6.782044179,92.73480597,76.35516097,107.6308291,605.274147,280.5196852,361.9957542,4.508295663,42.21571718,94.03574954,35.28868661
2007,Hama,As_Salamiyeh,2,9183,8513,927.039094,0.504159747,4.926087865,432.6037793,12.18490384,191.2833095,1.455325727,20.3416433,317.9445519,1,514.8899545,379.5329863,12756.40291,1,39.708665,29.05492297,17.71722626,5.613369329,10.68603302,0.255724947,0.041103575,3549.325757,7.805379097,73.15403011,77.41351669,84.56895806,230.4551988,260.9011364,420.1232357,0.788382027,9.040582617,98.7587071,29.78971963
2007,Hama,Hama,1,8253,15284,1851.932631,0.227677668,4.733216797,653.7140147,18.34094918,192.7904067,1.455316559,28.89107986,399.9433813,1,367.8882638,440.0542885,12881.6882,1,25.04294796,28.66779653,17.89123361,6.232395661,12.33200658,0.472408141,0.096188637,3563.23219,7.530149647,82.32834509,74.0828691,91.37799779,323.5896355,199.991121,385.7041579,0.890006436,18.48653952,97.76437937,22.43352601
2007,Hama,Hama,2,7655,10097,1319.007185,0.227677668,4.733216797,653.7140147,18.34094918,192.7904067,1.455316559,28.89107986,399.9433813,1,367.8882638,440.0542885,12881.6882,1,25.04294796,28.66779653,17.89123361,6.232395661,12.33200658,0.472408141,0.096188637,3563.23219,7.530149647,82.32834509,74.0828691,91.37799779,323.5896355,199.991121,385.7041579,0.890006436,18.48653952,97.76437937,22.43352601
2007,Hama,Masyaf,1,5152,7558,1467.003106,0.076403686,1.92474214,1292.180733,36.57346659,150.0452924,1.353623889,29.44578727,387.4121925,1,532.6863029,754.6732187,11689.06273,1,139.1245061,25.78483074,16.23480935,5.852436053,21.36395604,0.614485351,0.092641626,3532.109803,6.889563149,96.31877164,79.95761963,98.48495896,631.2250238,261.5816804,350.4100182,3.339515959,38.59856987,92.77033913,5.952755906
2007,Hama,Muhradah,1,795,2517,3166.037736,0.05125136,1.195215355,847.8594204,24.52435888,210.5076775,1.449025265,33.05226761,439.5914949,1,254.483542,730.9645221,12818.92484,1,22.9822089,28.09254571,17.80406228,6.526291394,21.18288029,0.669322541,0.130731811,3456.213395,7.358416593,88.05278024,75.48408735,95.76774122,413.3338131,196.6763121,347.9956241,0.787416154,25.49695415,98.26250127,10.50963597
2007,Hassakeh,Al_Malika,1,5078,8968,1766.049626,0.273788898,2.626098262,1054.311668,23.40294949,177.7179584,1.393407522,35.81191186,396.1542193,1,442.2589019,415.5652977,13253.5204,1,11.47143655,33.91081287,18.40766722,2.359439492,9.239683812,0.692210858,0.154705117,4504.037575,7.401004555,86.63318149,87.03392106,94.65819672,549.0247466,182.2285639,417.2135132,0.627665989,23.0979689,94.81333019,71.48066457
2007,Hassakeh,Hassakeh,1,837,662,790.9199522,1.234999017,5.292191536,551.2765435,12.70697042,179.2026918,1.453912692,22.75778998,312.1287676,1,352.2277754,300.6162007,14323.12764,1,19.1175947,34.14789318,19.89323284,4.751904919,6.951056889,0.273837244,0.04295389,4337.379058,7.76640865,74.453045,88.43511336,91.63044482,284.2048548,232.8497925,449.1236429,0.493960645,10.83503123,86.3243838,55.44769984
2007,Hassakeh,Hassakeh,2,19999,14799,739.9869993,1.234999017,5.292191536,551.2765435,12.70697042,179.2026918,1.453912692,22.75778998,312.1287676,1,352.2277754,300.6162007,14323.12764,1,19.1175947,34.14789318,19.89323284,4.751904919,6.951056889,0.273837244,0.04295389,4337.379058,7.76640865,74.453045,88.43511336,91.63044482,284.2048548,232.8497925,449.1236429,0.493960645,10.83503123,86.3243838,55.44769984
2007,Hassakeh,Hassakeh,3,5551,1610,290.037831,1.234999017,5.292191536,551.2765435,12.70697042,179.2026918,1.453912692,22.75778998,312.1287676,1,352.2277754,300.6162007,14323.12764,1,19.1175947,34.14789318,19.89323284,4.751904919,6.951056889,0.273837244,0.04295389,4337.379058,7.76640865,74.453045,88.43511336,91.63044482,284.2048548,232.8497925,449.1236429,0.493960645,10.83503123,86.3243838,55.44769984
2007,Hassakeh,Quamishli,1,50862,74156,1457.98435,0.384508781,3.376182941,850.3153288,19.32562456,189.6343908,1.4227755,32.71215887,381.6987929,1,387.3408823,372.9633276,13752.8998,1,4.224880292,34.24491754,19.10124972,3.329027071,8.499245581,0.627903736,0.130428877,4398.93712,7.499177245,83.3607585,85.6736499,93.75242356,432.7353746,188.6721752,424.1715544,0.236333983,15.93920513,90.85000161,2.151515152
2007,Hassakeh,Quamishli,2,2954,3146,1064.996615,0.384508781,3.376182941,850.3153288,19.32562456,189.6343908,1.4227755,32.71215887,381.6987929,1,387.3408823,372.9633276,13752.8998,1,4.224880292,34.24491754,19.10124972,3.329027071,8.499245581,0.627903736,0.130428877,4398.93712,7.499177245,83.3607585,85.6736499,93.75242356,432.7353746,188.6721752,424.1715544,0.236333983,15.93920513,90.85000161,2.151515152
2007,Hassakeh,Ras_Al_Ain,1,6267,9262,1477.900112,0.383012451,4.287075453,624.2563751,15.03405944,181.239228,1.436138441,29.13638552,428.1986409,1,428.0325777,456.3052861,13607.32949,1,10.62784115,33.47848567,18.89906873,3.647773868,11.00493612,0.501818743,0.096453865,4151.280877,7.607914063,79.7361979,86.26520062,92.95071445,325.1500737,158.4989891,413.1203426,0.413294717,15.5378662,92.00532154,3.258706468
2007,Hassakeh,Ras_Al_Ain,2,12757,8215,643.9601787,0.383012451,4.287075453,624.2563751,15.03405944,181.239228,1.436138441,29.13638552,428.1986409,1,428.0325777,456.3052861,13607.32949,1,10.62784115,33.47848567,18.89906873,3.647773868,11.00493612,0.501818743,0.096453865,4151.280877,7.607914063,79.7361979,86.26520062,92.95071445,325.1500737,158.4989891,413.1203426,0.413294717,15.5378662,92.00532154,3.258706468
2007,Hassakeh,Ras_Al_Ain,3,833,166,199.2797119,0.383012451,4.287075453,624.2563751,15.03405944,181.239228,1.436138441,29.13638552,428.1986409,1,428.0325777,456.3052861,13607.32949,1,10.62784115,33.47848567,18.89906873,3.647773868,11.00493612,0.501818743,0.096453865,4151.280877,7.607914063,79.7361979,86.26520062,92.95071445,325.1500737,158.4989891,413.1203426,0.413294717,15.5378662,92.00532154,3.258706468
2007,Homs,Al_Maghrim,2,200,220,1100,0.306769432,2.913060825,378.148219,10.40074931,218.2032013,1.457191708,18.26401052,311.7343597,1,797.1330828,368.6178637,11632.79416,1,104.0896137,27.06665253,16.15665856,4.683454591,10.14256915,0.223772166,0.029908387,3634.778613,7.836838992,72.10536695,79.03394918,84.44187685,206.1176053,282.185961,406.7754786,1.39213165,8.706368852,92.3237632,23.70967742
2007,Homs,Al_Maghrim,3,806,589,730.7692308,0.306769432,2.913060825,378.148219,10.40074931,218.2032013,1.457191708,18.26401052,311.7343597,1,797.1330828,368.6178637,11632.79416,1,104.0896137,27.06665253,16.15665856,4.683454591,10.14256915,0.223772166,0.029908387,3634.778613,7.836838992,72.10536695,79.03394918,84.44187685,206.1176053,282.185961,406.7754786,1.39213165,8.706368852,92.3237632,23.70967742
2007,Homs,Al_Quasir,1,1622,3730,2299.630086,0.079506691,1.850323115,732.7694285,19.49784682,228.7835016,1.423727806,26.81275048,398.4009405,1,596.8480096,459.4114726,11898.42519,1,19.08778159,26.85347359,16.52559054,5.791860155,12.27610019,0.466456215,0.078007714,3757.20692,7.575372583,80.8209139,83.44850379,93.83652866,391.5775764,214.1664714,361.619498,0.932790651,19.01649265,94.43194592,81.53370847
2007,Homs,Al_Quasir,2,2188,2571,1175.045704,0.079506691,1.850323115,732.7694285,19.49784682,228.7835016,1.423727806,26.81275048,398.4009405,1,596.8480096,459.4114726,11898.42519,1,19.08778159,26.85347359,16.52559054,5.791860155,12.27610019,0.466456215,0.078007714,3757.20692,7.575372583,80.8209139,83.44850379,93.83652866,391.5775764,214.1664714,361.619498,0.932790651,19.01649265,94.43194592,81.53370847
2007,Homs,Al_Quasir,3,876,963,1099.315068,0.079506691,1.850323115,732.7694285,19.49784682,228.7835016,1.423727806,26.81275048,398.4009405,1,596.8480096,459.4114726,11898.42519,1,19.08778159,26.85347359,16.52559054,5.791860155,12.27610019,0.466456215,0.078007714,3757.20692,7.575372583,80.8209139,83.44850379,93.83652866,391.5775764,214.1664714,361.619498,0.932790651,19.01649265,94.43194592,81.53370847
2007,Homs,Ar_Rastan,1,1615,3553,2200,0.023749721,0.879988685,646.4149658,17.54096184,217.7540281,1.490165194,31.51599766,455.9867872,1,435.4754306,479.3306465,12571.60205,1,32.93536539,27.68213435,17.4605584,6.442138367,12.97436004,0.511012487,0.096858987,3684.174003,7.628313312,79.05622294,78.77797468,93.04397963,327.4344533,194.2140276,350.5086574,1.105333487,20.10500042,99.77461945,64.92877493
2007,Homs,Ar_Rastan,2,1367,1504,1100.219459,0.023749721,0.879988685,646.4149658,17.54096184,217.7540281,1.490165194,31.51599766,455.9867872,1,435.4754306,479.3306465,12571.60205,1,32.93536539,27.68213435,17.4605584,6.442138367,12.97436004,0.511012487,0.096858987,3684.174003,7.628313312,79.05622294,78.77797468,93.04397963,327.4344533,194.2140276,350.5086574,1.105333487,20.10500042,99.77461945,64.92877493
2007,Homs,Homs,1,10836,20241,1867.940199,0.661463232,5.466555194,419.909286,11.11377108,170.4993423,1.454793713,18.39390553,334.3746299,1,749.4069726,415.1934917,11550.27554,1,42.53240625,26.78196838,16.04204935,4.737318428,11.01611149,0.23835497,0.034474213,3777.279064,7.822295424,72.59015253,79.13312674,82.66417195,225.2451104,262.3261291,400.8940442,1.265880206,10.65134129,91.66885345,61.8628226
2007,Homs,Homs,2,2573,3185,1237.854644,0.661463232,5.466555194,419.909286,11.11377108,170.4993423,1.454793713,18.39390553,334.3746299,1,749.4069726,415.1934917,11550.27554,1,42.53240625,26.78196838,16.04204935,4.737318428,11.01611149,0.23835497,0.034474213,3777.279064,7.822295424,72.59015253,79.13312674,82.66417195,225.2451104,262.3261291,400.8940442,1.265880206,10.65134129,91.66885345,61.8628226
2007,Homs,Homs,3,72,85,1180.555556,0.661463232,5.466555194,419.909286,11.11377108,170.4993423,1.454793713,18.39390553,334.3746299,1,749.4069726,415.1934917,11550.27554,1,42.53240625,26.78196838,16.04204935,4.737318428,11.01611149,0.23835497,0.034474213,3777.279064,7.822295424,72.59015253,79.13312674,82.66417195,225.2451104,262.3261291,400.8940442,1.265880206,10.65134129,91.66885345,61.8628226
2007,Homs,Tall_Kalakh,1,4196,6432,1532.888465,0.061265386,1.382119937,1272.500735,34.84347315,213.4968276,1.371293035,28.50363662,371.8628808,1,462.9664108,710.9073213,12178.34761,1,86.9397267,26.12142373,16.91437168,6.979911135,19.51170217,0.663295845,0.115507754,3651.049064,7.036198454,98.79338486,83.35580699,100.5181481,619.9467607,256.0800903,370.1287946,2.899572474,38.32373734,96.65355246,63.89144317
2007,Idleb,Al_Jisr_Ash_Shu,1,3730,7825,2097.855228,0.061795348,1.387996783,1136.571303,34.38658307,177.540447,1.380476929,27.89801472,304.6574213,1,349.3955892,643.9983281,12005.44391,1,101.3142959,26.74049093,16.67422766,5.459496395,19.46933862,0.579739059,0.091073268,3304.275493,6.711311118,90.37703725,81.04965385,105.9759834,521.268625,309.262822,377.4719518,3.793157673,40.90641577,95.2813009,19.55376344
2007,Idleb,Al_Mara,1,3624,5769,1591.887417,0.219400577,2.789560748,763.7852246,21.97074738,161.5969773,1.44106543,30.50289991,387.8445436,1,426.7153644,461.2784282,12575.526,1,29.05957912,28.58499453,17.46600833,5.628497968,13.29732195,0.543119789,0.118740826,3475.373431,7.422356298,85.92145674,73.89392659,94.65793689,368.9814646,211.8633148,395.4624714,1.089096217,21.8826255,99.80576191,2.740740741
2007,Idleb,Al_Mara,2,2425,2352,969.8969072,0.219400577,2.789560748,763.7852246,21.97074738,161.5969773,1.44106543,30.50289991,387.8445436,1,426.7153644,461.2784282,12575.526,1,29.05957912,28.58499453,17.46600833,5.628497968,13.29732195,0.543119789,0.118740826,3475.373431,7.422356298,85.92145674,73.89392659,94.65793689,368.9814646,211.8633148,395.4624714,1.089096217,21.8826255,99.80576191,2.740740741
2007,Idleb,Ariha,1,994,2727,2743.460765,0.06189382,1.20144567,953.2886537,27.7987132,178.7756591,1.396585143,27.93576679,350.6523137,1,582.149967,507.8930049,11676.00397,1,87.67581128,27.03246052,16.21667218,4.816561107,14.83170158,0.45354512,0.071767736,3428.254609,7.15618642,94.79378601,81.58515532,98.76144421,439.7575664,264.1637633,380.2716742,2.592602428,31.56046909,92.6666982,35.35190616
2007,Idleb,Harim,1,1790,1120,625.698324,0.076955511,1.744823344,1026.818016,30.0580398,208.4698796,1.397594182,27.2782689,356.5012631,1,400.6489695,516.7556142,12178.38946,1,91.8753057,27.9768217,16.91442981,4.769658689,15.16385976,0.500768999,0.079018078,3415.117693,7.125463716,95.81787612,73.20561954,111.9005787,460.4930206,243.3845318,396.2349649,3.52892128,34.93256475,96.65388463,7.104166667
2007,Idleb,Idleb,1,5660,6934,1225.088339,0.125820372,2.188331063,872.6529941,24.65116242,133.1604544,1.441830046,29.96636028,396.7139838,1,349.4829207,530.0742607,12580.63703,1,18.66965742,28.70785961,17.47310699,5.452744198,14.96072781,0.583313902,0.117897144,3539.007483,7.363514149,87.8828617,76.50249874,97.90903602,400.8943867,201.4720497,378.6673336,0.928862474,24.86059375,99.84632564,24.08243728
2007,Lattakia,Al_Hafa,1,2637,4348,1648.843383,0.056619889,1.298629777,1686.040939,49.89786743,251.0029312,1.264981734,25.51066723,281.7179779,1,615.8606536,846.6833832,11523.84568,1,289.7612345,25.55307544,16.00534122,5.720576026,25.04955585,0.590065733,0.053870796,3377.983964,6.168576676,72.28588919,75.70360207,118.8394207,794.996686,357.4897846,356.8800356,4.643245661,56.30098333,91.45909267,75.1082544
2007,Lattakia,Al_Qardaha,1,873,1970,2256.586483,0.030228789,0.883071844,1632.350164,48.09531515,235.6423718,1.266061629,25.08147767,304.5236994,1,540.3966252,950.5513296,11826.0679,1,281.3834412,25.56925887,16.42509431,6.5203964,27.97460115,0.625626568,0.061894388,3392.989953,6.246956385,74.89854616,75.41212967,114.4958809,784.1974849,333.7468418,356.7924855,4.669937499,58.43730767,93.85768176,62.20930233
2007,Lattakia,Jablah,1,1133,3479,3070.609003,0.056903002,1.06433536,1650.358866,47.99854699,242.7106218,1.288362214,25.18450697,312.336117,1,539.9002309,811.1091219,11730.74163,1,269.6827043,25.3670502,16.29269671,6.71873935,23.5617517,0.562497531,0.056706463,3437.351719,6.394601508,79.82005026,77.46935368,105.3055832,800.8708891,319.9496365,362.0527367,4.337486611,50.9748085,93.10112405,69.6122449
2007,Lattakia,Lattakia,1,1142,1967,1722.416813,0.097763298,1.762987067,1628.445645,46.69803121,209.5944837,1.261131142,24.7105126,304.2298707,1,231.7146206,1157.544787,12635.8329,1,104.336183,26.15716561,17.54976791,8.112137736,33.21013733,0.66414802,0.070123552,3486.182656,6.347943236,78.26477454,76.03007489,113.9859735,757.1049934,328.3346711,334.66475,3.391717815,52.37302557,99.71561192,87.11285641
2007,Tartous,Banyas,1,7095,7088,999.0133897,0.064347484,1.259569202,1619.260374,45.16770635,227.2029485,1.248880866,25.12215029,311.6023136,1,597.2024401,821.9897049,11492.22683,1,239.5189203,25.01593729,15.96142615,6.529279729,22.92723497,0.563251503,0.057309178,3583.995796,6.402940695,80.09802315,79.2003232,103.512972,798.2381015,311.2379664,363.3411414,4.321198421,51.28226288,91.20814944,78.70526316
2007,Tartous,Dreikisch,1,1497,1043,696.7267869,0.020699473,0.796408619,1731.278357,48.30370727,216.934763,1.299036482,24.8601254,322.079217,1,504.6634677,817.5401402,12039.35714,1,163.4163054,25.38735321,16.72132937,7.428138799,22.80920891,0.598396802,0.061326021,3583.152138,6.512992812,83.76642708,82.90916552,106.8585226,822.1392049,306.9629607,371.5972167,3.497485148,47.28655449,95.55045352,23.43243243
2007,Tartous,Safita,1,1235,848,686.6396761,0.047070335,1.157636077,1728.700329,48.50740426,212.2246192,1.350786518,24.81991989,329.6296751,1,294.0703481,776.8085309,12743.07818,1,85.74052064,26.21214527,17.6987197,8.474461955,21.81764205,0.610070283,0.07392368,3562.78651,6.807968775,93.59895915,82.63623157,106.6051151,822.1837973,291.9812893,377.4132804,2.351750182,44.6094789,98.86445886,76.62715679
2007,Tartous,Sheikh_Badr,1,1075,720,669.7674419,0.005349553,0.386265066,1699.976162,47.42703827,214.3609237,1.284536565,24.92166647,316.9745763,,488.3054996,805.0222887,11937.83124,1,198.9956955,25.09928288,16.58032116,7.401136513,22.4586781,0.565534651,0.051265385,3583.402957,6.413826005,80.46086682,81.03906753,106.5467583,827.4314679,307.9387223,375.526846,3.662482193,53.80450397,94.74469236,0.666666667
2007,Tartous,Tartous,1,551,414,751.3611615,0.049162657,1.417978043,1482.440954,40.79483134,226.602822,1.337365278,24.38800112,328.0083572,1,151.3380759,893.240947,13213.59154,1,85.26540945,26.26920854,18.35221047,9.700307552,24.61868483,0.596492029,0.075910589,3632.894064,6.801489796,93.38299321,82.94611762,102.8045291,724.9834629,293.3316743,364.969705,1.987711269,46.76351549,95.1302259,64.49344978
2008,Al_Qunaytirah,Al_Qunaytirah,1,10169,8135,799.9803324,0.120668536,1.817203669,997.6931304,24.67668021,196.6396652,1.392797379,36.80800834,452.0421233,1,812.7813464,483.6981096,11646.13616,1,99.78962314,25.00232567,16.17518911,4.10046966,12.0196048,0.614177499,0.129862373,4042.060582,7.519971534,82.66761553,107.2089919,94.97724292,429.2912545,184.0334609,363.9594199,3.215624823,25.20123137,92.42965208,62.36754297
2008,Aleppo,Afrin,1,5081,8399,1653.021059,0.194810459,2.230856022,892.757391,24.39297158,184.8305861,1.371035123,25.51170824,404.3181051,1,493.5760545,447.1996194,12067.54025,1,89.965976,28.81125808,16.76047257,2.101971654,12.2248604,0.434965405,0.057165389,3658.896,7.198506433,93.3831189,68.76098445,108.0192773,408.1562316,192.8950466,401.4796676,3.206478872,32.26458622,95.77412895,72.67440361
2008,Aleppo,Azaz,1,16220,17891,1103.020962,0.121728487,2.146811382,606.0977506,15.77779506,180.5676029,1.396196968,30.36538609,429.7996425,1,481.8095159,483.9276811,12539.83531,1,12.33630082,29.84623108,17.41643793,2.378211902,12.59842818,0.609253487,0.125363542,3840.460409,7.471901984,84.26993387,73.57182929,98.32148158,272.5093511,165.5478602,396.9674719,0.559398203,24.25735487,99.52250248,30.7875817
2008,Aleppo,Azaz,2,1241,559,450.443191,0.121728487,2.146811382,606.0977506,15.77779506,180.5676029,1.396196968,30.36538609,429.7996425,1,481.8095159,483.9276811,12539.83531,1,12.33630082,29.84623108,17.41643793,2.378211902,12.59842818,0.609253487,0.125363542,3840.460409,7.471901984,84.26993387,73.57182929,98.32148158,272.5093511,165.5478602,396.9674719,0.559398203,24.25735487,99.52250248,30.7875817
2008,Aleppo,Jebel_Saman,1,11540,8529,739.0814558,0.320135248,3.90953411,557.3634326,15.09227798,185.7492815,1.399045613,26.85095306,367.0160671,1,348.6130778,402.2289216,13156.99759,1,24.0041333,29.83124918,18.27360776,3.701136249,10.88891582,0.430266008,0.08038453,3692.03715,7.511498758,82.95004141,71.53332603,96.15512018,251.2134416,183.2856532,401.209007,0.780531933,17.98196178,95.57938421,28.18423019
2008,Aleppo,Jebel_Saman,2,14107,4035,286.0282129,0.320135248,3.90953411,557.3634326,15.09227798,185.7492815,1.399045613,26.85095306,367.0160671,1,348.6130778,402.2289216,13156.99759,1,24.0041333,29.83124918,18.27360776,3.701136249,10.88891582,0.430266008,0.08038453,3692.03715,7.511498758,82.95004141,71.53332603,96.15512018,251.2134416,183.2856532,401.209007,0.780531933,17.98196178,95.57938421,28.18423019
2008,As_Suweida,As_Suwayda,1,1111,51,45.90459046,0.245068348,2.898837435,359.2564682,7.957806061,164.7488635,1.44067499,22.83274428,379.7186382,1,936.6083153,273.9947639,12373.52621,1,132.549277,26.80154389,17.18545307,3.436803508,6.091035338,0.239534896,0.029437956,4513.516507,7.882238542,70.59204861,95.18941693,81.961997,151.9826084,218.1895834,401.1968401,1.365785859,8.704768714,98.20258899,36.89205703
2008,As_Suweida,As_Suwayda,2,8077,299,37.01869506,0.245068348,2.898837435,359.2564682,7.957806061,164.7488635,1.44067499,22.83274428,379.7186382,1,936.6083153,273.9947639,12373.52621,1,132.549277,26.80154389,17.18545307,3.436803508,6.091035338,0.239534896,0.029437956,4513.516507,7.882238542,70.59204861,95.18941693,81.961997,151.9826084,218.1895834,401.1968401,1.365785859,8.704768714,98.20258899,36.89205703
2008,Damascus,Al_Ghutta,3,224,15,66.96428571,0.011843117,0.558468679,408.1987268,10.33087772,106.1618312,1.291118521,15.97295861,315.6253218,1,651.6936639,472.9451914,12644.46116,1,6.349500264,28.18217762,17.56175161,3.324265297,11.99211258,0.445621893,0.056677717,3950.249234,7.702316985,76.58943385,94.03440318,79.53296292,157.8560532,178.6231764,388.861443,0.350493747,15.36100502,99.64713364,4.8
2008,Damascus,Az_Zabdani,1,150,76,506.6666667,0.060455564,1.268423947,765.2335981,19.00793626,181.4811797,1.350758075,29.73442299,406.6926124,1,1549.684822,433.2225829,9343.705558,1,364.1754447,23.13457688,12.9569341,0.085457854,10.78898739,0.270152822,0.047012211,4024.863659,7.486507827,83.78307244,98.08532848,93.25443056,304.848439,271.265393,322.8236739,6.230150135,23.98346865,74.03962342,59.03225806
2008,Damascus,Qatana,1,720,676,938.8888889,0.093841203,1.750152374,739.3286554,17.92985008,126.6999471,1.390187794,33.83029859,446.2725683,1,1076.168708,388.764388,10901.39566,1,134.8032696,24.9973279,15.14036436,2.042397333,9.461895575,0.317148917,0.047718568,4122.451406,7.631263536,78.95788213,101.2899354,91.59954594,293.9274759,198.523565,355.7564594,3.240654984,17.95975534,86.51636779,10.25471698
2008,Damascus,Qatana,2,701,233,332.382311,0.093841203,1.750152374,739.3286554,17.92985008,126.6999471,1.390187794,33.83029859,446.2725683,1,1076.168708,388.764388,10901.39566,1,134.8032696,24.9973279,15.14036436,2.042397333,9.461895575,0.317148917,0.047718568,4122.451406,7.631263536,78.95788213,101.2899354,91.59954594,293.9274759,198.523565,355.7564594,3.240654984,17.95975534,86.51636779,10.25471698
2008,Dara,As_Sanamayn,1,1430,515,360.1398601,0.126365387,2.232014688,494.1126019,11.45753045,180.1350323,1.464749006,30.99856142,436.994746,1,676.2522372,301.0290786,12458.13019,1,14.37105451,26.72161011,17.3029586,4.103659137,6.974031102,0.319590621,0.052246399,4311.557617,7.860602751,71.31324164,96.61013142,82.49121774,219.689079,132.4975201,430.6093861,0.669011199,10.00010737,98.87404913,28.32124352
2008,Dara,As_Sanamayn,2,6650,459,69.02255639,0.126365387,2.232014688,494.1126019,11.45753045,180.1350323,1.464749006,30.99856142,436.994746,1,676.2522372,301.0290786,12458.13019,1,14.37105451,26.72161011,17.3029586,4.103659137,6.974031102,0.319590621,0.052246399,4311.557617,7.860602751,71.31324164,96.61013142,82.49121774,219.689079,132.4975201,430.6093861,0.669011199,10.00010737,98.87404913,28.32124352
2008,Dara,Dara,1,4348,1957,450.0919963,0.151895403,2.467237111,463.4350474,11.17260702,247.890732,1.46774472,34.72026577,423.6944089,1,594.8481838,361.6562959,12518.8853,1,31.20078753,25.92412446,17.3873407,5.083024137,8.73635296,0.366581864,0.052813909,4146.958005,7.877365296,70.75449014,108.5535779,78.88760838,214.502272,127.803691,442.0431636,0.879878166,12.29504118,99.35623256,40.20714807
2008,Dara,Dara,2,13314,839,63.01637374,0.151895403,2.467237111,463.4350474,11.17260702,247.890732,1.46774472,34.72026577,423.6944089,1,594.8481838,361.6562959,12518.8853,1,31.20078753,25.92412446,17.3873407,5.083024137,8.73635296,0.366581864,0.052813909,4146.958005,7.877365296,70.75449014,108.5535779,78.88760838,214.502272,127.803691,442.0431636,0.879878166,12.29504118,99.35623256,40.20714807
2008,Dara,Izra,1,7500,4320,576,0.087018771,1.658654183,514.3833748,11.94292839,217.4263142,1.470306952,41.10287596,441.4595726,1,594.9833148,355.9574894,12435.08763,1,10.9531787,26.06687543,17.27095505,4.683452551,8.273873198,0.492114755,0.086806484,4306.012132,7.923266829,69.22443902,103.4072431,81.19850135,241.6766036,92.06481307,460.4442333,0.522892419,12.7609944,98.69117169,44.50057937
2008,Dara,Izra,2,8533,307,35.97796789,0.087018771,1.658654183,514.3833748,11.94292839,217.4263142,1.470306952,41.10287596,441.4595726,1,594.9833148,355.9574894,12435.08763,1,10.9531787,26.06687543,17.27095505,4.683452551,8.273873198,0.492114755,0.086806484,4306.012132,7.923266829,69.22443902,103.4072431,81.19850135,241.6766036,92.06481307,460.4442333,0.522892419,12.7609944,98.69117169,44.50057937
2008,Hama,Al_Ghab,1,3266,5748,1759.95101,0.049595436,1.643165164,1109.933742,32.339314,139.7759455,1.347860465,28.59829587,349.5799349,1,352.189296,859.4142185,11984.57872,1,139.7020723,26.79968617,16.64524822,3.695596862,25.03845032,0.708032627,0.112971194,3431.149929,6.782044179,92.73480597,82.34600957,109.8900236,500.575626,280.5196852,361.9957542,4.508295663,42.21571718,95.11570414,35.28868661
2008,Hama,As_Salamiyeh,2,8231,189,22.96197303,0.504159747,4.926087865,375.4625701,10.24854546,191.2833095,1.455325727,20.3416433,317.9445519,1,514.8899545,339.2533786,12937.27783,1,39.708665,29.06570035,17.96844143,3.719917713,9.255910906,0.237259673,0.036037218,3662.569348,7.805379097,73.15403011,76.53722016,86.81776148,145.5674501,260.9011364,420.1232357,0.788382027,9.040582617,97.32319184,29.78971963
2008,Hama,Hama,1,7902,1115,141.1035181,0.227677668,4.733216797,567.8862089,15.3995583,192.7904067,1.455316559,28.89107986,399.9433813,1,367.8882638,394.4788096,13077.42676,1,25.04294796,28.71979856,18.16309272,4.275100785,10.68398084,0.446152406,0.085264793,3686.678554,7.530149647,82.32834509,75.58158387,95.98695375,252.2828682,199.991121,385.7041579,0.890006436,18.48653952,96.21089874,22.43352601
2008,Hama,Masyaf,1,4781,5145,1076.1347,0.076403686,1.92474214,1133.738514,31.21475605,150.0452924,1.353623889,29.44578727,387.4121925,1,532.6863029,714.7563573,11836.84045,1,139.1245061,26.25774614,16.44005617,3.639907253,19.72298054,0.603394101,0.080583103,3631.059506,6.889563149,96.31877164,85.73886838,101.9809134,505.1850525,261.5816804,350.4100182,3.339515959,38.59856987,93.94317814,5.952755906
2008,Homs,Al_Quasir,1,1911,2389,1250.130822,0.079506691,1.850323115,650.6669694,16.88501617,228.7835016,1.423727806,26.81275048,398.4009405,1,596.8480096,422.0980843,12103.36784,1,19.08778159,26.87691458,16.81023312,3.518769114,10.99629579,0.44180751,0.067688305,3852.517005,7.575372583,80.8209139,88.2114605,95.32856688,272.6804583,214.1664714,361.619498,0.932790651,19.01649265,96.05847494,81.53370847
2008,Homs,Al_Quasir,2,2540,1684,662.992126,0.079506691,1.850323115,650.6669694,16.88501617,228.7835016,1.423727806,26.81275048,398.4009405,1,596.8480096,422.0980843,12103.36784,1,19.08778159,26.87691458,16.81023312,3.518769114,10.99629579,0.44180751,0.067688305,3852.517005,7.575372583,80.8209139,88.2114605,95.32856688,272.6804583,214.1664714,361.619498,0.932790651,19.01649265,96.05847494,81.53370847
2008,Homs,Al_Quasir,3,857,412,480.7467911,0.079506691,1.850323115,650.6669694,16.88501617,228.7835016,1.423727806,26.81275048,398.4009405,1,596.8480096,422.0980843,12103.36784,1,19.08778159,26.87691458,16.81023312,3.518769114,10.99629579,0.44180751,0.067688305,3852.517005,7.575372583,80.8209139,88.2114605,95.32856688,272.6804583,214.1664714,361.619498,0.932790651,19.01649265,96.05847494,81.53370847
2008,Homs,Ar_Rastan,1,1284,527,410.4361371,0.023749721,0.879988685,557.2693517,14.64687749,217.7540281,1.490165194,31.51599766,455.9867872,1,435.4754306,429.0941818,12768.58544,1,32.93536539,27.68392847,17.73414644,4.319662573,11.24879836,0.488550612,0.088108671,3803.697295,7.628313312,79.05622294,79.39033818,96.53171493,240.2838016,194.2140276,350.5086574,1.105333487,20.10500042,98.66202033,64.92877493
2008,Homs,Ar_Rastan,2,962,259,269.2307692,0.023749721,0.879988685,557.2693517,14.64687749,217.7540281,1.490165194,31.51599766,455.9867872,1,435.4754306,429.0941818,12768.58544,1,32.93536539,27.68392847,17.73414644,4.319662573,11.24879836,0.488550612,0.088108671,3803.697295,7.628313312,79.05622294,79.39033818,96.53171493,240.2838016,194.2140276,350.5086574,1.105333487,20.10500042,98.66202033,64.92877493
2008,Homs,Homs,1,11830,5500,464.9196957,0.661463232,5.466555194,369.1321184,9.523416726,170.4993423,1.454793713,18.39390553,334.3746299,1,749.4069726,380.115525,11722.97951,1,42.53240625,26.8066017,16.28154672,2.501180046,9.82538161,0.234219131,0.032318987,3875.047106,7.822295424,72.59015253,80.76501815,84.33786488,143.5844697,262.3261291,400.8940442,1.265880206,10.65134129,93.03740983,61.8628226
2008,Homs,Homs,2,2256,915,405.5851064,0.661463232,5.466555194,369.1321184,9.523416726,170.4993423,1.454793713,18.39390553,334.3746299,1,749.4069726,380.115525,11722.97951,1,42.53240625,26.8066017,16.28154672,2.501180046,9.82538161,0.234219131,0.032318987,3875.047106,7.822295424,72.59015253,80.76501815,84.33786488,143.5844697,262.3261291,400.8940442,1.265880206,10.65134129,93.03740983,61.8628226
2008,Homs,Tall_Kalakh,1,5150,7787,1512.038835,0.061265386,1.382119937,1083.851663,29.0421224,213.4968276,1.371293035,28.50363662,371.8628808,1,462.9664108,684.1552991,12382.33323,1,86.9397267,26.44077569,17.19768504,4.796191811,18.39367097,0.646880142,0.106873635,3730.998812,7.036198454,98.79338486,86.71018351,103.3473504,480.917455,256.0800903,370.1287946,2.899572474,38.32373734,98.27248594,63.89144317
2008,Idleb,Al_Jisr_Ash_Shu,1,1857,3621,1949.919225,0.061795348,1.387996783,1093.38796,32.00243441,177.540447,1.380476929,27.89801472,304.6574213,1,349.3955892,594.3599764,12137.96385,1,101.3142959,27.24412221,16.85828313,3.717724666,17.39872975,0.557812447,0.079290888,3415.577458,6.711311118,90.37703725,82.45255681,110.3635227,528.4324462,309.262822,377.4719518,3.793157673,40.90641577,96.33304645,19.55376344
2008,Idleb,Al_Mara,1,3741,3756,1004.009623,0.219400577,2.789560748,673.212619,18.72091082,161.5969773,1.44106543,30.50289991,387.8445436,1,426.7153644,408.6185192,12782.90069,1,29.05957912,28.69803014,17.75402873,3.730682873,11.38833031,0.513402548,0.103824639,3595.04629,7.422356298,85.92145674,74.39087857,100.7635081,304.3677876,211.8633148,395.4624714,1.089096217,21.8826255,98.54840725,2.740740741
2008,Idleb,Al_Mara,2,2468,323,130.8752026,0.219400577,2.789560748,673.212619,18.72091082,161.5969773,1.44106543,30.50289991,387.8445436,1,426.7153644,408.6185192,12782.90069,1,29.05957912,28.69803014,17.75402873,3.730682873,11.38833031,0.513402548,0.103824639,3595.04629,7.422356298,85.92145674,74.39087857,100.7635081,304.3677876,211.8633148,395.4624714,1.089096217,21.8826255,98.54840725,2.740740741
2008,Idleb,Ariha,1,486,637,1310.699588,0.06189382,1.20144567,879.9066319,24.75985047,178.7756591,1.396585143,27.93576679,350.6523137,1,582.149967,454.6128973,11867.95457,1,87.67581128,27.37809647,16.48327023,2.881420264,12.81127333,0.415433123,0.057897755,3552.763917,7.15618642,94.79378601,82.73688586,104.6924697,414.381739,264.1637633,380.2716742,2.592602428,31.56046909,94.19011563,35.35190616
2008,Idleb,Harim,1,925,2256,2438.918919,0.076955511,1.744823344,965.5811837,27.29156453,208.4698796,1.397594182,27.2782689,356.5012631,1,400.6489695,462.8813461,12318.76263,1,91.8753057,28.37074389,17.10939254,3.011567931,13.11840936,0.450313878,0.06497908,3537.020631,7.125463716,95.81787612,69.86963963,114.7801602,459.1516008,243.3845318,396.2349649,3.52892128,34.93256475,97.76795736,7.104166667
2008,Idleb,Idleb,1,1162,1222,1051.635112,0.125820372,2.188331063,798.9432958,21.82516386,133.1604544,1.441830046,29.96636028,396.7139838,1,349.4829207,471.5708438,12800.69179,1,18.66965742,28.85260626,17.77873859,3.728531167,12.86856803,0.540770482,0.106691452,3659.651992,7.363514149,87.8828617,74.7129235,104.585452,377.1078523,201.4720497,378.6673336,0.928862474,24.86059375,98.40720805,24.08243728
2008,Lattakia,Al_Hafa,1,2703,3168,1172.031077,0.056619889,1.298629777,1540.554958,44.66729283,251.0029312,1.264981734,25.51066723,281.7179779,1,615.8606536,798.5923735,11636.20324,1,289.7612345,26.1574246,16.16139338,3.744179372,23.15680416,0.589897384,0.053944119,3447.955288,6.168576676,72.28588919,79.6401445,119.8920082,705.6756211,357.4897846,356.8800356,4.643245661,56.30098333,92.35081933,75.1082544
2008,Lattakia,Al_Qardaha,1,661,930,1406.959153,0.030228789,0.883071844,1441.96011,41.64235834,235.6423718,1.266061629,25.08147767,304.5236994,1,540.3966252,892.3339014,11941.31504,1,281.3834412,26.13924204,16.58515977,4.564478908,25.74174277,0.618730546,0.056679157,3461.724417,6.246956385,74.89854616,79.95667226,115.8874501,651.3392346,333.7468418,356.7924855,4.669937499,58.43730767,94.77234155,62.20930233
2008,Lattakia,Jablah,1,958,1488,1553.235908,0.056903002,1.06433536,1441.216615,40.99493561,242.7106218,1.288362214,25.18450697,312.336117,1,539.9002309,766.8946068,11847.0336,1,269.6827043,25.91431948,16.45421333,4.721259728,21.79134419,0.560076859,0.055019805,3514.596727,6.394601508,79.82005026,83.77358344,108.0288202,656.7000257,319.9496365,362.0527367,4.337486611,50.9748085,94.02407618,69.6122449
2008,Lattakia,Lattakia,1,1028,1521,1479.571984,0.097763298,1.762987067,1516.813964,42.706817,209.5944837,1.261131142,24.7105126,304.2298707,1,231.7146206,1098.572562,12762.27763,1,104.336183,26.70866487,17.72538559,6.339285995,30.94469444,0.661916742,0.063448712,3550.690504,6.347943236,78.26477454,79.27377657,115.5255096,708.3188084,328.3346711,334.66475,3.391717815,52.37302557,98.71208233,87.11285641
2008,Tartous,Banyas,1,6887,5214,757.0785538,0.064347484,1.259569202,1403.712592,38.46442036,227.2029485,1.248880866,25.12215029,311.6023136,1,597.2024401,784.9347297,11621.40811,1,239.5189203,25.56937044,16.1408446,4.429619276,21.5128595,0.561522811,0.056660557,3648.379292,6.402940695,80.09802315,86.91097141,105.8022788,633.2039508,311.2379664,363.3411414,4.321198421,51.28226288,92.2333977,78.70526316
2008,Tartous,Dreikisch,1,825,578,700.6060606,0.020699473,0.796408619,1474.46356,40.51338558,216.934763,1.299036482,24.8601254,322.079217,1,504.6634677,785.3369489,12198.50118,1,163.4163054,25.94782759,16.94236275,5.392263594,21.58031844,0.590615621,0.057887664,3638.447899,6.512992812,83.76642708,88.62259472,108.162994,656.2686175,306.9629607,371.5972167,3.497485148,47.28655449,96.81350141,23.43243243
2008,Tartous,Safita,1,862,694,805.1044084,0.047070335,1.157636077,1445.356711,39.95246947,212.2246192,1.350786518,24.81991989,329.6296751,1,294.0703481,754.3109993,12929.67992,1,85.74052064,26.66944825,17.95788878,6.553456258,20.876174,0.610121531,0.072041841,3616.690546,6.807968775,93.59895915,87.20558423,108.3392523,640.6691938,291.9812893,377.4132804,2.351750182,44.6094789,97.3834927,76.62715679
2008,Tartous,Sheikh_Badr,1,1517,1062,700.0659196,0.005349553,0.386265066,1462.572814,40.14392935,214.3609237,1.284536565,24.92166647,316.9745763,,488.3054996,775.3727273,12088.88608,1,198.9956955,25.73250416,16.79011955,5.399070928,21.28489874,0.56473007,0.051987449,3642.322508,6.413826005,80.46086682,88.0730446,108.1988266,647.1577452,307.9387223,375.526846,3.662482193,53.80450397,95.9435403,0.666666667
2008,Tartous,Tartous,1,360,273,758.3333333,0.049162657,1.417978043,1236.897597,33.46298917,226.602822,1.337365278,24.38800112,328.0083572,1,151.3380759,855.5258419,13388.19715,1,85.26540945,26.82983642,18.59471827,8.057045889,23.18566854,0.586112751,0.070595025,3695.315326,6.801489796,93.38299321,86.23225431,106.0927406,539.1951599,293.3316743,364.969705,1.987711269,46.76351549,93.74446704,64.49344978
2009,Al_Qunaytirah,Al_Qunaytirah,1,6328,11909,1881.953224,0.120668536,1.817203669,1153.625843,28.6621413,196.6396652,1.392797379,36.80800834,452.0421233,1,812.7813464,511.1708541,11662.94198,1,99.78962314,25.00232567,16.19853053,4.10046966,12.75965624,0.635660851,0.13723202,4023.911576,7.519971534,82.66761553,106.3994938,94.38387518,611.0102826,184.0334609,363.9594199,3.215624823,25.20123137,92.5630316,62.36754297
2009,Aleppo,Afrin,1,6790,17538,2582.916053,0.194810459,2.230856022,1010.631633,28.21024321,184.8305861,1.371035123,25.51170824,404.3181051,1,493.5760545,480.3144191,12142.4345,1,89.965976,28.76749017,16.86449237,2.101971654,13.41174295,0.477366096,0.072729556,3581.49883,7.198506433,93.3831189,73.85343583,112.1555523,472.0130771,192.8950466,401.4796676,3.206478872,32.26458622,96.3685278,72.67440361
2009,Aleppo,Azaz,1,20228,51359,2539.005339,0.121728487,2.146811382,682.7766581,18.18043962,180.5676029,1.396196968,30.36538609,429.7996425,1,481.8095159,521.0781718,12628.18086,1,12.33630082,29.57342955,17.53914008,2.378211902,13.87795533,0.672926965,0.143202435,3754.556368,7.471901984,84.26993387,78.22008826,103.8130795,324.2961633,165.5478602,396.9674719,0.559398203,24.25735487,99.7763424,30.7875817
2009,Aleppo,Azaz,2,1758,2020,1149.032992,0.121728487,2.146811382,682.7766581,18.18043962,180.5676029,1.396196968,30.36538609,429.7996425,1,481.8095159,521.0781718,12628.18086,1,12.33630082,29.57342955,17.53914008,2.378211902,13.87795533,0.672926965,0.143202435,3754.556368,7.471901984,84.26993387,78.22008826,103.8130795,324.2961633,165.5478602,396.9674719,0.559398203,24.25735487,99.7763424,30.7875817
2009,Aleppo,Jebel_Saman,1,11027,31703,2875.034007,0.320135248,3.90953411,614.6536455,16.98914949,185.7492815,1.399045613,26.85095306,367.0160671,1,348.6130778,433.3799165,13293.78747,1,24.0041333,29.64488741,18.4635937,3.701136249,11.98103263,0.474956637,0.090276828,3616.918871,7.511498758,82.95004141,77.19780485,98.25535989,296.1742883,183.2856532,401.209007,0.780531933,17.98196178,94.49375027,28.18423019
2009,Aleppo,Jebel_Saman,2,10986,13909,1266.065902,0.320135248,3.90953411,614.6536455,16.98914949,185.7492815,1.399045613,26.85095306,367.0160671,1,348.6130778,433.3799165,13293.78747,1,24.0041333,29.64488741,18.4635937,3.701136249,11.98103263,0.474956637,0.090276828,3616.918871,7.511498758,82.95004141,77.19780485,98.25535989,296.1742883,183.2856532,401.209007,0.780531933,17.98196178,94.49375027,28.18423019
2009,As_Suweida,As_Suwayda,1,651,1107,1700.460829,0.245068348,2.898837435,379.0310574,8.402301037,164.7488635,1.44067499,22.83274428,379.7186382,1,936.6083153,269.8383671,12343.1867,1,132.549277,26.76837307,17.14331486,3.436803508,6.00543487,0.240695794,0.030375651,4510.03877,7.882238542,70.59204861,98.01777946,79.25647665,186.9037685,218.1895834,401.1968401,1.365785859,8.704768714,97.96179919,36.89205703
2009,As_Suweida,As_Suwayda,2,6990,10416,1490.128755,0.245068348,2.898837435,379.0310574,8.402301037,164.7488635,1.44067499,22.83274428,379.7186382,1,936.6083153,269.8383671,12343.1867,1,132.549277,26.76837307,17.14331486,3.436803508,6.00543487,0.240695794,0.030375651,4510.03877,7.882238542,70.59204861,98.01777946,79.25647665,186.9037685,218.1895834,401.1968401,1.365785859,8.704768714,97.96179919,36.89205703
2009,As_Suweida,Salkhad,2,5529,1171,211.7923675,0.19678529,2.476461818,338.798072,7.509208169,175.7154581,1.445399312,22.89129271,345.5826409,1,1096.653045,267.0960994,12061.50037,1,151.5089895,26.51505842,16.75208385,3.069984717,5.946774096,0.187935469,0.020540685,4510.768277,7.899676731,70.01077564,100.0437476,75.80547479,163.5007433,268.1481021,387.011929,1.285466681,8.340411369,95.72619344,38.32058288
2009,As_Suweida,Shahba,2,3623,2594,715.981231,0.197527256,2.191659403,425.5730974,9.800857431,172.1533402,1.451189377,19.92857504,355.5120454,1,812.086703,263.6826022,12548.59195,1,62.52582608,26.95582393,17.42859992,3.663175869,6.07797861,0.19191173,0.023324572,4341.202715,7.921607895,69.27973685,95.5538117,80.33017677,217.2527916,217.4198839,427.8247932,0.996377189,7.542191094,99.59199957,8.194029851
2009,Damascus,Al_Ghutta,3,30,23,766.6666667,0.011843117,0.558468679,486.5380011,12.39992631,106.1618312,1.291118521,15.97295861,315.6253218,1,651.6936639,462.9808382,12602.41034,1,6.349500264,28.18215487,17.5033477,3.324265297,11.82319117,0.408328294,0.050723941,3922.716874,7.702316985,76.58943385,105.5143875,79.52732664,253.2523649,178.6231764,388.861443,0.350493747,15.36100502,99.98087029,4.8
2009,Damascus,An_Nabk,2,30,37,1233.333333,0.109668581,1.50691639,382.6159313,9.213787029,155.3219186,1.425568843,17.53600335,278.9022471,1,1377.627627,279.5007169,10245.1767,1,210.038337,25.2807986,14.21272741,0.280711272,6.734730897,0.128604128,0.008171412,4151.645705,7.786512673,73.78291091,84.62500969,83.40934042,192.997851,316.1138341,404.2577387,3.567828626,9.921132736,81.21558522,5.130434783
2009,Damascus,An_Nabk,3,13,15,1153.846154,0.109668581,1.50691639,382.6159313,9.213787029,155.3219186,1.425568843,17.53600335,278.9022471,1,1377.627627,279.5007169,10245.1767,1,210.038337,25.2807986,14.21272741,0.280711272,6.734730897,0.128604128,0.008171412,4151.645705,7.786512673,73.78291091,84.62500969,83.40934042,192.997851,316.1138341,404.2577387,3.567828626,9.921132736,81.21558522,5.130434783
2009,Damascus,At_Tall,2,111,84,756.7567568,0.044028509,1.064884239,645.6408029,16.53219013,162.1199029,1.40030382,25.61268638,363.9933535,1,1466.66102,362.9294348,9733.306317,1,145.3541383,24.16346012,13.4945909,0.06695375,9.297250033,0.19806774,0.024958718,3904.355539,7.636543834,78.78187219,96.50339457,88.02840174,349.2154673,274.0306517,362.7005117,3.630504348,17.15543139,77.11194798,1.666666667
2009,Damascus,At_Tall,3,3,2,666.6666667,0.044028509,1.064884239,645.6408029,16.53219013,162.1199029,1.40030382,25.61268638,363.9933535,1,1466.66102,362.9294348,9733.306317,1,145.3541383,24.16346012,13.4945909,0.06695375,9.297250033,0.19806774,0.024958718,3904.355539,7.636543834,78.78187219,96.50339457,88.02840174,349.2154673,274.0306517,362.7005117,3.630504348,17.15543139,77.11194798,1.666666667
2009,Damascus,Az_Zabdani,1,103,299,2902.912621,0.060455564,1.268423947,877.6231038,21.98435647,181.4811797,1.350758075,29.73442299,406.6926124,1,1549.684822,434.501681,9268.951914,1,364.1754447,23.13457688,12.85310959,0.085457854,10.91678512,0.264627658,0.046863167,3991.034541,7.486507827,83.78307244,97.87123113,91.80625435,477.7499355,271.265393,322.8236739,6.230150135,23.98346865,73.44634053,59.03225806
2009,Damascus,Qatana,1,425,796,1872.941176,0.093841203,1.750152374,887.5074413,21.64383658,126.6999471,1.390187794,33.83029859,446.2725683,1,1076.168708,385.3196363,10879.48755,1,134.8032696,24.99730335,15.10993644,2.042397333,9.430277949,0.322897585,0.047600853,4099.508882,7.631263536,78.95788213,104.5636502,90.40748087,474.14749,198.523565,355.7564594,3.240654984,17.95975534,86.34249395,10.25471698
2009,Damascus,Qatana,2,303,457,1508.250825,0.093841203,1.750152374,887.5074413,21.64383658,126.6999471,1.390187794,33.83029859,446.2725683,1,1076.168708,385.3196363,10879.48755,1,134.8032696,24.99730335,15.10993644,2.042397333,9.430277949,0.322897585,0.047600853,4099.508882,7.631263536,78.95788213,104.5636502,90.40748087,474.14749,198.523565,355.7564594,3.240654984,17.95975534,86.34249395,10.25471698
2009,Damascus,Qatana,3,9,4,444.4444444,0.093841203,1.750152374,887.5074413,21.64383658,126.6999471,1.390187794,33.83029859,446.2725683,1,1076.168708,385.3196363,10879.48755,1,134.8032696,24.99730335,15.10993644,2.042397333,9.430277949,0.322897585,0.047600853,4099.508882,7.631263536,78.95788213,104.5636502,90.40748087,474.14749,198.523565,355.7564594,3.240654984,17.95975534,86.34249395,10.25471698
2009,Damascus,Yabrud,2,75,90,1200,0.055958524,1.256549001,755.7342737,19.74157103,151.1400992,1.388098698,24.46438451,298.4432339,1,1851.02324,405.5153149,8481.392807,1,231.2609004,22.59617918,11.70374182,-1.625163385,10.59449649,0.164432349,0.030025627,3827.136437,7.507783175,83.07389417,108.017644,88.9178627,418.354053,327.2389854,375.052399,3.28542421,18.12267988,66.87852469,3.666666667
2009,Damascus,Yabrud,3,16,16,1000,0.055958524,1.256549001,755.7342737,19.74157103,151.1400992,1.388098698,24.46438451,298.4432339,1,1851.02324,405.5153149,8481.392807,1,231.2609004,22.59617918,11.70374182,-1.625163385,10.59449649,0.164432349,0.030025627,3827.136437,7.507783175,83.07389417,108.017644,88.9178627,418.354053,327.2389854,375.052399,3.28542421,18.12267988,66.87852469,3.666666667
2009,Dara,As_Sanamayn,1,1400,2940,2100,0.126365387,2.232014688,579.9798446,13.45809834,180.1350323,1.464749006,30.99856142,436.994746,1,676.2522372,298.9399097,12450.35177,1,14.37105451,26.62537556,17.29215523,4.103659137,6.930577602,0.304423984,0.047897408,4308.523008,7.860602751,71.31324164,101.7436518,81.84436385,295.7568076,132.4975201,430.6093861,0.669011199,10.00010737,98.81231561,28.32124352
2009,Dara,As_Sanamayn,2,3800,3842,1011.052632,0.126365387,2.232014688,579.9798446,13.45809834,180.1350323,1.464749006,30.99856142,436.994746,1,676.2522372,298.9399097,12450.35177,1,14.37105451,26.62537556,17.29215523,4.103659137,6.930577602,0.304423984,0.047897408,4308.523008,7.860602751,71.31324164,101.7436518,81.84436385,295.7568076,132.4975201,430.6093861,0.669011199,10.00010737,98.81231561,28.32124352
2009,Dara,Dara,1,5182,9846,1900.038595,0.151895403,2.467237111,531.9729625,12.84393161,247.890732,1.46774472,34.72026577,423.6944089,1,594.8481838,365.7020126,12518.97271,1,31.20078753,25.90232843,17.38746209,5.083024137,8.847068515,0.374563548,0.056226054,4140.823382,7.877365296,70.75449014,110.7079072,74.97078526,259.2211876,127.803691,442.0431636,0.879878166,12.29504118,99.35692624,40.20714807
2009,Dara,Dara,2,9812,18475,1882.898492,0.151895403,2.467237111,531.9729625,12.84393161,247.890732,1.46774472,34.72026577,423.6944089,1,594.8481838,365.7020126,12518.97271,1,31.20078753,25.90232843,17.38746209,5.083024137,8.847068515,0.374563548,0.056226054,4140.823382,7.877365296,70.75449014,110.7079072,74.97078526,259.2211876,127.803691,442.0431636,0.879878166,12.29504118,99.35692624,40.20714807
2009,Dara,Dara,3,375,662,1765.333333,0.151895403,2.467237111,531.9729625,12.84393161,247.890732,1.46774472,34.72026577,423.6944089,1,594.8481838,365.7020126,12518.97271,1,31.20078753,25.90232843,17.38746209,5.083024137,8.847068515,0.374563548,0.056226054,4140.823382,7.877365296,70.75449014,110.7079072,74.97078526,259.2211876,127.803691,442.0431636,0.879878166,12.29504118,99.35692624,40.20714807
2009,Dara,Izra,1,7986,17170,2150.012522,0.087018771,1.658654183,601.0467931,13.99395153,217.4263142,1.470306952,41.10287596,441.4595726,1,594.9833148,365.5440226,12421.9631,1,10.9531787,26.01770358,17.25272653,4.683452551,8.528038115,0.510143864,0.090438757,4294.046984,7.923266829,69.22443902,106.2655893,80.04337704,304.9995277,92.06481307,460.4442333,0.522892419,12.7609944,98.58700876,44.50057937
2009,Dara,Izra,2,6742,5596,830.0207654,0.087018771,1.658654183,601.0467931,13.99395153,217.4263142,1.470306952,41.10287596,441.4595726,1,594.9833148,365.5440226,12421.9631,1,10.9531787,26.01770358,17.25272653,4.683452551,8.528038115,0.510143864,0.090438757,4294.046984,7.923266829,69.22443902,106.2655893,80.04337704,304.9995277,92.06481307,460.4442333,0.522892419,12.7609944,98.58700876,44.50057937
2009,Dara,Izra,3,55,25,454.5454545,0.087018771,1.658654183,601.0467931,13.99395153,217.4263142,1.470306952,41.10287596,441.4595726,1,594.9833148,365.5440226,12421.9631,1,10.9531787,26.01770358,17.25272653,4.683452551,8.528038115,0.510143864,0.090438757,4294.046984,7.923266829,69.22443902,106.2655893,80.04337704,304.9995277,92.06481307,460.4442333,0.522892419,12.7609944,98.58700876,44.50057937
2009,Hama,Al_Ghab,1,3161,12031,3806.074027,0.049595436,1.643165164,1255.275305,36.85189511,139.7759455,1.347860465,28.59829587,349.5799349,1,352.189296,903.7794585,12053.74713,1,139.7020723,26.79968617,16.74131546,3.695596862,26.52034698,0.733693503,0.124156464,3405.270699,6.782044179,92.73480597,87.6535716,112.0248356,605.6322395,280.5196852,361.9957542,4.508295663,42.21571718,95.66465975,35.28868661
2009,Hama,As_Salamiyeh,2,3118,9666,3100.064144,0.504159747,4.926087865,360.3703313,9.965463324,191.2833095,1.455325727,20.3416433,317.9445519,1,514.8899545,356.5834838,13041.66912,1,39.708665,29.01819335,18.11342933,3.719917713,9.85325044,0.260274402,0.041548225,3615.19244,7.805379097,73.15403011,76.01235375,87.03998112,176.5065004,260.9011364,420.1232357,0.788382027,9.040582617,96.49468953,29.78971963
2009,Hama,Hama,1,8508,12728,1496.003761,0.227677668,4.733216797,654.8874094,18.01641388,192.7904067,1.455316559,28.89107986,399.9433813,1,367.8882638,417.9595156,13165.98935,1,25.04294796,28.6796763,18.28609632,4.275100785,11.47925107,0.489089345,0.095670193,3633.948741,7.530149647,82.32834509,83.99794072,97.64709104,320.1907377,199.991121,385.7041579,0.890006436,18.48653952,95.50802103,22.43352601
2009,Hama,Hama,2,3658,3658,1000,0.227677668,4.733216797,654.8874094,18.01641388,192.7904067,1.455316559,28.89107986,399.9433813,1,367.8882638,417.9595156,13165.98935,1,25.04294796,28.6796763,18.28609632,4.275100785,11.47925107,0.489089345,0.095670193,3633.948741,7.530149647,82.32834509,83.99794072,97.64709104,320.1907377,199.991121,385.7041579,0.890006436,18.48653952,95.50802103,22.43352601
2009,Hama,Masyaf,1,3280,11381,3469.817073,0.076403686,1.92474214,1325.744053,36.82616175,150.0452924,1.353623889,29.44578727,387.4121925,1,532.6863029,746.5899943,11887.10271,1,139.1245061,26.25774614,16.50986488,3.639907253,20.77034177,0.617352367,0.083210192,3599.006056,6.889563149,96.31877164,91.21051216,106.8347371,665.7129863,261.5816804,350.4100182,3.339515959,38.59856987,94.34208503,5.952755906
2009,Hama,Muhradah,1,634,1954,3082.018927,0.05125136,1.195215355,869.8666174,24.53875868,210.5076775,1.449025265,33.05226761,439.5914949,1,254.483542,705.087796,13118.65373,1,22.9822089,28.37544441,18.2203524,4.574304209,19.93200335,0.707936804,0.135752329,3543.868055,7.358416593,88.05278024,89.72451763,105.1055115,416.5951762,196.6763121,347.9956241,0.787416154,25.49695415,95.88370059,10.50963597
2009,Hassakeh,Al_Malika,1,1620,1572,970.3703704,0.273788898,2.626098262,821.7023628,17.67946439,177.7179584,1.393407522,35.81191186,396.1542193,1,442.2589019,298.6068444,13406.03363,1,11.47143655,33.48399709,18.61949115,1.582791476,6.438534416,0.57234482,0.105162402,4646.778602,7.401004555,86.63318149,87.19923371,94.50804296,398.0325892,182.2285639,417.2135132,0.627665989,23.0979689,93.60290769,71.48066457
2009,Hassakeh,Al_Malika,2,90,12,133.3333333,0.273788898,2.626098262,821.7023628,17.67946439,177.7179584,1.393407522,35.81191186,396.1542193,1,442.2589019,298.6068444,13406.03363,1,11.47143655,33.48399709,18.61949115,1.582791476,6.438534416,0.57234482,0.105162402,4646.778602,7.401004555,86.63318149,87.19923371,94.50804296,398.0325892,182.2285639,417.2135132,0.627665989,23.0979689,93.60290769,71.48066457
2009,Hassakeh,Hassakeh,1,1204,191,158.6378738,1.234999017,5.292191536,413.3703385,9.225985109,179.2026918,1.453912692,22.75778998,312.1287676,1,352.2277754,230.0891015,14538.89225,1,19.1175947,33.86527548,20.1929059,3.452961385,5.147152785,0.189810446,0.023128709,4479.500821,7.76640865,74.453045,79.77497417,85.27156096,195.0221708,232.8497925,449.1236429,0.493960645,10.83503123,84.61196629,55.44769984
2009,Hassakeh,Hassakeh,2,9401,1373,146.0482927,1.234999017,5.292191536,413.3703385,9.225985109,179.2026918,1.453912692,22.75778998,312.1287676,1,352.2277754,230.0891015,14538.89225,1,19.1175947,33.86527548,20.1929059,3.452961385,5.147152785,0.189810446,0.023128709,4479.500821,7.76640865,74.453045,79.77497417,85.27156096,195.0221708,232.8497925,449.1236429,0.493960645,10.83503123,84.61196629,55.44769984
2009,Hassakeh,Quamishli,1,51139,11711,229.0033047,0.384508781,3.376182941,653.4022866,14.31031672,189.6343908,1.4227755,32.71215887,381.6987929,1,387.3408823,250.6502927,13926.30759,1,4.224880292,33.83830082,19.34209387,2.447491195,5.501519993,0.386545438,0.064797415,4564.952657,7.499177245,83.3607585,82.60651668,91.6286769,319.7093487,188.6721752,424.1715544,0.236333983,15.93920513,89.47374931,2.151515152
2009,Hassakeh,Ras_Al_Ain,1,3191,410,128.4863679,0.383012451,4.287075453,483.2799684,11.2537463,181.239228,1.436138441,29.13638552,428.1986409,1,428.0325777,357.8611942,13850.11591,1,10.62784115,33.22884058,19.23627209,2.638289289,8.366096851,0.389049506,0.067441482,4293.391891,7.607914063,79.7361979,77.15720177,89.67456414,220.1097987,158.4989891,413.1203426,0.413294717,15.5378662,90.07844518,3.258706468
2009,Hassakeh,Ras_Al_Ain,2,4872,761,156.1986864,0.383012451,4.287075453,483.2799684,11.2537463,181.239228,1.436138441,29.13638552,428.1986409,1,428.0325777,357.8611942,13850.11591,1,10.62784115,33.22884058,19.23627209,2.638289289,8.366096851,0.389049506,0.067441482,4293.391891,7.607914063,79.7361979,77.15720177,89.67456414,220.1097987,158.4989891,413.1203426,0.413294717,15.5378662,90.07844518,3.258706468
2009,Hassakeh,Ras_Al_Ain,3,3545,532,150.0705219,0.383012451,4.287075453,483.2799684,11.2537463,181.239228,1.436138441,29.13638552,428.1986409,1,428.0325777,357.8611942,13850.11591,1,10.62784115,33.22884058,19.23627209,2.638289289,8.366096851,0.389049506,0.067441482,4293.391891,7.607914063,79.7361979,77.15720177,89.67456414,220.1097987,158.4989891,413.1203426,0.413294717,15.5378662,90.07844518,3.258706468
2009,Homs,Al_Maghrim,2,144,154,1069.444444,0.306769432,2.913060825,306.7560153,8.253015321,218.2032013,1.457191708,18.26401052,311.7343597,1,797.1330828,329.1708963,11849.74214,1,104.0896137,27.1065661,16.4579752,2.595554824,8.859138042,0.194190047,0.020815214,3715.89623,7.836838992,72.10536695,72.37429642,85.47255796,155.5435554,282.185961,406.7754786,1.39213165,8.706368852,94.04557256,23.70967742
2009,Homs,Al_Maghrim,3,202,86,425.7425743,0.306769432,2.913060825,306.7560153,8.253015321,218.2032013,1.457191708,18.26401052,311.7343597,1,797.1330828,329.1708963,11849.74214,1,104.0896137,27.1065661,16.4579752,2.595554824,8.859138042,0.194190047,0.020815214,3715.89623,7.836838992,72.10536695,72.37429642,85.47255796,155.5435554,282.185961,406.7754786,1.39213165,8.706368852,94.04557256,23.70967742
2009,Homs,Al_Quasir,1,1366,4406,3225.475842,0.079506691,1.850323115,758.9995504,19.8508938,228.7835016,1.423727806,26.81275048,398.4009405,1,596.8480096,428.2050468,12153.8358,1,19.08778159,26.83555423,16.8803275,3.518769114,11.24991958,0.46300624,0.073731847,3822.503154,7.575372583,80.8209139,95.31058975,96.23027866,379.7003997,214.1664714,361.619498,0.932790651,19.01649265,96.45901429,81.53370847
2009,Homs,Ar_Rastan,1,1200,3390,2825,0.023749721,0.879988685,661.8948905,17.5714468,217.7540281,1.490165194,31.51599766,455.9867872,1,435.4754306,446.1207217,12830.46943,1,32.93536539,27.6550922,17.82009643,4.319662573,11.81016025,0.554416153,0.101984614,3765.877583,7.628313312,79.05622294,87.39742938,98.00799872,324.1748158,194.2140276,350.5086574,1.105333487,20.10500042,98.17087757,64.92877493
2009,Homs,Ar_Rastan,2,1071,2075,1937.441643,0.023749721,0.879988685,661.8948905,17.5714468,217.7540281,1.490165194,31.51599766,455.9867872,1,435.4754306,446.1207217,12830.46943,1,32.93536539,27.6550922,17.82009643,4.319662573,11.81016025,0.554416153,0.101984614,3765.877583,7.628313312,79.05622294,87.39742938,98.00799872,324.1748158,194.2140276,350.5086574,1.105333487,20.10500042,98.17087757,64.92877493
2009,Homs,Homs,1,10341,25005,2418.044677,0.661463232,5.466555194,393.3501194,10.22050981,170.4993423,1.454793713,18.39390553,334.3746299,1,749.4069726,383.5481846,11740.72065,1,42.53240625,26.76886569,16.3061872,2.501180046,9.99914014,0.217190254,0.028263359,3847.635017,7.822295424,72.59015253,79.1507188,86.80521126,198.0438342,262.3261291,400.8940442,1.265880206,10.65134129,93.17821257,61.8628226
2009,Homs,Homs,2,797,1893,2375.156838,0.661463232,5.466555194,393.3501194,10.22050981,170.4993423,1.454793713,18.39390553,334.3746299,1,749.4069726,383.5481846,11740.72065,1,42.53240625,26.76886569,16.3061872,2.501180046,9.99914014,0.217190254,0.028263359,3847.635017,7.822295424,72.59015253,79.1507188,86.80521126,198.0438342,262.3261291,400.8940442,1.265880206,10.65134129,93.17821257,61.8628226
2009,Idleb,Al_Jisr_Ash_Shu,1,4086,14791,3619.921684,0.061795348,1.387996783,1220.156655,36.27551628,177.540447,1.380476929,27.89801472,304.6574213,1,349.3955892,632.3586972,12243.48407,1,101.3142959,27.24412221,17.00483899,3.717724666,18.80059876,0.596123445,0.089416849,3362.581776,6.711311118,90.37703725,87.11414744,110.7355206,572.5426266,309.262822,377.4719518,3.793157673,40.90641577,97.1705085,19.55376344
2009,Idleb,Al_Mara,1,1646,4836,2938.031592,0.219400577,2.789560748,755.4915464,21.37354734,161.5969773,1.44106543,30.50289991,387.8445436,1,426.7153644,432.7299923,12876.73287,1,29.05957912,28.67185981,17.8843512,3.730682873,12.26473594,0.543444649,0.113177263,3533.703596,7.422356298,85.92145674,82.6749824,105.4327749,364.0574913,211.8633148,395.4624714,1.089096217,21.8826255,97.80370741,2.740740741
2009,Idleb,Al_Mara,2,1365,2730,2000,0.219400577,2.789560748,755.4915464,21.37354734,161.5969773,1.44106543,30.50289991,387.8445436,1,426.7153644,432.7299923,12876.73287,1,29.05957912,28.67185981,17.8843512,3.730682873,12.26473594,0.543444649,0.113177263,3533.703596,7.422356298,85.92145674,82.6749824,105.4327749,364.0574913,211.8633148,395.4624714,1.089096217,21.8826255,97.80370741,2.740740741
2009,Idleb,Ariha,1,904,1822,2015.486726,0.06189382,1.20144567,970.2670254,27.75104888,178.7756591,1.396585143,27.93576679,350.6523137,1,582.149967,480.0836285,11953.86688,1,87.67581128,27.37809647,16.60259289,2.881420264,13.74923299,0.460815503,0.067824149,3495.325597,7.15618642,94.79378601,88.690252,109.6869744,471.7660703,264.1637633,380.2716742,2.592602428,31.56046909,94.87195936,35.35190616
2009,Idleb,Harim,1,1104,3100,2807.971014,0.076955511,1.744823344,1056.958639,30.45094148,208.4698796,1.397594182,27.2782689,356.5012631,1,400.6489695,499.9459245,12445.58854,1,91.8753057,28.37074389,17.28553964,3.011567931,14.43006905,0.498807285,0.075607885,3470.021214,7.125463716,95.81787612,74.356541,115.0879787,494.4040133,243.3845318,396.2349649,3.52892128,34.93256475,98.77451221,7.104166667
2009,Idleb,Idleb,1,3573,11033,3087.881332,0.125820372,2.188331063,871.6967846,24.35753872,133.1604544,1.441830046,29.96636028,396.7139838,1,349.4829207,516.3347001,12930.75053,1,18.66965742,28.81927168,17.95937574,3.728531167,14.40612525,0.615032639,0.122000957,3577.755615,7.363514149,87.8828617,80.86179575,109.2656189,422.3891372,201.4720497,378.6673336,0.928862474,24.86059375,97.37499576,24.08243728
2009,Lattakia,Al_Hafa,1,983,2306,2345.879959,0.056619889,1.298629777,1743.152745,51.26557306,251.0029312,1.264981734,25.51066723,281.7179779,1,615.8606536,851.0675132,11676.69127,1,289.7612345,26.1574246,16.21762677,3.744179372,25.0293476,0.615107679,0.059331397,3399.240437,6.168576676,72.28588919,81.99690029,118.5788085,811.1632944,357.4897846,356.8800356,4.643245661,56.30098333,92.67215297,75.1082544
2009,Lattakia,Al_Qardaha,1,513,1396,2721.247563,0.030228789,0.883071844,1652.076734,48.24806228,235.6423718,1.266061629,25.08147767,304.5236994,1,540.3966252,940.5810248,11984.48026,1,281.3834412,26.13924204,16.64511147,4.564478908,27.43743029,0.651348503,0.065192768,3423.130745,6.246956385,74.89854616,84.42152351,114.8080937,775.7390795,333.7468418,356.7924855,4.669937499,58.43730767,95.11492268,62.20930233
2009,Lattakia,Jablah,1,1616,3500,2165.841584,0.056903002,1.06433536,1637.068386,46.99989964,242.7106218,1.288362214,25.18450697,312.336117,1,539.9002309,797.0826025,11878.83809,1,269.6827043,25.91431948,16.49838623,4.721259728,22.86026014,0.581481852,0.060164217,3482.131663,6.394601508,79.82005026,88.06004115,110.0322141,787.721344,319.9496365,362.0527367,4.337486611,50.9748085,94.27649275,69.6122449
2009,Lattakia,Lattakia,1,875,2402,2745.142857,0.097763298,1.762987067,1776.023775,50.43926218,209.5944837,1.261131142,24.7105126,304.2298707,1,231.7146206,1120.69156,12841.8004,1,104.336183,26.70929283,17.83583389,6.339285995,31.83409614,0.676989741,0.068443091,3520.113708,6.347943236,78.26477454,83.08091494,114.4698991,789.8790063,328.3346711,334.66475,3.391717815,52.37302557,98.08094918,87.11285641
2009,Tartous,Banyas,1,6020,6394,1062.126246,0.064347484,1.259569202,1595.476217,44.04066881,227.2029485,1.248880866,25.12215029,311.6023136,1,597.2024401,815.1918023,11640.28121,1,239.5189203,25.56937044,16.16705723,4.429619276,22.50931898,0.575056214,0.058883759,3621.733851,6.402940695,80.09802315,90.10829699,108.3632163,773.375162,311.2379664,363.3411414,4.321198421,51.28226288,92.3831842,78.70526316
2009,Tartous,Dreikisch,1,864,781,903.9351852,0.020699473,0.796408619,1694.871504,46.88925839,216.934763,1.299036482,24.8601254,322.079217,1,504.6634677,806.8992588,12239.50595,1,163.4163054,25.94782759,16.99931382,5.392263594,22.32543192,0.619588814,0.063116362,3613.626381,6.512992812,83.76642708,90.61156005,108.9060638,841.7712904,306.9629607,371.5972167,3.497485148,47.28655449,97.1389361,23.43243243
2009,Tartous,Safita,1,1105,1340,1212.669683,0.047070335,1.157636077,1669.056218,46.51805631,212.2246192,1.350786518,24.81991989,329.6296751,1,294.0703481,775.9892647,13009.49259,1,85.74052064,26.66944825,18.06873971,6.553456258,21.65475085,0.637536979,0.080896444,3586.974973,6.807968775,93.59895915,89.34921883,108.4893754,825.2695973,291.9812893,377.4132804,2.351750182,44.6094789,96.75005883,76.62715679
2009,Tartous,Sheikh_Badr,1,1385,1317,950.9025271,0.005349553,0.386265066,1666.297461,45.96009197,214.3609237,1.284536565,24.92166647,316.9745763,,488.3054996,799.4558611,12128.27751,1,198.9956955,25.73250416,16.84482987,5.399070928,22.0542688,0.605317364,0.058508739,3624.531172,6.413826005,80.46086682,89.80516829,109.6387934,820.820512,307.9387223,375.526846,3.662482193,53.80450397,96.25617071,0.666666667
2009,Tartous,Tartous,1,412,441,1070.38835,0.049162657,1.417978043,1423.059656,38.67412514,226.602822,1.337365278,24.38800112,328.0083572,1,151.3380759,860.6293009,13474.0594,1,85.26540945,26.82983642,18.71397138,8.057045889,23.4264742,0.613834382,0.078338615,3678.61693,6.801489796,93.38299321,88.80489957,106.7028745,689.2767472,293.3316743,364.969705,1.987711269,46.76351549,93.06302066,64.49344978
2011,Al_Qunaytirah,Al_Qunaytirah,1,6076,9296,1529.953917,0.120668536,1.817203669,1158.90686,28.76195975,196.6396652,1.392797379,36.80800834,452.0421233,1,812.7813464,559.3739204,12024.09935,1,99.78962314,27.21650052,16.70013799,7.856630982,13.93200645,0.676877189,0.150750296,4028.304229,7.519971534,82.66761553,114.7670119,93.71679413,623.8593543,184.0334609,363.9594199,3.215624823,25.20123137,95.42935993,62.36754297
2011,Aleppo,Afrin,1,6527,19222,2944.997702,0.194810459,2.230856022,1052.969823,29.52549781,184.8305861,1.371035123,25.51170824,404.3181051,1,493.5760545,495.1071685,12410.3783,1,89.965976,30.28283912,17.23663653,5.550083874,13.89573128,0.47511762,0.067679524,3565.306755,7.198506433,93.3831189,86.48511043,105.2300321,499.6369421,192.8950466,401.4796676,3.206478872,32.26458622,98.49506589,72.67440361
2011,Aleppo,As_Safira,2,1831,626,341.8896778,0.226229514,2.727688396,437.9999399,11.93489114,194.0542344,1.456944439,23.81607607,339.9130212,1,386.7828001,370.940218,13741.58836,1,58.56984464,32.01754758,19.08553939,6.86709845,10.11855919,0.367058826,0.067077785,3668.911479,7.634697244,78.8434252,94.20299319,84.27408805,221.6349965,209.796782,447.6738108,1.021027812,12.3940763,90.93977491,61.3127161
2011,Aleppo,As_Safira,3,2138,2940,1375.116932,0.226229514,2.727688396,437.9999399,11.93489114,194.0542344,1.456944439,23.81607607,339.9130212,1,386.7828001,370.940218,13741.58836,1,58.56984464,32.01754758,19.08553939,6.86709845,10.11855919,0.367058826,0.067077785,3668.911479,7.634697244,78.8434252,94.20299319,84.27408805,221.6349965,209.796782,447.6738108,1.021027812,12.3940763,90.93977491,61.3127161
2011,Aleppo,Azaz,1,25118,23937,952.9819253,0.121728487,2.146811382,737.6562208,19.66237291,180.5676029,1.396196968,30.36538609,429.7996425,1,481.8095159,498.2781115,12848.43525,1,12.33630082,31.40882749,17.84504896,5.712116833,13.28785847,0.621796552,0.148133538,3750.61342,7.471901984,84.26993387,91.06414375,95.80511534,351.6400462,165.5478602,396.9674719,0.559398203,24.25735487,98.02829168,30.7875817
2011,Aleppo,Azaz,2,2530,4248,1679.051383,0.121728487,2.146811382,737.6562208,19.66237291,180.5676029,1.396196968,30.36538609,429.7996425,1,481.8095159,498.2781115,12848.43525,1,12.33630082,31.40882749,17.84504896,5.712116833,13.28785847,0.621796552,0.148133538,3750.61342,7.471901984,84.26993387,91.06414375,95.80511534,351.6400462,165.5478602,396.9674719,0.559398203,24.25735487,98.02829168,30.7875817
2011,Aleppo,Jebel_Saman,1,4461,7730,1732.795337,0.320135248,3.90953411,651.2596211,18.06350107,185.7492815,1.399045613,26.85095306,367.0160671,1,348.6130778,449.9144939,13490.99012,1,24.0041333,31.45270711,18.73748628,6.825072106,12.48416209,0.495728172,0.105682081,3604.389778,7.511498758,82.95004141,90.21282571,93.19488056,318.7446258,183.2856532,401.209007,0.780531933,17.98196178,92.92864985,28.18423019
2011,Aleppo,Jebel_Saman,2,6828,7470,1094.024605,0.320135248,3.90953411,651.2596211,18.06350107,185.7492815,1.399045613,26.85095306,367.0160671,1,348.6130778,449.9144939,13490.99012,1,24.0041333,31.45270711,18.73748628,6.825072106,12.48416209,0.495728172,0.105682081,3604.389778,7.511498758,82.95004141,90.21282571,93.19488056,318.7446258,183.2856532,401.209007,0.780531933,17.98196178,92.92864985,28.18423019
2011,Aleppo,Jebel_Saman,3,1806,216,119.6013289,0.320135248,3.90953411,651.2596211,18.06350107,185.7492815,1.399045613,26.85095306,367.0160671,1,348.6130778,449.9144939,13490.99012,1,24.0041333,31.45270711,18.73748628,6.825072106,12.48416209,0.495728172,0.105682081,3604.389778,7.511498758,82.95004141,90.21282571,93.19488056,318.7446258,183.2856532,401.209007,0.780531933,17.98196178,92.92864985,28.18423019
2011,As_Suweida,As_Suwayda,1,948,964,1016.877637,0.245068348,2.898837435,376.6690498,8.404708989,164.7488635,1.44067499,22.83274428,379.7186382,1,936.6083153,283.08832,12812.69906,1,132.549277,29.49736497,17.79541536,7.78903621,6.363786498,0.293556033,0.044539695,4480.642973,7.882238542,70.59204861,114.4880421,75.65199069,177.4795815,218.1895834,401.1968401,1.365785859,8.704768714,98.3119122,36.89205703
2011,As_Suweida,As_Suwayda,2,8490,9092,1070.906949,0.245068348,2.898837435,376.6690498,8.404708989,164.7488635,1.44067499,22.83274428,379.7186382,1,936.6083153,283.08832,12812.69906,1,132.549277,29.49736497,17.79541536,7.78903621,6.363786498,0.293556033,0.044539695,4480.642973,7.882238542,70.59204861,114.4880421,75.65199069,177.4795815,218.1895834,401.1968401,1.365785859,8.704768714,98.3119122,36.89205703
2011,As_Suweida,Salkhad,2,7808,4840,619.8770492,0.19678529,2.476461818,344.7141353,7.699887839,175.7154581,1.445399312,22.89129271,345.5826409,1,1096.653045,280.2760582,12542.32569,1,151.5089895,29.20219053,17.41989679,7.278730248,6.309036739,0.271919693,0.040133255,4475.872164,7.899676731,70.01077564,119.2349348,70.310251,155.7504096,268.1481021,387.011929,1.285466681,8.340411369,99.54226738,38.32058288
2011,As_Suweida,Salkhad,3,310,93,300,0.19678529,2.476461818,344.7141353,7.699887839,175.7154581,1.445399312,22.89129271,345.5826409,1,1096.653045,280.2760582,12542.32569,1,151.5089895,29.20219053,17.41989679,7.278730248,6.309036739,0.271919693,0.040133255,4475.872164,7.899676731,70.01077564,119.2349348,70.310251,155.7504096,268.1481021,387.011929,1.285466681,8.340411369,99.54226738,38.32058288
2011,As_Suweida,Shahba,2,4698,4487,955.0872712,0.197527256,2.191659403,392.7017112,9.074989382,172.1533402,1.451189377,19.92857504,355.5120454,1,812.086703,277.9832103,12969.58394,1,62.52582608,29.56966581,18.01331103,7.901621788,6.433901114,0.236936815,0.035650869,4326.296646,7.921607895,69.27973685,107.6745404,77.93731573,194.7408042,217.4198839,427.8247932,0.996377189,7.542191094,97.06679412,8.194029851
2011,As_Suweida,Shahba,3,475,321,675.7894737,0.197527256,2.191659403,392.7017112,9.074989382,172.1533402,1.451189377,19.92857504,355.5120454,1,812.086703,277.9832103,12969.58394,1,62.52582608,29.56966581,18.01331103,7.901621788,6.433901114,0.236936815,0.035650869,4326.296646,7.921607895,69.27973685,107.6745404,77.93731573,194.7408042,217.4198839,427.8247932,0.996377189,7.542191094,97.06679412,8.194029851
2011,Damascus,An_Nabk,3,15,6,400,0.109668581,1.50691639,409.2761508,9.822386066,155.3219186,1.425568843,17.53600335,278.9022471,1,1377.627627,288.497926,10668.58979,1,210.038337,27.27224249,14.81748583,4.2519,6.928156745,0.145786428,0.012026474,4165.769133,7.786512673,73.78291091,94.23686019,79.56552206,210.5837568,316.1138341,404.2577387,3.567828626,9.921132736,84.67134757,5.130434783
2011,Damascus,At_Tall,2,30,84,2800,0.044028509,1.064884239,655.5320334,16.63768229,162.1199029,1.40030382,25.61268638,363.9933535,1,1466.66102,375.3306388,10109.03135,1,145.3541383,26.38199551,14.04032133,3.587132944,9.531219831,0.24751176,0.034376561,3939.044184,7.636543834,78.78187219,104.1142896,87.49423337,358.2859765,274.0306517,362.7005117,3.630504348,17.15543139,80.23040757,1.666666667
2011,Damascus,At_Tall,3,1,2,2000,0.044028509,1.064884239,655.5320334,16.63768229,162.1199029,1.40030382,25.61268638,363.9933535,1,1466.66102,375.3306388,10109.03135,1,145.3541383,26.38199551,14.04032133,3.587132944,9.531219831,0.24751176,0.034376561,3939.044184,7.636543834,78.78187219,104.1142896,87.49423337,358.2859765,274.0306517,362.7005117,3.630504348,17.15543139,80.23040757,1.666666667
2011,Damascus,Qatana,1,590,1643,2784.745763,0.093841203,1.750152374,846.655869,20.82177045,126.6999471,1.390187794,33.83029859,446.2725683,1,1076.168708,415.2731131,11257.93887,1,134.8032696,27.38911892,15.63602621,5.892942224,10.22609544,0.416111257,0.074243114,4065.20499,7.631263536,78.95788213,110.4634695,89.17054271,460.6228358,198.523565,355.7564594,3.240654984,17.95975534,89.34872121,10.25471698
2011,Damascus,Qatana,2,763,1821,2386.631717,0.093841203,1.750152374,846.655869,20.82177045,126.6999471,1.390187794,33.83029859,446.2725683,1,1076.168708,415.2731131,11257.93887,1,134.8032696,27.38911892,15.63602621,5.892942224,10.22609544,0.416111257,0.074243114,4065.20499,7.631263536,78.95788213,110.4634695,89.17054271,460.6228358,198.523565,355.7564594,3.240654984,17.95975534,89.34872121,10.25471698
2011,Damascus,Qatana,3,31,58,1870.967742,0.093841203,1.750152374,846.655869,20.82177045,126.6999471,1.390187794,33.83029859,446.2725683,1,1076.168708,415.2731131,11257.93887,1,134.8032696,27.38911892,15.63602621,5.892942224,10.22609544,0.416111257,0.074243114,4065.20499,7.631263536,78.95788213,110.4634695,89.17054271,460.6228358,198.523565,355.7564594,3.240654984,17.95975534,89.34872121,10.25471698
2011,Damascus,Yabrud,2,70,5,71.42857143,0.055958524,1.256549001,819.997562,21.29900043,151.1400992,1.388098698,24.46438451,298.4432339,1,1851.02324,422.9357599,8904.281449,1,231.2609004,24.61523273,12.36705757,1.814865884,10.98790621,0.191576242,0.035677914,3848.934482,7.507783175,83.07389417,117.774663,87.42705852,451.3738663,327.2389854,375.052399,3.28542421,18.12267988,70.66890039,3.666666667
2011,Dara,As_Sanamayn,1,1500,2580,1720,0.126365387,2.232014688,534.0166794,12.63403524,180.1350323,1.464749006,30.99856142,436.994746,1,676.2522372,340.4507016,12811.33167,1,14.37105451,28.87890708,17.79351621,8.052474776,8.044574265,0.446022922,0.090525842,4225.810115,7.860602751,71.31324164,106.7513779,79.87841591,275.1778126,132.4975201,430.6093861,0.669011199,10.00010737,98.32276452,28.32124352
2011,Dara,As_Sanamayn,2,7515,10295,1369.926813,0.126365387,2.232014688,534.0166794,12.63403524,180.1350323,1.464749006,30.99856142,436.994746,1,676.2522372,340.4507016,12811.33167,1,14.37105451,28.87890708,17.79351621,8.052474776,8.044574265,0.446022922,0.090525842,4225.810115,7.860602751,71.31324164,106.7513779,79.87841591,275.1778126,132.4975201,430.6093861,0.669011199,10.00010737,98.32276452,28.32124352
2011,Dara,As_Sanamayn,3,1564,1184,757.0332481,0.126365387,2.232014688,534.0166794,12.63403524,180.1350323,1.464749006,30.99856142,436.994746,1,676.2522372,340.4507016,12811.33167,1,14.37105451,28.87890708,17.79351621,8.052474776,8.044574265,0.446022922,0.090525842,4225.810115,7.860602751,71.31324164,106.7513779,79.87841591,275.1778126,132.4975201,430.6093861,0.669011199,10.00010737,98.32276452,28.32124352
2011,Dara,Dara,1,4162,7492,1800.096108,0.151895403,2.467237111,487.8379764,11.96107821,247.890732,1.46774472,34.72026577,423.6944089,1,594.8481838,398.5171731,12866.54561,1,31.20078753,28.12160774,17.87020224,8.718346421,9.779137592,0.515701592,0.093209968,4077.545161,7.877365296,70.75449014,117.5665221,73.12974627,240.2950499,127.803691,442.0431636,0.879878166,12.29504118,97.88455866,40.20714807
2011,Dara,Dara,2,12769,17877,1400.031326,0.151895403,2.467237111,487.8379764,11.96107821,247.890732,1.46774472,34.72026577,423.6944089,1,594.8481838,398.5171731,12866.54561,1,31.20078753,28.12160774,17.87020224,8.718346421,9.779137592,0.515701592,0.093209968,4077.545161,7.877365296,70.75449014,117.5665221,73.12974627,240.2950499,127.803691,442.0431636,0.879878166,12.29504118,97.88455866,40.20714807
2011,Dara,Dara,3,445,314,705.6179775,0.151895403,2.467237111,487.8379764,11.96107821,247.890732,1.46774472,34.72026577,423.6944089,1,594.8481838,398.5171731,12866.54561,1,31.20078753,28.12160774,17.87020224,8.718346421,9.779137592,0.515701592,0.093209968,4077.545161,7.877365296,70.75449014,117.5665221,73.12974627,240.2950499,127.803691,442.0431636,0.879878166,12.29504118,97.88455866,40.20714807
2011,Dara,Izra,1,8234,15866,1926.888511,0.087018771,1.658654183,568.7360667,13.50400832,217.4263142,1.470306952,41.10287596,441.4595726,1,594.9833148,408.5792524,12780.47669,1,10.9531787,28.20036401,17.75066207,8.478087065,9.715307674,0.586395753,0.123856044,4210.609273,7.923266829,69.22443902,115.0035368,78.12030264,291.3577312,92.06481307,460.4442333,0.522892419,12.7609944,98.56764531,44.50057937
2011,Dara,Izra,2,8936,10536,1179.05103,0.087018771,1.658654183,568.7360667,13.50400832,217.4263142,1.470306952,41.10287596,441.4595726,1,594.9833148,408.5792524,12780.47669,1,10.9531787,28.20036401,17.75066207,8.478087065,9.715307674,0.586395753,0.123856044,4210.609273,7.923266829,69.22443902,115.0035368,78.12030264,291.3577312,92.06481307,460.4442333,0.522892419,12.7609944,98.56764531,44.50057937
2011,Dara,Izra,3,70,56,800,0.087018771,1.658654183,568.7360667,13.50400832,217.4263142,1.470306952,41.10287596,441.4595726,1,594.9833148,408.5792524,12780.47669,1,10.9531787,28.20036401,17.75066207,8.478087065,9.715307674,0.586395753,0.123856044,4210.609273,7.923266829,69.22443902,115.0035368,78.12030264,291.3577312,92.06481307,460.4442333,0.522892419,12.7609944,98.56764531,44.50057937
2011,Hama,Al_Ghab,1,3339,11721,3510.332435,0.049595436,1.643165164,1281.456588,37.39440108,139.7759455,1.347860465,28.59829587,349.5799349,1,352.189296,933.8125601,12451.26161,1,139.7020723,28.6051686,17.2934189,7.388366459,27.21416949,0.72649277,0.128253479,3425.867529,6.782044179,92.73480597,97.49931315,110.0647922,708.2816282,280.5196852,361.9957542,4.508295663,42.21571718,98.81953658,35.28868661
2011,Hama,As_Salamiyeh,2,2925,292,99.82905983,0.504159747,4.926087865,387.6597794,10.74191885,191.2833095,1.455325727,20.3416433,317.9445519,1,514.8899545,358.3115757,13340.82879,1,39.708665,31.24158222,18.52892888,6.863961314,9.922200677,0.251649174,0.039080116,3607.85038,7.805379097,73.15403011,85.87214585,84.10326368,194.4603576,260.9011364,420.1232357,0.788382027,9.040582617,94.12040639,29.78971963
2011,Hama,Hama,1,5753,13765,2392.664697,0.227677668,4.733216797,659.16019,18.19472061,192.7904067,1.455316559,28.89107986,399.9433813,1,367.8882638,424.8686658,13463.31147,1,25.04294796,30.79445889,18.69904371,7.609160979,11.70764447,0.489739023,0.102730573,3621.810176,7.530149647,82.32834509,93.07834543,93.45389261,361.178733,199.991121,385.7041579,0.890006436,18.48653952,93.14832163,22.43352601
2011,Hama,Hama,2,2669,4680,1753.465717,0.227677668,4.733216797,659.16019,18.19472061,192.7904067,1.455316559,28.89107986,399.9433813,1,367.8882638,424.8686658,13463.31147,1,25.04294796,30.79445889,18.69904371,7.609160979,11.70764447,0.489739023,0.102730573,3621.810176,7.530149647,82.32834509,93.07834543,93.45389261,361.178733,199.991121,385.7041579,0.890006436,18.48653952,93.14832163,22.43352601
2011,Hama,Masyaf,1,2313,2957,1278.426286,0.076403686,1.92474214,1329.411142,36.86035988,150.0452924,1.353623889,29.44578727,387.4121925,1,532.6863029,774.278012,12263.6731,1,139.1245061,28.13279198,17.0328793,7.454858744,21.46365321,0.63156232,0.093635811,3605.614657,6.889563149,96.31877164,98.41547557,101.1486662,757.5334718,261.5816804,350.4100182,3.339515959,38.59856987,97.33073885,5.952755906
2011,Hama,Muhradah,1,314,1110,3535.031847,0.05125136,1.195215355,847.1966401,23.87675936,210.5076775,1.449025265,33.05226761,439.5914949,1,254.483542,710.2559473,13469.96229,1,22.9822089,30.47307333,18.70828096,8.139701038,20.05602008,0.672984905,0.142417429,3547.206134,7.358416593,88.05278024,97.51533353,98.57477285,470.695568,196.6763121,347.9956241,0.787416154,25.49695415,93.09553735,10.50963597
2011,Hassakeh,Al_Malika,1,24995,20771,831.0062012,0.273788898,2.626098262,976.1586689,21.60253232,177.7179584,1.393407522,35.81191186,396.1542193,1,442.2589019,393.8774156,13666.4967,1,11.47143655,33.96345322,18.98124542,5.30754703,8.721070792,0.699182629,0.160136116,4517.723336,7.401004555,86.63318149,94.87911742,96.61260723,521.5367541,182.2285639,417.2135132,0.627665989,23.0979689,91.53574044,71.48066457
2011,Hassakeh,Al_Malika,2,2610,1788,685.0574713,0.273788898,2.626098262,976.1586689,21.60253232,177.7179584,1.393407522,35.81191186,396.1542193,1,442.2589019,393.8774156,13666.4967,1,11.47143655,33.96345322,18.98124542,5.30754703,8.721070792,0.699182629,0.160136116,4517.723336,7.401004555,86.63318149,94.87911742,96.61260723,521.5367541,182.2285639,417.2135132,0.627665989,23.0979689,91.53574044,71.48066457
2011,Hassakeh,Quamishli,1,56420,18449,326.9939738,0.384508781,3.376182941,793.4412247,18.10620445,189.6343908,1.4227755,32.71215887,381.6987929,1,387.3408823,330.280832,14353.23399,1,4.224880292,34.91544057,19.93504721,6.246434976,7.550792433,0.627295818,0.131465453,4381.151031,7.499177245,83.3607585,97.69018705,93.80111939,417.4322746,188.6721752,424.1715544,0.236333983,15.93920513,86.08544452,2.151515152
2011,Hassakeh,Quamishli,2,3836,1074,279.9791449,0.384508781,3.376182941,793.4412247,18.10620445,189.6343908,1.4227755,32.71215887,381.6987929,1,387.3408823,330.280832,14353.23399,1,4.224880292,34.91544057,19.93504721,6.246434976,7.550792433,0.627295818,0.131465453,4381.151031,7.499177245,83.3607585,97.69018705,93.80111939,417.4322746,188.6721752,424.1715544,0.236333983,15.93920513,86.08544452,2.151515152
2011,Hassakeh,Ras_Al_Ain,1,4434,1583,357.0139829,0.383012451,4.287075453,576.9982961,13.84920175,181.239228,1.436138441,29.13638552,428.1986409,1,428.0325777,413.5924815,14230.86565,1,10.62784115,34.77468749,19.76509118,5.864929421,9.943785244,0.555244864,0.109442218,4165.292806,7.607914063,79.7361979,94.56803775,90.20463916,289.229291,158.4989891,413.1203426,0.413294717,15.5378662,87.05662182,3.258706468
2011,Hassakeh,Ras_Al_Ain,2,7480,232,31.01604278,0.383012451,4.287075453,576.9982961,13.84920175,181.239228,1.436138441,29.13638552,428.1986409,1,428.0325777,413.5924815,14230.86565,1,10.62784115,34.77468749,19.76509118,5.864929421,9.943785244,0.555244864,0.109442218,4165.292806,7.607914063,79.7361979,94.56803775,90.20463916,289.229291,158.4989891,413.1203426,0.413294717,15.5378662,87.05662182,3.258706468
2011,Homs,Al_Maghrim,2,119,151,1268.907563,0.306769432,2.913060825,339.3951956,9.172697445,218.2032013,1.457191708,18.26401052,311.7343597,1,797.1330828,346.7438804,12207.73182,1,104.0896137,29.36440234,16.95518309,6.248656209,9.373484294,0.240890542,0.033137548,3699.058763,7.836838992,72.10536695,84.37737965,82.15204058,172.5133418,282.185961,406.7754786,1.39213165,8.706368852,96.88676049,23.70967742
2011,Homs,Al_Maghrim,3,104,94,903.8461538,0.306769432,2.913060825,339.3951956,9.172697445,218.2032013,1.457191708,18.26401052,311.7343597,1,797.1330828,346.7438804,12207.73182,1,104.0896137,29.36440234,16.95518309,6.248656209,9.373484294,0.240890542,0.033137548,3699.058763,7.836838992,72.10536695,84.37737965,82.15204058,172.5133418,282.185961,406.7754786,1.39213165,8.706368852,96.88676049,23.70967742
2011,Homs,Al_Quasir,1,1335,3749,2808.2397,0.079506691,1.850323115,808.8461492,21.19188016,228.7835016,1.423727806,26.81275048,398.4009405,1,596.8480096,448.2368497,12485.91981,1,19.08778159,28.72931938,17.3415553,7.747773581,11.79960712,0.493759496,0.086965836,3815.773892,7.575372583,80.8209139,106.0166377,95.53301354,454.4756033,214.1664714,361.619498,0.932790651,19.01649265,99.09460169,81.53370847
2011,Homs,Al_Quasir,2,2474,6650,2687.954729,0.079506691,1.850323115,808.8461492,21.19188016,228.7835016,1.423727806,26.81275048,398.4009405,1,596.8480096,448.2368497,12485.91981,1,19.08778159,28.72931938,17.3415553,7.747773581,11.79960712,0.493759496,0.086965836,3815.773892,7.575372583,80.8209139,106.0166377,95.53301354,454.4756033,214.1664714,361.619498,0.932790651,19.01649265,99.09460169,81.53370847
2011,Homs,Ar_Rastan,1,1599,1621,1013.758599,0.023749721,0.879988685,678.140879,18.04587969,217.7540281,1.490165194,31.51599766,455.9867872,1,435.4754306,443.4486359,13160.88291,1,32.93536539,29.81840174,18.27900405,8.010416832,11.77156494,0.520342213,0.106207265,3756.870996,7.628313312,79.05622294,98.17851011,95.09533141,377.6164949,194.2140276,350.5086574,1.105333487,20.10500042,95.54854831,64.92877493
2011,Homs,Ar_Rastan,2,599,694,1158.597663,0.023749721,0.879988685,678.140879,18.04587969,217.7540281,1.490165194,31.51599766,455.9867872,1,435.4754306,443.4486359,13160.88291,1,32.93536539,29.81840174,18.27900405,8.010416832,11.77156494,0.520342213,0.106207265,3756.870996,7.628313312,79.05622294,98.17851011,95.09533141,377.6164949,194.2140276,350.5086574,1.105333487,20.10500042,95.54854831,64.92877493
2011,Homs,Homs,1,9325,16291,1747.024129,0.661463232,5.466555194,424.1215349,11.02912089,170.4993423,1.454793713,18.39390553,334.3746299,1,749.4069726,393.7377764,12108.20822,1,42.53240625,28.89833125,16.81695587,6.392224748,10.27404924,0.238059976,0.034185547,3844.469998,7.822295424,72.59015253,90.16805656,80.39071671,225.6323778,262.3261291,400.8940442,1.265880206,10.65134129,96.09689066,61.8628226
2011,Homs,Homs,2,660,693,1050,0.661463232,5.466555194,424.1215349,11.02912089,170.4993423,1.454793713,18.39390553,334.3746299,1,749.4069726,393.7377764,12108.20822,1,42.53240625,28.89833125,16.81695587,6.392224748,10.27404924,0.238059976,0.034185547,3844.469998,7.822295424,72.59015253,90.16805656,80.39071671,225.6323778,262.3261291,400.8940442,1.265880206,10.65134129,96.09689066,61.8628226
2011,Homs,Tall_Kalakh,1,4067,7979,1961.88837,0.061265386,1.382119937,1284.436904,34.56201504,213.4968276,1.371293035,28.50363662,371.8628808,1,462.9664108,725.0482707,12795.24053,1,86.9397267,28.08106479,17.77116741,8.708731106,19.57149055,0.663057988,0.116760334,3715.325285,7.036198454,98.79338486,99.8347282,102.0872586,744.9870396,256.0800903,370.1287946,2.899572474,38.32373734,98.45047197,63.89144317
2011,Idleb,Al_Jisr_Ash_Shu,1,3822,10563,2763.736264,0.061795348,1.387996783,1246.595859,36.92757978,177.540447,1.380476929,27.89801472,304.6574213,1,349.3955892,661.2557221,12537.23907,1,101.3142959,28.69254325,17.41283204,6.904180464,19.58541854,0.631650531,0.099185535,3374.785433,6.711311118,90.37703725,99.46928871,107.2190749,640.9922058,309.262822,377.4719518,3.793157673,40.90641577,99.50189738,19.55376344
2011,Idleb,Al_Mara,1,2340,6598,2819.65812,0.219400577,2.789560748,758.8663994,21.51412689,161.5969773,1.44106543,30.50289991,387.8445436,1,426.7153644,448.6012618,13167.49245,1,29.05957912,30.54452474,18.28818396,7.017171972,12.73241616,0.573957599,0.13355925,3526.2935,7.422356298,85.92145674,93.32976972,97.55005267,396.3317917,211.8633148,395.4624714,1.089096217,21.8826255,95.49609163,2.740740741
2011,Idleb,Al_Mara,2,1123,2579,2296.527159,0.219400577,2.789560748,758.8663994,21.51412689,161.5969773,1.44106543,30.50289991,387.8445436,1,426.7153644,448.6012618,13167.49245,1,29.05957912,30.54452474,18.28818396,7.017171972,12.73241616,0.573957599,0.13355925,3526.2935,7.422356298,85.92145674,93.32976972,97.55005267,396.3317917,211.8633148,395.4624714,1.089096217,21.8826255,95.49609163,2.740740741
2011,Idleb,Ariha,1,496,1155,2328.629032,0.06189382,1.20144567,1000.258446,28.59795377,178.7756591,1.396585143,27.93576679,350.6523137,1,582.149967,491.7159341,12278.97138,1,87.67581128,28.89785136,17.05412692,6.405529353,14.07054834,0.479865009,0.076996324,3496.657401,7.15618642,94.79378601,99.11179384,100.1732669,508.9962371,264.1637633,380.2716742,2.592602428,31.56046909,97.45215383,35.35190616
2011,Idleb,Harim,1,1241,2737,2205.479452,0.076955511,1.744823344,1079.123131,31.14799495,208.4698796,1.397594182,27.2782689,356.5012631,1,400.6489695,521.107175,12678.87674,1,91.8753057,29.69921885,17.60955103,6.383827348,15.07143975,0.530320822,0.082755796,3463.502715,7.125463716,95.81787612,86.42698543,110.9332777,518.8702457,243.3845318,396.2349649,3.52892128,34.93256475,99.37399412,7.104166667
2011,Idleb,Idleb,1,4988,14466,2900.160385,0.125820372,2.188331063,908.6947487,25.43089141,133.1604544,1.441830046,29.96636028,396.7139838,1,349.4829207,535.4816687,13153.20123,1,18.66965742,30.45296286,18.26833504,6.905250237,14.97001231,0.615115967,0.136304255,3572.192674,7.363514149,87.8828617,92.4231762,99.26708059,444.9608933,201.4720497,378.6673336,0.928862474,24.86059375,95.60951405,24.08243728
2011,Idleb,Idleb,2,30,74,2466.666667,0.125820372,2.188331063,908.6947487,25.43089141,133.1604544,1.441830046,29.96636028,396.7139838,1,349.4829207,535.4816687,13153.20123,1,18.66965742,30.45296286,18.26833504,6.905250237,14.97001231,0.615115967,0.136304255,3572.192674,7.363514149,87.8828617,92.4231762,99.26708059,444.9608933,201.4720497,378.6673336,0.928862474,24.86059375,95.60951405,24.08243728
2011,Lattakia,Al_Qardaha,1,281,628,2234.875445,0.030228789,0.883071844,1750.8901,50.70410815,235.6423718,1.266061629,25.08147767,304.5236994,1,540.3966252,1018.773681,12314.66313,1,281.3834412,27.56249192,17.10369879,8.121325441,29.49205637,0.688202593,0.069601525,3452.152345,6.246956385,74.89854616,94.4298371,118.7718751,951.1441127,333.7468418,356.7924855,4.669937499,58.43730767,97.73542166,62.20930233
2011,Lattakia,Jablah,1,420,1352,3219.047619,0.056903002,1.06433536,1722.293544,49.05031094,242.7106218,1.288362214,25.18450697,312.336117,1,539.9002309,843.2779442,12211.85127,1,269.6827043,27.39469902,16.96090454,8.318019882,24.0003784,0.619754068,0.067149664,3510.279564,6.394601508,79.82005026,96.04631794,110.9131499,966.7510984,319.9496365,362.0527367,4.337486611,50.9748085,96.91945454,69.6122449
2011,Lattakia,Lattakia,1,553,992,1793.851718,0.097763298,1.762987067,1849.98888,52.68297899,209.5944837,1.261131142,24.7105126,304.2298707,1,231.7146206,1253.387211,13111.07598,1,104.336183,27.89028873,18.20982775,9.584091473,35.69903836,0.714518796,0.070671057,3510.54949,6.347943236,78.26477454,94.39850676,116.1459211,969.2400056,328.3346711,334.66475,3.391717815,52.37302557,95.94384142,87.11285641
2011,Tartous,Banyas,1,5292,5424,1024.943311,0.064347484,1.259569202,1622.830452,44.45622012,227.2029485,1.248880866,25.12215029,311.6023136,1,597.2024401,861.8018401,11970.62466,1,239.5189203,27.08652918,16.62586758,8.044706304,23.62324453,0.606331572,0.062593629,3649.401334,6.402940695,80.09802315,95.98825772,106.2413659,928.619126,311.2379664,363.3411414,4.321198421,51.28226288,95.00495762,78.70526316
2011,Tartous,Dreikisch,1,446,393,881.1659193,0.020699473,0.796408619,1691.260339,46.54201572,216.934763,1.299036482,24.8601254,322.079217,1,504.6634677,863.7696402,12544.97851,1,163.4163054,27.49872096,17.42358127,8.969771283,23.77400405,0.655287999,0.066755309,3632.835605,6.512992812,83.76642708,96.93974399,107.0816804,976.7167223,306.9629607,371.5972167,3.497485148,47.28655449,99.56332154,23.43243243
2011,Tartous,Safita,1,598,553,924.7491639,0.047070335,1.157636077,1660.332736,45.88415888,212.2246192,1.350786518,24.81991989,329.6296751,1,294.0703481,811.6852471,13303.75314,1,85.74052064,28.18625154,18.47743492,10.12972204,22.45908772,0.631401191,0.075269306,3617.531486,6.807968775,93.59895915,95.94384882,106.6131626,959.2299864,291.9812893,377.4132804,2.351750182,44.6094789,94.41465762,76.62715679
2011,Tartous,Sheikh_Badr,1,1163,931,800.5159071,0.005349553,0.386265066,1692.1027,46.39717158,214.3609237,1.284536565,24.92166647,316.9745763,,488.3054996,848.7945597,12416.98121,1,198.9956955,27.20072346,17.24580723,8.886007465,23.27826347,0.632263085,0.060444896,3645.995372,6.413826005,80.46086682,95.78136569,108.9232547,964.2001909,307.9387223,375.526846,3.662482193,53.80450397,98.54746989,0.666666667
2011,Tartous,Tartous,1,255,266,1043.137255,0.049162657,1.417978043,1442.62727,39.15887482,226.602822,1.337365278,24.38800112,328.0083572,1,151.3380759,914.4142852,13726.36913,1,85.26540945,28.12104619,19.06440157,11.40267816,24.87245366,0.622264403,0.077262862,3683.036573,6.801489796,93.38299321,94.9762318,104.7464656,819.5063228,293.3316743,364.969705,1.987711269,46.76351549,91.06056245,64.49344978
2015,Al_Qunaytirah,Al_Qunaytirah,1,300,375,1250,0.120668536,1.817203669,874.9670784,21.99838029,196.6396652,1.392797379,36.80800834,452.0421233,1,812.7813464,508.4427314,11794.62605,1,99.78962314,25.90850925,16.38142506,6.131183159,12.82671357,0.645317937,0.143892869,3976.415914,7.519971534,82.66761553,95.15238957,94.46689641,568.3910626,184.0334609,363.9594199,3.215624823,25.20123137,93.60814322,62.36754297
2015,Aleppo,Afrin,1,6500,13000,2000,0.194810459,2.230856022,893.0625576,25.42287867,184.8305861,1.371035123,25.51170824,404.3181051,1,493.5760545,489.657689,12518.51035,1,89.965976,28.44993129,17.38681994,5.701769775,13.94189012,0.454239199,0.066496905,3511.830192,7.198506433,93.3831189,74.84101432,104.4870179,555.8861701,192.8950466,401.4796676,3.206478872,32.26458622,99.35325678,72.67440361
2015,Aleppo,Al_Atareb,1,3700,11076,2993.513514,0.320135248,3.90953411,521.2652906,14.70223575,185.7492815,1.399045613,26.85095306,367.0160671,1,348.6130778,444.7554355,13563.09937,1,24.0041333,29.58302442,18.83763802,6.701939765,12.52713851,0.522076502,0.108032058,3544.483146,7.511498758,82.95004141,72.78273489,88.45664197,317.7553731,183.2856532,401.209007,0.780531933,17.98196178,92.35635418,28.18423019
2015,Aleppo,Al_Bab,1,916,1374,1500,0.223794265,2.70647827,485.0955466,13.48065329,171.3158859,1.361738999,28.32570189,404.137529,1,440.5998951,442.1295503,13355.33237,1,12.48017986,29.86084615,18.54907274,6.049650921,12.2900792,0.495838446,0.104637242,3597.457256,7.526863486,82.4378838,76.20284939,90.34479418,294.5614462,172.3288421,394.8106379,0.536196258,18.97472913,94.00529863,57.38811081
2015,Aleppo,Al_Bab,2,414,414,1000,0.223794265,2.70647827,485.0955466,13.48065329,171.3158859,1.361738999,28.32570189,404.137529,1,440.5998951,442.1295503,13355.33237,1,12.48017986,29.86084615,18.54907274,6.049650921,12.2900792,0.495838446,0.104637242,3597.457256,7.526863486,82.4378838,76.20284939,90.34479418,294.5614462,172.3288421,394.8106379,0.536196258,18.97472913,94.00529863,57.38811081
2015,Aleppo,As_Safira,2,1454,4362,3000,0.226229514,2.727688396,365.5525574,10.18233751,194.0542344,1.456944439,23.81607607,339.9130212,1,386.7828001,393.0658599,13732.52367,1,58.56984464,30.02135108,19.07294954,6.684539943,10.93686835,0.454799716,0.097247376,3589.065219,7.634697244,78.8434252,73.91766526,82.64365658,216.3293781,209.796782,447.6738108,1.021027812,12.3940763,91.01171691,61.3127161
2015,Aleppo,As_Safira,3,2400,7167,2986.25,0.226229514,2.727688396,365.5525574,10.18233751,194.0542344,1.456944439,23.81607607,339.9130212,1,386.7828001,393.0658599,13732.52367,1,58.56984464,30.02135108,19.07294954,6.684539943,10.93686835,0.454799716,0.097247376,3589.065219,7.634697244,78.8434252,73.91766526,82.64365658,216.3293781,209.796782,447.6738108,1.021027812,12.3940763,91.01171691,61.3127161
2015,Aleppo,Azaz,1,21647,75159,3472.028457,0.121728487,2.146811382,626.66868,17.10049483,180.5676029,1.396196968,30.36538609,429.7996425,1,481.8095159,524.5702352,12899.62012,1,12.33630082,29.10240088,17.91613906,5.718456992,14.31115414,0.620651739,0.13071016,3663.623078,7.471901984,84.26993387,75.57512359,95.44563519,393.6314805,165.5478602,396.9674719,0.559398203,24.25735487,97.6220625,30.7875817
2015,Aleppo,Azaz,2,2489,8213,3299.718763,0.121728487,2.146811382,626.66868,17.10049483,180.5676029,1.396196968,30.36538609,429.7996425,1,481.8095159,524.5702352,12899.62012,1,12.33630082,29.10240088,17.91613906,5.718456992,14.31115414,0.620651739,0.13071016,3663.623078,7.471901984,84.26993387,75.57512359,95.44563519,393.6314805,165.5478602,396.9674719,0.559398203,24.25735487,97.6220625,30.7875817
2015,Aleppo,Jebel_Saman,1,4456,11103,2491.696589,0.320135248,3.90953411,521.2652906,14.70223575,185.7492815,1.399045613,26.85095306,367.0160671,1,348.6130778,444.7554355,13563.09937,1,24.0041333,29.58302442,18.83763802,6.701939765,12.52713851,0.522076502,0.108032058,3544.483146,7.511498758,82.95004141,72.78273489,88.45664197,317.7553731,183.2856532,401.209007,0.780531933,17.98196178,92.35635418,28.18423019
2015,Aleppo,Jebel_Saman,2,7178,14334,1996.935079,0.320135248,3.90953411,521.2652906,14.70223575,185.7492815,1.399045613,26.85095306,367.0160671,1,348.6130778,444.7554355,13563.09937,1,24.0041333,29.58302442,18.83763802,6.701939765,12.52713851,0.522076502,0.108032058,3544.483146,7.511498758,82.95004141,72.78273489,88.45664197,317.7553731,183.2856532,401.209007,0.780531933,17.98196178,92.35635418,28.18423019
2015,Aleppo,Jebel_Saman,3,3600,5400,1500,0.320135248,3.90953411,521.2652906,14.70223575,185.7492815,1.399045613,26.85095306,367.0160671,1,348.6130778,444.7554355,13563.09937,1,24.0041333,29.58302442,18.83763802,6.701939765,12.52713851,0.522076502,0.108032058,3544.483146,7.511498758,82.95004141,72.78273489,88.45664197,317.7553731,183.2856532,401.209007,0.780531933,17.98196178,92.35635418,28.18423019
2015,As_Suweida,As_Suwayda,1,1349,1349,1000,0.245068348,2.898837435,363.0642509,8.286326983,164.7488635,1.44067499,22.83274428,379.7186382,1,936.6083153,308.2438953,12505.66485,1,132.549277,27.55543188,17.36897896,6.368841347,7.066899628,0.289560882,0.044881802,4380.485931,7.882238542,70.59204861,85.42732155,84.40838662,203.8263658,218.1895834,401.1968401,1.365785859,8.704768714,99.25130837,36.89205703
2015,As_Suweida,As_Suwayda,2,10135,9121,899.950666,0.245068348,2.898837435,363.0642509,8.286326983,164.7488635,1.44067499,22.83274428,379.7186382,1,936.6083153,308.2438953,12505.66485,1,132.549277,27.55543188,17.36897896,6.368841347,7.066899628,0.289560882,0.044881802,4380.485931,7.882238542,70.59204861,85.42732155,84.40838662,203.8263658,218.1895834,401.1968401,1.365785859,8.704768714,99.25130837,36.89205703
2015,As_Suweida,Salkhad,2,11753,10307,876.9675827,0.19678529,2.476461818,360.1835047,8.230854963,175.7154581,1.445399312,22.89129271,345.5826409,1,1096.653045,306.9958361,12189.49622,1,151.5089895,27.30155655,16.92985586,5.934078967,7.051545082,0.26835947,0.040555967,4375.015691,7.899676731,70.01077564,88.45274656,82.63933024,202.161472,268.1481021,387.011929,1.285466681,8.340411369,96.74203351,38.32058288
2015,As_Suweida,Salkhad,3,250,125,500,0.19678529,2.476461818,360.1835047,8.230854963,175.7154581,1.445399312,22.89129271,345.5826409,1,1096.653045,306.9958361,12189.49622,1,151.5089895,27.30155655,16.92985586,5.934078967,7.051545082,0.26835947,0.040555967,4375.015691,7.899676731,70.01077564,88.45274656,82.63933024,202.161472,268.1481021,387.011929,1.285466681,8.340411369,96.74203351,38.32058288
2015,As_Suweida,Shahba,2,4600,2418,525.6521739,0.197527256,2.191659403,387.2347082,9.131029699,172.1533402,1.451189377,19.92857504,355.5120454,1,812.086703,297.5949114,12717.64989,1,62.52582608,27.87093769,17.66340263,6.541060596,7.023417643,0.235462888,0.035780443,4239.865718,7.921607895,69.27973685,84.9016645,84.80806799,214.9490956,217.4198839,427.8247932,0.996377189,7.542191094,99.0662707,8.194029851
2015,As_Suweida,Shahba,3,790,265,335.443038,0.197527256,2.191659403,387.2347082,9.131029699,172.1533402,1.451189377,19.92857504,355.5120454,1,812.086703,297.5949114,12717.64989,1,62.52582608,27.87093769,17.66340263,6.541060596,7.023417643,0.235462888,0.035780443,4239.865718,7.921607895,69.27973685,84.9016645,84.80806799,214.9490956,217.4198839,427.8247932,0.996377189,7.542191094,99.0662707,8.194029851
2015,Damascus,Al_Ghutta,3,203,290,1428.571429,0.011843117,0.558468679,356.9143016,9.165112836,106.1618312,1.291118521,15.97295861,315.6253218,1,651.6936639,439.0356086,12615.335,1,6.349500264,28.34724463,17.52129861,5.09191611,11.31856312,0.458679247,0.066113623,3893.270676,7.702316985,76.58943385,82.14518386,78.54570467,209.6897118,178.6231764,388.861443,0.350493747,15.36100502,99.87829367,4.8
2015,Damascus,At_Tall,2,26,12,461.5384615,0.044028509,1.064884239,535.0941692,13.93519685,162.1199029,1.40030382,25.61268638,363.9933535,1,1466.66102,384.1017907,9771.621906,1,145.3541383,24.28678057,13.56598274,1.426875031,10.00976497,0.239935387,0.032379223,3838.875209,7.636543834,78.78187219,81.11926597,89.46130892,316.7201023,274.0306517,362.7005117,3.630504348,17.15543139,77.51990135,1.666666667
2015,Damascus,Qatana,1,247,226,914.9797571,0.093841203,1.750152374,615.3118835,15.29631815,126.6999471,1.390187794,33.83029859,446.2725683,1,1076.168708,403.9984278,10937.08759,1,134.8032696,25.46200451,15.19039943,3.543310653,10.06574791,0.365228795,0.058865316,4021.614314,7.631263536,78.95788213,88.50286627,92.7777328,384.8863708,198.523565,355.7564594,3.240654984,17.95975534,86.80228244,10.25471698
2015,Damascus,Qatana,2,554,565,1019.855596,0.093841203,1.750152374,615.3118835,15.29631815,126.6999471,1.390187794,33.83029859,446.2725683,1,1076.168708,403.9984278,10937.08759,1,134.8032696,25.46200451,15.19039943,3.543310653,10.06574791,0.365228795,0.058865316,4021.614314,7.631263536,78.95788213,88.50286627,92.7777328,384.8863708,198.523565,355.7564594,3.240654984,17.95975534,86.80228244,10.25471698
2015,Dara,As_Sanamayn,1,4430,4430,1000,0.126365387,2.232014688,440.7148138,10.49554886,180.1350323,1.464749006,30.99856142,436.994746,1,676.2522372,329.3436197,12637.93374,1,14.37105451,27.56723633,17.55268575,6.353684531,7.835389245,0.396428567,0.074768432,4198.064,7.860602751,71.31324164,87.78437282,84.12727446,268.4901683,132.4975201,430.6093861,0.669011199,10.00010737,99.69893859,28.32124352
2015,Dara,As_Sanamayn,2,1722,964,559.8141696,0.126365387,2.232014688,440.7148138,10.49554886,180.1350323,1.464749006,30.99856142,436.994746,1,676.2522372,329.3436197,12637.93374,1,14.37105451,27.56723633,17.55268575,6.353684531,7.835389245,0.396428567,0.074768432,4198.064,7.860602751,71.31324164,87.78437282,84.12727446,268.4901683,132.4975201,430.6093861,0.669011199,10.00010737,99.69893859,28.32124352
2015,Dara,As_Sanamayn,3,6046,1814,300.0330797,0.126365387,2.232014688,440.7148138,10.49554886,180.1350323,1.464749006,30.99856142,436.994746,1,676.2522372,329.3436197,12637.93374,1,14.37105451,27.56723633,17.55268575,6.353684531,7.835389245,0.396428567,0.074768432,4198.064,7.860602751,71.31324164,87.78437282,84.12727446,268.4901683,132.4975201,430.6093861,0.669011199,10.00010737,99.69893859,28.32124352
2015,Dara,Dara,1,4026,4429,1100.099354,0.151895403,2.467237111,449.8100536,11.10597037,247.890732,1.46774472,34.72026577,423.6944089,1,594.8481838,373.548337,12764.08595,1,31.20078753,27.10922658,17.72789716,7.727035444,9.222650724,0.513053352,0.094006378,4049.164357,7.877365296,70.75449014,92.45464128,83.08418954,275.5983726,127.803691,442.0431636,0.879878166,12.29504118,98.69773052,40.20714807
2015,Dara,Dara,2,17461,8849,506.7865529,0.151895403,2.467237111,449.8100536,11.10597037,247.890732,1.46774472,34.72026577,423.6944089,1,594.8481838,373.548337,12764.08595,1,31.20078753,27.10922658,17.72789716,7.727035444,9.222650724,0.513053352,0.094006378,4049.164357,7.877365296,70.75449014,92.45464128,83.08418954,275.5983726,127.803691,442.0431636,0.879878166,12.29504118,98.69773052,40.20714807
2015,Dara,Dara,3,7700,1540,200,0.151895403,2.467237111,449.8100536,11.10597037,247.890732,1.46774472,34.72026577,423.6944089,1,594.8481838,373.548337,12764.08595,1,31.20078753,27.10922658,17.72789716,7.727035444,9.222650724,0.513053352,0.094006378,4049.164357,7.877365296,70.75449014,92.45464128,83.08418954,275.5983726,127.803691,442.0431636,0.879878166,12.29504118,98.69773052,40.20714807
2015,Dara,Izra,2,6250,2344,375.04,0.087018771,1.658654183,466.9358284,11.08055894,217.4263142,1.470306952,41.10287596,441.4595726,1,594.9833148,367.5936614,12698.0128,1,10.9531787,27.21773341,17.63612888,7.203061479,8.728460543,0.547988057,0.110210501,4213.009699,7.923266829,69.22443902,93.56542632,82.28342942,289.7548064,92.06481307,460.4442333,0.522892419,12.7609944,99.22212067,44.50057937
2015,Hama,Al_Ghab,1,3554,10103,2842.712437,0.049595436,1.643165164,1065.048333,31.00553268,139.7759455,1.347860465,28.59829587,349.5799349,1,352.189296,851.9008957,12476.20777,1,139.7020723,27.29792225,17.32806635,6.7491534,24.74304903,0.701883936,0.124999486,3434.026722,6.782044179,92.73480597,79.40905801,109.1023106,674.8553775,280.5196852,361.9957542,4.508295663,42.21571718,99.01752199,35.28868661
2015,Hama,As_Salamiyeh,2,1799,1227,682.0455809,0.504159747,4.926087865,304.6202245,8.640531473,191.2833095,1.455325727,20.3416433,317.9445519,1,514.8899545,384.8408957,13234.4521,1,39.708665,29.12536636,18.38118347,6.495415351,10.91257441,0.35659066,0.07114241,3524.48018,7.805379097,73.15403011,72.04572134,77.67444009,169.7776466,260.9011364,420.1232357,0.788382027,9.040582617,94.96466591,29.78971963
2015,Hama,Hama,1,4070,4070,1000,0.227677668,4.733216797,479.6161959,13.50923298,192.7904067,1.455316559,28.89107986,399.9433813,1,367.8882638,432.9444182,13452.28107,1,25.04294796,29.04721219,18.68372371,7.143466926,12.17799083,0.568554327,0.126765065,3549.284437,7.530149647,82.32834509,73.45120501,88.10909637,287.982182,199.991121,385.7041579,0.890006436,18.48653952,93.23586452,22.43352601
2015,Hama,Hama,2,1664,1203,722.9567308,0.227677668,4.733216797,479.6161959,13.50923298,192.7904067,1.455316559,28.89107986,399.9433813,1,367.8882638,432.9444182,13452.28107,1,25.04294796,29.04721219,18.68372371,7.143466926,12.17799083,0.568554327,0.126765065,3549.284437,7.530149647,82.32834509,73.45120501,88.10909637,287.982182,199.991121,385.7041579,0.890006436,18.48653952,93.23586452,22.43352601
2015,Hama,Masyaf,1,1862,1099,590.2255639,0.076403686,1.92474214,1034.328844,28.59311024,150.0452924,1.353623889,29.44578727,387.4121925,1,532.6863029,743.0788364,12261.35493,1,139.1245061,26.84994085,17.02965962,6.771924619,20.48836292,0.645710309,0.10085841,3616.405854,6.889563149,96.31877164,78.38473201,100.0836133,646.8935032,261.5816804,350.4100182,3.339515959,38.59856987,97.31234071,5.952755906
2015,Hama,Muhradah,1,424,762,1797.169811,0.05125136,1.195215355,665.760238,18.86673228,210.5076775,1.449025265,33.05226761,439.5914949,1,254.483542,596.4358264,13490.33576,1,22.9822089,28.89965012,18.73657744,7.522323013,16.91153709,0.691558083,0.151420278,3527.752239,7.358416593,88.05278024,77.4734363,97.38452226,414.3133533,196.6763121,347.9956241,0.787416154,25.49695415,92.93384321,10.50963597
2015,Hassakeh,Al_Malika,1,39554,46041,1164.003641,0.273788898,2.626098262,996.6141143,22.58050114,177.7179584,1.393407522,35.81191186,396.1542193,1,442.2589019,473.5491902,13914.75431,1,11.47143655,34.21784332,19.32604765,5.759888133,10.73321176,0.686724791,0.156114655,4412.604942,7.401004555,86.63318149,82.89480318,97.53367939,513.7477132,182.2285639,417.2135132,0.627665989,23.0979689,89.56544201,71.48066457
2015,Hassakeh,Al_Malika,2,2321,2551,1099.095218,0.273788898,2.626098262,996.6141143,22.58050114,177.7179584,1.393407522,35.81191186,396.1542193,1,442.2589019,473.5491902,13914.75431,1,11.47143655,34.21784332,19.32604765,5.759888133,10.73321176,0.686724791,0.156114655,4412.604942,7.401004555,86.63318149,82.89480318,97.53367939,513.7477132,182.2285639,417.2135132,0.627665989,23.0979689,89.56544201,71.48066457
2015,Hassakeh,Al_Malika,3,112,88,785.7142857,0.273788898,2.626098262,996.6141143,22.58050114,177.7179584,1.393407522,35.81191186,396.1542193,1,442.2589019,473.5491902,13914.75431,1,11.47143655,34.21784332,19.32604765,5.759888133,10.73321176,0.686724791,0.156114655,4412.604942,7.401004555,86.63318149,82.89480318,97.53367939,513.7477132,182.2285639,417.2135132,0.627665989,23.0979689,89.56544201,71.48066457
2015,Hassakeh,Hassakeh,1,1535,1742,1134.85342,1.234999017,5.292191536,547.9657109,12.96531491,179.2026918,1.453912692,22.75778998,312.1287676,1,352.2277754,331.7422798,14813.31507,1,19.1175947,34.37948521,20.57404871,6.743025443,7.857194356,0.299387617,0.054571072,4225.397236,7.76640865,74.453045,82.97270511,88.86086386,282.167623,232.8497925,449.1236429,0.493960645,10.83503123,82.43400736,55.44769984
2015,Hassakeh,Hassakeh,2,15810,17312,1095.003163,1.234999017,5.292191536,547.9657109,12.96531491,179.2026918,1.453912692,22.75778998,312.1287676,1,352.2277754,331.7422798,14813.31507,1,19.1175947,34.37948521,20.57404871,6.743025443,7.857194356,0.299387617,0.054571072,4225.397236,7.76640865,74.453045,82.97270511,88.86086386,282.167623,232.8497925,449.1236429,0.493960645,10.83503123,82.43400736,55.44769984
2015,Hassakeh,Hassakeh,3,5121,4025,785.9793009,1.234999017,5.292191536,547.9657109,12.96531491,179.2026918,1.453912692,22.75778998,312.1287676,1,352.2277754,331.7422798,14813.31507,1,19.1175947,34.37948521,20.57404871,6.743025443,7.857194356,0.299387617,0.054571072,4225.397236,7.76640865,74.453045,82.97270511,88.86086386,282.167623,232.8497925,449.1236429,0.493960645,10.83503123,82.43400736,55.44769984
2015,Hassakeh,Hassakeh,4,1764,1297,735.260771,1.234999017,5.292191536,547.9657109,12.96531491,179.2026918,1.453912692,22.75778998,312.1287676,1,352.2277754,331.7422798,14813.31507,1,19.1175947,34.37948521,20.57404871,6.743025443,7.857194356,0.299387617,0.054571072,4225.397236,7.76640865,74.453045,82.97270511,88.86086386,282.167623,232.8497925,449.1236429,0.493960645,10.83503123,82.43400736,55.44769984
2015,Hassakeh,Quamishli,1,49630,57323,1155.007052,0.384508781,3.376182941,848.2888099,19.82121288,189.6343908,1.4227755,32.71215887,381.6987929,1,387.3408823,405.5542027,14491.24605,1,4.224880292,34.72872497,20.12673062,6.466847796,9.483061118,0.615603047,0.133414939,4278.701828,7.499177245,83.3607585,80.62767004,96.16583152,434.5074024,188.6721752,424.1715544,0.236333983,15.93920513,84.99011073,2.151515152
2015,Hassakeh,Quamishli,2,7884,8657,1098.046677,0.384508781,3.376182941,848.2888099,19.82121288,189.6343908,1.4227755,32.71215887,381.6987929,1,387.3408823,405.5542027,14491.24605,1,4.224880292,34.72872497,20.12673062,6.466847796,9.483061118,0.615603047,0.133414939,4278.701828,7.499177245,83.3607585,80.62767004,96.16583152,434.5074024,188.6721752,424.1715544,0.236333983,15.93920513,84.99011073,2.151515152
2015,Hassakeh,Quamishli,3,948,747,787.9746835,0.384508781,3.376182941,848.2888099,19.82121288,189.6343908,1.4227755,32.71215887,381.6987929,1,387.3408823,405.5542027,14491.24605,1,4.224880292,34.72872497,20.12673062,6.466847796,9.483061118,0.615603047,0.133414939,4278.701828,7.499177245,83.3607585,80.62767004,96.16583152,434.5074024,188.6721752,424.1715544,0.236333983,15.93920513,84.99011073,2.151515152
2015,Hassakeh,Ras_Al_Ain,1,9322,10683,1145.998713,0.383012451,4.287075453,680.7050883,16.51964248,181.239228,1.436138441,29.13638552,428.1986409,1,428.0325777,417.1194488,14204.43233,1,10.62784115,33.66543581,19.72837823,6.07224059,10.11563928,0.492733257,0.100522456,4119.580025,7.607914063,79.7361979,77.20402812,94.98708196,357.5936141,158.4989891,413.1203426,0.413294717,15.5378662,87.26641011,3.258706468
2015,Hassakeh,Ras_Al_Ain,2,19893,21783,1095.008294,0.383012451,4.287075453,680.7050883,16.51964248,181.239228,1.436138441,29.13638552,428.1986409,1,428.0325777,417.1194488,14204.43233,1,10.62784115,33.66543581,19.72837823,6.07224059,10.11563928,0.492733257,0.100522456,4119.580025,7.607914063,79.7361979,77.20402812,94.98708196,357.5936141,158.4989891,413.1203426,0.413294717,15.5378662,87.26641011,3.258706468
2015,Hassakeh,Ras_Al_Ain,3,2140,1682,785.9813084,0.383012451,4.287075453,680.7050883,16.51964248,181.239228,1.436138441,29.13638552,428.1986409,1,428.0325777,417.1194488,14204.43233,1,10.62784115,33.66543581,19.72837823,6.07224059,10.11563928,0.492733257,0.100522456,4119.580025,7.607914063,79.7361979,77.20402812,94.98708196,357.5936141,158.4989891,413.1203426,0.413294717,15.5378662,87.26641011,3.258706468
2015,Homs,Al_Maghrim,2,54,11,203.7037037,0.306769432,2.913060825,272.4530994,7.562946641,218.2032013,1.457191708,18.26401052,311.7343597,1,797.1330828,377.6798755,12060.81058,1,104.0896137,27.29937173,16.7511258,5.294394492,10.48744216,0.334974846,0.060700637,3601.47285,7.836838992,72.10536695,71.24603701,78.40296164,145.1066736,282.185961,406.7754786,1.39213165,8.706368852,95.72071886,23.70967742
2015,Homs,Al_Maghrim,3,25,10,400,0.306769432,2.913060825,272.4530994,7.562946641,218.2032013,1.457191708,18.26401052,311.7343597,1,797.1330828,377.6798755,12060.81058,1,104.0896137,27.29937173,16.7511258,5.294394492,10.48744216,0.334974846,0.060700637,3601.47285,7.836838992,72.10536695,71.24603701,78.40296164,145.1066736,282.185961,406.7754786,1.39213165,8.706368852,95.72071886,23.70967742
2015,Homs,Al_Quasir,1,900,1350,1500,0.079506691,1.850323115,577.4979667,15.24974504,228.7835016,1.423727806,26.81275048,398.4009405,1,596.8480096,432.6732523,12297.22761,1,19.08778159,27.07640061,17.07948279,5.909783387,11.44828014,0.519965814,0.102176402,3785.935227,7.575372583,80.8209139,78.44033799,96.07154061,347.9447264,214.1664714,361.619498,0.932790651,19.01649265,97.59704453,81.53370847
2015,Homs,Al_Quasir,2,800,600,750,0.079506691,1.850323115,577.4979667,15.24974504,228.7835016,1.423727806,26.81275048,398.4009405,1,596.8480096,432.6732523,12297.22761,1,19.08778159,27.07640061,17.07948279,5.909783387,11.44828014,0.519965814,0.102176402,3785.935227,7.575372583,80.8209139,78.44033799,96.07154061,347.9447264,214.1664714,361.619498,0.932790651,19.01649265,97.59704453,81.53370847
2015,Homs,Al_Quasir,3,400,120,300,0.079506691,1.850323115,577.4979667,15.24974504,228.7835016,1.423727806,26.81275048,398.4009405,1,596.8480096,432.6732523,12297.22761,1,19.08778159,27.07640061,17.07948279,5.909783387,11.44828014,0.519965814,0.102176402,3785.935227,7.575372583,80.8209139,78.44033799,96.07154061,347.9447264,214.1664714,361.619498,0.932790651,19.01649265,97.59704453,81.53370847
2015,Homs,Ar_Rastan,1,1200,2000,1666.666667,0.023749721,0.879988685,479.1160377,12.98406544,217.7540281,1.490165194,31.51599766,455.9867872,1,435.4754306,422.6791531,13092.76112,1,32.93536539,28.16759991,18.18439044,7.267491994,11.44217453,0.601290855,0.140720392,3689.030985,7.628313312,79.05622294,73.75964779,92.27019677,293.805163,194.2140276,350.5086574,1.105333487,20.10500042,96.08919749,64.92877493
2015,Homs,Ar_Rastan,2,600,600,1000,0.023749721,0.879988685,479.1160377,12.98406544,217.7540281,1.490165194,31.51599766,455.9867872,1,435.4754306,422.6791531,13092.76112,1,32.93536539,28.16759991,18.18439044,7.267491994,11.44217453,0.601290855,0.140720392,3689.030985,7.628313312,79.05622294,73.75964779,92.27019677,293.805163,194.2140276,350.5086574,1.105333487,20.10500042,96.08919749,64.92877493
2015,Homs,Homs,1,6427,6219,967.6365334,0.661463232,5.466555194,317.9213436,8.431967513,170.4993423,1.454793713,18.39390553,334.3746299,1,749.4069726,407.2064822,11936.91866,1,42.53240625,26.99999382,16.57903972,5.054408938,10.8291594,0.275944622,0.045770555,3769.428944,7.822295424,72.59015253,75.12028581,80.6203038,175.9487797,262.3261291,400.8940442,1.265880206,10.65134129,94.73736983,61.8628226
2015,Homs,Homs,2,329,481,1462.006079,0.661463232,5.466555194,317.9213436,8.431967513,170.4993423,1.454793713,18.39390553,334.3746299,1,749.4069726,407.2064822,11936.91866,1,42.53240625,26.99999382,16.57903972,5.054408938,10.8291594,0.275944622,0.045770555,3769.428944,7.822295424,72.59015253,75.12028581,80.6203038,175.9487797,262.3261291,400.8940442,1.265880206,10.65134129,94.73736983,61.8628226
2015,Homs,Tall_Kalakh,1,3482,5223,1500,0.061265386,1.382119937,1034.853579,28.29953976,213.4968276,1.371293035,28.50363662,371.8628808,1,462.9664108,738.9113066,12721.81209,1,86.9397267,27.13059375,17.66918346,7.701091478,20.22355959,0.701310697,0.124566132,3655.785897,7.036198454,98.79338486,80.11309609,101.4525143,636.0133493,256.0800903,370.1287946,2.899572474,38.32373734,99.03323737,63.89144317
2015,Idleb,Al_Jisr_Ash_Shu,1,2314.239404,3247,1403.052767,0.061795348,1.387996783,1041.193856,31.03028996,177.540447,1.380476929,27.89801472,304.6574213,1,349.3955892,610.0909531,12629.09786,1,101.3142959,27.49231129,17.54041369,6.786441719,18.17381101,0.588951705,0.097852149,3354.411299,6.711311118,90.37703725,83.00391302,107.9536681,664.0898881,309.262822,377.4719518,3.793157673,40.90641577,99.76906462,19.55376344
2015,Idleb,Al_Mara,1,842.7302197,1182,1402.584092,0.219400577,2.789560748,597.3214857,17.16332435,161.5969773,1.44106543,30.50289991,387.8445436,1,426.7153644,423.601112,13209.53028,1,29.05957912,28.8294441,18.34656984,6.556670496,12.17694566,0.560287101,0.122957746,3479.220227,7.422356298,85.92145674,77.46127739,92.51157093,369.3054902,211.8633148,395.4624714,1.089096217,21.8826255,95.16245808,2.740740741
2015,Idleb,Al_Mara,2,961.5920279,1349,1402.881847,0.219400577,2.789560748,597.3214857,17.16332435,161.5969773,1.44106543,30.50289991,387.8445436,1,426.7153644,423.601112,13209.53028,1,29.05957912,28.8294441,18.34656984,6.556670496,12.17694566,0.560287101,0.122957746,3479.220227,7.422356298,85.92145674,77.46127739,92.51157093,369.3054902,211.8633148,395.4624714,1.089096217,21.8826255,95.16245808,2.740740741
2015,Idleb,Ariha,1,461.1838156,647,1402.91133,0.06189382,1.20144567,815.2287959,23.54362703,178.7756591,1.396585143,27.93576679,350.6523137,1,582.149967,477.2789099,12331.41905,1,87.67581128,27.43451438,17.1269709,5.850649265,13.7882885,0.504557069,0.092328849,3461.630438,7.15618642,94.79378601,83.95862672,101.8325248,516.9966108,264.1637633,380.2716742,2.592602428,31.56046909,97.86840514,35.35190616
2015,Idleb,Harim,1,832.032657,1167,1402.589177,0.076955511,1.744823344,912.0322597,26.58889658,208.4698796,1.397594182,27.2782689,356.5012631,1,400.6489695,491.9455249,12818.04656,1,91.8753057,28.27048826,17.80284244,6.474024762,14.35504927,0.50957186,0.088273734,3429.124514,7.125463716,95.81787612,71.76203277,111.2565285,551.4227904,243.3845318,396.2349649,3.52892128,34.93256475,98.26947177,7.104166667
2015,Idleb,Idleb,1,7176.875976,10069,1402.978125,0.125820372,2.188331063,732.0502929,20.67624878,133.1604544,1.441830046,29.96636028,396.7139838,1,349.4829207,483.3689577,13237.70226,1,18.66965742,28.83082802,18.38569759,6.694362874,13.63826665,0.603045732,0.123707506,3539.537265,7.363514149,87.8828617,76.12239193,99.25279372,453.635612,201.4720497,378.6673336,0.928862474,24.86059375,94.93887092,24.08243728
2015,Idleb,Idleb,2,30.90407012,43,1391.402486,0.125820372,2.188331063,732.0502929,20.67624878,133.1604544,1.441830046,29.96636028,396.7139838,1,349.4829207,483.3689577,13237.70226,1,18.66965742,28.83082802,18.38569759,6.694362874,13.63826665,0.603045732,0.123707506,3539.537265,7.363514149,87.8828617,76.12239193,99.25279372,453.635612,201.4720497,378.6673336,0.928862474,24.86059375,94.93887092,24.08243728
2015,Idleb,Khan_Shakhon,1,1069.756273,1502,1404.058137,0.125820372,2.188331063,732.0502929,20.67624878,133.1604544,1.441830046,29.96636028,396.7139838,1,349.4829207,483.3689577,13237.70226,1,18.66965742,28.83082802,18.38569759,6.694362874,13.63826665,0.603045732,0.123707506,3539.537265,7.363514149,87.8828617,76.12239193,99.25279372,453.635612,201.4720497,378.6673336,0.928862474,24.86059375,94.93887092,24.08243728
2015,Idleb,Khan_Shakhon,2,59.43090407,78,1312.448485,0.125820372,2.188331063,732.0502929,20.67624878,133.1604544,1.441830046,29.96636028,396.7139838,1,349.4829207,483.3689577,13237.70226,1,18.66965742,28.83082802,18.38569759,6.694362874,13.63826665,0.603045732,0.123707506,3539.537265,7.363514149,87.8828617,76.12239193,99.25279372,453.635612,201.4720497,378.6673336,0.928862474,24.86059375,94.93887092,24.08243728
2015,Lattakia,Al_Hafa,1,1082,2704,2499.075786,0.056619889,1.298629777,1545.273125,44.7177585,251.0029312,1.264981734,25.51066723,281.7179779,1,615.8606536,891.5082698,12024.06066,1,289.7612345,26.38064442,16.70008425,6.908644613,25.79672934,0.643146594,0.06367041,3454.614004,6.168576676,72.28588919,78.24485659,120.790455,982.2720823,357.4897846,356.8800356,4.643245661,56.30098333,95.42905285,75.1082544
2015,Lattakia,Al_Qardaha,1,366.4,917,2502.729258,0.030228789,0.883071844,1486.826582,42.7792007,235.6423718,1.266061629,25.08147767,304.5236994,1,540.3966252,991.1312158,12292.41695,1,281.3834412,26.51155278,17.07280132,7.607010359,28.50334215,0.667712118,0.068805301,3474.582895,6.246956385,74.89854616,77.78535941,115.4569302,960.2805173,333.7468418,356.7924855,4.669937499,58.43730767,97.55886467,62.20930233
2015,Lattakia,Jablah,1,646,1680,2600.619195,0.056903002,1.06433536,1450.890436,41.2277249,242.7106218,1.288362214,25.18450697,312.336117,1,539.9002309,836.4030487,12170.24973,1,269.6827043,26.29115712,16.90312463,7.612500625,23.75402036,0.606036159,0.066838813,3518.21053,6.394601508,79.82005026,79.38777869,108.342877,940.4676191,319.9496365,362.0527367,4.337486611,50.9748085,96.5892836,69.6122449
2015,Lattakia,Lattakia,1,365,874,2394.520548,0.097763298,1.762987067,1559.166533,43.88945853,209.5944837,1.261131142,24.7105126,304.2298707,1,231.7146206,1193.411415,13121.61479,1,104.336183,27.18533039,18.22446498,9.251308919,33.64757808,0.683949376,0.0725275,3551.485234,6.347943236,78.26477454,79.69606232,117.4466642,1001.274455,328.3346711,334.66475,3.391717815,52.37302557,95.86020012,87.11285641
2015,Raqqa,Raqqa,5,3420,5759,1683.918129,1.050201469,5.964680642,308.648654,7.817872745,176.8215937,1.445777656,18.21052889,260.1565394,1,346.2123061,416.6416568,14249.54688,1,26.05879584,31.57152218,19.79103733,6.905265918,10.56652121,0.247600372,0.039298595,3946.987695,7.943602406,68.54658646,75.93089841,83.57882535,156.1485558,252.812006,466.2953785,0.418199141,7.517291598,86.90835809,89.8962532
2015,Raqqa,Tell_Abiad,2,8892,14974,1683.985605,0.478825179,3.735158564,513.4401263,13.1399515,188.9206138,1.450549568,27.03711738,400.1496788,1,371.821103,369.7825741,14250.64673,1,11.17783109,32.84425613,19.79256491,6.362555823,9.466678321,0.402558272,0.081420672,3906.473526,7.789701512,73.67661628,77.43080705,95.54479694,278.7004093,163.0030389,436.503596,0.353533461,11.88417515,86.8996291,33.28514589
2015,Tartous,Al_kadmous,1,2594,3458,1333.07633,0.049162657,1.417978043,1207.113848,32.85197005,226.602822,1.337365278,24.38800112,328.0083572,1,151.3380759,929.3642466,13617.38842,1,85.26540945,27.45005814,18.91303947,10.41368077,25.34281476,0.605640778,0.073708448,3673.403229,6.801489796,93.38299321,79.10357823,103.2145226,750.2382134,293.3316743,364.969705,1.987711269,46.76351549,91.92548875,64.49344978
2015,Tartous,Banyas,1,1267,1772,1398.579321,0.064347484,1.259569202,1344.548197,36.66860459,227.2029485,1.248880866,25.12215029,311.6023136,1,597.2024401,845.206846,11931.23336,1,239.5189203,25.96304608,16.57115745,7.338665993,23.05579463,0.582869857,0.059263238,3665.755833,6.402940695,80.09802315,78.51682371,103.849797,853.5714691,311.2379664,363.3411414,4.321198421,51.28226288,94.69232828,78.70526316
2015,Tartous,Dreikisch,1,425,439,1032.941176,0.020699473,0.796408619,1392.177844,38.12938114,216.934763,1.299036482,24.8601254,322.079217,1,504.6634677,863.8691625,12490.86047,1,163.4163054,26.52514491,17.34841732,8.200694748,23.65898608,0.638571196,0.064053124,3650.194439,6.512992812,83.76642708,78.45872481,104.7725022,875.2217214,306.9629607,371.5972167,3.497485148,47.28655449,99.13381326,23.43243243
2015,Tartous,Safita,1,565,638,1129.20354,0.047070335,1.157636077,1422.87758,39.47510545,212.2246192,1.350786518,24.81991989,329.6296751,1,294.0703481,811.5580805,13214.18298,1,85.74052064,27.38028741,18.35303192,9.181808333,22.52785696,0.636497693,0.074774971,3603.493425,6.807968775,93.59895915,79.26287447,106.7234319,891.5204281,291.9812893,377.4132804,2.351750182,44.6094789,95.12553188,76.62715679
2015,Tartous,Sheikh_Badr,1,1086,989,910.6813996,0.005349553,0.386265066,1386.173983,37.69278911,214.3609237,1.284536565,24.92166647,316.9745763,,488.3054996,839.4258504,12367.62578,1,198.9956955,26.23062102,17.17725803,8.214404657,22.82659446,0.613506697,0.056870517,3676.557473,6.413826005,80.46086682,76.78157709,105.0132749,865.14922,307.9387223,375.526846,3.662482193,53.80450397,98.15576017,0.666666667
2015,Tartous,Tartous,1,157,299,1904.458599,0.049162657,1.417978043,1207.113848,32.85197005,226.602822,1.337365278,24.38800112,328.0083572,1,151.3380759,929.3642466,13617.38842,1,85.26540945,27.45005814,18.91303947,10.41368077,25.34281476,0.605640778,0.073708448,3673.403229,6.801489796,93.38299321,79.10357823,103.2145226,750.2382134,293.3316743,364.969705,1.987711269,46.76351549,91.92548875,64.49344978
2016,Al_Qunaytirah,Al_Qunaytirah,1,301,196,651.1627907,0.120668536,1.817203669,1027.852005,25.43096873,196.6396652,1.392797379,36.80800834,452.0421233,1,812.7813464,499.9796499,11961.15531,1,99.78962314,25.91455202,16.61271571,6.086389015,12.41775435,0.640154757,0.138802946,4040.73359,7.519971534,82.66761553,115.3829559,90.17195139,463.4068345,184.0334609,363.9594199,3.215624823,25.20123137,94.92980406,62.36754297
2016,As_Suweida,As_Suwayda,1,1383,719,519.8843095,0.245068348,2.898837435,392.9280726,8.850041587,164.7488635,1.44067499,22.83274428,379.7186382,1,936.6083153,305.8638536,12711.95189,1,132.549277,28.02710001,17.65548874,6.017243544,6.930899418,0.291854474,0.04700181,4438.844364,7.882238542,70.59204861,94.00423472,80.08179201,190.8922505,218.1895834,401.1968401,1.365785859,8.704768714,99.11149292,36.89205703
2016,As_Suweida,As_Suwayda,2,8504,3061,359.9482596,0.245068348,2.898837435,392.9280726,8.850041587,164.7488635,1.44067499,22.83274428,379.7186382,1,936.6083153,305.8638536,12711.95189,1,132.549277,28.02710001,17.65548874,6.017243544,6.930899418,0.291854474,0.04700181,4438.844364,7.882238542,70.59204861,94.00423472,80.08179201,190.8922505,218.1895834,401.1968401,1.365785859,8.704768714,99.11149292,36.89205703
2016,As_Suweida,Salkhad,2,11210,1009,90.00892061,0.19678529,2.476461818,392.7676896,8.863954385,175.7154581,1.445399312,22.89129271,345.5826409,1,1096.653045,310.7486472,12401.32832,1,151.5089895,27.7873269,17.22406711,5.483788389,7.056514567,0.27274779,0.043301848,4430.066233,7.899676731,70.01077564,97.29446567,77.7394264,192.1077233,268.1481021,387.011929,1.285466681,8.340411369,98.42324064,38.32058288
2016,As_Suweida,Salkhad,3,270,13,48.14814815,0.19678529,2.476461818,392.7676896,8.863954385,175.7154581,1.445399312,22.89129271,345.5826409,1,1096.653045,310.7486472,12401.32832,1,151.5089895,27.7873269,17.22406711,5.483788389,7.056514567,0.27274779,0.043301848,4430.066233,7.899676731,70.01077564,97.29446567,77.7394264,192.1077233,268.1481021,387.011929,1.285466681,8.340411369,98.42324064,38.32058288
2016,As_Suweida,Shahba,2,4411,2007,454.9988665,0.197527256,2.191659403,402.6272819,9.365137303,172.1533402,1.451189377,19.92857504,355.5120454,1,812.086703,293.0427392,12922.25335,1,62.52582608,28.05632248,17.9475741,6.235447068,6.823650634,0.235078947,0.035944976,4298.21387,7.921607895,69.27973685,92.2701043,80.22212608,203.8816853,217.4198839,427.8247932,0.996377189,7.542191094,97.44243371,8.194029851
2016,Dara,As_Sanamayn,2,1670,252,150.8982036,0.126365387,2.232014688,485.5886828,11.38689653,180.1350323,1.464749006,30.99856142,436.994746,1,676.2522372,323.1165373,12828.46848,1,14.37105451,27.59510263,17.81731734,6.268921124,7.57057542,0.394666343,0.073503103,4263.451525,7.860602751,71.31324164,101.9155685,80.52193623,224.4197058,132.4975201,430.6093861,0.669011199,10.00010737,98.18675808,28.32124352
2016,Dara,As_Sanamayn,3,1000,270,270,0.126365387,2.232014688,485.5886828,11.38689653,180.1350323,1.464749006,30.99856142,436.994746,1,676.2522372,323.1165373,12828.46848,1,14.37105451,27.59510263,17.81731734,6.268921124,7.57057542,0.394666343,0.073503103,4263.451525,7.860602751,71.31324164,101.9155685,80.52193623,224.4197058,132.4975201,430.6093861,0.669011199,10.00010737,98.18675808,28.32124352
2016,Dara,Dara,1,8700,3306,380,0.151895403,2.467237111,521.8201455,12.74702859,247.890732,1.46774472,34.72026577,423.6944089,1,594.8481838,388.3877945,12943.43755,1,31.20078753,27.10922658,17.97699659,7.203942857,9.48939874,0.514658339,0.099636131,4092.661057,7.877365296,70.75449014,111.7620334,77.3530043,232.7358419,127.803691,442.0431636,0.879878166,12.29504118,97.27430518,40.20714807
2016,Dara,Dara,2,16250,4785,294.4615385,0.151895403,2.467237111,521.8201455,12.74702859,247.890732,1.46774472,34.72026577,423.6944089,1,594.8481838,388.3877945,12943.43755,1,31.20078753,27.10922658,17.97699659,7.203942857,9.48939874,0.514658339,0.099636131,4092.661057,7.877365296,70.75449014,111.7620334,77.3530043,232.7358419,127.803691,442.0431636,0.879878166,12.29504118,97.27430518,40.20714807
2016,Dara,Dara,3,1070,239,223.364486,0.151895403,2.467237111,521.8201455,12.74702859,247.890732,1.46774472,34.72026577,423.6944089,1,594.8481838,388.3877945,12943.43755,1,31.20078753,27.10922658,17.97699659,7.203942857,9.48939874,0.514658339,0.099636131,4092.661057,7.877365296,70.75449014,111.7620334,77.3530043,232.7358419,127.803691,442.0431636,0.879878166,12.29504118,97.27430518,40.20714807
2016,Dara,Izra,1,5500,1705,310,0.087018771,1.658654183,529.3105606,12.41287909,217.4263142,1.470306952,41.10287596,441.4595726,1,594.9833148,371.570979,12871.32054,1,10.9531787,27.21773341,17.87683409,6.91096746,8.718660963,0.550262132,0.114085865,4263.204595,7.923266829,69.22443902,109.1856073,77.94589237,240.4486149,92.06481307,460.4442333,0.522892419,12.7609944,97.84666237,44.50057937
2016,Dara,Izra,2,5260,724,137.6425856,0.087018771,1.658654183,529.3105606,12.41287909,217.4263142,1.470306952,41.10287596,441.4595726,1,594.9833148,371.570979,12871.32054,1,10.9531787,27.21773341,17.87683409,6.91096746,8.718660963,0.550262132,0.114085865,4263.204595,7.923266829,69.22443902,109.1856073,77.94589237,240.4486149,92.06481307,460.4442333,0.522892419,12.7609944,97.84666237,44.50057937
2016,Hama,Al_Ghab,1,2096,7454,3556.29771,0.049595436,1.643165164,1139.285298,32.78064409,139.7759455,1.347860465,28.59829587,349.5799349,1,352.189296,864.530309,12541.64871,1,139.7020723,27.32628762,17.41895654,6.614762474,24.8441061,0.708316508,0.127308671,3474.481736,6.782044179,92.73480597,93.17375927,109.0737474,457.9115259,280.5196852,361.9957542,4.508295663,42.21571718,99.53689449,35.28868661
2016,Hama,As_Salamiyeh,2,1701,664,390.3586126,0.504159747,4.926087865,307.1667861,8.470451297,191.2833095,1.455325727,20.3416433,317.9445519,1,514.8899545,369.4628366,13456.57571,1,39.708665,29.55926962,18.68968849,6.47145551,10.18856073,0.352021567,0.068267657,3625.333183,7.805379097,73.15403011,77.18394256,77.70733053,147.1642277,260.9011364,420.1232357,0.788382027,9.040582617,93.20178005,29.78971963
2016,Hama,Hama,1,3754,2899,772.2429409,0.227677668,4.733216797,503.0170203,13.82836661,192.7904067,1.455316559,28.89107986,399.9433813,1,367.8882638,424.5910592,13634.85571,1,25.04294796,29.25385924,18.9372996,7.11782779,11.65822292,0.567707479,0.124138553,3636.573652,7.530149647,82.32834509,86.02261634,85.42365478,227.9904994,199.991121,385.7041579,0.890006436,18.48653952,91.78685944,22.43352601
2016,Hama,Hama,2,1186,1181,995.7841484,0.227677668,4.733216797,503.0170203,13.82836661,192.7904067,1.455316559,28.89107986,399.9433813,1,367.8882638,424.5910592,13634.85571,1,25.04294796,29.25385924,18.9372996,7.11782779,11.65822292,0.567707479,0.124138553,3636.573652,7.530149647,82.32834509,86.02261634,85.42365478,227.9904994,199.991121,385.7041579,0.890006436,18.48653952,91.78685944,22.43352601
2016,Hama,Masyaf,1,1859,1506,810.112964,0.076403686,1.92474214,1097.194633,30.12183358,150.0452924,1.353623889,29.44578727,387.4121925,1,532.6863029,755.7378805,12376.99814,1,139.1245061,26.86040846,17.1902752,6.646550813,20.70862591,0.645667859,0.097974836,3641.522724,6.889563149,96.31877164,93.45127458,99.84097227,474.5510324,261.5816804,350.4100182,3.339515959,38.59856987,98.23014401,5.952755906
2016,Hama,Muhradah,1,332,401,1207.831325,0.05125136,1.195215355,711.1587158,19.7451914,210.5076775,1.449025265,33.05226761,439.5914949,1,254.483542,604.7525558,13622.81486,1,22.9822089,28.94665674,18.92057619,7.519067722,16.81216459,0.69287347,0.159606451,3600.680538,7.358416593,88.05278024,92.04197577,97.0818051,299.8525455,196.6763121,347.9956241,0.787416154,25.49695415,91.88242178,10.50963597
2016,Idleb,Al_Jisr_Ash_Shu,1,6855.189743,2559,373.293825,0.061795348,1.387996783,1120.682013,32.85982634,177.540447,1.380476929,27.89801472,304.6574213,1,349.3955892,624.0980261,12688.16221,1,101.3142959,27.50289479,17.62244752,6.596529361,18.30224695,0.590596976,0.097655715,3409.492806,6.711311118,90.37703725,92.07082098,108.653479,427.4967901,309.262822,377.4719518,3.793157673,40.90641577,99.3002999,19.55376344
2016,Idleb,Al_Mara,1,1150.411152,628,545.8917873,0.219400577,2.789560748,625.0223043,17.45758107,161.5969773,1.44106543,30.50289991,387.8445436,1,426.7153644,411.5252849,13331.99805,1,29.05957912,29.10956956,18.51666395,6.399190636,11.5094564,0.560691388,0.119472659,3579.234293,7.422356298,85.92145674,88.30220642,93.09954836,257.942726,211.8633148,395.4624714,1.089096217,21.8826255,94.1904917,2.740740741
2016,Idleb,Al_Mara,2,1181.929266,718,607.4813618,0.219400577,2.789560748,625.0223043,17.45758107,161.5969773,1.44106543,30.50289991,387.8445436,1,426.7153644,411.5252849,13331.99805,1,29.05957912,29.10956956,18.51666395,6.399190636,11.5094564,0.560691388,0.119472659,3579.234293,7.422356298,85.92145674,88.30220642,93.09954836,257.942726,211.8633148,395.4624714,1.089096217,21.8826255,94.1904917,2.740740741
2016,Idleb,Ariha,1,472.7717064,388,820.6920904,0.06189382,1.20144567,879.6768376,24.81108507,178.7756591,1.396585143,27.93576679,350.6523137,1,582.149967,474.5008312,12393.47494,1,87.67581128,27.61700572,17.21315964,5.548147926,13.39572436,0.505659673,0.090661341,3544.49926,7.15618642,94.79378601,92.91863199,103.7506837,340.1428168,264.1637633,380.2716742,2.592602428,31.56046909,98.36091222,35.35190616
2016,Idleb,Harim,1,1891.086826,643,340.0161173,0.076955511,1.744823344,960.8137647,27.49494857,208.4698796,1.397594182,27.2782689,356.5012631,1,400.6489695,501.7776376,12871.59253,1,91.8753057,28.45561433,17.87721185,5.935264242,14.38160066,0.51063271,0.086813542,3493.510136,7.125463716,95.81787612,80.37109345,111.6699503,358.608651,243.3845318,396.2349649,3.52892128,34.93256475,97.8445037,7.104166667
2016,Idleb,Idleb,1,15128.6946,3409,225.3333873,0.125820372,2.188331063,767.9977211,21.14720595,133.1604544,1.441830046,29.96636028,396.7139838,1,349.4829207,479.5724734,13335.67008,1,18.66965742,28.95661273,18.521764,6.406987806,13.20144175,0.603534748,0.124926343,3630.674666,7.363514149,87.8828617,84.54738735,102.9230285,297.3890157,201.4720497,378.6673336,0.928862474,24.86059375,94.16134856,24.08243728
2016,Idleb,Idleb,2,3289.703124,20,6.079575952,0.125820372,2.188331063,767.9977211,21.14720595,133.1604544,1.441830046,29.96636028,396.7139838,1,349.4829207,479.5724734,13335.67008,1,18.66965742,28.95661273,18.521764,6.406987806,13.20144175,0.603534748,0.124926343,3630.674666,7.363514149,87.8828617,84.54738735,102.9230285,297.3890157,201.4720497,378.6673336,0.928862474,24.86059375,94.16134856,24.08243728
2016,Idleb,Khan_Shakhon,1,7091.575596,602,84.88945677,0.125820372,2.188331063,767.9977211,21.14720595,133.1604544,1.441830046,29.96636028,396.7139838,1,349.4829207,479.5724734,13335.67008,1,18.66965742,28.95661273,18.521764,6.406987806,13.20144175,0.603534748,0.124926343,3630.674666,7.363514149,87.8828617,84.54738735,102.9230285,297.3890157,201.4720497,378.6673336,0.928862474,24.86059375,94.16134856,24.08243728
2016,Idleb,Khan_Shakhon,2,3443.353928,33,9.583679368,0.125820372,2.188331063,767.9977211,21.14720595,133.1604544,1.441830046,29.96636028,396.7139838,1,349.4829207,479.5724734,13335.67008,1,18.66965742,28.95661273,18.521764,6.406987806,13.20144175,0.603534748,0.124926343,3630.674666,7.363514149,87.8828617,84.54738735,102.9230285,297.3890157,201.4720497,378.6673336,0.928862474,24.86059375,94.16134856,24.08243728
2016,Tartous,Banyas,1,1314,1313,999.238965,0.064347484,1.259569202,1418.657712,38.35474399,227.2029485,1.248880866,25.12215029,311.6023136,1,597.2024401,865.9976745,12012.26605,1,239.5189203,26.02238176,16.68370285,6.927542275,23.41745332,0.585542364,0.056869609,3697.780292,6.402940695,80.09802315,91.15975729,103.7299079,569.0988771,311.2379664,363.3411414,4.321198421,51.28226288,95.33544485,78.70526316
2017,Al_Qunaytirah,Al_Qunaytirah,1,488,224,459.0163934,0.120668536,1.817203669,993.9564008,24.24449819,196.6396652,1.392797379,36.80800834,452.0421233,1,812.7813464,485.9435076,12104.72483,1,99.78962314,26.98653741,16.81211782,5.854209591,11.90625424,0.623032137,0.123577258,4098.719422,7.519971534,82.66761553,119.7341894,89.6969089,440.0290795,184.0334609,363.9594199,3.215624823,25.20123137,96.06924468,62.36754297
2017,Aleppo,Afrin,1,7700,19250,2500,0.194810459,2.230856022,805.8792511,21.75576638,184.8305861,1.371035123,25.51170824,404.3181051,1,493.5760545,459.2896929,12658.80048,1,89.965976,29.70228461,17.58166733,4.795002485,12.40830067,0.425113381,0.056415157,3703.209896,7.198506433,93.3831189,85.23831156,104.3820711,404.2592088,192.8950466,401.4796676,3.206478872,32.26458622,99.53332954,72.67440361
2017,Aleppo,Al_Atareb,1,3700,5550,1500,0.320135248,3.90953411,478.6761908,12.78309247,185.7492815,1.399045613,26.85095306,367.0160671,1,348.6130778,387.1280012,13799.08857,1,24.0041333,31.00464418,19.1654008,5.996780041,10.33045719,0.405257798,0.07349412,3743.603991,7.511498758,82.95004141,88.50641205,88.13627148,242.5714848,183.2856532,401.209007,0.780531933,17.98196178,90.48342403,28.18423019
2017,Aleppo,Al_Bab,1,1433,1719,1199.581298,0.223794265,2.70647827,409.032372,10.62149779,171.3158859,1.361738999,28.32570189,404.137529,1,440.5998951,360.997914,13619.11947,1,12.48017986,31.6086672,18.91544371,5.19195271,9.373968806,0.384380918,0.07180707,3849.985804,7.526863486,82.4378838,88.48264775,86.01735744,214.0650289,172.3288421,394.8106379,0.536196258,18.97472913,91.91175025,57.38811081
2017,Aleppo,Al_Bab,2,648,777,1199.074074,0.223794265,2.70647827,409.032372,10.62149779,171.3158859,1.361738999,28.32570189,404.137529,1,440.5998951,360.997914,13619.11947,1,12.48017986,31.6086672,18.91544371,5.19195271,9.373968806,0.384380918,0.07180707,3849.985804,7.526863486,82.4378838,88.48264775,86.01735744,214.0650289,172.3288421,394.8106379,0.536196258,18.97472913,91.91175025,57.38811081
2017,Aleppo,As_Safira,2,1905,455.3667,239.0376378,0.226229514,2.727688396,333.4874851,8.737524628,194.0542344,1.456944439,23.81607607,339.9130212,1,386.7828001,324.9070116,14024.20249,1,58.56984464,31.55489717,19.47805901,6.165249136,8.506459117,0.307279933,0.049991446,3815.727269,7.634697244,78.8434252,88.55119977,76.60119267,168.6939215,209.796782,447.6738108,1.021027812,12.3940763,88.69680564,61.3127161
2017,Aleppo,As_Safira,3,390,79.909,204.8948718,0.226229514,2.727688396,333.4874851,8.737524628,194.0542344,1.456944439,23.81607607,339.9130212,1,386.7828001,324.9070116,14024.20249,1,58.56984464,31.55489717,19.47805901,6.165249136,8.506459117,0.307279933,0.049991446,3815.727269,7.634697244,78.8434252,88.55119977,76.60119267,168.6939215,209.796782,447.6738108,1.021027812,12.3940763,88.69680564,61.3127161
2017,Aleppo,As_Safira,4,26,5.24,201.5384615,0.226229514,2.727688396,333.4874851,8.737524628,194.0542344,1.456944439,23.81607607,339.9130212,1,386.7828001,324.9070116,14024.20249,1,58.56984464,31.55489717,19.47805901,6.165249136,8.506459117,0.307279933,0.049991446,3815.727269,7.634697244,78.8434252,88.55119977,76.60119267,168.6939215,209.796782,447.6738108,1.021027812,12.3940763,88.69680564,61.3127161
2017,Aleppo,Azaz,1,21527,38748.6,1800,0.121728487,2.146811382,533.5452001,13.71644413,180.5676029,1.396196968,30.36538609,429.7996425,1,481.8095159,445.8335286,13118.75101,1,12.33630082,30.78934935,18.22048751,4.83242902,11.46688157,0.554917883,0.106540471,3888.821552,7.471901984,84.26993387,88.01514943,93.61588407,279.1852581,165.5478602,396.9674719,0.559398203,24.25735487,95.8829285,30.7875817
2017,Aleppo,Azaz,2,2449,3673.5,1500,0.121728487,2.146811382,533.5452001,13.71644413,180.5676029,1.396196968,30.36538609,429.7996425,1,481.8095159,445.8335286,13118.75101,1,12.33630082,30.78934935,18.22048751,4.83242902,11.46688157,0.554917883,0.106540471,3888.821552,7.471901984,84.26993387,88.01514943,93.61588407,279.1852581,165.5478602,396.9674719,0.559398203,24.25735487,95.8829285,30.7875817
2017,Aleppo,Jebel_Saman,1,3986,3987,1000.250878,0.320135248,3.90953411,478.6761908,12.78309247,185.7492815,1.399045613,26.85095306,367.0160671,1,348.6130778,387.1280012,13799.08857,1,24.0041333,31.00464418,19.1654008,5.996780041,10.33045719,0.405257798,0.07349412,3743.603991,7.511498758,82.95004141,88.50641205,88.13627148,242.5714848,183.2856532,401.209007,0.780531933,17.98196178,90.48342403,28.18423019
2017,Aleppo,Jebel_Saman,2,6463,6656.89,1030,0.320135248,3.90953411,478.6761908,12.78309247,185.7492815,1.399045613,26.85095306,367.0160671,1,348.6130778,387.1280012,13799.08857,1,24.0041333,31.00464418,19.1654008,5.996780041,10.33045719,0.405257798,0.07349412,3743.603991,7.511498758,82.95004141,88.50641205,88.13627148,242.5714848,183.2856532,401.209007,0.780531933,17.98196178,90.48342403,28.18423019
2017,Aleppo,Jebel_Saman,3,3300,1650,500,0.320135248,3.90953411,478.6761908,12.78309247,185.7492815,1.399045613,26.85095306,367.0160671,1,348.6130778,387.1280012,13799.08857,1,24.0041333,31.00464418,19.1654008,5.996780041,10.33045719,0.405257798,0.07349412,3743.603991,7.511498758,82.95004141,88.50641205,88.13627148,242.5714848,183.2856532,401.209007,0.780531933,17.98196178,90.48342403,28.18423019
2017,As_Suweida,As_Suwayda,1,1345,1210.5,900,0.245068348,2.898837435,366.4868657,8.117860169,164.7488635,1.44067499,22.83274428,379.7186382,1,936.6083153,282.7058698,12938.28814,1,132.549277,29.71377366,17.96984463,5.817911602,6.299689918,0.268791302,0.036719233,4513.574753,7.882238542,70.59204861,103.8823897,75.62101356,175.8203455,218.1895834,401.1968401,1.365785859,8.704768714,97.31517352,36.89205703
2017,As_Suweida,As_Suwayda,2,10134,7600.5,750,0.245068348,2.898837435,366.4868657,8.117860169,164.7488635,1.44067499,22.83274428,379.7186382,1,936.6083153,282.7058698,12938.28814,1,132.549277,29.71377366,17.96984463,5.817911602,6.299689918,0.268791302,0.036719233,4513.574753,7.882238542,70.59204861,103.8823897,75.62101356,175.8203455,218.1895834,401.1968401,1.365785859,8.704768714,97.31517352,36.89205703
2017,As_Suweida,Salkhad,2,11699,8189.3,700,0.19678529,2.476461818,360.8297296,7.988175696,175.7154581,1.445399312,22.89129271,345.5826409,1,1096.653045,284.3961965,12633.45874,1,151.5089895,29.48752395,17.54647048,5.316780636,6.33308485,0.24974903,0.034250436,4516.047989,7.899676731,70.01077564,104.5292968,74.24893219,173.2622126,268.1481021,387.011929,1.285466681,8.340411369,99.73445443,38.32058288
2017,As_Suweida,Salkhad,3,270,135,500,0.19678529,2.476461818,360.8297296,7.988175696,175.7154581,1.445399312,22.89129271,345.5826409,1,1096.653045,284.3961965,12633.45874,1,151.5089895,29.48752395,17.54647048,5.316780636,6.33308485,0.24974903,0.034250436,4516.047989,7.899676731,70.01077564,104.5292968,74.24893219,173.2622126,268.1481021,387.011929,1.285466681,8.340411369,99.73445443,38.32058288
2017,As_Suweida,Shahba,2,5068,4307.8,850,0.197527256,2.191659403,388.3833889,8.902878974,172.1533402,1.451189377,19.92857504,355.5120454,1,812.086703,275.5919273,13093.53296,1,62.52582608,29.74559103,18.18546245,5.942439154,6.324859388,0.235434345,0.03162045,4361.447137,7.921607895,69.27973685,104.5652251,76.68253602,175.2067952,217.4198839,427.8247932,0.996377189,7.542191094,96.08307171,8.194029851
2017,As_Suweida,Shahba,3,724,543,750,0.197527256,2.191659403,388.3833889,8.902878974,172.1533402,1.451189377,19.92857504,355.5120454,1,812.086703,275.5919273,13093.53296,1,62.52582608,29.74559103,18.18546245,5.942439154,6.324859388,0.235434345,0.03162045,4361.447137,7.921607895,69.27973685,104.5652251,76.68253602,175.2067952,217.4198839,427.8247932,0.996377189,7.542191094,96.08307171,8.194029851
2017,Damascus,Al_Ghutta,3,525,223.125,425,0.011843117,0.558468679,390.9070563,9.729820535,106.1618312,1.291118521,15.97295861,315.6253218,1,651.6936639,391.5245615,13035.36805,1,6.349500264,30.16118241,18.10467784,5.175917758,9.79363631,0.47578725,0.074465448,4016.618361,7.702316985,76.58943385,108.0351335,76.63668661,172.1756938,178.6231764,388.861443,0.350493747,15.36100502,96.54469805,4.8
2017,Damascus,Al_Ghutta,4,4,0.4,100,0.011843117,0.558468679,390.9070563,9.729820535,106.1618312,1.291118521,15.97295861,315.6253218,1,651.6936639,391.5245615,13035.36805,1,6.349500264,30.16118241,18.10467784,5.175917758,9.79363631,0.47578725,0.074465448,4016.618361,7.702316985,76.58943385,108.0351335,76.63668661,172.1756938,178.6231764,388.861443,0.350493747,15.36100502,96.54469805,4.8
2017,Damascus,An_Nabk,3,96,21.12,220,0.109668581,1.50691639,307.6816595,7.278557985,155.3219186,1.425568843,17.53600335,278.9022471,1,1377.627627,278.0495455,10757.47203,1,210.038337,26.86266964,14.93456718,2.058737018,6.581611758,0.145127644,0.012774308,4226.233747,7.786512673,73.78291091,84.61451,80.37176113,133.7777194,316.1138341,404.2577387,3.567828626,9.921132736,85.34038389,5.130434783
2017,Damascus,An_Nabk,4,72,27,375,0.109668581,1.50691639,307.6816595,7.278557985,155.3219186,1.425568843,17.53600335,278.9022471,1,1377.627627,278.0495455,10757.47203,1,210.038337,26.86266964,14.93456718,2.058737018,6.581611758,0.145127644,0.012774308,4226.233747,7.786512673,73.78291091,84.61451,80.37176113,133.7777194,316.1138341,404.2577387,3.567828626,9.921132736,85.34038389,5.130434783
2017,Damascus,At_Tall,2,185,55.5,300,0.044028509,1.064884239,591.7857401,14.67375534,162.1199029,1.40030382,25.61268638,363.9933535,1,1466.66102,357.8973086,10210.66997,1,145.3541383,26.08256287,14.17019055,1.624814962,8.876324228,0.218143752,0.025263878,4031.953571,7.636543834,78.78187219,100.6064044,85.92931922,259.5103601,274.0306517,362.7005117,3.630504348,17.15543139,80.97251745,1.666666667
2017,Damascus,Qatana,1,280,235.2,840,0.093841203,1.750152374,694.8629154,16.71003156,126.6999471,1.390187794,33.83029859,446.2725683,1,1076.168708,386.2817732,11355.40013,1,134.8032696,27.28722029,15.77138907,3.54620792,9.314851481,0.372917996,0.058784368,4157.357888,7.631263536,78.95788213,111.2843965,85.8555641,306.1114219,198.523565,355.7564594,3.240654984,17.95975534,90.12222324,10.25471698
2017,Damascus,Qatana,2,747,276.39,370,0.093841203,1.750152374,694.8629154,16.71003156,126.6999471,1.390187794,33.83029859,446.2725683,1,1076.168708,386.2817732,11355.40013,1,134.8032696,27.28722029,15.77138907,3.54620792,9.314851481,0.372917996,0.058784368,4157.357888,7.631263536,78.95788213,111.2843965,85.8555641,306.1114219,198.523565,355.7564594,3.240654984,17.95975534,90.12222324,10.25471698
2017,Dara,As_Sanamayn,1,1800,2340,1300,0.126365387,2.232014688,484.9401054,11.21536747,180.1350323,1.464749006,30.99856142,436.994746,1,676.2522372,310.1941856,12975.24731,1,14.37105451,29.01357915,18.02117682,6.069865709,7.167535568,0.402359698,0.066836031,4322.889581,7.860602751,71.31324164,111.6506812,77.26485269,220.5715572,132.4975201,430.6093861,0.669011199,10.00010737,97.02184673,28.32124352
2017,Dara,As_Sanamayn,2,5740,3444,600,0.126365387,2.232014688,484.9401054,11.21536747,180.1350323,1.464749006,30.99856142,436.994746,1,676.2522372,310.1941856,12975.24731,1,14.37105451,29.01357915,18.02117682,6.069865709,7.167535568,0.402359698,0.066836031,4322.889581,7.860602751,71.31324164,111.6506812,77.26485269,220.5715572,132.4975201,430.6093861,0.669011199,10.00010737,97.02184673,28.32124352
2017,Dara,As_Sanamayn,3,3552,1065.6,300,0.126365387,2.232014688,484.9401054,11.21536747,180.1350323,1.464749006,30.99856142,436.994746,1,676.2522372,310.1941856,12975.24731,1,14.37105451,29.01357915,18.02117682,6.069865709,7.167535568,0.402359698,0.066836031,4322.889581,7.860602751,71.31324164,111.6506812,77.26485269,220.5715572,132.4975201,430.6093861,0.669011199,10.00010737,97.02184673,28.32124352
2017,Dara,Dara,1,6300,8190,1300,0.151895403,2.467237111,480.0244507,11.6054107,247.890732,1.46774472,34.72026577,423.6944089,1,594.8481838,371.356605,13072.56595,1,31.20078753,28.15575594,18.1563416,7.178513238,8.980619334,0.4783493,0.082973974,4135.212522,7.877365296,70.75449014,120.1983976,73.4130986,222.8316886,127.803691,442.0431636,0.879878166,12.29504118,96.2494766,40.20714807
2017,Dara,Dara,2,25668,12834,500,0.151895403,2.467237111,480.0244507,11.6054107,247.890732,1.46774472,34.72026577,423.6944089,1,594.8481838,371.356605,13072.56595,1,31.20078753,28.15575594,18.1563416,7.178513238,8.980619334,0.4783493,0.082973974,4135.212522,7.877365296,70.75449014,120.1983976,73.4130986,222.8316886,127.803691,442.0431636,0.879878166,12.29504118,96.2494766,40.20714807
2017,Dara,Dara,3,1700,518.5,305,0.151895403,2.467237111,480.0244507,11.6054107,247.890732,1.46774472,34.72026577,423.6944089,1,594.8481838,371.356605,13072.56595,1,31.20078753,28.15575594,18.1563416,7.178513238,8.980619334,0.4783493,0.082973974,4135.212522,7.877365296,70.75449014,120.1983976,73.4130986,222.8316886,127.803691,442.0431636,0.879878166,12.29504118,96.2494766,40.20714807
2017,Dara,Izra,1,8500,11475,1350,0.087018771,1.658654183,505.8758628,11.71690714,217.4263142,1.470306952,41.10287596,441.4595726,1,594.9833148,359.9789594,12995.45994,1,10.9531787,28.2973863,18.04924991,6.774082926,8.34369343,0.544587751,0.101846132,4316.486318,7.923266829,69.22443902,115.5212556,74.21607042,228.3181387,92.06481307,460.4442333,0.522892419,12.7609944,96.86142907,44.50057937
2017,Dara,Izra,2,7830,4698,600,0.087018771,1.658654183,505.8758628,11.71690714,217.4263142,1.470306952,41.10287596,441.4595726,1,594.9833148,359.9789594,12995.45994,1,10.9531787,28.2973863,18.04924991,6.774082926,8.34369343,0.544587751,0.101846132,4316.486318,7.923266829,69.22443902,115.5212556,74.21607042,228.3181387,92.06481307,460.4442333,0.522892419,12.7609944,96.86142907,44.50057937
2017,Dara,Izra,3,60,18,300,0.087018771,1.658654183,505.8758628,11.71690714,217.4263142,1.470306952,41.10287596,441.4595726,1,594.9833148,359.9789594,12995.45994,1,10.9531787,28.2973863,18.04924991,6.774082926,8.34369343,0.544587751,0.101846132,4316.486318,7.923266829,69.22443902,115.5212556,74.21607042,228.3181387,92.06481307,460.4442333,0.522892419,12.7609944,96.86142907,44.50057937
2017,Hama,Al_Ghab,1,720,1781,2473.611111,0.049595436,1.643165164,1079.74481,30.52009952,139.7759455,1.347860465,28.59829587,349.5799349,1,352.189296,848.5657275,12643.14001,1,139.7020723,28.03588289,17.55991668,6.107155368,23.97590967,0.693589263,0.124332784,3536.815495,6.782044179,92.73480597,96.7970685,107.8779728,526.8466629,280.5196852,361.9957542,4.508295663,42.21571718,99.65761896,35.28868661
2017,Hama,As_Salamiyeh,2,1610,668,414.9068323,0.504159747,4.926087865,311.6561322,8.434084392,191.2833095,1.455325727,20.3416433,317.9445519,1,514.8899545,350.5461097,13570.88514,1,39.708665,30.74190703,18.84845158,6.0540134,9.486467167,0.261317636,0.041746077,3694.198171,7.805379097,73.15403011,85.21770453,76.90719218,146.5208949,260.9011364,420.1232357,0.788382027,9.040582617,92.29456239,29.78971963
2017,Hama,Hama,1,3313,2070.625,625,0.227677668,4.733216797,502.6978465,13.51443671,192.7904067,1.455316559,28.89107986,399.9433813,1,367.8882638,396.2237952,13744.87399,1,25.04294796,30.40777168,19.09010276,6.610034608,10.63778025,0.444197245,0.085558307,3718.709948,7.530149647,82.32834509,91.74489953,85.83655979,235.3119059,199.991121,385.7041579,0.890006436,18.48653952,90.91369853,22.43352601
2017,Hama,Hama,2,1346,673,500,0.227677668,4.733216797,502.6978465,13.51443671,192.7904067,1.455316559,28.89107986,399.9433813,1,367.8882638,396.2237952,13744.87399,1,25.04294796,30.40777168,19.09010276,6.610034608,10.63778025,0.444197245,0.085558307,3718.709948,7.530149647,82.32834509,91.74489953,85.83655979,235.3119059,199.991121,385.7041579,0.890006436,18.48653952,90.91369853,22.43352601
2017,Hama,Masyaf,1,1898,1329,700.2107482,0.076403686,1.92474214,1065.027809,28.71322356,150.0452924,1.353623889,29.44578727,387.4121925,1,532.6863029,718.7954944,12472.96984,1,139.1245061,27.64105551,17.32356922,6.138692534,19.35255051,0.578657027,0.080021467,3708.189275,6.889563149,96.31877164,97.33910836,98.93558517,506.2526922,261.5816804,350.4100182,3.339515959,38.59856987,98.99182411,5.952755906
2017,Hama,Muhradah,1,280,280,1000,0.05125136,1.195215355,688.6626641,18.7057457,210.5076775,1.449025265,33.05226761,439.5914949,1,254.483542,586.0819438,13737.59675,1,22.9822089,30.09695144,19.07999548,7.027808982,15.94642446,0.662926858,0.135189723,3680.55686,7.358416593,88.05278024,95.85007966,96.71072966,329.2002242,196.6763121,347.9956241,0.787416154,25.49695415,90.97145439,10.50963597
2017,Hassakeh,Al_Malika,1,47600,74077.5,1556.25,0.273788898,2.626098262,1029.865881,22.39948564,177.7179584,1.393407522,35.81191186,396.1542193,1,442.2589019,410.2791276,13960.53543,1,11.47143655,34.69045924,19.38963255,4.721658469,8.927509084,0.610726668,0.144392744,4596.721116,7.401004555,86.63318149,97.68044405,95.02900876,473.383242,182.2285639,417.2135132,0.627665989,23.0979689,89.20209973,71.48066457
2017,Hassakeh,Al_Malika,2,3800,4180,1100,0.273788898,2.626098262,1029.865881,22.39948564,177.7179584,1.393407522,35.81191186,396.1542193,1,442.2589019,410.2791276,13960.53543,1,11.47143655,34.69045924,19.38963255,4.721658469,8.927509084,0.610726668,0.144392744,4596.721116,7.401004555,86.63318149,97.68044405,95.02900876,473.383242,182.2285639,417.2135132,0.627665989,23.0979689,89.20209973,71.48066457
2017,Hassakeh,Al_Malika,3,300,240,800,0.273788898,2.626098262,1029.865881,22.39948564,177.7179584,1.393407522,35.81191186,396.1542193,1,442.2589019,410.2791276,13960.53543,1,11.47143655,34.69045924,19.38963255,4.721658469,8.927509084,0.610726668,0.144392744,4596.721116,7.401004555,86.63318149,97.68044405,95.02900876,473.383242,182.2285639,417.2135132,0.627665989,23.0979689,89.20209973,71.48066457
2017,Hassakeh,Hassakeh,1,1650,1980,1200,1.234999017,5.292191536,505.8976836,11.38613215,179.2026918,1.453912692,22.75778998,312.1287676,1,352.2277754,291.2840379,15035.03125,1,19.1175947,35.3967448,20.88198784,5.870771411,6.560743505,0.289549195,0.04945112,4442.103917,7.76640865,74.453045,96.47748238,83.3574781,250.3479121,232.8497925,449.1236429,0.493960645,10.83503123,80.67435519,55.44769984
2017,Hassakeh,Hassakeh,2,8600,8268.298,961.43,1.234999017,5.292191536,505.8976836,11.38613215,179.2026918,1.453912692,22.75778998,312.1287676,1,352.2277754,291.2840379,15035.03125,1,19.1175947,35.3967448,20.88198784,5.870771411,6.560743505,0.289549195,0.04945112,4442.103917,7.76640865,74.453045,96.47748238,83.3574781,250.3479121,232.8497925,449.1236429,0.493960645,10.83503123,80.67435519,55.44769984
2017,Hassakeh,Hassakeh,3,3450,1828.5,530,1.234999017,5.292191536,505.8976836,11.38613215,179.2026918,1.453912692,22.75778998,312.1287676,1,352.2277754,291.2840379,15035.03125,1,19.1175947,35.3967448,20.88198784,5.870771411,6.560743505,0.289549195,0.04945112,4442.103917,7.76640865,74.453045,96.47748238,83.3574781,250.3479121,232.8497925,449.1236429,0.493960645,10.83503123,80.67435519,55.44769984
2017,Hassakeh,Quamishli,1,26700,33597.411,1258.33,0.384508781,3.376182941,819.4289095,18.28401005,189.6343908,1.4227755,32.71215887,381.6987929,1,387.3408823,370.1947529,14558.86174,1,4.224880292,35.3327915,20.2206413,5.39578904,8.275566082,0.570751575,0.127843608,4480.669541,7.499177245,83.3607585,94.11423151,94.34968929,395.0126981,188.6721752,424.1715544,0.236333983,15.93920513,84.45347828,2.151515152
2017,Hassakeh,Quamishli,2,6700,6700,1000,0.384508781,3.376182941,819.4289095,18.28401005,189.6343908,1.4227755,32.71215887,381.6987929,1,387.3408823,370.1947529,14558.86174,1,4.224880292,35.3327915,20.2206413,5.39578904,8.275566082,0.570751575,0.127843608,4480.669541,7.499177245,83.3607585,94.11423151,94.34968929,395.0126981,188.6721752,424.1715544,0.236333983,15.93920513,84.45347828,2.151515152
2017,Hassakeh,Ras_Al_Ain,1,7500,9750,1300,0.383012451,4.287075453,583.1515364,13.39965542,181.239228,1.436138441,29.13638552,428.1986409,1,428.0325777,369.6523591,14367.46024,1,10.62784115,34.65490354,19.95480588,5.079311835,8.484859368,0.487104047,0.098564985,4350.989048,7.607914063,79.7361979,87.98980685,90.05291833,299.3722223,158.4989891,413.1203426,0.413294717,15.5378662,85.97253781,3.258706468
2017,Hassakeh,Ras_Al_Ain,2,18300,5670,309.8360656,0.383012451,4.287075453,583.1515364,13.39965542,181.239228,1.436138441,29.13638552,428.1986409,1,428.0325777,369.6523591,14367.46024,1,10.62784115,34.65490354,19.95480588,5.079311835,8.484859368,0.487104047,0.098564985,4350.989048,7.607914063,79.7361979,87.98980685,90.05291833,299.3722223,158.4989891,413.1203426,0.413294717,15.5378662,85.97253781,3.258706468
2017,Homs,Al_Maghrim,2,54,33.913,628.0185185,0.306769432,2.913060825,275.4448853,7.301730466,218.2032013,1.457191708,18.26401052,311.7343597,1,797.1330828,342.6965443,12355.12849,1,104.0896137,28.87333706,17.15990069,4.592996284,9.086247043,0.226995277,0.027573406,3771.323377,7.836838992,72.10536695,85.14521186,78.514493,119.7221949,282.185961,406.7754786,1.39213165,8.706368852,98.05657535,23.70967742
2017,Homs,Al_Maghrim,3,24,11.4,475,0.306769432,2.913060825,275.4448853,7.301730466,218.2032013,1.457191708,18.26401052,311.7343597,1,797.1330828,342.6965443,12355.12849,1,104.0896137,28.87333706,17.15990069,4.592996284,9.086247043,0.226995277,0.027573406,3771.323377,7.836838992,72.10536695,85.14521186,78.514493,119.7221949,282.185961,406.7754786,1.39213165,8.706368852,98.05657535,23.70967742
2017,Homs,Al_Quasir,1,1384,1601.98,1157.5,0.079506691,1.850323115,589.123999,15.14159457,228.7835016,1.423727806,26.81275048,398.4009405,1,596.8480096,416.7465244,12634.65211,1,19.08778159,28.31761095,17.54812793,5.774608209,10.74193192,0.466648393,0.079038939,3889.765905,7.575372583,80.8209139,99.52678247,90.03872213,251.3040041,214.1664714,361.619498,0.932790651,19.01649265,99.72498325,81.53370847
2017,Homs,Al_Quasir,2,1658,1417.59,855,0.079506691,1.850323115,589.123999,15.14159457,228.7835016,1.423727806,26.81275048,398.4009405,1,596.8480096,416.7465244,12634.65211,1,19.08778159,28.31761095,17.54812793,5.774608209,10.74193192,0.466648393,0.079038939,3889.765905,7.575372583,80.8209139,99.52678247,90.03872213,251.3040041,214.1664714,361.619498,0.932790651,19.01649265,99.72498325,81.53370847
2017,Homs,Al_Quasir,3,912,338.352,371,0.079506691,1.850323115,589.123999,15.14159457,228.7835016,1.423727806,26.81275048,398.4009405,1,596.8480096,416.7465244,12634.65211,1,19.08778159,28.31761095,17.54812793,5.774608209,10.74193192,0.466648393,0.079038939,3889.765905,7.575372583,80.8209139,99.52678247,90.03872213,251.3040041,214.1664714,361.619498,0.932790651,19.01649265,99.72498325,81.53370847
2017,Homs,Ar_Rastan,1,5780,8670,1500,0.023749721,0.879988685,492.8802557,12.86251149,217.7540281,1.490165194,31.51599766,455.9867872,1,435.4754306,405.413555,13396.90518,1,32.93536539,29.4506417,18.60681274,6.618800951,10.5604627,0.498858167,0.101186866,3830.913046,7.628313312,79.05622294,91.17705362,88.19242255,216.9426231,194.2140276,350.5086574,1.105333487,20.10500042,93.67535574,64.92877493
2017,Homs,Homs,1,10716,9965.787,929.9913214,0.661463232,5.466555194,321.3807359,8.198333451,170.4993423,1.454793713,18.39390553,334.3746299,1,749.4069726,381.0843376,12271.97333,1,42.53240625,28.45798934,17.04440741,4.64517824,9.741568672,0.235555992,0.033093051,3919.073974,7.822295424,72.59015253,91.81116999,77.99028475,138.8643398,262.3261291,400.8940442,1.265880206,10.65134129,97.39661377,61.8628226
2017,Homs,Homs,2,274,219.12,799.7080292,0.661463232,5.466555194,321.3807359,8.198333451,170.4993423,1.454793713,18.39390553,334.3746299,1,749.4069726,381.0843376,12271.97333,1,42.53240625,28.45798934,17.04440741,4.64517824,9.741568672,0.235555992,0.033093051,3919.073974,7.822295424,72.59015253,91.81116999,77.99028475,138.8643398,262.3261291,400.8940442,1.265880206,10.65134129,97.39661377,61.8628226
2017,Homs,Tall_Kalakh,1,4011,5615.4,1400,0.061265386,1.382119937,1032.48493,27.41584346,213.4968276,1.371293035,28.50363662,371.8628808,1,462.9664108,731.0885938,12969.01022,1,86.9397267,27.77781,18.01251419,7.162801508,19.45254968,0.64264329,0.108790691,3765.015558,7.036198454,98.79338486,99.22077737,99.03297964,477.5920838,256.0800903,370.1287946,2.899572474,38.32373734,97.07134748,63.89144317
2017,Idleb,Al_Jisr_Ash_Shu,1,1740,1961.632788,1127.375166,0.061795348,1.387996783,1012.122338,29.21148598,177.540447,1.380476929,27.89801472,304.6574213,1,349.3955892,584.1420856,12759.66216,1,101.3142959,28.03975952,17.721753,6.005570569,16.86286119,0.54668792,0.083235991,3463.809488,6.711311118,90.37703725,93.32480879,107.5192332,497.8067882,309.262822,377.4719518,3.793157673,40.90641577,98.73284,19.55376344
2017,Idleb,Al_Mara,1,2500,2818.437914,1127.375166,0.219400577,2.789560748,597.5881948,16.33371239,161.5969773,1.44106543,30.50289991,387.8445436,1,426.7153644,398.7283549,13444.14409,1,29.05957912,30.13775519,18.67242235,5.921473039,10.90970961,0.483634117,0.087474128,3657.618326,7.422356298,85.92145674,94.28898897,91.87850598,291.4753592,211.8633148,395.4624714,1.089096217,21.8826255,93.30044374,2.740740741
2017,Idleb,Al_Mara,2,2446,1968.519965,804.7914818,0.219400577,2.789560748,597.5881948,16.33371239,161.5969773,1.44106543,30.50289991,387.8445436,1,426.7153644,398.7283549,13444.14409,1,29.05957912,30.13775519,18.67242235,5.921473039,10.90970961,0.483634117,0.087474128,3657.618326,7.422356298,85.92145674,94.28898897,91.87850598,291.4753592,211.8633148,395.4624714,1.089096217,21.8826255,93.30044374,2.740740741
2017,Idleb,Al_Mara,3,220,132.3893805,601.7699115,0.219400577,2.789560748,597.5881948,16.33371239,161.5969773,1.44106543,30.50289991,387.8445436,1,426.7153644,398.7283549,13444.14409,1,29.05957912,30.13775519,18.67242235,5.921473039,10.90970961,0.483634117,0.087474128,3657.618326,7.422356298,85.92145674,94.28898897,91.87850598,291.4753592,211.8633148,395.4624714,1.089096217,21.8826255,93.30044374,2.740740741
2017,Idleb,Ariha,1,292,329.1935484,1127.375166,0.06189382,1.20144567,808.6157459,22.36020583,178.7756591,1.396585143,27.93576679,350.6523137,1,582.149967,454.2141576,12496.23267,1,87.67581128,28.37067888,17.35587871,5.124074158,12.57306268,0.410210616,0.062613605,3615.3162,7.15618642,94.79378601,97.12316556,102.7445699,403.6914824,264.1637633,380.2716742,2.592602428,31.56046909,99.1764498,35.35190616
2017,Idleb,Harim,1,480,541.1400795,1127.375166,0.076955511,1.744823344,849.0456405,23.74397938,208.4698796,1.397594182,27.2782689,356.5012631,1,400.6489695,478.5927023,12944.07632,1,91.8753057,29.14017067,17.97788378,5.603327071,13.41029625,0.464054265,0.072516677,3574.835487,7.125463716,95.81787612,85.25041958,110.5445179,419.4154683,243.3845318,396.2349649,3.52892128,34.93256475,97.26923557,7.104166667
2017,Idleb,Idleb,1,4040,4554.595669,1127.375166,0.125820372,2.188331063,699.7883092,18.8519634,133.1604544,1.441830046,29.96636028,396.7139838,1,349.4829207,461.0293427,13442.13458,1,18.66965742,29.98230154,18.66963136,5.996925927,12.41262278,0.551505746,0.102885174,3711.018183,7.363514149,87.8828617,92.0940144,101.3297174,351.9420449,201.4720497,378.6673336,0.928862474,24.86059375,93.31639224,24.08243728
2017,Idleb,Idleb,2,935,752.4800355,804.7914818,0.125820372,2.188331063,699.7883092,18.8519634,133.1604544,1.441830046,29.96636028,396.7139838,1,349.4829207,461.0293427,13442.13458,1,18.66965742,29.98230154,18.66963136,5.996925927,12.41262278,0.551505746,0.102885174,3711.018183,7.363514149,87.8828617,92.0940144,101.3297174,351.9420449,201.4720497,378.6673336,0.928862474,24.86059375,93.31639224,24.08243728
2017,Idleb,Idleb,3,232,139.6106195,601.7699115,0.125820372,2.188331063,699.7883092,18.8519634,133.1604544,1.441830046,29.96636028,396.7139838,1,349.4829207,461.0293427,13442.13458,1,18.66965742,29.98230154,18.66963136,5.996925927,12.41262278,0.551505746,0.102885174,3711.018183,7.363514149,87.8828617,92.0940144,101.3297174,351.9420449,201.4720497,378.6673336,0.928862474,24.86059375,93.31639224,24.08243728
2017,Lattakia,Al_Hafa,1,1223,2780,2273.098937,0.056619889,1.298629777,1512.65348,42.65077422,251.0029312,1.264981734,25.51066723,281.7179779,1,615.8606536,898.7173671,12134.12416,1,289.7612345,26.67729595,16.85295022,5.938313263,25.351842,0.627945574,0.056258349,3545.602629,6.168576676,72.28588919,91.05795662,120.1402966,734.4419222,357.4897846,356.8800356,4.643245661,56.30098333,96.30257268,75.1082544
2017,Lattakia,Al_Qardaha,1,260,432.25,1662.5,0.030228789,0.883071844,1431.891397,40.16625649,235.6423718,1.266061629,25.08147767,304.5236994,1,540.3966252,987.1031921,12421.33482,1,281.3834412,26.75909099,17.25185392,6.766795821,27.68451078,0.648893852,0.05678205,3563.911251,6.246956385,74.89854616,92.25634304,113.9965456,698.9897143,333.7468418,356.7924855,4.669937499,58.43730767,98.58202239,62.20930233
2017,Lattakia,Jablah,1,647,1320,2040.185471,0.056903002,1.06433536,1443.280746,39.99849295,242.7106218,1.288362214,25.18450697,312.336117,1,539.9002309,826.1870554,12313.31125,1,269.6827043,26.54784112,17.10182118,6.846603011,22.87809636,0.589588423,0.055077905,3607.337813,6.394601508,79.82005026,95.44448462,105.2086794,707.7216601,319.9496365,362.0527367,4.337486611,50.9748085,97.72469246,69.6122449
2017,Lattakia,Lattakia,1,364,660,1813.186813,0.097763298,1.762987067,1502.527653,41.27217349,209.5944837,1.261131142,24.7105126,304.2298707,1,231.7146206,1154.924439,13212.78121,1,104.336183,27.16992468,18.35108501,8.247498898,31.75963516,0.678646147,0.064928673,3639.534351,6.347943236,78.26477454,90.37060854,117.1218702,724.7946736,328.3346711,334.66475,3.391717815,52.37302557,95.13665708,87.11285641
2017,Raqqa,Tell_Abiad,3,42000,34800,828.5714286,0.478825179,3.735158564,420.4467019,10.01944564,188.9206138,1.450549568,27.03711738,400.1496788,1,371.821103,277.905023,14502.55752,1,11.17783109,34.27168337,20.142441,5.362521939,6.628756766,0.265193546,0.042322033,4195.307033,7.789701512,73.67661628,83.27397216,86.66689292,215.9948752,163.0030389,436.503596,0.353533461,11.88417515,84.90033715,33.28514589
2017,Tartous,Banyas,1,4430,4204,948.9841986,0.064347484,1.259569202,1385.413617,36.99853682,227.2029485,1.248880866,25.12215029,311.6023136,1,597.2024401,849.5937597,12089.20894,1,239.5189203,26.29028104,16.79056797,6.575398882,22.69503916,0.581284183,0.053441023,3743.509204,6.402940695,80.09802315,99.97659923,102.8920064,680.5744999,311.2379664,363.3411414,4.321198421,51.28226288,95.94610269,78.70526316
2017,Tartous,Dreikisch,1,399,349.125,875,0.020699473,0.796408619,1386.801741,37.17466359,216.934763,1.299036482,24.8601254,322.079217,1,504.6634677,878.7719963,12681.11269,1,163.4163054,26.8689636,17.61265652,7.513387628,23.55671242,0.62045357,0.053221259,3729.502462,6.512992812,83.76642708,97.89870184,103.1306733,665.8319159,306.9629607,371.5972167,3.497485148,47.28655449,99.35624847,23.43243243
2017,Tartous,Safita,1,512,435.2,850,0.047070335,1.157636077,1384.653811,37.61045667,212.2246192,1.350786518,24.81991989,329.6296751,1,294.0703481,811.5213606,13427.40259,1,85.74052064,27.72325553,18.64917026,8.62756695,22.06293959,0.610954202,0.069576024,3680.56607,6.807968775,93.59895915,97.81065997,105.2194485,665.2769691,291.9812893,377.4132804,2.351750182,44.6094789,93.43331279,76.62715679
2017,Tartous,Sheikh_Badr,1,979,905.575,925,0.005349553,0.386265066,1441.292339,38.43369593,214.3609237,1.284536565,24.92166647,316.9745763,,488.3054996,857.3701019,12541.04144,1,198.9956955,26.49763451,17.41811311,7.527029819,22.86634975,0.600599716,0.047519002,3749.074784,6.413826005,80.46086682,98.39484131,103.4625459,698.7681235,307.9387223,375.526846,3.662482193,53.80450397,99.5320749,0.666666667
2017,Tartous,Tartous,1,188,170,904.2553191,0.049162657,1.417978043,1204.997703,31.91767703,226.602822,1.337365278,24.38800112,328.0083572,1,151.3380759,891.9098431,13793.33979,1,85.26540945,27.44333477,19.15741637,9.890619045,23.65893448,0.600436279,0.07134132,3774.330211,6.801489796,93.38299321,96.96830669,103.8358892,577.3614551,293.3316743,364.969705,1.987711269,46.76351549,90.52904929,64.49344978
2018,Hama,Al_Ghab,1,2721,1888,693.8625505,0.049595436,1.643165164,1416.643339,40.95558457,139.7759455,1.347860465,28.59829587,349.5799349,1,352.189296,886.6325997,12871.1216,1,139.7020723,28.03588289,17.87655778,6.107155368,25.61846877,0.713633276,0.128056118,3457.974774,6.782044179,92.73480597,88.79508677,108.6753239,705.8253522,280.5196852,361.9957542,4.508295663,42.21571718,97.84824127,35.28868661
2018,Hama,Masyaf,1,1958,1429,729.8263534,0.076403686,1.92474214,1453.68311,40.09089046,150.0452924,1.353623889,29.44578727,387.4121925,1,532.6863029,754.8974024,12681.26731,1,139.1245061,27.64105551,17.61287126,6.138692534,20.77820817,0.618815037,0.089464682,3624.968626,6.889563149,96.31877164,89.47497011,101.4160532,733.2213532,261.5816804,350.4100182,3.339515959,38.59856987,99.35502137,5.952755906
2018,Hama,Muhradah,1,301,266,883.7209302,0.05125136,1.195215355,891.1432938,24.88609107,210.5076775,1.449025265,33.05226761,439.5914949,1,254.483542,618.2156521,13924.75055,1,22.9822089,30.09695144,19.33993132,7.027808982,17.2802385,0.682880693,0.15032655,3579.888984,7.358416593,88.05278024,85.25892856,100.3160652,455.5738828,196.6763121,347.9956241,0.787416154,25.49695415,89.48610674,10.50963597
2019,Al_Qunaytirah,Al_Qunaytirah,1,5768,1733,300.4507628,0.120668536,1.817203669,1517.511538,39.27022051,196.6396652,1.392797379,36.80800834,452.0421233,1,812.7813464,564.5227897,12189.15319,1,99.78962314,24.87901077,16.92937943,6.863192294,14.65566106,0.659409681,0.139985309,3863.280665,7.519971534,82.66761553,115.7409985,96.18252607,801.8555316,184.0334609,363.9594199,3.215624823,25.20123137,96.73931101,62.36754297
2019,Dara,Izra,1,9332,20413.75,2187.5,0.087018771,1.658654183,730.5388323,17.9963845,217.4263142,1.470306952,41.10287596,441.4595726,1,594.9833148,434.2951604,13029.12015,1,10.9531787,26.1835146,18.09600021,7.646600856,10.70536181,0.598043791,0.126544613,4058.364436,7.923266829,69.22443902,105.2922455,89.93934125,378.7584282,92.06481307,460.4442333,0.522892419,12.7609944,96.59428451,44.50057937
2019,Dara,Izra,2,9655,13436.54167,1391.666667,0.087018771,1.658654183,730.5388323,17.9963845,217.4263142,1.470306952,41.10287596,441.4595726,1,594.9833148,434.2951604,13029.12015,1,10.9531787,26.1835146,18.09600021,7.646600856,10.70536181,0.598043791,0.126544613,4058.364436,7.923266829,69.22443902,105.2922455,89.93934125,378.7584282,92.06481307,460.4442333,0.522892419,12.7609944,96.59428451,44.50057937
2019,Dara,Izra,3,190,157.7,830,0.087018771,1.658654183,730.5388323,17.9963845,217.4263142,1.470306952,41.10287596,441.4595726,1,594.9833148,434.2951604,13029.12015,1,10.9531787,26.1835146,18.09600021,7.646600856,10.70536181,0.598043791,0.126544613,4058.364436,7.923266829,69.22443902,105.2922455,89.93934125,378.7584282,92.06481307,460.4442333,0.522892419,12.7609944,96.59428451,44.50057937
2019,Hama,Al_Ghab,1,3061,6950,2270.499837,0.049595436,1.643165164,1809.837733,53.52371729,139.7759455,1.347860465,28.59829587,349.5799349,1,352.189296,921.8680202,12871.37971,1,139.7020723,26.41515541,17.87691627,7.293097794,27.2378979,0.723227677,0.128946083,3380.375257,6.782044179,92.73480597,99.34443711,111.9221485,897.7995326,280.5196852,361.9957542,4.508295663,42.21571718,97.84619277,35.28868661
2019,Hama,As_Salamiyeh,2,1052,2849,2708.174905,0.504159747,4.926087865,464.0834974,13.34736832,191.2833095,1.455325727,20.3416433,317.9445519,1,514.8899545,428.8372006,13556.25303,1,39.708665,28.62811597,18.8281292,7.143940085,12.33435113,0.562100949,0.125299223,3475.966293,7.805379097,73.15403011,77.80476317,92.64851605,239.0412412,260.9011364,420.1232357,0.788382027,9.040582617,92.41069026,29.78971963
2019,Hama,Hama,1,4833,18483,3824.332713,0.227677668,4.733216797,813.5649518,23.20506401,192.7904067,1.455316559,28.89107986,399.9433813,1,367.8882638,465.4612209,13818.08184,1,25.04294796,28.38143635,19.19178034,7.830479314,13.26410854,0.616048756,0.141737013,3504.980209,7.530149647,82.32834509,87.98103966,97.56844935,418.6968933,199.991121,385.7041579,0.890006436,18.48653952,90.33268379,22.43352601
2019,Hama,Hama,2,1880,6448,3429.787234,0.227677668,4.733216797,813.5649518,23.20506401,192.7904067,1.455316559,28.89107986,399.9433813,1,367.8882638,465.4612209,13818.08184,1,25.04294796,28.38143635,19.19178034,7.830479314,13.26410854,0.616048756,0.141737013,3504.980209,7.530149647,82.32834509,87.98103966,97.56844935,418.6968933,199.991121,385.7041579,0.890006436,18.48653952,90.33268379,22.43352601
2019,Hama,Masyaf,1,1757,1089,619.8064883,0.076403686,1.92474214,1899.183687,53.72969464,150.0452924,1.353623889,29.44578727,387.4121925,1,532.6863029,805.2433944,12695.6566,1,139.1245061,26.01529999,17.6328564,7.368657337,22.72558957,0.638933574,0.095587283,3533.700318,6.889563149,96.31877164,101.4368649,104.1488609,1039.305557,261.5816804,350.4100182,3.339515959,38.59856987,99.2408206,5.952755906
2019,Hama,Muhradah,1,300,579,1930,0.05125136,1.195215355,1126.06863,32.2343058,210.5076775,1.449025265,33.05226761,439.5914949,1,254.483542,638.21744,13880.94554,1,22.9822089,27.98414854,19.27909103,8.252486608,18.27766364,0.702738259,0.160921403,3492.385701,7.358416593,88.05278024,96.46744634,102.5197626,580.8612788,196.6763121,347.9956241,0.787416154,25.49695415,89.83376553,10.50963597
2019,Idleb,Al_Jisr_Ash_Shu,1,1274,1175,922.2919937,0.061795348,1.387996783,1639.031668,49.68257613,177.540447,1.380476929,27.89801472,304.6574213,1,349.3955892,662.7802192,13011.57552,1,101.3142959,26.70563194,18.07163267,7.418783557,20.08831586,0.617983455,0.106410921,3298.007008,6.711311118,90.37703725,104.0058286,113.9571576,816.5203237,309.262822,377.4719518,3.793157673,40.90641577,96.7335276,19.55376344
2019,Idleb,Al_Mara,1,500,1211,2422,0.219400577,2.789560748,964.0705953,28.16866944,161.5969773,1.44106543,30.50289991,387.8445436,1,426.7153644,474.1626953,13519.765,1,29.05957912,28.26483244,18.77745139,7.194626078,13.85047638,0.601515219,0.138269059,3421.492487,7.422356298,85.92145674,91.15500663,102.7485232,470.4377188,211.8633148,395.4624714,1.089096217,21.8826255,92.70027775,2.740740741
2019,Idleb,Al_Mara,2,1035,464,448.3091787,0.219400577,2.789560748,964.0705953,28.16866944,161.5969773,1.44106543,30.50289991,387.8445436,1,426.7153644,474.1626953,13519.765,1,29.05957912,28.26483244,18.77745139,7.194626078,13.85047638,0.601515219,0.138269059,3421.492487,7.422356298,85.92145674,91.15500663,102.7485232,470.4377188,211.8633148,395.4624714,1.089096217,21.8826255,92.70027775,2.740740741
2019,Idleb,Al_Mara,3,25,985,39400,0.219400577,2.789560748,964.0705953,28.16866944,161.5969773,1.44106543,30.50289991,387.8445436,1,426.7153644,474.1626953,13519.765,1,29.05957912,28.26483244,18.77745139,7.194626078,13.85047638,0.601515219,0.138269059,3421.492487,7.422356298,85.92145674,91.15500663,102.7485232,470.4377188,211.8633148,395.4624714,1.089096217,21.8826255,92.70027775,2.740740741
2019,Idleb,Ariha,1,1292,20,15.47987616,0.06189382,1.20144567,1287.979378,37.92600075,178.7756591,1.396585143,27.93576679,350.6523137,1,582.149967,523.0896975,12658.66826,1,87.67581128,26.8399934,17.5814837,6.40529139,15.4063644,0.507109123,0.092523649,3395.032677,7.15618642,94.79378601,101.8028848,107.9944741,643.9730396,264.1637633,380.2716742,2.592602428,31.56046909,99.53437887,35.35190616
2019,Idleb,Harim,1,480,445,927.0833333,0.076955511,1.744823344,1326.920463,39.36426031,208.4698796,1.397594182,27.2782689,356.5012631,1,400.6489695,548.0693453,13159.13655,1,91.8753057,27.69773043,18.27657854,6.996927931,16.27037023,0.533481044,0.094834923,3369.876152,7.125463716,95.81787612,86.8186678,117.2060117,656.7739174,243.3845318,396.2349649,3.52892128,34.93256475,95.56240835,7.104166667
2019,Idleb,Idleb,1,3640,3405,935.4395604,0.125820372,2.188331063,1093.018604,31.47421692,133.1604544,1.441830046,29.96636028,396.7139838,1,349.4829207,528.6637581,13543.7509,1,18.66965742,28.20795276,18.81076515,7.366924624,15.21124426,0.596039063,0.132100925,3471.742808,7.363514149,87.8828617,91.27240352,106.2780643,540.4956023,201.4720497,378.6673336,0.928862474,24.86059375,92.50991346,24.08243728
2019,Idleb,Idleb,2,735,702,955.1020408,0.125820372,2.188331063,1093.018604,31.47421692,133.1604544,1.441830046,29.96636028,396.7139838,1,349.4829207,528.6637581,13543.7509,1,18.66965742,28.20795276,18.81076515,7.366924624,15.21124426,0.596039063,0.132100925,3471.742808,7.363514149,87.8828617,91.27240352,106.2780643,540.4956023,201.4720497,378.6673336,0.928862474,24.86059375,92.50991346,24.08243728
2019,Idleb,Idleb,3,25,20,800,0.125820372,2.188331063,1093.018604,31.47421692,133.1604544,1.441830046,29.96636028,396.7139838,1,349.4829207,528.6637581,13543.7509,1,18.66965742,28.20795276,18.81076515,7.366924624,15.21124426,0.596039063,0.132100925,3471.742808,7.363514149,87.8828617,91.27240352,106.2780643,540.4956023,201.4720497,378.6673336,0.928862474,24.86059375,92.50991346,24.08243728
2019,Idleb,Khan_Shakhon,1,1400,1300,928.5714286,0.125820372,2.188331063,1093.018604,31.47421692,133.1604544,1.441830046,29.96636028,396.7139838,1,349.4829207,528.6637581,13543.7509,1,18.66965742,28.20795276,18.81076515,7.366924624,15.21124426,0.596039063,0.132100925,3471.742808,7.363514149,87.8828617,91.27240352,106.2780643,540.4956023,201.4720497,378.6673336,0.928862474,24.86059375,92.50991346,24.08243728
2019,Idleb,Khan_Shakhon,2,851,813,955.346651,0.125820372,2.188331063,1093.018604,31.47421692,133.1604544,1.441830046,29.96636028,396.7139838,1,349.4829207,528.6637581,13543.7509,1,18.66965742,28.20795276,18.81076515,7.366924624,15.21124426,0.596039063,0.132100925,3471.742808,7.363514149,87.8828617,91.27240352,106.2780643,540.4956023,201.4720497,378.6673336,0.928862474,24.86059375,92.50991346,24.08243728
2021,Al_Qunaytirah,Al_Qunaytirah,1,6406,3475.255,542.5,0.120668536,1.817203669,1190.438399,60.51033155,196.6396652,1.392797379,36.80800834,452.0421233,1,812.7813464,306.3988685,12544.95818,1,99.78962314,27.06412506,17.42355303,6.827551778,15.60876139,0.688225175,0.156337353,1966.330815,7.519971534,82.66761553,117.6088925,91.84773714,521.750944,184.0334609,363.9594199,3.215624823,25.20123137,99.56316018,62.36754297
2021,Aleppo,Afrin,1,7600,11400,1500,0.194810459,2.230856022,812.7801541,43.5068371,184.8305861,1.371035123,25.51170824,404.3181051,1,493.5760545,228.8836268,12827.81351,1,89.965976,28.99220221,17.81640766,5.925855933,12.26186942,0.457395755,0.068691389,1867.166496,7.198506433,93.3831189,96.81010336,103.4673816,410.4784793,192.8950466,401.4796676,3.206478872,32.26458622,98.19195623,72.67440361
2021,Aleppo,Al_Atareb,1,1710,89.13375,52.125,0.320135248,3.90953411,503.7984253,26.68756857,185.7492815,1.399045613,26.85095306,367.0160671,1,348.6130778,190.638697,13966.93195,1,24.0041333,30.2227558,19.3985166,7.387335479,10.1008622,0.498172321,0.100538479,1886.764425,7.511498758,82.95004141,101.0262096,86.36808829,241.7776998,183.2856532,401.209007,0.780531933,17.98196178,89.1513337,28.18423019
2021,Aleppo,Al_Bab,1,156,156,1000,0.223794265,2.70647827,456.1221997,23.65556273,171.3158859,1.361738999,28.32570189,404.137529,1,440.5998951,186.6692455,13803.20516,1,12.48017986,30.87920741,19.17111828,6.794029583,9.709641445,0.492798436,0.106069874,1927.181566,7.526863486,82.4378838,107.8694134,86.4284589,225.1725054,172.3288421,394.8106379,0.536196258,18.97472913,90.4507527,57.38811081
2021,Aleppo,Al_Bab,2,379,102.1194444,269.4444444,0.223794265,2.70647827,456.1221997,23.65556273,171.3158859,1.361738999,28.32570189,404.137529,1,440.5998951,186.6692455,13803.20516,1,12.48017986,30.87920741,19.17111828,6.794029583,9.709641445,0.492798436,0.106069874,1927.181566,7.526863486,82.4378838,107.8694134,86.4284589,225.1725054,172.3288421,394.8106379,0.536196258,18.97472913,90.4507527,57.38811081
2021,Aleppo,As_Safira,2,1120,602,537.5,0.226229514,2.727688396,365.4364209,18.99467347,194.0542344,1.456944439,23.81607607,339.9130212,1,386.7828001,169.1879108,14136.27859,1,58.56984464,30.75788449,19.63372027,7.358905664,8.817437254,0.459965055,0.09129485,1922.888934,7.634697244,78.8434252,101.0504057,74.93125937,166.0503952,209.796782,447.6738108,1.021027812,12.3940763,87.80731274,61.3127161
2021,Aleppo,As_Safira,3,434,82.18875,189.375,0.226229514,2.727688396,365.4364209,18.99467347,194.0542344,1.456944439,23.81607607,339.9130212,1,386.7828001,169.1879108,14136.27859,1,58.56984464,30.75788449,19.63372027,7.358905664,8.817437254,0.459965055,0.09129485,1922.888934,7.634697244,78.8434252,101.0504057,74.93125937,166.0503952,209.796782,447.6738108,1.021027812,12.3940763,87.80731274,61.3127161
2021,Aleppo,Azaz,1,33531,27383.65,816.6666667,0.121728487,2.146811382,568.902204,29.15380091,180.5676029,1.396196968,30.36538609,429.7996425,1,481.8095159,230.310165,13343.3562,1,12.33630082,30.07535013,18.53243916,6.239893022,11.80937752,0.624811954,0.135857648,1950.38262,7.471901984,84.26993387,103.8573137,92.64218858,295.8411934,165.5478602,396.9674719,0.559398203,24.25735487,94.10034763,30.7875817
2021,Aleppo,Azaz,2,4964,5460.4,1100,0.121728487,2.146811382,568.902204,29.15380091,180.5676029,1.396196968,30.36538609,429.7996425,1,481.8095159,230.310165,13343.3562,1,12.33630082,30.07535013,18.53243916,6.239893022,11.80937752,0.624811954,0.135857648,1950.38262,7.471901984,84.26993387,103.8573137,92.64218858,295.8411934,165.5478602,396.9674719,0.559398203,24.25735487,94.10034763,30.7875817
2021,Aleppo,Jebel_Saman,1,6658,1018.674,153,0.320135248,3.90953411,503.7984253,26.68756857,185.7492815,1.399045613,26.85095306,367.0160671,1,348.6130778,190.638697,13966.93195,1,24.0041333,30.2227558,19.3985166,7.387335479,10.1008622,0.498172321,0.100538479,1886.764425,7.511498758,82.95004141,101.0262096,86.36808829,241.7776998,183.2856532,401.209007,0.780531933,17.98196178,89.1513337,28.18423019
2021,Aleppo,Jebel_Saman,2,20831,742.104375,35.625,0.320135248,3.90953411,503.7984253,26.68756857,185.7492815,1.399045613,26.85095306,367.0160671,1,348.6130778,190.638697,13966.93195,1,24.0041333,30.2227558,19.3985166,7.387335479,10.1008622,0.498172321,0.100538479,1886.764425,7.511498758,82.95004141,101.0262096,86.36808829,241.7776998,183.2856532,401.209007,0.780531933,17.98196178,89.1513337,28.18423019
2021,Aleppo,Jebel_Saman,3,8476,172.6278667,20.36666667,0.320135248,3.90953411,503.7984253,26.68756857,185.7492815,1.399045613,26.85095306,367.0160671,1,348.6130778,190.638697,13966.93195,1,24.0041333,30.2227558,19.3985166,7.387335479,10.1008622,0.498172321,0.100538479,1886.764425,7.511498758,82.95004141,101.0262096,86.36808829,241.7776998,183.2856532,401.209007,0.780531933,17.98196178,89.1513337,28.18423019
2021,Aleppo,Menbij,2,2941,661.725,225,0.476099108,4.018173677,379.3977081,19.39792258,173.279788,1.406754586,24.018397,332.4689528,1,397.1956572,161.7771646,14207.50269,1,17.60715977,31.5975419,19.73264263,7.179223207,8.281374119,0.448284958,0.090014966,1954.86773,7.618434657,79.38551142,97.4232625,81.92265331,168.1178748,198.2878033,437.4207931,0.49517755,12.11218955,87.24204213,92.68040719
2021,As_Suweida,As_Suwayda,1,1553,232.95,150,0.245068348,2.898837435,357.8845721,16.01618795,164.7488635,1.44067499,22.83274428,379.7186382,1,936.6083153,145.8993242,13174.91368,1,132.549277,29.03096479,18.29849122,6.122346431,6.576652165,0.311242649,0.047667068,2233.517809,7.882238542,70.59204861,94.9815597,79.27144021,161.4338685,218.1895834,401.1968401,1.365785859,8.704768714,95.43719305,36.89205703
2021,As_Suweida,As_Suwayda,2,13787,1240.83,90,0.245068348,2.898837435,357.8845721,16.01618795,164.7488635,1.44067499,22.83274428,379.7186382,1,936.6083153,145.8993242,13174.91368,1,132.549277,29.03096479,18.29849122,6.122346431,6.576652165,0.311242649,0.047667068,2233.517809,7.882238542,70.59204861,94.9815597,79.27144021,161.4338685,218.1895834,401.1968401,1.365785859,8.704768714,95.43719305,36.89205703
2021,As_Suweida,Salkhad,2,16454,473.0525,28.75,0.19678529,2.476461818,358.307305,15.96140234,175.7154581,1.445399312,22.89129271,345.5826409,1,1096.653045,142.4051054,12872.9696,1,151.5089895,28.63397936,17.87912445,5.538857193,6.383277307,0.288903501,0.041562974,2243.835995,7.899676731,70.01077564,100.43967,76.65328899,159.480467,268.1481021,387.011929,1.285466681,8.340411369,97.83357457,38.32058288
2021,As_Suweida,Shahba,2,6986,617.0966667,88.33333333,0.197527256,2.191659403,375.7193434,17.42185961,172.1533402,1.451189377,19.92857504,355.5120454,1,812.086703,142.5659291,13361.44865,1,62.52582608,29.04907511,18.55756757,6.570690386,6.626621192,0.315640029,0.050838479,2155.59724,7.921607895,69.27973685,93.81938415,79.83092665,167.0795517,217.4198839,427.8247932,0.996377189,7.542191094,93.95675674,8.194029851
2021,As_Suweida,Shahba,3,1079,8.0925,7.5,0.197527256,2.191659403,375.7193434,17.42185961,172.1533402,1.451189377,19.92857504,355.5120454,1,812.086703,142.5659291,13361.44865,1,62.52582608,29.04907511,18.55756757,6.570690386,6.626621192,0.315640029,0.050838479,2155.59724,7.921607895,69.27973685,93.81938415,79.83092665,167.0795517,217.4198839,427.8247932,0.996377189,7.542191094,93.95675674,8.194029851
2021,Damascus,Al_Ghutta,3,190,59.375,312.5,0.011843117,0.558468679,450.0704485,22.94107336,106.1618312,1.291118521,15.97295861,315.6253218,1,651.6936639,202.6873932,13182.88537,1,6.349500264,29.3490235,18.30956301,6.153902153,10.35031856,0.479157044,0.070758799,1960.854362,7.702316985,76.58943385,99.72480524,79.56870392,214.9145319,178.6231764,388.861443,0.350493747,15.36100502,95.37392567,4.8
2021,Damascus,Al_Ghutta,4,28.3,30.564,1080,0.011843117,0.558468679,450.0704485,22.94107336,106.1618312,1.291118521,15.97295861,315.6253218,1,651.6936639,202.6873932,13182.88537,1,6.349500264,29.3490235,18.30956301,6.153902153,10.35031856,0.479157044,0.070758799,1960.854362,7.702316985,76.58943385,99.72480524,79.56870392,214.9145319,178.6231764,388.861443,0.350493747,15.36100502,95.37392567,4.8
2021,Damascus,Az_Zabdani,1,228,632.7,2775,0.060455564,1.268423947,906.7605933,45.26033243,181.4811797,1.350758075,29.73442299,406.6926124,1,1549.684822,239.6921317,10199.002,1,364.1754447,24.70365635,14.16484872,2.454036244,12.00344619,0.346216023,0.060902902,2002.433348,7.486507827,83.78307244,104.7677555,92.08773161,415.6757188,271.265393,322.8236739,6.230150135,23.98346865,80.94199266,59.03225806
2021,Damascus,Qatana,1,593.2,715.9429667,1206.916667,0.093841203,1.750152374,843.1473921,41.81821222,126.6999471,1.390187794,33.83029859,446.2725683,1,1076.168708,220.1658608,11678.46861,1,134.8032696,26.56186007,16.22009529,4.846192159,10.94592807,0.452169658,0.088772793,2015.220559,7.631263536,78.95788213,106.9797628,88.51031589,383.2066397,198.523565,355.7564594,3.240654984,17.95975534,92.68625879,10.25471698
2021,Damascus,Qatana,2,1128.9,1514.137125,1341.25,0.093841203,1.750152374,843.1473921,41.81821222,126.6999471,1.390187794,33.83029859,446.2725683,1,1076.168708,220.1658608,11678.46861,1,134.8032696,26.56186007,16.22009529,4.846192159,10.94592807,0.452169658,0.088772793,2015.220559,7.631263536,78.95788213,106.9797628,88.51031589,383.2066397,198.523565,355.7564594,3.240654984,17.95975534,92.68625879,10.25471698
2021,Damascus,Qatana,3,45,17.1,380,0.093841203,1.750152374,843.1473921,41.81821222,126.6999471,1.390187794,33.83029859,446.2725683,1,1076.168708,220.1658608,11678.46861,1,134.8032696,26.56186007,16.22009529,4.846192159,10.94592807,0.452169658,0.088772793,2015.220559,7.631263536,78.95788213,106.9797628,88.51031589,383.2066397,198.523565,355.7564594,3.240654984,17.95975534,92.68625879,10.25471698
2021,Dara,As_Sanamayn,1,1500,480,320,0.126365387,2.232014688,522.0390591,24.7900969,180.1350323,1.464749006,30.99856142,436.994746,1,676.2522372,168.4373285,13227.11858,1,14.37105451,28.48524982,18.37099803,6.835711475,8.00135289,0.476744581,0.099930079,2104.837106,7.860602751,71.31324164,102.0790113,79.27293743,239.1011593,132.4975201,430.6093861,0.669011199,10.00010737,95.0228684,28.32124352
2021,Dara,As_Sanamayn,2,12288,1216.512,99,0.126365387,2.232014688,522.0390591,24.7900969,180.1350323,1.464749006,30.99856142,436.994746,1,676.2522372,168.4373285,13227.11858,1,14.37105451,28.48524982,18.37099803,6.835711475,8.00135289,0.476744581,0.099930079,2104.837106,7.860602751,71.31324164,102.0790113,79.27293743,239.1011593,132.4975201,430.6093861,0.669011199,10.00010737,95.0228684,28.32124352
2021,Dara,As_Sanamayn,3,4001,96.024,24,0.126365387,2.232014688,522.0390591,24.7900969,180.1350323,1.464749006,30.99856142,436.994746,1,676.2522372,168.4373285,13227.11858,1,14.37105451,28.48524982,18.37099803,6.835711475,8.00135289,0.476744581,0.099930079,2104.837106,7.860602751,71.31324164,102.0790113,79.27293743,239.1011593,132.4975201,430.6093861,0.669011199,10.00010737,95.0228684,28.32124352
2021,Dara,Dara,1,3833,1054.075,275,0.151895403,2.467237111,513.6262313,25.07472963,247.890732,1.46774472,34.72026577,423.6944089,1,594.8481838,195.210775,13256.05476,1,31.20078753,27.999984,18.41118717,7.556893503,9.550719714,0.533626971,0.098105657,2047.381932,7.877365296,70.75449014,110.3338401,77.34848071,223.3588478,127.803691,442.0431636,0.879878166,12.29504118,94.79321615,40.20714807
2021,Dara,Dara,2,27170,5189.47,191,0.151895403,2.467237111,513.6262313,25.07472963,247.890732,1.46774472,34.72026577,423.6944089,1,594.8481838,195.210775,13256.05476,1,31.20078753,27.999984,18.41118717,7.556893503,9.550719714,0.533626971,0.098105657,2047.381932,7.877365296,70.75449014,110.3338401,77.34848071,223.3588478,127.803691,442.0431636,0.879878166,12.29504118,94.79321615,40.20714807
2021,Dara,Dara,3,3495,87.375,25,0.151895403,2.467237111,513.6262313,25.07472963,247.890732,1.46774472,34.72026577,423.6944089,1,594.8481838,195.210775,13256.05476,1,31.20078753,27.999984,18.41118717,7.556893503,9.550719714,0.533626971,0.098105657,2047.381932,7.877365296,70.75449014,110.3338401,77.34848071,223.3588478,127.803691,442.0431636,0.879878166,12.29504118,94.79321615,40.20714807
2021,Dara,Izra,1,8451,7623.6471,902.1,0.087018771,1.658654183,549.0307964,26.0767942,217.4263142,1.470306952,41.10287596,441.4595726,1,594.9833148,196.5817156,13220.7468,1,10.9531787,28.17714292,18.36214834,7.317419128,9.352082653,0.568913734,0.119901455,2104.438238,7.923266829,69.22443902,107.5445188,78.17238419,238.8742401,92.06481307,460.4442333,0.522892419,12.7609944,95.07343806,44.50057937
2021,Dara,Izra,2,15680,1536.64,98,0.087018771,1.658654183,549.0307964,26.0767942,217.4263142,1.470306952,41.10287596,441.4595726,1,594.9833148,196.5817156,13220.7468,1,10.9531787,28.17714292,18.36214834,7.317419128,9.352082653,0.568913734,0.119901455,2104.438238,7.923266829,69.22443902,107.5445188,78.17238419,238.8742401,92.06481307,460.4442333,0.522892419,12.7609944,95.07343806,44.50057937
2021,Hama,Al_Ghab,1,1337,1682,1258.040389,0.049595436,1.643165164,1171.570073,66.54393537,139.7759455,1.347860465,28.59829587,349.5799349,1,352.189296,437.1415685,12895.66777,1,139.7020723,27.58696078,17.91064969,7.482278585,24.82553502,0.725737733,0.129095583,1759.596314,6.782044179,92.73480597,109.5506159,107.3347801,526.7130404,280.5196852,361.9957542,4.508295663,42.21571718,97.65343036,35.28868661
2021,Hama,As_Salamiyeh,2,6385,2165.579167,339.1666667,0.504159747,4.926087865,325.8842034,17.58285217,191.2833095,1.455325727,20.3416433,317.9445519,1,514.8899545,175.5945845,13738.83769,1,39.708665,29.94045969,19.08171902,6.826047976,9.480063342,0.37743516,0.07328957,1852.420596,7.805379097,73.15403011,90.50766996,75.81872,145.018915,260.9011364,420.1232357,0.788382027,9.040582617,90.96160563,29.78971963
2021,Hama,As_Salamiyeh,3,28,14.266,509.5,0.504159747,4.926087865,325.8842034,17.58285217,191.2833095,1.455325727,20.3416433,317.9445519,1,514.8899545,175.5945845,13738.83769,1,39.708665,29.94045969,19.08171902,6.826047976,9.480063342,0.37743516,0.07328957,1852.420596,7.805379097,73.15403011,90.50766996,75.81872,145.018915,260.9011364,420.1232357,0.788382027,9.040582617,90.96160563,29.78971963
2021,Hama,Hama,1,5442,3020.44605,555.025,0.227677668,4.733216797,546.9780881,29.34455114,192.7904067,1.455316559,28.89107986,399.9433813,1,367.8882638,200.067281,13854.9229,1,25.04294796,29.4398789,19.24294848,7.618016883,10.73038249,0.541037145,0.108649431,1862.985193,7.530149647,82.32834509,103.5102005,84.48039379,265.0023871,199.991121,385.7041579,0.890006436,18.48653952,90.04029441,22.43352601
2021,Hama,Hama,2,9654,5532.484615,573.0769231,0.227677668,4.733216797,546.9780881,29.34455114,192.7904067,1.455316559,28.89107986,399.9433813,1,367.8882638,200.067281,13854.9229,1,25.04294796,29.4398789,19.24294848,7.618016883,10.73038249,0.541037145,0.108649431,1862.985193,7.530149647,82.32834509,103.5102005,84.48039379,265.0023871,199.991121,385.7041579,0.890006436,18.48653952,90.04029441,22.43352601
2021,Hama,Masyaf,1,2849,1389.905,487.8571429,0.076403686,1.92474214,1215.898176,66.21808342,150.0452924,1.353623889,29.44578727,387.4121925,1,532.6863029,382.3518973,12768.13172,1,139.1245061,27.14823726,17.73351628,7.389162681,20.78207148,0.633408949,0.091795335,1835.20261,6.889563149,96.31877164,109.3707774,96.5873855,584.5125329,261.5816804,350.4100182,3.339515959,38.59856987,98.66562123,5.952755906
2021,Hama,Muhradah,1,405,252.882,624.4,0.05125136,1.195215355,750.9954799,41.09722708,210.5076775,1.449025265,33.05226761,439.5914949,1,254.483542,304.9030808,13858.63608,1,22.9822089,29.16665867,19.24810567,8.246980456,16.71575556,0.721838555,0.156703851,1826.362898,7.358416593,88.05278024,110.6504163,94.57658882,360.7739576,196.6763121,347.9956241,0.787416154,25.49695415,90.01082474,10.50963597
2021,Homs,Al_Maghrim,2,54,2,37.03703704,0.306769432,2.913060825,289.3918002,15.35429771,218.2032013,1.457191708,18.26401052,311.7343597,1,797.1330828,174.2308418,12643.39974,1,104.0896137,28.17622684,17.56027741,5.432457543,9.245738001,0.339700611,0.056980738,1883.760904,7.836838992,72.10536695,83.96886792,75.5087577,129.4537157,282.185961,406.7754786,1.39213165,8.706368852,99.65555764,23.70967742
2021,Homs,Al_Maghrim,3,152,3.8,25,0.306769432,2.913060825,289.3918002,15.35429771,218.2032013,1.457191708,18.26401052,311.7343597,1,797.1330828,174.2308418,12643.39974,1,104.0896137,28.17622684,17.56027741,5.432457543,9.245738001,0.339700611,0.056980738,1883.760904,7.836838992,72.10536695,83.96886792,75.5087577,129.4537157,282.185961,406.7754786,1.39213165,8.706368852,99.65555764,23.70967742
2021,Homs,Al_Quasir,1,1446,2017.17,1395,0.079506691,1.850323115,702.0543107,36.45118743,228.7835016,1.423727806,26.81275048,398.4009405,1,596.8480096,218.9601081,12813.69373,1,19.08778159,27.54447543,17.79679685,6.559874199,11.41273427,0.531438426,0.10622109,1925.012183,7.575372583,80.8209139,110.6823263,91.73326831,328.7066874,214.1664714,361.619498,0.932790651,19.01649265,98.30401799,81.53370847
2021,Homs,Al_Quasir,2,1846,1513.72,820,0.079506691,1.850323115,702.0543107,36.45118743,228.7835016,1.423727806,26.81275048,398.4009405,1,596.8480096,218.9601081,12813.69373,1,19.08778159,27.54447543,17.79679685,6.559874199,11.41273427,0.531438426,0.10622109,1925.012183,7.575372583,80.8209139,110.6823263,91.73326831,328.7066874,214.1664714,361.619498,0.932790651,19.01649265,98.30401799,81.53370847
2021,Homs,Al_Quasir,3,958,416.73,435,0.079506691,1.850323115,702.0543107,36.45118743,228.7835016,1.423727806,26.81275048,398.4009405,1,596.8480096,218.9601081,12813.69373,1,19.08778159,27.54447543,17.79679685,6.559874199,11.41273427,0.531438426,0.10622109,1925.012183,7.575372583,80.8209139,110.6823263,91.73326831,328.7066874,214.1664714,361.619498,0.932790651,19.01649265,98.30401799,81.53370847
2021,Homs,Ar_Rastan,1,3640,4504.5,1237.5,0.023749721,0.879988685,568.1532289,29.5446572,217.7540281,1.490165194,31.51599766,455.9867872,1,435.4754306,208.9620345,13411.8703,1,32.93536539,28.33700363,18.62759763,7.351736257,10.85117383,0.553914799,0.112128213,1922.032056,7.628313312,79.05622294,105.3971618,89.55171173,280.1593422,194.2140276,350.5086574,1.105333487,20.10500042,93.55658495,64.92877493
2021,Homs,Ar_Rastan,2,640,736,1150,0.023749721,0.879988685,568.1532289,29.5446572,217.7540281,1.490165194,31.51599766,455.9867872,1,435.4754306,208.9620345,13411.8703,1,32.93536539,28.33700363,18.62759763,7.351736257,10.85117383,0.553914799,0.112128213,1922.032056,7.628313312,79.05622294,105.3971618,89.55171173,280.1593422,194.2140276,350.5086574,1.105333487,20.10500042,93.55658495,64.92877493
2021,Homs,Homs,1,9211.8,9701.5607,1053.166667,0.661463232,5.466555194,365.7167093,18.87034646,170.4993423,1.454793713,18.39390553,334.3746299,1,749.4069726,204.2620738,12495.52446,1,42.53240625,27.82433559,17.35489508,5.37624765,10.61797985,0.300816493,0.051562349,1937.049787,7.822295424,72.59015253,89.62805954,78.85420473,165.5012092,262.3261291,400.8940442,1.265880206,10.65134129,99.17082901,61.8628226
2021,Homs,Homs,2,891,1188,1333.333333,0.661463232,5.466555194,365.7167093,18.87034646,170.4993423,1.454793713,18.39390553,334.3746299,1,749.4069726,204.2620738,12495.52446,1,42.53240625,27.82433559,17.35489508,5.37624765,10.61797985,0.300816493,0.051562349,1937.049787,7.822295424,72.59015253,89.62805954,78.85420473,165.5012092,262.3261291,400.8940442,1.265880206,10.65134129,99.17082901,61.8628226
2021,Homs,Tall_Kalakh,1,4054,4469.535,1102.5,0.061265386,1.382119937,1197.706893,64.27406609,213.4968276,1.371293035,28.50363662,371.8628808,1,462.9664108,391.2997451,13264.00093,1,86.9397267,27.50831986,18.42222351,8.213751124,21.00262045,0.703892675,0.121125702,1862.437256,7.036198454,98.79338486,106.5742497,97.54382303,578.3493477,256.0800903,370.1287946,2.899572474,38.32373734,94.73015135,63.89144317
2021,Idleb,Al_Jisr_Ash_Shu,1,1171,488.5412,417.2,0.061795348,1.387996783,1054.624513,60.66616625,177.540447,1.380476929,27.89801472,304.6574213,1,349.3955892,297.1031941,12988.15026,1,101.3142959,27.90288643,18.03909758,7.509110562,17.08992119,0.615782273,0.106483514,1737.406394,6.711311118,90.37703725,104.8732084,106.2123316,470.4066867,309.262822,377.4719518,3.793157673,40.90641577,96.91944238,19.55376344
2021,Idleb,Al_Mara,1,1536,640.8192,417.2,0.219400577,2.789560748,622.1337177,33.94666872,161.5969773,1.44106543,30.50289991,387.8445436,1,426.7153644,201.1844715,13599.37506,1,29.05957912,29.3021438,18.88802092,7.141629147,10.99633263,0.565888919,0.115980914,1831.679733,7.422356298,85.92145674,105.6601441,90.05467873,290.9305852,211.8633148,395.4624714,1.089096217,21.8826255,92.06845188,2.740740741
2021,Idleb,Al_Mara,2,2092,872.7824,417.2,0.219400577,2.789560748,622.1337177,33.94666872,161.5969773,1.44106543,30.50289991,387.8445436,1,426.7153644,201.1844715,13599.37506,1,29.05957912,29.3021438,18.88802092,7.141629147,10.99633263,0.565888919,0.115980914,1831.679733,7.422356298,85.92145674,105.6601441,90.05467873,290.9305852,211.8633148,395.4624714,1.089096217,21.8826255,92.06845188,2.740740741
2021,Idleb,Al_Mara,3,121,50.4812,417.2,0.219400577,2.789560748,622.1337177,33.94666872,161.5969773,1.44106543,30.50289991,387.8445436,1,426.7153644,201.1844715,13599.37506,1,29.05957912,29.3021438,18.88802092,7.141629147,10.99633263,0.565888919,0.115980914,1831.679733,7.422356298,85.92145674,105.6601441,90.05467873,290.9305852,211.8633148,395.4624714,1.089096217,21.8826255,92.06845188,2.740740741
2021,Idleb,Ariha,1,1171,488.5412,417.2,0.06189382,1.20144567,843.827153,46.42299821,178.7756591,1.396585143,27.93576679,350.6523137,1,582.149967,233.0294201,12735.42057,1,87.67581128,27.89596281,17.68808412,6.497693741,12.83238198,0.511903905,0.090131286,1816.692061,7.15618642,94.79378601,107.587015,99.89161295,386.1195501,264.1637633,380.2716742,2.592602428,31.56046909,98.9252336,35.35190616
2021,Idleb,Harim,1,491,204.8452,417.2,0.076955511,1.744823344,868.687891,47.95536273,208.4698796,1.397594182,27.2782689,356.5012631,1,400.6489695,231.5127983,13122.34768,1,91.8753057,28.75388709,18.22548288,6.921718898,12.80847777,0.481201769,0.079195438,1810.450986,7.125463716,95.81787612,94.03072352,110.3529431,411.4468054,243.3845318,396.2349649,3.52892128,34.93256475,95.85438352,7.104166667
2021,Idleb,Idleb,1,1973,823.1356,417.2,0.125820372,2.188331063,716.0112494,38.07337761,133.1604544,1.441830046,29.96636028,396.7139838,1,349.4829207,217.7179913,13659.18928,1,18.66965742,29.4112918,18.97109623,7.456626615,11.57580973,0.587986035,0.120334238,1879.608694,7.363514149,87.8828617,100.3712487,97.60875275,337.9490304,201.4720497,378.6673336,0.928862474,24.86059375,91.59373584,24.08243728
2021,Idleb,Idleb,2,1047,436.8084,417.2,0.125820372,2.188331063,716.0112494,38.07337761,133.1604544,1.441830046,29.96636028,396.7139838,1,349.4829207,217.7179913,13659.18928,1,18.66965742,29.4112918,18.97109623,7.456626615,11.57580973,0.587986035,0.120334238,1879.608694,7.363514149,87.8828617,100.3712487,97.60875275,337.9490304,201.4720497,378.6673336,0.928862474,24.86059375,91.59373584,24.08243728
2021,Idleb,Idleb,3,122,50.8984,417.2,0.125820372,2.188331063,716.0112494,38.07337761,133.1604544,1.441830046,29.96636028,396.7139838,1,349.4829207,217.7179913,13659.18928,1,18.66965742,29.4112918,18.97109623,7.456626615,11.57580973,0.587986035,0.120334238,1879.608694,7.363514149,87.8828617,100.3712487,97.60875275,337.9490304,201.4720497,378.6673336,0.928862474,24.86059375,91.59373584,24.08243728
2021,Lattakia,Al_Hafa,1,1882.8,3896.35,2069.444444,0.056619889,1.298629777,1616.975187,90.51954084,251.0029312,1.264981734,25.51066723,281.7179779,1,615.8606536,453.4572894,12437.2177,1,289.7612345,26.78306873,17.27391348,7.264983837,25.3967574,0.658904765,0.05808291,1785.327208,6.168576676,72.28588919,104.756798,119.6643435,698.5749088,357.4897846,356.8800356,4.643245661,56.30098333,98.70807702,75.1082544
2021,Lattakia,Al_Qardaha,1,881.1,1342.7964,1524,0.030228789,0.883071844,1557.193479,86.80158908,235.6423718,1.266061629,25.08147767,304.5236994,1,540.3966252,463.9487496,12724.37677,1,281.3834412,26.87998173,17.67274552,7.925847553,25.84694824,0.674870601,0.065620948,1792.968861,6.246956385,74.89854616,107.5573014,113.9804357,697.2708965,333.7468418,356.7924855,4.669937499,58.43730767,99.01288275,62.20930233
2021,Lattakia,Jablah,1,1100.01,2196.019964,1996.363636,0.056903002,1.06433536,1608.446701,88.39447808,242.7106218,1.288362214,25.18450697,312.336117,1,539.9002309,413.5084493,12621.51771,1,269.6827043,26.57087906,17.52988571,7.918956137,22.72100871,0.616755581,0.052405018,1818.623506,6.394601508,79.82005026,107.7975053,104.744969,742.4299047,319.9496365,362.0527367,4.337486611,50.9748085,99.82922453,69.6122449
2021,Lattakia,Lattakia,1,647.65,1150.824231,1776.923077,0.097763298,1.762987067,1575.511336,85.39627804,209.5944837,1.261131142,24.7105126,304.2298707,1,231.7146206,559.7779504,13507.95048,1,104.336183,27.66149601,18.76104234,9.349756708,30.39078232,0.696014509,0.068596636,1843.941457,6.347943236,78.26477454,105.2227032,116.1545565,687.2870747,328.3346711,334.66475,3.391717815,52.37302557,92.79404378,87.11285641
2021,Tartous,Banyas,1,6362.55,5990.454442,941.5178571,0.064347484,1.259569202,1520.470261,80.81667566,227.2029485,1.248880866,25.12215029,311.6023136,1,597.2024401,429.7070579,12440.94368,1,239.5189203,26.24258344,17.27908844,7.73296841,22.85514487,0.612007904,0.051948732,1880.381841,6.402940695,80.09802315,106.6948607,100.9168641,710.7008477,311.2379664,363.3411414,4.321198421,51.28226288,98.73764824,78.70526316
2021,Tartous,Dreikisch,1,1534.12,1508.551333,983.3333333,0.020699473,0.796408619,1592.681141,84.92159266,216.934763,1.299036482,24.8601254,322.079217,1,504.6634677,448.9568534,12947.00489,1,163.4163054,26.68211335,17.98195123,8.591309997,23.94622224,0.655677667,0.056606527,1874.472528,6.512992812,83.76642708,107.5680207,102.3280815,757.0315954,306.9629607,371.5972167,3.497485148,47.28655449,97.24599295,23.43243243
2021,Tartous,Safita,1,1652,1850.24,1120,0.047070335,1.157636077,1596.63031,86.22211343,212.2246192,1.350786518,24.81991989,329.6296751,1,294.0703481,418.0031801,13679.5594,1,85.74052064,27.64409373,18.99938805,9.616611047,22.59434591,0.64508756,0.074855104,1850.764294,6.807968775,93.59895915,104.8518998,105.5518443,761.9863429,291.9812893,377.4132804,2.351750182,44.6094789,91.43206827,76.62715679
2021,Tartous,Sheikh_Badr,1,1411.2,1387.68,983.3333333,0.005349553,0.386265066,1613.410203,85.60142545,214.3609237,1.284536565,24.92166647,316.9745763,,488.3054996,437.5474339,12856.37701,1,198.9956955,26.48355642,17.85607918,8.67111182,23.22543265,0.649275033,0.052340779,1883.793617,6.413826005,80.46086682,105.1938572,102.4934811,767.7668475,307.9387223,375.526846,3.662482193,53.80450397,97.96526181,0.666666667
2021,Tartous,Tartous,1,449.55,703.8267188,1565.625,0.049162657,1.417978043,1365.087006,72.02265709,226.602822,1.337365278,24.38800112,328.0083572,1,151.3380759,446.1418915,14057.30663,1,85.26540945,27.73256599,19.52403699,10.81619828,23.5745892,0.628856754,0.074003178,1894.35774,6.801489796,93.38299321,103.2910999,100.9516749,652.7938306,293.3316743,364.969705,1.987711269,46.76351549,88.43407436,64.49344978
2022,Al_Qunaytirah,Al_Qunaytirah,1,3453,1012.0743,293.1,0.120668536,1.817203669,1035.017294,26.58662415,196.6396652,1.392797379,36.80800834,452.0421233,1,812.7813464,581.6313783,12402.19981,1,99.78962314,26.54787507,17.22527752,6.266516917,14.98012083,0.684585951,0.150237652,3892.000059,7.519971534,82.66761553,112.8967457,90.85349395,592.3970844,184.0334609,363.9594199,3.215624823,25.20123137,98.43015723,62.36754297
2022,Aleppo,Afrin,1,7841,1176.15,150,0.194810459,2.230856022,853.3964065,23.54942026,184.8305861,1.371035123,25.51170824,404.3181051,1,493.5760545,466.5485102,12780.06047,1,89.965976,28.97913821,17.75008399,5.447687467,12.87665216,0.435545174,0.060469808,3622.853144,7.198506433,93.3831189,105.8051539,105.3370426,398.9445126,192.8950466,401.4796676,3.206478872,32.26458622,98.57094865,72.67440361
2022,Aleppo,Ain_Al_Arab,2,21222,3183.3,150,0.285146327,2.615456939,522.426985,13.19467927,180.1352135,1.344070296,29.15984317,412.5287694,1,457.6511594,305.3832165,14101.6476,1,40.7417743,32.61294207,19.58562166,5.871829538,7.723247288,0.327896575,0.062319653,3958.376157,7.452704986,84.90983381,93.18281477,90.39463319,259.7738425,160.737883,374.9119357,1.026508894,16.80178945,88.08216194,86.06697787
2022,Aleppo,Ain_Al_Arab,3,1660,249,150,0.285146327,2.615456939,522.426985,13.19467927,180.1352135,1.344070296,29.15984317,412.5287694,1,457.6511594,305.3832165,14101.6476,1,40.7417743,32.61294207,19.58562166,5.871829538,7.723247288,0.327896575,0.062319653,3958.376157,7.452704986,84.90983381,93.18281477,90.39463319,259.7738425,160.737883,374.9119357,1.026508894,16.80178945,88.08216194,86.06697787
2022,Aleppo,Al_Atareb,1,2281,300.0051,131.5234985,0.320135248,3.90953411,500.7580615,13.74065255,185.7492815,1.399045613,26.85095306,367.0160671,1,348.6130778,404.3217135,13916.59163,1,24.0041333,30.19814449,19.32859949,7.615348285,11.09240758,0.425266408,0.085012971,3643.354295,7.511498758,82.95004141,102.5131152,88.35499167,239.2942805,183.2856532,401.209007,0.780531933,17.98196178,89.55086008,28.18423019
2022,Aleppo,Al_Bab,1,156,5.928,38,0.223794265,2.70647827,433.3192042,11.61714649,171.3158859,1.361738999,28.32570189,404.137529,1,440.5998951,399.5643494,13786.47616,1,12.48017986,30.74729324,19.14788356,6.543109381,10.74150676,0.420420752,0.089977718,3728.996903,7.526863486,82.4378838,111.1300964,87.9401314,200.4327169,172.3288421,394.8106379,0.536196258,18.97472913,90.58352253,57.38811081
2022,Aleppo,Al_Bab,2,379,14.402,38,0.223794265,2.70647827,433.3192042,11.61714649,171.3158859,1.361738999,28.32570189,404.137529,1,440.5998951,399.5643494,13786.47616,1,12.48017986,30.74729324,19.14788356,6.543109381,10.74150676,0.420420752,0.089977718,3728.996903,7.526863486,82.4378838,111.1300964,87.9401314,200.4327169,172.3288421,394.8106379,0.536196258,18.97472913,90.58352253,57.38811081
2022,Aleppo,As_Safira,2,1120,196,175,0.226229514,2.727688396,357.9538717,9.632588541,194.0542344,1.456944439,23.81607607,339.9130212,1,386.7828001,357.4911841,14094.65752,1,58.56984464,30.64082889,19.57591323,7.660142031,9.641565494,0.393596902,0.074371812,3715.07144,7.634697244,78.8434252,101.8517632,74.96153636,172.9815025,209.796782,447.6738108,1.021027812,12.3940763,88.1376387,61.3127161
2022,Aleppo,As_Safira,3,439,75.5903125,172.1875,0.226229514,2.727688396,357.9538717,9.632588541,194.0542344,1.456944439,23.81607607,339.9130212,1,386.7828001,357.4911841,14094.65752,1,58.56984464,30.64082889,19.57591323,7.660142031,9.641565494,0.393596902,0.074371812,3715.07144,7.634697244,78.8434252,101.8517632,74.96153636,172.9815025,209.796782,447.6738108,1.021027812,12.3940763,88.1376387,61.3127161
2022,Aleppo,Azaz,1,8482,1484.35,175,0.121728487,2.146811382,564.5722897,14.89843566,180.5676029,1.396196968,30.36538609,429.7996425,1,481.8095159,484.9931372,13322.34444,1,12.33630082,30.04376691,18.50325617,5.93826393,12.80566099,0.560641803,0.122070171,3788.473623,7.471901984,84.26993387,114.1298058,93.82194035,263.6125837,165.5478602,396.9674719,0.559398203,24.25735487,94.2671076,30.7875817
2022,Aleppo,Azaz,2,4713,777.645,165,0.121728487,2.146811382,564.5722897,14.89843566,180.5676029,1.396196968,30.36538609,429.7996425,1,481.8095159,484.9931372,13322.34444,1,12.33630082,30.04376691,18.50325617,5.93826393,12.80566099,0.560641803,0.122070171,3788.473623,7.471901984,84.26993387,114.1298058,93.82194035,263.6125837,165.5478602,396.9674719,0.559398203,24.25735487,94.2671076,30.7875817
2022,Aleppo,Jebel_Saman,1,4128,1003.74384,243.155,0.320135248,3.90953411,500.7580615,13.74065255,185.7492815,1.399045613,26.85095306,367.0160671,1,348.6130778,404.3217135,13916.59163,1,24.0041333,30.19814449,19.32859949,7.615348285,11.09240758,0.425266408,0.085012971,3643.354295,7.511498758,82.95004141,102.5131152,88.35499167,239.2942805,183.2856532,401.209007,0.780531933,17.98196178,89.55086008,28.18423019
2022,Aleppo,Jebel_Saman,2,5257,793.807,151,0.320135248,3.90953411,500.7580615,13.74065255,185.7492815,1.399045613,26.85095306,367.0160671,1,348.6130778,404.3217135,13916.59163,1,24.0041333,30.19814449,19.32859949,7.615348285,11.09240758,0.425266408,0.085012971,3643.354295,7.511498758,82.95004141,102.5131152,88.35499167,239.2942805,183.2856532,401.209007,0.780531933,17.98196178,89.55086008,28.18423019
2022,Aleppo,Jebel_Saman,3,2591,323.875,125,0.320135248,3.90953411,500.7580615,13.74065255,185.7492815,1.399045613,26.85095306,367.0160671,1,348.6130778,404.3217135,13916.59163,1,24.0041333,30.19814449,19.32859949,7.615348285,11.09240758,0.425266408,0.085012971,3643.354295,7.511498758,82.95004141,102.5131152,88.35499167,239.2942805,183.2856532,401.209007,0.780531933,17.98196178,89.55086008,28.18423019
2022,As_Suweida,As_Suwayda,1,1578.5,276.2375,175,0.245068348,2.898837435,361.8739513,8.272999125,164.7488635,1.44067499,22.83274428,379.7186382,1,936.6083153,309.2761289,13096.29544,1,132.549277,28.32757142,18.18929922,5.797370419,7.115152235,0.28033439,0.043351987,4373.15677,7.882238542,70.59204861,97.45109992,76.97888622,194.6100847,218.1895834,401.1968401,1.365785859,8.704768714,96.06114731,36.89205703
2022,As_Suweida,As_Suwayda,2,10512.4,315.372,30,0.245068348,2.898837435,361.8739513,8.272999125,164.7488635,1.44067499,22.83274428,379.7186382,1,936.6083153,309.2761289,13096.29544,1,132.549277,28.32757142,18.18929922,5.797370419,7.115152235,0.28033439,0.043351987,4373.15677,7.882238542,70.59204861,97.45109992,76.97888622,194.6100847,218.1895834,401.1968401,1.365785859,8.704768714,96.06114731,36.89205703
2022,As_Suweida,Salkhad,2,13493.1,330.176157,24.47,0.19678529,2.476461818,360.9462608,8.216568101,175.7154581,1.445399312,22.89129271,345.5826409,1,1096.653045,306.0667012,12812.51087,1,151.5089895,27.95354414,17.79515399,5.307314344,7.006761904,0.219503315,0.029495652,4391.907798,7.899676731,70.01077564,102.5880374,74.55450186,189.3100264,268.1481021,387.011929,1.285466681,8.340411369,98.3134058,38.32058288
2022,As_Suweida,Shahba,2,6198.58,278.9361,45,0.197527256,2.191659403,369.5895802,8.744455894,172.1533402,1.451189377,19.92857504,355.5120454,1,812.086703,296.6503708,13256.88681,1,62.52582608,28.50884178,18.41234279,6.248873618,7.029253383,0.235198197,0.035350831,4225.558915,7.921607895,69.27973685,96.25186243,74.27567874,204.5223374,217.4198839,427.8247932,0.996377189,7.542191094,94.78661261,8.194029851
2022,Damascus,Qatana,1,616,137.9840031,224.000005,0.093841203,1.750152374,723.9745372,18.18888592,126.6999471,1.390187794,33.83029859,446.2725683,1,1076.168708,435.3771696,11546.93929,1,134.8032696,26.03497093,16.03741569,4.130600863,10.96339626,0.443269422,0.082441174,3979.312705,7.631263536,78.95788213,104.1098118,87.49771958,405.7407288,198.523565,355.7564594,3.240654984,17.95975534,91.64237535,10.25471698
2022,Damascus,Qatana,2,913.2,684.900003,750.0000033,0.093841203,1.750152374,723.9745372,18.18888592,126.6999471,1.390187794,33.83029859,446.2725683,1,1076.168708,435.3771696,11546.93929,1,134.8032696,26.03497093,16.03741569,4.130600863,10.96339626,0.443269422,0.082441174,3979.312705,7.631263536,78.95788213,104.1098118,87.49771958,405.7407288,198.523565,355.7564594,3.240654984,17.95975534,91.64237535,10.25471698
2022,Dara,As_Sanamayn,1,1681,1462.47,870,0.126365387,2.232014688,479.1948407,11.54617365,180.1350323,1.464749006,30.99856142,436.994746,1,676.2522372,345.0752876,13094.7626,1,14.37105451,27.96670687,18.18717028,6.4466912,8.309109457,0.406510648,0.082274889,4149.247998,7.860602751,71.31324164,101.7805098,74.59589352,273.0822907,132.4975201,430.6093861,0.669011199,10.00010737,96.07331266,28.32124352
2022,Dara,As_Sanamayn,2,13581,5561.4195,409.5,0.126365387,2.232014688,479.1948407,11.54617365,180.1350323,1.464749006,30.99856142,436.994746,1,676.2522372,345.0752876,13094.7626,1,14.37105451,27.96670687,18.18717028,6.4466912,8.309109457,0.406510648,0.082274889,4149.247998,7.860602751,71.31324164,101.7805098,74.59589352,273.0822907,132.4975201,430.6093861,0.669011199,10.00010737,96.07331266,28.32124352
2022,Dara,As_Sanamayn,3,2695,107.8,40,0.126365387,2.232014688,479.1948407,11.54617365,180.1350323,1.464749006,30.99856142,436.994746,1,676.2522372,345.0752876,13094.7626,1,14.37105451,27.96670687,18.18717028,6.4466912,8.309109457,0.406510648,0.082274889,4149.247998,7.860602751,71.31324164,101.7805098,74.59589352,273.0822907,132.4975201,430.6093861,0.669011199,10.00010737,96.07331266,28.32124352
2022,Dara,Dara,1,4353,3928.5825,902.5,0.151895403,2.467237111,486.1753179,12.11396814,247.890732,1.46774472,34.72026577,423.6944089,1,594.8481838,408.9501794,13168.47221,1,31.20078753,27.38510908,18.28954473,7.149631549,10.20241085,0.43887041,0.081150836,4012.344862,7.877365296,70.75449014,111.6979853,71.13074851,273.1880486,127.803691,442.0431636,0.879878166,12.29504118,95.48831583,40.20714807
2022,Dara,Dara,2,31334,10966.9,350,0.151895403,2.467237111,486.1753179,12.11396814,247.890732,1.46774472,34.72026577,423.6944089,1,594.8481838,408.9501794,13168.47221,1,31.20078753,27.38510908,18.28954473,7.149631549,10.20241085,0.43887041,0.081150836,4012.344862,7.877365296,70.75449014,111.6979853,71.13074851,273.1880486,127.803691,442.0431636,0.879878166,12.29504118,95.48831583,40.20714807
2022,Dara,Izra,2,16852,5224.12,310,0.087018771,1.658654183,519.9287325,12.57754002,217.4263142,1.470306952,41.10287596,441.4595726,1,594.9833148,410.1927499,13103.43702,1,10.9531787,27.52556668,18.19921808,6.839828742,9.934216079,0.549278537,0.117384735,4132.787146,7.923266829,69.22443902,108.2193813,72.82686649,299.9587052,92.06481307,460.4442333,0.522892419,12.7609944,96.00446812,44.50057937
2022,Dara,Nawa,1,11391,10384.795,911.6666667,0.151895403,2.467237111,486.1753179,12.11396814,247.890732,1.46774472,34.72026577,423.6944089,1,594.8481838,408.9501794,13168.47221,1,31.20078753,27.38510908,18.28954473,7.149631549,10.20241085,0.43887041,0.081150836,4012.344862,7.877365296,70.75449014,111.6979853,71.13074851,273.1880486,127.803691,442.0431636,0.879878166,12.29504118,95.48831583,40.20714807
2022,Hama,Al_Ghab,1,2910,2633.899357,905.120054,0.049595436,1.643165164,1223.789956,35.69799224,139.7759455,1.347860465,28.59829587,349.5799349,1,352.189296,864.8016158,12797.49309,1,139.7020723,27.58658361,17.77429595,7.279976001,25.19977332,0.703350588,0.125677891,3427.17587,6.782044179,92.73480597,105.4140121,108.1400587,625.3497565,280.5196852,361.9957542,4.508295663,42.21571718,98.43259455,35.28868661
2022,Hama,As_Salamiyeh,2,4268,1022.768,239.6363636,0.504159747,4.926087865,335.9338842,9.362384995,191.2833095,1.455325727,20.3416433,317.9445519,1,514.8899545,361.9292155,13655.70384,1,39.708665,29.6531363,18.96625533,7.169275802,10.09056022,0.359712764,0.068712584,3587.122946,7.805379097,73.15403011,91.79151895,77.53499548,167.1530621,260.9011364,420.1232357,0.788382027,9.040582617,91.62139811,29.78971963
2022,Hama,Hama,1,5783,2913.18625,503.75,0.227677668,4.733216797,583.9247844,16.18077257,192.7904067,1.455316559,28.89107986,399.9433813,1,367.8882638,414.0420209,13740.072,1,25.04294796,29.34120585,19.08343334,7.75339253,11.46316321,0.471853201,0.094265439,3607.757133,7.530149647,82.32834509,102.8093657,86.91760083,288.7229064,199.991121,385.7041579,0.890006436,18.48653952,90.95180951,22.43352601
2022,Hama,Hama,2,6439,2704.38,420,0.227677668,4.733216797,583.9247844,16.18077257,192.7904067,1.455316559,28.89107986,399.9433813,1,367.8882638,414.0420209,13740.072,1,25.04294796,29.34120585,19.08343334,7.75339253,11.46316321,0.471853201,0.094265439,3607.757133,7.530149647,82.32834509,102.8093657,86.91760083,288.7229064,199.991121,385.7041579,0.890006436,18.48653952,90.95180951,22.43352601
2022,Hama,Masyaf,1,3196,1443.105714,451.5349544,0.076403686,1.92474214,1285.524471,35.73126695,150.0452924,1.353623889,29.44578727,387.4121925,1,532.6863029,750.5301384,12624.78061,1,139.1245061,27.06538952,17.53441752,7.176448154,20.81514239,0.618079181,0.090162587,3596.757877,6.889563149,96.31877164,107.1504115,97.23537015,642.6036757,261.5816804,350.4100182,3.339515959,38.59856987,99.80332846,5.952755906
2022,Hama,Muhradah,1,3054,1640.222938,537.0736534,0.05125136,1.195215355,809.1031345,22.87903939,210.5076775,1.449025265,33.05226761,439.5914949,1,254.483542,620.8933805,13755.60639,1,22.9822089,29.16554001,19.10500888,8.261618643,17.58054855,0.6558648,0.145631868,3535.4384,7.358416593,88.05278024,108.0809854,94.94390878,398.6883129,196.6763121,347.9956241,0.787416154,25.49695415,90.82852068,10.50963597
2022,Homs,Al_Maghrim,2,47.1,7.3005,155,0.306769432,2.913060825,291.1081293,7.934032146,218.2032013,1.457191708,18.26401052,311.7343597,1,797.1330828,356.5555511,12526.60735,1,104.0896137,27.80876487,17.39806577,5.512352115,9.719633554,0.331643866,0.058542137,3668.107006,7.836838992,72.10536695,84.09789289,78.74568769,143.0698915,282.185961,406.7754786,1.39213165,8.706368852,99.41751867,23.70967742
2022,Homs,Al_Maghrim,3,107.14,6.16055,57.5,0.306769432,2.913060825,291.1081293,7.934032146,218.2032013,1.457191708,18.26401052,311.7343597,1,797.1330828,356.5555511,12526.60735,1,104.0896137,27.80876487,17.39806577,5.512352115,9.719633554,0.331643866,0.058542137,3668.107006,7.836838992,72.10536695,84.09789289,78.74568769,143.0698915,282.185961,406.7754786,1.39213165,8.706368852,99.41751867,23.70967742
2022,Homs,Al_Quasir,1,1450.4,1577.31,1087.5,0.079506691,1.850323115,660.5136539,17.52211988,228.7835016,1.423727806,26.81275048,398.4009405,1,596.8480096,440.3808628,12672.39573,1,19.08778159,27.41839866,17.60054962,6.489711782,11.72270907,0.521703163,0.102294717,3768.598989,7.575372583,80.8209139,102.7357249,93.28738455,336.1806677,214.1664714,361.619498,0.932790651,19.01649265,99.42543072,81.53370847
2022,Homs,Al_Quasir,2,1829.8,1532.4575,837.5,0.079506691,1.850323115,660.5136539,17.52211988,228.7835016,1.423727806,26.81275048,398.4009405,1,596.8480096,440.3808628,12672.39573,1,19.08778159,27.41839866,17.60054962,6.489711782,11.72270907,0.521703163,0.102294717,3768.598989,7.575372583,80.8209139,102.7357249,93.28738455,336.1806677,214.1664714,361.619498,0.932790651,19.01649265,99.42543072,81.53370847
2022,Homs,Al_Quasir,3,633.5,245.48125,387.5,0.079506691,1.850323115,660.5136539,17.52211988,228.7835016,1.423727806,26.81275048,398.4009405,1,596.8480096,440.3808628,12672.39573,1,19.08778159,27.41839866,17.60054962,6.489711782,11.72270907,0.521703163,0.102294717,3768.598989,7.575372583,80.8209139,102.7357249,93.28738455,336.1806677,214.1664714,361.619498,0.932790651,19.01649265,99.42543072,81.53370847
2022,Homs,Ar_Rastan,1,3380.5,2194.367063,649.125,0.023749721,0.879988685,578.845352,15.50477635,217.7540281,1.490165194,31.51599766,455.9867872,1,435.4754306,430.6613868,13271.61236,1,32.93536539,28.25609975,18.43279495,7.264819891,11.51778561,0.532132236,0.10779243,3732.335708,7.628313312,79.05622294,104.1102127,91.54371301,286.7034816,194.2140276,350.5086574,1.105333487,20.10500042,94.66974315,64.92877493
2022,Homs,Ar_Rastan,2,669.3,171.0898125,255.625,0.023749721,0.879988685,578.845352,15.50477635,217.7540281,1.490165194,31.51599766,455.9867872,1,435.4754306,430.6613868,13271.61236,1,32.93536539,28.25609975,18.43279495,7.264819891,11.51778561,0.532132236,0.10779243,3732.335708,7.628313312,79.05622294,104.1102127,91.54371301,286.7034816,194.2140276,350.5086574,1.105333487,20.10500042,94.66974315,64.92877493
2022,Homs,Homs,1,7880.8,8314.244,1055,0.661463232,5.466555194,351.8575689,9.269842652,170.4993423,1.454793713,18.39390553,334.3746299,1,749.4069726,405.5389844,12390.66871,1,42.53240625,27.48742739,17.2092621,5.42494515,10.74220797,0.296350145,0.049940393,3794.723208,7.822295424,72.59015253,88.04184477,78.73668298,176.3405597,262.3261291,400.8940442,1.265880206,10.65134129,98.33864057,61.8628226
2022,Homs,Homs,2,887.7,806.3275,908.3333333,0.661463232,5.466555194,351.8575689,9.269842652,170.4993423,1.454793713,18.39390553,334.3746299,1,749.4069726,405.5389844,12390.66871,1,42.53240625,27.48742739,17.2092621,5.42494515,10.74220797,0.296350145,0.049940393,3794.723208,7.822295424,72.59015253,88.04184477,78.73668298,176.3405597,262.3261291,400.8940442,1.265880206,10.65134129,98.33864057,61.8628226
2022,Homs,Tall_Kalakh,1,4040,2332.21625,577.28125,0.061265386,1.382119937,1153.071534,31.45173532,213.4968276,1.371293035,28.50363662,371.8628808,1,462.9664108,761.1095818,13123.07951,1,86.9397267,27.44946527,18.22649931,8.001789979,20.7688995,0.687587866,0.117282972,3665.161889,7.036198454,98.79338486,101.3991589,97.7612076,578.3977037,256.0800903,370.1287946,2.899572474,38.32373734,95.84857535,63.89144317
2022,Idleb,Al_Jisr_Ash_Shu,1,800,420,525,0.061795348,1.387996783,1121.746992,33.14919992,177.540447,1.380476929,27.89801472,304.6574213,1,349.3955892,602.9970332,12885.64669,1,101.3142959,27.90288643,17.89673152,7.457486603,17.81703239,0.581575797,0.102641034,3382.933833,6.711311118,90.37703725,102.5470365,107.9906383,579.5172627,309.262822,377.4719518,3.793157673,40.90641577,97.73296275,19.55376344
2022,Idleb,Al_Mara,1,2668,1450.725,543.75,0.219400577,2.789560748,655.0525405,18.48878414,161.5969773,1.44106543,30.50289991,387.8445436,1,426.7153644,410.8023332,13517.11592,1,29.05957912,29.25537727,18.77377211,7.334007666,11.61134089,0.49383131,0.104936026,3541.972515,7.422356298,85.92145674,103.2131462,93.02894103,327.8371544,211.8633148,395.4624714,1.089096217,21.8826255,92.72130223,2.740740741
2022,Idleb,Al_Mara,2,3468,910.9692857,262.6785714,0.219400577,2.789560748,655.0525405,18.48878414,161.5969773,1.44106543,30.50289991,387.8445436,1,426.7153644,410.8023332,13517.11592,1,29.05957912,29.25537727,18.77377211,7.334007666,11.61134089,0.49383131,0.104936026,3541.972515,7.422356298,85.92145674,103.2131462,93.02894103,327.8371544,211.8633148,395.4624714,1.089096217,21.8826255,92.72130223,2.740740741
2022,Idleb,Ariha,1,1366,614.7,450,0.06189382,1.20144567,869.2456133,24.66070536,178.7756591,1.396585143,27.93576679,350.6523137,1,582.149967,476.5201676,12649.29008,1,87.67581128,27.89596281,17.56845844,6.446228428,13.52773068,0.469293125,0.082213084,3523.820562,7.15618642,94.79378601,104.9871024,102.7359002,442.7462716,264.1637633,380.2716742,2.592602428,31.56046909,99.60880892,35.35190616
2022,Idleb,Harim,1,1200,675,562.5,0.076955511,1.744823344,929.1755501,26.49947784,208.4698796,1.397594182,27.2782689,356.5012631,1,400.6489695,478.0288437,13047.01632,1,91.8753057,28.75388709,18.12085601,6.964360673,13.65377356,0.457862903,0.073605665,3505.391921,7.125463716,95.81787612,96.44264775,112.3868225,450.1950582,243.3845318,396.2349649,3.52892128,34.93256475,96.45225139,7.104166667
2022,Idleb,Idleb,1,127,64.83,510.4724409,0.125820372,2.188331063,736.8357759,20.35138109,133.1604544,1.441830046,29.96636028,396.7139838,1,349.4829207,464.6152731,13583.43372,1,18.66965742,29.40992897,18.86588016,7.611267152,12.82347284,0.549219495,0.111500102,3619.568907,7.363514149,87.8828617,100.6294314,100.7540969,363.2821691,201.4720497,378.6673336,0.928862474,24.86059375,92.1949705,24.08243728
2022,Idleb,Idleb,2,1420,106,74.64788732,0.125820372,2.188331063,736.8357759,20.35138109,133.1604544,1.441830046,29.96636028,396.7139838,1,349.4829207,464.6152731,13583.43372,1,18.66965742,29.40992897,18.86588016,7.611267152,12.82347284,0.549219495,0.111500102,3619.568907,7.363514149,87.8828617,100.6294314,100.7540969,363.2821691,201.4720497,378.6673336,0.928862474,24.86059375,92.1949705,24.08243728
2022,Lattakia,Al_Hafa,1,2119,3169.418571,1495.714286,0.056619889,1.298629777,1677.289713,48.08510034,251.0029312,1.264981734,25.51066723,281.7179779,1,615.8606536,913.849565,12328.35462,1,289.7612345,26.78306873,17.12271475,7.11563242,26.19878847,0.628239443,0.052898002,3487.169311,6.168576676,72.28588919,96.96183655,120.1071143,857.6369037,357.4897846,356.8800356,4.643245661,56.30098333,97.84408429,75.1082544
2022,Lattakia,Al_Qardaha,1,1235.53,1546.368756,1251.583333,0.030228789,0.883071844,1608.880154,45.96216956,235.6423718,1.266061629,25.08147767,304.5236994,1,540.3966252,936.6501678,12615.53907,1,281.3834412,26.87998173,17.52158204,7.808379626,26.73618714,0.634335582,0.058350927,3499.44432,6.246956385,74.89854616,99.35981132,115.240278,804.4383405,333.7468418,356.7924855,4.669937499,58.43730767,99.87667407,62.20930233
2022,Lattakia,Jablah,1,1246.7,1572.743218,1261.525,0.056903002,1.06433536,1671.932425,47.03309751,242.7106218,1.288362214,25.18450697,312.336117,1,539.9002309,828.5557861,12497.6846,1,269.6827043,26.57087906,17.35789528,7.738424536,23.30193214,0.588118171,0.054461192,3553.799733,6.394601508,79.82005026,102.9046661,108.7335244,847.5741715,319.9496365,362.0527367,4.337486611,50.9748085,99.18797305,69.6122449
2022,Lattakia,Lattakia,1,911.93,1343.576867,1473.333333,0.097763298,1.762987067,1687.740077,46.92670512,209.5944837,1.261131142,24.7105126,304.2298707,1,231.7146206,1157.207492,13410.93206,1,104.336183,27.66149601,18.62629452,9.540407018,32.20502955,0.685447495,0.064300156,3595.545023,6.347943236,78.26477454,98.70177066,117.6248571,862.7284536,328.3346711,334.66475,3.391717815,52.37302557,93.56403131,87.11285641
2022,Tartous,Banyas,1,5938.46,6420.959875,1081.25,0.064347484,1.259569202,1600.041879,43.47580487,227.2029485,1.248880866,25.12215029,311.6023136,1,597.2024401,860.8231151,12307.8453,1,239.5189203,26.24215039,17.09422958,7.41669145,23.39843272,0.578945447,0.050511003,3679.304215,6.402940695,80.09802315,103.512899,103.4128924,818.2044495,311.2379664,363.3411414,4.321198421,51.28226288,97.6813119,78.70526316
2022,Tartous,Dreikisch,1,830.53,1090.070625,1312.5,0.020699473,0.796408619,1620.199543,44.17777928,216.934763,1.299036482,24.8601254,322.079217,1,504.6634677,907.9338778,12809.37226,1,163.4163054,26.66177124,17.7907948,8.317458632,24.75990406,0.623268309,0.052769682,3666.45357,6.512992812,83.76642708,105.5491791,103.0075033,805.7212464,306.9629607,371.5972167,3.497485148,47.28655449,98.33831543,23.43243243
2022,Tartous,Safita,1,1166.17,1286.431281,1103.125,0.047070335,1.157636077,1575.960496,43.49984396,212.2246192,1.350786518,24.81991989,329.6296751,1,294.0703481,822.9134052,13547.73694,1,85.74052064,27.61686522,18.81630131,9.381133197,22.73011332,0.62362998,0.072556166,3621.910688,6.807968775,93.59895915,101.6287439,105.7738295,782.1864919,291.9812893,377.4132804,2.351750182,44.6094789,92.47827826,76.62715679
2022,Tartous,Sheikh_Badr,1,1166.01,1207.653214,1035.714286,0.005349553,0.386265066,1662.795403,45.15780959,214.3609237,1.284536565,24.92166647,316.9745763,,488.3054996,889.571702,12724.26328,1,198.9956955,26.48355642,17.67258789,8.38159802,24.16512732,0.603088746,0.04670772,3681.187904,6.413826005,80.46086682,103.4362947,104.8708664,831.2463893,307.9387223,375.526846,3.662482193,53.80450397,99.01378347,0.666666667
2022,Tartous,Tartous,1,193.8,313.31,1616.666667,0.049162657,1.417978043,1366.825727,36.89833734,226.602822,1.337365278,24.38800112,328.0083572,1,151.3380759,901.3059714,13938.54812,1,85.26540945,27.73256599,19.35909462,10.67286308,24.36600935,0.610771263,0.072700278,3703.301672,6.801489796,93.38299321,101.4685892,102.3350745,681.2216925,293.3316743,364.969705,1.987711269,46.76351549,89.37660219,64.49344978
2023,Al_Qunaytirah,Al_Qunaytirah,1,4005,3419,853.6828964,0.120668536,1.817203669,1170.587643,29.8746253,196.6396652,1.392797379,36.80800834,452.0421233,1,812.7813464,576.6009436,12411.67068,1,99.78962314,26.54696253,17.2384315,6.266516917,14.75889472,0.644202178,0.135859044,3917.334141,7.519971534,82.66761553,104.6453026,92.66985061,512.6087601,184.0334609,363.9594199,3.215624823,25.20123137,98.50532285,62.36754297
2023,Aleppo,Afrin,1,7841,10977.4,1400,0.194810459,2.230856022,822.0640289,23.33418372,184.8305861,1.371035123,25.51170824,404.3181051,1,493.5760545,488.927268,12833.84281,1,89.965976,29.56130984,17.82478169,5.447687467,13.87727261,0.433506745,0.061712543,3522.003157,7.198506433,93.3831189,80.59402456,106.6335174,342.1858688,192.8950466,401.4796676,3.206478872,32.26458622,98.14410465,72.67440361
2023,Aleppo,Ain_Al_Arab,2,21222,21222,1000,0.285146327,2.615456939,563.7385286,14.77282765,180.1352135,1.344070296,29.15984317,412.5287694,1,457.6511594,380.733672,14039.3435,1,40.7417743,33.13139378,19.4990882,5.871829538,9.98038138,0.56486627,0.1175264,3815.050264,7.452704986,84.90983381,86.86222377,94.27879656,262.6337321,160.737883,374.9119357,1.026508894,16.80178945,88.57663887,86.06697787
2023,Aleppo,Ain_Al_Arab,3,1660,1660,1000,0.285146327,2.615456939,563.7385286,14.77282765,180.1352135,1.344070296,29.15984317,412.5287694,1,457.6511594,380.733672,14039.3435,1,40.7417743,33.13139378,19.4990882,5.871829538,9.98038138,0.56486627,0.1175264,3815.050264,7.452704986,84.90983381,86.86222377,94.27879656,262.6337321,160.737883,374.9119357,1.026508894,16.80178945,88.57663887,86.06697787
2023,Aleppo,Al_Atareb,1,1616,1700.392,1052.222772,0.320135248,3.90953411,477.117923,13.45078449,185.7492815,1.399045613,26.85095306,367.0160671,1,348.6130778,438.5213268,13892.91797,1,24.0041333,30.37215203,19.2957194,7.615348285,12.3543548,0.48276746,0.096477001,3546.138261,7.511498758,82.95004141,79.83937935,91.4496434,209.7386212,183.2856532,401.209007,0.780531933,17.98196178,89.7387463,28.18423019
2023,Aleppo,Al_Bab,1,79,63.2,800,0.223794265,2.70647827,417.3772107,11.51314798,171.3158859,1.361738999,28.32570189,404.137529,1,440.5998951,447.5752104,13771.92222,1,12.48017986,31.13088671,19.12766976,6.540947347,12.36484598,0.476067645,0.095547945,3624.222323,7.526863486,82.4378838,81.40047051,87.78339829,189.2529982,172.3288421,394.8106379,0.536196258,18.97472913,90.69902997,57.38811081
2023,Aleppo,Al_Bab,2,383,168.95,441.1227154,0.223794265,2.70647827,417.3772107,11.51314798,171.3158859,1.361738999,28.32570189,404.137529,1,440.5998951,447.5752104,13771.92222,1,12.48017986,31.13088671,19.12766976,6.540947347,12.36484598,0.476067645,0.095547945,3624.222323,7.526863486,82.4378838,81.40047051,87.78339829,189.2529982,172.3288421,394.8106379,0.536196258,18.97472913,90.69902997,57.38811081
2023,Aleppo,As_Safira,2,1120,924,825,0.226229514,2.727688396,345.265284,9.544454062,194.0542344,1.456944439,23.81607607,339.9130212,1,386.7828001,393.9807874,14075.21585,1,58.56984464,30.88501245,19.5489109,7.606831907,10.90526901,0.413365635,0.074354707,3616.444033,7.634697244,78.8434252,79.210341,79.4979355,154.8323411,209.796782,447.6738108,1.021027812,12.3940763,88.29193769,61.3127161
2023,Aleppo,As_Safira,3,388,368.6,950,0.226229514,2.727688396,345.265284,9.544454062,194.0542344,1.456944439,23.81607607,339.9130212,1,386.7828001,393.9807874,14075.21585,1,58.56984464,30.88501245,19.5489109,7.606831907,10.90526901,0.413365635,0.074354707,3616.444033,7.634697244,78.8434252,79.210341,79.4979355,154.8323411,209.796782,447.6738108,1.021027812,12.3940763,88.29193769,61.3127161
2023,Aleppo,Azaz,1,34034,41841,1229.388259,0.121728487,2.146811382,540.7581258,14.64919,180.5676029,1.396196968,30.36538609,429.7996425,1,481.8095159,519.2226114,13318.31547,1,12.33630082,30.51117574,18.49766038,5.93826393,14.07247682,0.599463856,0.126602448,3690.385844,7.471901984,84.26993387,82.65251994,94.86080707,233.0498727,165.5478602,396.9674719,0.559398203,24.25735487,94.29908357,30.7875817
2023,Aleppo,Azaz,2,873,841,963.3447881,0.121728487,2.146811382,540.7581258,14.64919,180.5676029,1.396196968,30.36538609,429.7996425,1,481.8095159,519.2226114,13318.31547,1,12.33630082,30.51117574,18.49766038,5.93826393,14.07247682,0.599463856,0.126602448,3690.385844,7.471901984,84.26993387,82.65251994,94.86080707,233.0498727,165.5478602,396.9674719,0.559398203,24.25735487,94.29908357,30.7875817
2023,Aleppo,Jebel_Saman,1,3968,4317.68,1088.125,0.320135248,3.90953411,477.117923,13.45078449,185.7492815,1.399045613,26.85095306,367.0160671,1,348.6130778,438.5213268,13892.91797,1,24.0041333,30.37215203,19.2957194,7.615348285,12.3543548,0.48276746,0.096477001,3546.138261,7.511498758,82.95004141,79.83937935,91.4496434,209.7386212,183.2856532,401.209007,0.780531933,17.98196178,89.7387463,28.18423019
2023,Aleppo,Jebel_Saman,2,5437,4247.65625,781.25,0.320135248,3.90953411,477.117923,13.45078449,185.7492815,1.399045613,26.85095306,367.0160671,1,348.6130778,438.5213268,13892.91797,1,24.0041333,30.37215203,19.2957194,7.615348285,12.3543548,0.48276746,0.096477001,3546.138261,7.511498758,82.95004141,79.83937935,91.4496434,209.7386212,183.2856532,401.209007,0.780531933,17.98196178,89.7387463,28.18423019
2023,Aleppo,Jebel_Saman,3,5025,3615.308036,719.4642857,0.320135248,3.90953411,477.117923,13.45078449,185.7492815,1.399045613,26.85095306,367.0160671,1,348.6130778,438.5213268,13892.91797,1,24.0041333,30.37215203,19.2957194,7.615348285,12.3543548,0.48276746,0.096477001,3546.138261,7.511498758,82.95004141,79.83937935,91.4496434,209.7386212,183.2856532,401.209007,0.780531933,17.98196178,89.7387463,28.18423019
2023,Aleppo,Menbij,2,786,864.6,1100,0.476099108,4.018173677,373.9696713,10.20802512,173.279788,1.406754586,24.018397,332.4689528,1,397.1956572,396.3335132,14164.86613,1,17.60715977,31.67905544,19.67342518,7.114548279,10.81780349,0.467570877,0.086720175,3662.48698,7.618434657,79.38551142,83.05291979,85.72676478,175.381185,198.2878033,437.4207931,0.49517755,12.11218955,87.58042752,92.68040719
2023,Aleppo,Menbij,3,73,76.65,1050,0.476099108,4.018173677,373.9696713,10.20802512,173.279788,1.406754586,24.018397,332.4689528,1,397.1956572,396.3335132,14164.86613,1,17.60715977,31.67905544,19.67342518,7.114548279,10.81780349,0.467570877,0.086720175,3662.48698,7.618434657,79.38551142,83.05291979,85.72676478,175.381185,198.2878033,437.4207931,0.49517755,12.11218955,87.58042752,92.68040719
2023,As_Suweida,As_Suwayda,1,1827.85,2193.42,1200,0.245068348,2.898837435,432.1414814,9.972006214,164.7488635,1.44067499,22.83274428,379.7186382,1,936.6083153,331.1227894,13068.0811,1,132.549277,28.98940975,18.15011264,5.797370419,7.683076121,0.27323915,0.041083331,4332.54605,7.882238542,70.59204861,93.4266923,84.14505199,206.0377431,218.1895834,401.1968401,1.365785859,8.704768714,96.28507061,36.89205703
2023,As_Suweida,As_Suwayda,2,10872.244,3805.2854,350,0.245068348,2.898837435,432.1414814,9.972006214,164.7488635,1.44067499,22.83274428,379.7186382,1,936.6083153,331.1227894,13068.0811,1,132.549277,28.98940975,18.15011264,5.797370419,7.683076121,0.27323915,0.041083331,4332.54605,7.882238542,70.59204861,93.4266923,84.14505199,206.0377431,218.1895834,401.1968401,1.365785859,8.704768714,96.28507061,36.89205703
2023,As_Suweida,Salkhad,2,11743.62551,2055.134464,175,0.19678529,2.476461818,434.0202069,10.00996406,175.7154581,1.445399312,22.89129271,345.5826409,1,1096.653045,332.5487715,12769.2258,1,151.5089895,28.73412864,17.73503583,5.307314344,7.710083577,0.22103102,0.030436813,4334.881772,7.899676731,70.01077564,94.39552341,83.43078195,213.1209977,268.1481021,387.011929,1.285466681,8.340411369,98.65693811,38.32058288
2023,As_Suweida,Salkhad,3,409.3,27.0138,66,0.19678529,2.476461818,434.0202069,10.00996406,175.7154581,1.445399312,22.89129271,345.5826409,1,1096.653045,332.5487715,12769.2258,1,151.5089895,28.73412864,17.73503583,5.307314344,7.710083577,0.22103102,0.030436813,4334.881772,7.899676731,70.01077564,94.39552341,83.43078195,213.1209977,268.1481021,387.011929,1.285466681,8.340411369,98.65693811,38.32058288
2023,As_Suweida,Shahba,2,6618.1608,3309.0804,500,0.197527256,2.191659403,466.2322477,11.1183706,172.1533402,1.451189377,19.92857504,355.5120454,1,812.086703,313.8802348,13260.72304,1,62.52582608,29.17716225,18.41767088,6.248873618,7.49035914,0.212950687,0.028984423,4192.350486,7.921607895,69.27973685,97.6232317,80.0445941,206.7045536,217.4198839,427.8247932,0.996377189,7.542191094,94.75616639,8.194029851
2023,As_Suweida,Shahba,3,520,52,100,0.197527256,2.191659403,466.2322477,11.1183706,172.1533402,1.451189377,19.92857504,355.5120454,1,812.086703,313.8802348,13260.72304,1,62.52582608,29.17716225,18.41767088,6.248873618,7.49035914,0.212950687,0.028984423,4192.350486,7.921607895,69.27973685,97.6232317,80.0445941,206.7045536,217.4198839,427.8247932,0.996377189,7.542191094,94.75616639,8.194029851
2023,Damascus,Al_Ghutta,3,242,239.58,990,0.011843117,0.558468679,506.7437975,13.34030607,106.1618312,1.291118521,15.97295861,315.6253218,1,651.6936639,437.7739285,13154.4016,1,6.349500264,29.80289902,18.27000222,5.7229792,11.55060322,0.448627102,0.056707229,3797.591988,7.702316985,76.58943385,106.0715958,76.70961107,205.4849643,178.6231764,388.861443,0.350493747,15.36100502,95.59998732,4.8
2023,Damascus,Al_Qutayfah,3,5,3,600,0.165290463,2.05625535,362.9635239,9.286754628,195.5281875,1.44431954,15.13843505,319.6985667,1,995.3053148,350.0490752,12360.23589,1,127.2432106,29.31850543,17.16699429,4.315588854,8.980595249,0.161174914,0.016936135,3907.400064,7.89758494,70.08050201,104.5551506,78.07203373,156.0735711,244.8824899,435.20357,2.859481548,8.87439493,98.0971102,2.858974359
2023,Damascus,At_Tall,2,91,33,362.6373626,0.044028509,1.064884239,748.3528749,19.47369851,162.1199029,1.40030382,25.61268638,363.9933535,1,1466.66102,403.8556839,10272.67439,1,145.3541383,26.01187793,14.25836837,1.704328022,10.51318109,0.271684769,0.042909259,3841.89032,7.636543834,78.78187219,101.8272441,93.1458555,320.5095768,274.0306517,362.7005117,3.630504348,17.15543139,81.47639069,1.666666667
2023,Damascus,At_Tall,3,10,6.3,630,0.044028509,1.064884239,748.3528749,19.47369851,162.1199029,1.40030382,25.61268638,363.9933535,1,1466.66102,403.8556839,10272.67439,1,145.3541383,26.01187793,14.25836837,1.704328022,10.51318109,0.271684769,0.042909259,3841.89032,7.636543834,78.78187219,101.8272441,93.1458555,320.5095768,274.0306517,362.7005117,3.630504348,17.15543139,81.47639069,1.666666667
2023,Damascus,Qatana,1,550,635.7198125,1155.854205,0.093841203,1.750152374,854.6848095,21.4786724,126.6999471,1.390187794,33.83029859,446.2725683,1,1076.168708,445.8809324,11556.75024,1,134.8032696,26.7173476,16.05104199,4.130600863,11.23335126,0.408146241,0.068272307,3978.225501,7.631263536,78.95788213,103.2435495,90.79511935,369.3888728,198.523565,355.7564594,3.240654984,17.95975534,91.72023997,10.25471698
2023,Damascus,Qatana,2,989,853.4245833,862.9166667,0.093841203,1.750152374,854.6848095,21.4786724,126.6999471,1.390187794,33.83029859,446.2725683,1,1076.168708,445.8809324,11556.75024,1,134.8032696,26.7173476,16.05104199,4.130600863,11.23335126,0.408146241,0.068272307,3978.225501,7.631263536,78.95788213,103.2435495,90.79511935,369.3888728,198.523565,355.7564594,3.240654984,17.95975534,91.72023997,10.25471698
2023,Damascus,Qatana,3,22.7,26.04825,1147.5,0.093841203,1.750152374,854.6848095,21.4786724,126.6999471,1.390187794,33.83029859,446.2725683,1,1076.168708,445.8809324,11556.75024,1,134.8032696,26.7173476,16.05104199,4.130600863,11.23335126,0.408146241,0.068272307,3978.225501,7.631263536,78.95788213,103.2435495,90.79511935,369.3888728,198.523565,355.7564594,3.240654984,17.95975534,91.72023997,10.25471698
2023,Dara,As_Sanamayn,1,2140,3167.2,1480,0.126365387,2.232014688,590.9660737,14.29123692,180.1350323,1.464749006,30.99856142,436.994746,1,676.2522372,362.8623396,13134.53398,1,14.37105451,28.37470422,18.2424083,6.4466912,8.764499015,0.377278307,0.069249601,4134.163926,7.860602751,71.31324164,101.884787,78.9584618,247.8605846,132.4975201,430.6093861,0.669011199,10.00010737,95.75766683,28.32124352
2023,Dara,As_Sanamayn,2,12664,11582.4944,914.6,0.126365387,2.232014688,590.9660737,14.29123692,180.1350323,1.464749006,30.99856142,436.994746,1,676.2522372,362.8623396,13134.53398,1,14.37105451,28.37470422,18.2424083,6.4466912,8.764499015,0.377278307,0.069249601,4134.163926,7.860602751,71.31324164,101.884787,78.9584618,247.8605846,132.4975201,430.6093861,0.669011199,10.00010737,95.75766683,28.32124352
2023,Dara,Dara,1,4954,7331.92,1480,0.151895403,2.467237111,569.1544434,14.28671625,247.890732,1.46774472,34.72026577,423.6944089,1,594.8481838,424.5868995,13220.93896,1,31.20078753,27.37132533,18.36241522,7.149631549,10.66192349,0.435854823,0.075327966,3982.801691,7.877365296,70.75449014,98.56835398,79.66603602,256.5568768,127.803691,442.0431636,0.879878166,12.29504118,95.07191301,40.20714807
2023,Dara,Dara,2,26403,23968.6434,907.8,0.151895403,2.467237111,569.1544434,14.28671625,247.890732,1.46774472,34.72026577,423.6944089,1,594.8481838,424.5868995,13220.93896,1,31.20078753,27.37132533,18.36241522,7.149631549,10.66192349,0.435854823,0.075327966,3982.801691,7.877365296,70.75449014,98.56835398,79.66603602,256.5568768,127.803691,442.0431636,0.879878166,12.29504118,95.07191301,40.20714807
2023,Dara,Izra,2,12970,11715.36867,903.2666667,0.087018771,1.658654183,617.6753856,14.98435757,217.4263142,1.470306952,41.10287596,441.4595726,1,594.9833148,425.1973028,13159.72962,1,10.9531787,27.62571643,18.27740226,6.839828742,10.32485713,0.534484916,0.104478804,4121.134585,7.923266829,69.22443902,100.3416002,76.60226979,265.2243496,92.06481307,460.4442333,0.522892419,12.7609944,95.5577014,44.50057937
2023,Dara,Nawa,1,9026,13599.17333,1506.666667,0.151895403,2.467237111,569.1544434,14.28671625,247.890732,1.46774472,34.72026577,423.6944089,1,594.8481838,424.5868995,13220.93896,1,31.20078753,27.37132533,18.36241522,7.149631549,10.66192349,0.435854823,0.075327966,3982.801691,7.877365296,70.75449014,98.56835398,79.66603602,256.5568768,127.803691,442.0431636,0.879878166,12.29504118,95.07191301,40.20714807
2023,Hama,Al_Ghab,1,2088,4011.5,1921.216475,0.049595436,1.643165164,1160.485857,34.36033469,139.7759455,1.347860465,28.59829587,349.5799349,1,352.189296,873.9496901,12791.87691,1,139.7020723,27.63260823,17.76649571,7.279976001,25.83983103,0.717495735,0.127998166,3376.399746,6.782044179,92.73480597,86.72626648,108.4255186,526.2543907,280.5196852,361.9957542,4.508295663,42.21571718,98.47716734,35.28868661
2023,Hama,As_Salamiyeh,2,3898,3783,970.4976911,0.504159747,4.926087865,329.6986228,9.390574332,191.2833095,1.455325727,20.3416433,317.9445519,1,514.8899545,388.487141,13604.80673,1,39.708665,30.09878007,18.8955649,7.157737966,11.06891039,0.420422676,0.079387276,3509.952697,7.805379097,73.15403011,82.32676085,81.29697121,145.7837626,260.9011364,420.1232357,0.788382027,9.040582617,92.02534345,29.78971963
2023,Hama,As_Salamiyeh,3,248,193.28,779.3548387,0.504159747,4.926087865,329.6986228,9.390574332,191.2833095,1.455325727,20.3416433,317.9445519,1,514.8899545,388.487141,13604.80673,1,39.708665,30.09878007,18.8955649,7.157737966,11.06891039,0.420422676,0.079387276,3509.952697,7.805379097,73.15403011,82.32676085,81.29697121,145.7837626,260.9011364,420.1232357,0.788382027,9.040582617,92.02534345,29.78971963
2023,Hama,As_Salamiyeh,4,20,13.91,695.5,0.504159747,4.926087865,329.6986228,9.390574332,191.2833095,1.455325727,20.3416433,317.9445519,1,514.8899545,388.487141,13604.80673,1,39.708665,30.09878007,18.8955649,7.157737966,11.06891039,0.420422676,0.079387276,3509.952697,7.805379097,73.15403011,82.32676085,81.29697121,145.7837626,260.9011364,420.1232357,0.788382027,9.040582617,92.02534345,29.78971963
2023,Hama,Hama,1,5828,10271.4,1762.422787,0.227677668,4.733216797,548.6403936,15.49774467,192.7904067,1.455316559,28.89107986,399.9433813,1,367.8882638,439.3072189,13724.01401,1,25.04294796,29.63410386,19.06113056,7.75339253,12.39057115,0.528248425,0.106224894,3539.13055,7.530149647,82.32834509,84.13475451,91.48770998,243.9134161,199.991121,385.7041579,0.890006436,18.48653952,91.07925392,22.43352601
2023,Hama,Hama,2,6401,8350.6,1304.57741,0.227677668,4.733216797,548.6403936,15.49774467,192.7904067,1.455316559,28.89107986,399.9433813,1,367.8882638,439.3072189,13724.01401,1,25.04294796,29.63410386,19.06113056,7.75339253,12.39057115,0.528248425,0.106224894,3539.13055,7.530149647,82.32834509,84.13475451,91.48770998,243.9134161,199.991121,385.7041579,0.890006436,18.48653952,91.07925392,22.43352601
2023,Hama,Hama,3,113,94.04,832.2123894,0.227677668,4.733216797,548.6403936,15.49774467,192.7904067,1.455316559,28.89107986,399.9433813,1,367.8882638,439.3072189,13724.01401,1,25.04294796,29.63410386,19.06113056,7.75339253,12.39057115,0.528248425,0.106224894,3539.13055,7.530149647,82.32834509,84.13475451,91.48770998,243.9134161,199.991121,385.7041579,0.890006436,18.48653952,91.07925392,22.43352601
2023,Hama,Hama,4,35,23.1,660,0.227677668,4.733216797,548.6403936,15.49774467,192.7904067,1.455316559,28.89107986,399.9433813,1,367.8882638,439.3072189,13724.01401,1,25.04294796,29.63410386,19.06113056,7.75339253,12.39057115,0.528248425,0.106224894,3539.13055,7.530149647,82.32834509,84.13475451,91.48770998,243.9134161,199.991121,385.7041579,0.890006436,18.48653952,91.07925392,22.43352601
2023,Hama,Masyaf,1,2763,2976.1,1077.126312,0.076403686,1.92474214,1228.688951,34.52152005,150.0452924,1.353623889,29.44578727,387.4121925,1,532.6863029,766.6347625,12615.3024,1,139.1245061,27.25154414,17.52125334,7.176238871,21.49299004,0.625510783,0.092063828,3558.19713,6.889563149,96.31877164,91.01108303,99.16288483,578.4234649,261.5816804,350.4100182,3.339515959,38.59856987,99.87855235,5.952755906
2023,Hama,Muhradah,1,1601,2161.85,1350.312305,0.05125136,1.195215355,745.589736,21.52498672,210.5076775,1.449025265,33.05226761,439.5914949,1,254.483542,656.684768,13749.79875,1,22.9822089,29.08227224,19.0969427,8.261618643,18.97504014,0.70315865,0.155847117,3462.833663,7.358416593,88.05278024,88.24338527,97.29974613,340.9595179,196.6763121,347.9956241,0.787416154,25.49695415,90.87461313,10.50963597
2023,Hassakeh,Al_Malika,1,26171,41875,1600.053494,0.273788898,2.626098262,905.3490159,20.13068377,177.7179584,1.393407522,35.81191186,396.1542193,1,442.2589019,358.8112597,14526.49241,1,11.47143655,34.84650697,20.1756839,5.012095812,7.983959474,0.52055537,0.100928985,4496.358492,7.401004555,86.63318149,93.7292737,94.82277741,377.9081951,182.2285639,417.2135132,0.627665989,23.0979689,84.71037773,71.48066457
2023,Hassakeh,Al_Malika,2,419,673,1606.205251,0.273788898,2.626098262,905.3490159,20.13068377,177.7179584,1.393407522,35.81191186,396.1542193,1,442.2589019,358.8112597,14526.49241,1,11.47143655,34.84650697,20.1756839,5.012095812,7.983959474,0.52055537,0.100928985,4496.358492,7.401004555,86.63318149,93.7292737,94.82277741,377.9081951,182.2285639,417.2135132,0.627665989,23.0979689,84.71037773,71.48066457
2023,Hassakeh,Al_Malika,3,22.18666667,35.49866667,1600,0.273788898,2.626098262,905.3490159,20.13068377,177.7179584,1.393407522,35.81191186,396.1542193,1,442.2589019,358.8112597,14526.49241,1,11.47143655,34.84650697,20.1756839,5.012095812,7.983959474,0.52055537,0.100928985,4496.358492,7.401004555,86.63318149,93.7292737,94.82277741,377.9081951,182.2285639,417.2135132,0.627665989,23.0979689,84.71037773,71.48066457
2023,Hassakeh,Hassakeh,1,233,373,1600.858369,1.234999017,5.292191536,504.2815118,11.7798694,179.2026918,1.453912692,22.75778998,312.1287676,1,352.2277754,288.9371515,15312.78944,1,19.1175947,35.19031775,21.26776311,6.72688267,6.75610179,0.265011239,0.040978092,4279.875235,7.76640865,74.453045,91.45603774,85.68708648,236.8345199,232.8497925,449.1236429,0.493960645,10.83503123,78.46992511,55.44769984
2023,Hassakeh,Hassakeh,2,8625,13562,1572.405797,1.234999017,5.292191536,504.2815118,11.7798694,179.2026918,1.453912692,22.75778998,312.1287676,1,352.2277754,288.9371515,15312.78944,1,19.1175947,35.19031775,21.26776311,6.72688267,6.75610179,0.265011239,0.040978092,4279.875235,7.76640865,74.453045,91.45603774,85.68708648,236.8345199,232.8497925,449.1236429,0.493960645,10.83503123,78.46992511,55.44769984
2023,Hassakeh,Hassakeh,3,776,1173,1511.597938,1.234999017,5.292191536,504.2815118,11.7798694,179.2026918,1.453912692,22.75778998,312.1287676,1,352.2277754,288.9371515,15312.78944,1,19.1175947,35.19031775,21.26776311,6.72688267,6.75610179,0.265011239,0.040978092,4279.875235,7.76640865,74.453045,91.45603774,85.68708648,236.8345199,232.8497925,449.1236429,0.493960645,10.83503123,78.46992511,55.44769984
2023,Hassakeh,Hassakeh,4,1008,1546,1533.730159,1.234999017,5.292191536,504.2815118,11.7798694,179.2026918,1.453912692,22.75778998,312.1287676,1,352.2277754,288.9371515,15312.78944,1,19.1175947,35.19031775,21.26776311,6.72688267,6.75610179,0.265011239,0.040978092,4279.875235,7.76640865,74.453045,91.45603774,85.68708648,236.8345199,232.8497925,449.1236429,0.493960645,10.83503123,78.46992511,55.44769984
2023,Hassakeh,Quamishli,1,16671.4,26090.741,1565,0.384508781,3.376182941,765.397089,17.60841325,189.6343908,1.4227755,32.71215887,381.6987929,1,387.3408823,330.484018,14966.42638,1,4.224880292,35.34919465,20.78670331,5.936039841,7.616567233,0.421185097,0.074978711,4345.769231,7.499177245,83.3607585,88.53818626,94.00267995,340.6697583,188.6721752,424.1715544,0.236333983,15.93920513,81.21883822,2.151515152
2023,Hassakeh,Quamishli,2,9800,14866.6,1517,0.384508781,3.376182941,765.397089,17.60841325,189.6343908,1.4227755,32.71215887,381.6987929,1,387.3408823,330.484018,14966.42638,1,4.224880292,35.34919465,20.78670331,5.936039841,7.616567233,0.421185097,0.074978711,4345.769231,7.499177245,83.3607585,88.53818626,94.00267995,340.6697583,188.6721752,424.1715544,0.236333983,15.93920513,81.21883822,2.151515152
2023,Hassakeh,Ras_Al_Ain,1,14249.3,22798.88,1600,0.383012451,4.287075453,655.5566381,15.80884114,181.239228,1.436138441,29.13638552,428.1986409,1,428.0325777,384.0671705,14630.85461,1,10.62784115,34.50269313,20.3206314,6.001896001,9.258524646,0.488070087,0.087070865,4145.772254,7.607914063,79.7361979,87.0285395,91.85301436,309.2243112,158.4989891,413.1203426,0.413294717,15.5378662,83.88210629,3.258706468
2023,Hassakeh,Ras_Al_Ain,2,23711.3,37938.08,1600,0.383012451,4.287075453,655.5566381,15.80884114,181.239228,1.436138441,29.13638552,428.1986409,1,428.0325777,384.0671705,14630.85461,1,10.62784115,34.50269313,20.3206314,6.001896001,9.258524646,0.488070087,0.087070865,4145.772254,7.607914063,79.7361979,87.0285395,91.85301436,309.2243112,158.4989891,413.1203426,0.413294717,15.5378662,83.88210629,3.258706468
2023,Hassakeh,Ras_Al_Ain,3,4732,7571.2,1600,0.383012451,4.287075453,655.5566381,15.80884114,181.239228,1.436138441,29.13638552,428.1986409,1,428.0325777,384.0671705,14630.85461,1,10.62784115,34.50269313,20.3206314,6.001896001,9.258524646,0.488070087,0.087070865,4145.772254,7.607914063,79.7361979,87.0285395,91.85301436,309.2243112,158.4989891,413.1203426,0.413294717,15.5378662,83.88210629,3.258706468
2023,Hassakeh,Ras_Al_Ain,4,5465,8744,1600,0.383012451,4.287075453,655.5566381,15.80884114,181.239228,1.436138441,29.13638552,428.1986409,1,428.0325777,384.0671705,14630.85461,1,10.62784115,34.50269313,20.3206314,6.001896001,9.258524646,0.488070087,0.087070865,4145.772254,7.607914063,79.7361979,87.0285395,91.85301436,309.2243112,158.4989891,413.1203426,0.413294717,15.5378662,83.88210629,3.258706468
2023,Homs,Al_Maghrim,2,66.1,48.914,740,0.306769432,2.913060825,288.0805231,8.018771237,218.2032013,1.457191708,18.26401052,311.7343597,1,797.1330828,382.8833339,12454.5342,1,104.0896137,28.24346168,17.29796416,5.512352115,10.66245801,0.37060103,0.061720243,3591.5769,7.836838992,72.10536695,81.45796411,82.61076738,123.9497205,282.185961,406.7754786,1.39213165,8.706368852,98.84550951,23.70967742
2023,Homs,Al_Quasir,1,1814.2,2836.95525,1563.75,0.079506691,1.850323115,657.3471708,17.5685254,228.7835016,1.423727806,26.81275048,398.4009405,1,596.8480096,453.2848876,12655.24562,1,19.08778159,27.92996782,17.57673003,6.459820595,12.14635213,0.495536318,0.091556615,3740.618354,7.575372583,80.8209139,89.07321764,95.47637341,287.0287786,214.1664714,361.619498,0.932790651,19.01649265,99.5615427,81.53370847
2023,Homs,Al_Quasir,2,2303.4,3187.32975,1383.75,0.079506691,1.850323115,657.3471708,17.5685254,228.7835016,1.423727806,26.81275048,398.4009405,1,596.8480096,453.2848876,12655.24562,1,19.08778159,27.92996782,17.57673003,6.459820595,12.14635213,0.495536318,0.091556615,3740.618354,7.575372583,80.8209139,89.07321764,95.47637341,287.0287786,214.1664714,361.619498,0.932790651,19.01649265,99.5615427,81.53370847
2023,Homs,Al_Quasir,3,613.95,491.16,800,0.079506691,1.850323115,657.3471708,17.5685254,228.7835016,1.423727806,26.81275048,398.4009405,1,596.8480096,453.2848876,12655.24562,1,19.08778159,27.92996782,17.57673003,6.459820595,12.14635213,0.495536318,0.091556615,3740.618354,7.575372583,80.8209139,89.07321764,95.47637341,287.0287786,214.1664714,361.619498,0.932790651,19.01649265,99.5615427,81.53370847
2023,Homs,Ar_Rastan,1,3485.9,5703.803875,1636.25,0.023749721,0.879988685,538.2756909,14.68133486,217.7540281,1.490165194,31.51599766,455.9867872,1,435.4754306,459.0115616,13270.25923,1,32.93536539,28.57957279,18.4309156,7.264819891,12.499192,0.54907005,0.112446865,3665.394753,7.628313312,79.05622294,83.72095811,94.55937717,240.0627872,194.2140276,350.5086574,1.105333487,20.10500042,94.68048227,64.92877493
2023,Homs,Ar_Rastan,2,904.4,1224.3315,1353.75,0.023749721,0.879988685,538.2756909,14.68133486,217.7540281,1.490165194,31.51599766,455.9867872,1,435.4754306,459.0115616,13270.25923,1,32.93536539,28.57957279,18.4309156,7.264819891,12.499192,0.54907005,0.112446865,3665.394753,7.628313312,79.05622294,83.72095811,94.55937717,240.0627872,194.2140276,350.5086574,1.105333487,20.10500042,94.68048227,64.92877493
2023,Homs,Homs,1,8534.3,8295.813728,972.0555556,0.661463232,5.466555194,363.4922302,9.685659791,170.4993423,1.454793713,18.39390553,334.3746299,1,749.4069726,421.8831989,12372.29484,1,42.53240625,28.16633307,17.18374283,5.422923132,11.29723969,0.278229039,0.044357165,3751.890749,7.822295424,72.59015253,88.75634195,81.57041511,158.4941367,262.3261291,400.8940442,1.265880206,10.65134129,98.19281619,61.8628226
2023,Homs,Homs,2,852.3,490.0725,575,0.661463232,5.466555194,363.4922302,9.685659791,170.4993423,1.454793713,18.39390553,334.3746299,1,749.4069726,421.8831989,12372.29484,1,42.53240625,28.16633307,17.18374283,5.422923132,11.29723969,0.278229039,0.044357165,3751.890749,7.822295424,72.59015253,88.75634195,81.57041511,158.4941367,262.3261291,400.8940442,1.265880206,10.65134129,98.19281619,61.8628226
2023,Homs,Tall_Kalakh,1,3900,3261.496875,836.28125,0.061265386,1.382119937,1162.007335,32.11416705,213.4968276,1.371293035,28.50363662,371.8628808,1,462.9664108,792.7120297,13163.31895,1,86.9397267,27.44821989,18.28238743,8.001789979,21.93076513,0.698475953,0.121368939,3617.363612,7.036198454,98.79338486,91.15852066,99.20772418,527.858406,256.0800903,370.1287946,2.899572474,38.32373734,95.52921469,63.89144317
2023,Idleb,Al_Jisr_Ash_Shu,1,400,560,1400,0.061795348,1.387996783,1061.74161,32.05053441,177.540447,1.380476929,27.89801472,304.6574213,1,349.3955892,618.904803,12858.49766,1,101.3142959,27.73785601,17.85902453,7.457486603,18.67697197,0.598284523,0.10624792,3311.711097,6.711311118,90.37703725,85.51059219,111.419698,470.8489151,309.262822,377.4719518,3.793157673,40.90641577,97.94843125,19.55376344
2023,Idleb,Al_Mara,1,2358,2133.99,905,0.219400577,2.789560748,599.8657654,17.37096887,161.5969773,1.44106543,30.50289991,387.8445436,1,426.7153644,435.0355745,13501.17845,1,29.05957912,29.52073911,18.75163673,7.334007666,12.61294934,0.556413994,0.117735319,3452.266021,7.422356298,85.92145674,82.27702422,95.74820282,262.3009034,211.8633148,395.4624714,1.089096217,21.8826255,92.8477901,2.740740741
2023,Idleb,Al_Mara,2,799,639.2,800,0.219400577,2.789560748,599.8657654,17.37096887,161.5969773,1.44106543,30.50289991,387.8445436,1,426.7153644,435.0355745,13501.17845,1,29.05957912,29.52073911,18.75163673,7.334007666,12.61294934,0.556413994,0.117735319,3452.266021,7.422356298,85.92145674,82.27702422,95.74820282,262.3009034,211.8633148,395.4624714,1.089096217,21.8826255,92.8477901,2.740740741
2023,Idleb,Al_Mara,3,964,686.85,712.5,0.219400577,2.789560748,599.8657654,17.37096887,161.5969773,1.44106543,30.50289991,387.8445436,1,426.7153644,435.0355745,13501.17845,1,29.05957912,29.52073911,18.75163673,7.334007666,12.61294934,0.556413994,0.117735319,3452.266021,7.422356298,85.92145674,82.27702422,95.74820282,262.3009034,211.8633148,395.4624714,1.089096217,21.8826255,92.8477901,2.740740741
2023,Idleb,Ariha,1,500,700,1400,0.06189382,1.20144567,785.3671995,22.83590439,178.7756591,1.396585143,27.93576679,350.6523137,1,582.149967,491.5557915,12651.33798,1,87.67581128,28.20269481,17.57130274,6.446228428,14.3008083,0.465239823,0.081527812,3438.177122,7.15618642,94.79378601,84.37023014,102.721592,341.1090674,264.1637633,380.2716742,2.592602428,31.56046909,99.59255575,35.35190616
2023,Idleb,Harim,1,500,700,1400,0.076955511,1.744823344,884.272408,25.92426001,208.4698796,1.397594182,27.2782689,356.5012631,1,400.6489695,498.1062098,13057.53523,1,91.8753057,28.92379205,18.13546559,6.964360673,14.61773836,0.47109117,0.079555166,3409.984181,7.125463716,95.81787612,77.61240766,116.1778042,371.0598494,243.3845318,396.2349649,3.52892128,34.93256475,96.36876805,7.104166667
2023,Idleb,Idleb,1,1119,1377.225,1230.764075,0.125820372,2.188331063,682.7478459,19.4353295,133.1604544,1.441830046,29.96636028,396.7139838,1,349.4829207,502.8977547,13551.43279,1,18.66965742,29.45196242,18.82143443,7.611267152,14.30311203,0.59183116,0.124687545,3511.921382,7.363514149,87.8828617,78.78809827,102.3620874,292.3668351,201.4720497,378.6673336,0.928862474,24.86059375,92.44894609,24.08243728
2023,Idleb,Idleb,2,472,401.2,850,0.125820372,2.188331063,682.7478459,19.4353295,133.1604544,1.441830046,29.96636028,396.7139838,1,349.4829207,502.8977547,13551.43279,1,18.66965742,29.45196242,18.82143443,7.611267152,14.30311203,0.59183116,0.124687545,3511.921382,7.363514149,87.8828617,78.78809827,102.3620874,292.3668351,201.4720497,378.6673336,0.928862474,24.86059375,92.44894609,24.08243728
2023,Idleb,Idleb,3,13,9.425,725,0.125820372,2.188331063,682.7478459,19.4353295,133.1604544,1.441830046,29.96636028,396.7139838,1,349.4829207,502.8977547,13551.43279,1,18.66965742,29.45196242,18.82143443,7.611267152,14.30311203,0.59183116,0.124687545,3511.921382,7.363514149,87.8828617,78.78809827,102.3620874,292.3668351,201.4720497,378.6673336,0.928862474,24.86059375,92.44894609,24.08243728
2023,Lattakia,Al_Hafa,1,2990.35,4820.743235,1612.1,0.056619889,1.298629777,1620.083323,47.30598593,251.0029312,1.264981734,25.51066723,281.7179779,1,615.8606536,940.8328625,12303.0538,1,289.7612345,26.90725062,17.08757472,7.104738171,27.46678159,0.660287499,0.061752218,3423.689901,6.168576676,72.28588919,80.39184452,122.5145176,732.2039473,357.4897846,356.8800356,4.643245661,56.30098333,97.64328412,75.1082544
2023,Lattakia,Al_Qardaha,1,2099.22,3230.489658,1538.9,0.030228789,0.883071844,1576.342315,45.92456311,235.6423718,1.266061629,25.08147767,304.5236994,1,540.3966252,979.2965526,12597.69184,1,281.3834412,26.90132333,17.49679422,7.790481783,28.50759897,0.671157194,0.066702106,3431.460123,6.246956385,74.89854616,81.5864313,115.5658373,727.7890411,333.7468418,356.7924855,4.669937499,58.43730767,99.98168125,62.20930233
2023,Lattakia,Jablah,1,1966.63,3809.36231,1937,0.056903002,1.06433536,1639.462396,46.96927936,242.7106218,1.288362214,25.18450697,312.336117,1,539.9002309,861.8204853,12479.61888,1,269.6827043,26.73193647,17.33280401,7.729222073,24.68928731,0.621855155,0.065637156,3489.499361,6.394601508,79.82005026,85.92175559,106.978179,764.1152512,319.9496365,362.0527367,4.337486611,50.9748085,99.04459432,69.6122449
2023,Lattakia,Lattakia,1,1596.3,2866.63554,1795.8,0.097763298,1.762987067,1663.148787,47.40397375,209.5944837,1.261131142,24.7105126,304.2298707,1,231.7146206,1237.29952,13357.5457,1,104.336183,27.26239567,18.55214681,9.468753604,35.28018033,0.699681365,0.071988713,3507.458587,6.347943236,78.26477454,83.53324899,119.2118668,749.2468639,328.3346711,334.66475,3.391717815,52.37302557,93.98773254,87.11285641
2023,Raqqa,Al_Thawrah,3,250,375,1500,0.166312937,1.915996577,353.0544386,9.303509936,159.7684893,1.190950364,17.04136252,252.4603217,1,365.9192606,348.5356614,14415.08747,1,14.81675015,31.91136187,20.02095481,7.471055942,9.188781066,0.489998024,0.101994315,3793.852062,7.560426275,81.31912416,84.48291199,88.47190836,170.1670632,193.9123706,366.1195327,0.562168467,8.629667024,85.59454392,97.73904029
2023,Raqqa,Raqqa,3,200,290,1450,1.050201469,5.964680642,331.7728843,8.426989827,176.8215937,1.445777656,18.21052889,260.1565394,1,346.2123061,438.9991523,14692.17591,1,26.05879584,32.59318612,20.40579988,7.554922282,11.17152197,0.437196325,0.078022608,3936.027232,7.943602406,68.54658646,88.18407201,80.44932087,159.8468785,252.812006,466.2953785,0.418199141,7.517291598,83.39542927,89.8962532
2023,Raqqa,Tell_Abiad,2,6000,9000,1500,0.478825179,3.735158564,525.2487905,13.4699064,188.9206138,1.450549568,27.03711738,400.1496788,1,371.821103,378.4019688,14652.62766,1,11.17783109,33.8523338,20.35087176,6.619878668,9.713598115,0.459369666,0.081526874,3898.424205,7.789701512,73.67661628,88.06062179,86.65600513,249.2888155,163.0030389,436.503596,0.353533461,11.88417515,83.70930426,33.28514589
2023,Raqqa,Tell_Abiad,3,550,850,1545.454545,0.478825179,3.735158564,525.2487905,13.4699064,188.9206138,1.450549568,27.03711738,400.1496788,1,371.821103,378.4019688,14652.62766,1,11.17783109,33.8523338,20.35087176,6.619878668,9.713598115,0.459369666,0.081526874,3898.424205,7.789701512,73.67661628,88.06062179,86.65600513,249.2888155,163.0030389,436.503596,0.353533461,11.88417515,83.70930426,33.28514589
2023,Tartous,Banyas,1,5573.05,5064.509188,908.75,0.064347484,1.259569202,1559.738451,43.03827578,227.2029485,1.248880866,25.12215029,311.6023136,1,597.2024401,904.4728226,12296.5558,1,239.5189203,26.55994156,17.07854973,7.377450055,24.95951471,0.619430511,0.058702029,3623.072811,6.402940695,80.09802315,88.9596275,103.2985873,752.2900715,311.2379664,363.3411414,4.321198421,51.28226288,97.59171273,78.70526316
2023,Tartous,Dreikisch,1,1422.1,668.387,470,0.020699473,0.796408619,1554.458337,43.01828113,216.934763,1.299036482,24.8601254,322.079217,1,504.6634677,945.2680176,12803.81716,1,163.4163054,26.68285238,17.78307939,8.284921342,26.15846901,0.647866475,0.054561962,3612.483142,6.512992812,83.76642708,90.14745215,102.7697821,754.1722222,306.9629607,371.5972167,3.497485148,47.28655449,98.38240348,23.43243243
2023,Tartous,Safita,1,1077.48,783.4818857,727.1428571,0.047070335,1.157636077,1588.401122,44.51372928,212.2246192,1.350786518,24.81991989,329.6296751,1,294.0703481,847.8352684,13561.00726,1,85.74052064,27.35197363,18.83473231,9.376704269,23.77529033,0.645573162,0.076258908,3567.339809,6.807968775,93.59895915,90.14801677,107.7751282,753.0972895,291.9812893,377.4132804,2.351750182,44.6094789,92.37295822,76.62715679
2023,Tartous,Sheikh_Badr,1,1517.62,960.4366571,632.8571429,0.005349553,0.386265066,1579.333641,43.55845929,214.3609237,1.284536565,24.92166647,316.9745763,,488.3054996,933.9968057,12699.31701,1,198.9956955,26.49500176,17.63794029,8.303681491,25.76144165,0.637748797,0.051197268,3624.779394,6.413826005,80.46086682,88.00614139,104.2664454,770.8752942,307.9387223,375.526846,3.662482193,53.80450397,99.21176977,0.666666667
2023,Tartous,Tartous,1,523.45,788.4465625,1506.25,0.049162657,1.417978043,1351.284443,37.10154739,226.602822,1.337365278,24.38800112,328.0083572,1,151.3380759,950.3251094,13935.52276,1,85.26540945,27.31854687,19.35489272,10.53082335,26.14147612,0.629634063,0.075151729,3641.124218,6.801489796,93.38299321,88.00640943,103.3863366,654.3553806,293.3316743,364.969705,1.987711269,46.76351549,89.40061304,64.49344978
