year,ADM1_NAME,ADM2_NAME,Stability_Zone,Area_Sleikh,Area_Total,Production,Yield_kg_ha,Shape_Area,Shape_Leng,annual_rain_mm,aridity_index,aspect_deg,bulk_dens,cec_cmol_kg,clay_pct,cropland,elevation_m,et_mm,gdd_annual,grassland,gwt_depth_m,max_temp_c,mean_temp_c,min_temp_c,moisture_pct,ndvi_peak,ndvi_std,pet_mm,ph,ph_quality,rain_cv_pct,rainy_days,rainy_rain_mm,sand_pct,silt_pct,slope_deg,soc_g_kg,thermal_suit,water_occurrence
2004,Al_Qunaytirah,Al_Qunaytirah,1,1839,1839,4781,2599.78,0.120668536,1.817203669,1406.879695,36.16978973,196.6396652,1.392797379,36.80800834,452.0421233,1,812.7813464,531.4123433,11492.13935,1,99.78962314,24.68114839,15.96130465,6.07067335,13.71310549,0.633351872,0.140983835,3888.654059,7.519971534,82.66761553,111.4886413,92.38867208,629.9775386,184.0334609,363.9594199,3.215624823,25.20123137,91.20745513,62.36754297
2004,Aleppo,Afrin,1,1865,1865,8356,4480.428954,0.194810459,2.230856022,1215.203869,35.09691131,184.8305861,1.371035123,25.51170824,404.3181051,1,493.5760545,527.5228424,11752.31477,1,89.965976,27.97670649,16.3226594,4.572773084,15.23720541,0.443035704,0.062292004,3461.423967,7.198506433,93.3831189,93.89885033,102.9610652,580.9413006,192.8950466,401.4796676,3.206478872,32.26458622,93.27233944,72.67440361
2004,Aleppo,Ain_Al_Arab,2,4721,4721,17751,3760.008473,0.285146327,2.615456939,657.5827111,17.37959342,180.1352135,1.344070296,29.15984317,412.5287694,1,457.6511594,398.3664481,12989.92906,1,40.7417743,31.91385425,18.04156814,4.936338851,10.5437128,0.500793283,0.118242596,3782.648415,7.452704986,84.90983381,86.84747447,92.2530546,324.9056551,160.737883,374.9119357,1.026508894,16.80178945,96.9053249,86.06697787
2004,Aleppo,Ain_Al_Arab,3,680,680,2380,3500,0.285146327,2.615456939,657.5827111,17.37959342,180.1352135,1.344070296,29.15984317,412.5287694,1,457.6511594,398.3664481,12989.92906,1,40.7417743,31.91385425,18.04156814,4.936338851,10.5437128,0.500793283,0.118242596,3782.648415,7.452704986,84.90983381,86.84747447,92.2530546,324.9056551,160.737883,374.9119357,1.026508894,16.80178945,96.9053249,86.06697787
2004,Aleppo,Al_Bab,1,40,40,169,4225,0.223794265,2.70647827,698.8912923,19.7525318,171.3158859,1.361738999,28.32570189,404.137529,1,440.5998951,466.9869808,12728.84679,1,12.48017986,29.9933792,17.67895387,5.250335065,13.1995361,0.491892137,0.111135082,3537.236513,7.526863486,82.4378838,102.705158,90.88160485,345.5234258,172.3288421,394.8106379,0.536196258,18.97472913,98.97740645,57.38811081
2004,Aleppo,Al_Bab,2,4021,4021,13699,3406.863964,0.223794265,2.70647827,698.8912923,19.7525318,171.3158859,1.361738999,28.32570189,404.137529,1,440.5998951,466.9869808,12728.84679,1,12.48017986,29.9933792,17.67895387,5.250335065,13.1995361,0.491892137,0.111135082,3537.236513,7.526863486,82.4378838,102.705158,90.88160485,345.5234258,172.3288421,394.8106379,0.536196258,18.97472913,98.97740645,57.38811081
2004,Aleppo,Al_Bab,3,3081,3081,12364,4012.982798,0.223794265,2.70647827,698.8912923,19.7525318,171.3158859,1.361738999,28.32570189,404.137529,1,440.5998951,466.9869808,12728.84679,1,12.48017986,29.9933792,17.67895387,5.250335065,13.1995361,0.491892137,0.111135082,3537.236513,7.526863486,82.4378838,102.705158,90.88160485,345.5234258,172.3288421,394.8106379,0.536196258,18.97472913,98.97740645,57.38811081
2004,Aleppo,Al_Bab,4,1135,1135,4347,3829.955947,0.223794265,2.70647827,698.8912923,19.7525318,171.3158859,1.361738999,28.32570189,404.137529,1,440.5998951,466.9869808,12728.84679,1,12.48017986,29.9933792,17.67895387,5.250335065,13.1995361,0.491892137,0.111135082,3537.236513,7.526863486,82.4378838,102.705158,90.88160485,345.5234258,172.3288421,394.8106379,0.536196258,18.97472913,98.97740645,57.38811081
2004,Aleppo,As_Safira,2,1003,1003,4414,4400.797607,0.226229514,2.727688396,582.2826115,16.53952985,194.0542344,1.456944439,23.81607607,339.9130212,1,386.7828001,432.6432281,13058.15538,1,58.56984464,29.67338519,18.13632691,5.767509616,12.29327035,0.43730669,0.091350434,3519.551169,7.634697244,78.8434252,102.9774751,87.6107645,280.9751616,209.796782,447.6738108,1.021027812,12.3940763,96.3638462,61.3127161
2004,Aleppo,As_Safira,3,1584,1584,6970,4400.252525,0.226229514,2.727688396,582.2826115,16.53952985,194.0542344,1.456944439,23.81607607,339.9130212,1,386.7828001,432.6432281,13058.15538,1,58.56984464,29.67338519,18.13632691,5.767509616,12.29327035,0.43730669,0.091350434,3519.551169,7.634697244,78.8434252,102.9774751,87.6107645,280.9751616,209.796782,447.6738108,1.021027812,12.3940763,96.3638462,61.3127161
2004,Aleppo,As_Safira,4,125,125,538,4304,0.226229514,2.727688396,582.2826115,16.53952985,194.0542344,1.456944439,23.81607607,339.9130212,1,386.7828001,432.6432281,13058.15538,1,58.56984464,29.67338519,18.13632691,5.767509616,12.29327035,0.43730669,0.091350434,3519.551169,7.634697244,78.8434252,102.9774751,87.6107645,280.9751616,209.796782,447.6738108,1.021027812,12.3940763,96.3638462,61.3127161
2004,Aleppo,Azaz,1,2943,2943,9478,3220.523276,0.121728487,2.146811382,916.5460818,25.40616673,180.5676029,1.396196968,30.36538609,429.7996425,1,481.8095159,588.5443126,12193.92719,1,12.33630082,29.12048446,16.93600999,4.840201807,16.31296237,0.653378307,0.140118104,3606.573277,7.471901984,84.26993387,97.94279803,94.4319319,440.1574596,165.5478602,396.9674719,0.559398203,24.25735487,96.77719993,30.7875817
2004,Aleppo,Azaz,2,629,629,2016,3205.08744,0.121728487,2.146811382,916.5460818,25.40616673,180.5676029,1.396196968,30.36538609,429.7996425,1,481.8095159,588.5443126,12193.92719,1,12.33630082,29.12048446,16.93600999,4.840201807,16.31296237,0.653378307,0.140118104,3606.573277,7.471901984,84.26993387,97.94279803,94.4319319,440.1574596,165.5478602,396.9674719,0.559398203,24.25735487,96.77719993,30.7875817
2004,Aleppo,Jarablus,2,794,794,1943,2447.103275,0.056313267,1.389591551,773.1243408,21.46206858,123.911363,1.374076188,31.59740814,433.9335195,1,453.0262094,430.4851015,12744.43247,1,19.54434174,31.57849837,17.70060065,4.657554645,11.9561035,0.5211062,0.120310253,3601.2825,7.473535251,84.21549162,96.63975041,93.97130007,395.3812805,151.8135123,395.6820817,0.731704106,17.89025411,98.85371056,86.86344794
2004,Aleppo,Jebel_Saman,1,3724,3724,17826,4786.7884,0.320135248,3.90953411,826.5507606,23.85379342,185.7492815,1.399045613,26.85095306,367.0160671,1,348.6130778,509.4159087,12833.21129,1,24.0041333,29.12980012,17.82390457,5.763825072,14.69717461,0.511132177,0.105151362,3464.070507,7.511498758,82.95004141,98.56663565,91.64755569,374.181011,183.2856532,401.209007,0.780531933,17.98196178,98.14911672,28.18423019
2004,Aleppo,Jebel_Saman,2,16855,16855,80365,4768.021359,0.320135248,3.90953411,826.5507606,23.85379342,185.7492815,1.399045613,26.85095306,367.0160671,1,348.6130778,509.4159087,12833.21129,1,24.0041333,29.12980012,17.82390457,5.763825072,14.69717461,0.511132177,0.105151362,3464.070507,7.511498758,82.95004141,98.56663565,91.64755569,374.181011,183.2856532,401.209007,0.780531933,17.98196178,98.14911672,28.18423019
2004,Aleppo,Jebel_Saman,3,2510,2510,8684,3459.760956,0.320135248,3.90953411,826.5507606,23.85379342,185.7492815,1.399045613,26.85095306,367.0160671,1,348.6130778,509.4159087,12833.21129,1,24.0041333,29.12980012,17.82390457,5.763825072,14.69717461,0.511132177,0.105151362,3464.070507,7.511498758,82.95004141,98.56663565,91.64755569,374.181011,183.2856532,401.209007,0.780531933,17.98196178,98.14911672,28.18423019
2004,Aleppo,Jebel_Saman,4,1003,1003,3681,3669.99003,0.320135248,3.90953411,826.5507606,23.85379342,185.7492815,1.399045613,26.85095306,367.0160671,1,348.6130778,509.4159087,12833.21129,1,24.0041333,29.12980012,17.82390457,5.763825072,14.69717461,0.511132177,0.105151362,3464.070507,7.511498758,82.95004141,98.56663565,91.64755569,374.181011,183.2856532,401.209007,0.780531933,17.98196178,98.14911672,28.18423019
2004,Aleppo,Menbij,2,833,833,3998,4799.519808,0.476099108,4.018173677,526.3073967,14.58861708,173.279788,1.406754586,24.018397,332.4689528,1,397.1956572,423.0331693,13128.65303,1,17.60715977,30.57663824,18.23424031,5.59956174,11.73174705,0.452788836,0.098308579,3606.6579,7.618434657,79.38551142,90.89114713,88.31711405,267.2592926,198.2878033,437.4207931,0.49517755,12.11218955,95.80434107,92.68040719
2004,Aleppo,Menbij,3,500,500,2470,4940,0.476099108,4.018173677,526.3073967,14.58861708,173.279788,1.406754586,24.018397,332.4689528,1,397.1956572,423.0331693,13128.65303,1,17.60715977,30.57663824,18.23424031,5.59956174,11.73174705,0.452788836,0.098308579,3606.6579,7.618434657,79.38551142,90.89114713,88.31711405,267.2592926,198.2878033,437.4207931,0.49517755,12.11218955,95.80434107,92.68040719
2004,As_Suweida,As_Suwayda,1,17,17,40,2352.94,0.245068348,2.898837435,458.12975,10.53937888,164.7488635,1.44067499,22.83274428,379.7186382,1,936.6083153,339.1059667,12172.82197,1,132.549277,27.18324179,16.90669717,6.271423272,7.849795869,0.284057728,0.042215566,4345.838224,7.882238542,70.59204861,98.48346577,78.46400854,223.3074109,218.1895834,401.1968401,1.365785859,8.704768714,96.60969814,36.89205703
2004,As_Suweida,As_Suwayda,2,232,232,557,2400.86,0.245068348,2.898837435,458.12975,10.53937888,164.7488635,1.44067499,22.83274428,379.7186382,1,936.6083153,339.1059667,12172.82197,1,132.549277,27.18324179,16.90669717,6.271423272,7.849795869,0.284057728,0.042215566,4345.838224,7.882238542,70.59204861,98.48346577,78.46400854,223.3074109,218.1895834,401.1968401,1.365785859,8.704768714,96.60969814,36.89205703
2004,As_Suweida,Shahba,2,20,20,31,1550,0.197527256,2.191659403,495.0115666,11.86004777,172.1533402,1.451189377,19.92857504,355.5120454,1,812.086703,337.7041296,12340.08103,1,62.52582608,27.26186447,17.13900143,6.513993436,8.107209186,0.282475834,0.04608453,4172.773801,7.921607895,69.27973685,100.2343847,77.91719223,234.0119175,217.4198839,427.8247932,0.996377189,7.542191094,97.93715104,8.194029851
2004,Damascus,Al_Ghutta,3,2850,2850,14620,5129.82,0.011843117,0.558468679,524.9110876,13.88868146,106.1618312,1.291118521,15.97295861,315.6253218,1,651.6936639,570.4786951,12320.45649,1,6.349500264,27.87032203,17.11174512,6.162632197,15.11184261,0.511512854,0.059076795,3778.416275,7.702316985,76.58943385,105.5263878,74.42777006,243.9153949,178.6231764,388.861443,0.350493747,15.36100502,97.7814007,4.8
2004,Damascus,Al_Ghutta,4,283,283,1296,4579.51,0.011843117,0.558468679,524.9110876,13.88868146,106.1618312,1.291118521,15.97295861,315.6253218,1,651.6936639,570.4786951,12320.45649,1,6.349500264,27.87032203,17.11174512,6.162632197,15.11184261,0.511512854,0.059076795,3778.416275,7.702316985,76.58943385,105.5263878,74.42777006,243.9153949,178.6231764,388.861443,0.350493747,15.36100502,97.7814007,4.8
2004,Damascus,Al_Ghutta,5,769,769,3922,5100.13,0.011843117,0.558468679,524.9110876,13.88868146,106.1618312,1.291118521,15.97295861,315.6253218,1,651.6936639,570.4786951,12320.45649,1,6.349500264,27.87032203,17.11174512,6.162632197,15.11184261,0.511512854,0.059076795,3778.416275,7.702316985,76.58943385,105.5263878,74.42777006,243.9153949,178.6231764,388.861443,0.350493747,15.36100502,97.7814007,4.8
2004,Damascus,Al_Qutayfah,3,3,3,8,2666.67,0.165290463,2.05625535,397.0964612,10.25755215,195.5281875,1.44431954,15.13843505,319.6985667,1,995.3053148,371.5614245,11501.98149,1,127.2432106,27.22176063,15.97494178,4.415883942,9.619947298,0.188758047,0.022438862,3870.259492,7.89758494,70.08050201,100.6464857,75.69412997,179.4679458,244.8824899,435.20357,2.859481548,8.87439493,91.28538158,2.858974359
2004,Damascus,Al_Qutayfah,5,152,152,589,3875,0.165290463,2.05625535,397.0964612,10.25755215,195.5281875,1.44431954,15.13843505,319.6985667,1,995.3053148,371.5614245,11501.98149,1,127.2432106,27.22176063,15.97494178,4.415883942,9.619947298,0.188758047,0.022438862,3870.259492,7.89758494,70.08050201,100.6464857,75.69412997,179.4679458,244.8824899,435.20357,2.859481548,8.87439493,91.28538158,2.858974359
2004,Damascus,At_Tall,2,10,10,21,2100,0.044028509,1.064884239,744.2308193,19.61238996,162.1199029,1.40030382,25.61268638,363.9933535,1,1466.66102,409.1296488,9432.535951,1,145.3541383,24.04996676,13.08894467,1.497849749,10.7866085,0.203474599,0.033387571,3793.697233,7.636543834,78.78187219,104.4533402,82.34707642,342.820349,274.0306517,362.7005117,3.630504348,17.15543139,74.79396955,1.666666667
2004,Damascus,At_Tall,3,21,21,47,2238.1,0.044028509,1.064884239,744.2308193,19.61238996,162.1199029,1.40030382,25.61268638,363.9933535,1,1466.66102,409.1296488,9432.535951,1,145.3541383,24.04996676,13.08894467,1.497849749,10.7866085,0.203474599,0.033387571,3793.697233,7.636543834,78.78187219,104.4533402,82.34707642,342.820349,274.0306517,362.7005117,3.630504348,17.15543139,74.79396955,1.666666667
2004,Damascus,At_Tall,4,3,3,7,2333.33,0.044028509,1.064884239,744.2308193,19.61238996,162.1199029,1.40030382,25.61268638,363.9933535,1,1466.66102,409.1296488,9432.535951,1,145.3541383,24.04996676,13.08894467,1.497849749,10.7866085,0.203474599,0.033387571,3793.697233,7.636543834,78.78187219,104.4533402,82.34707642,342.820349,274.0306517,362.7005117,3.630504348,17.15543139,74.79396955,1.666666667
2004,Damascus,Az_Zabdani,1,76,76,325,4276.32,0.060455564,1.268423947,1010.499342,26.18716753,181.4811797,1.350758075,29.73442299,406.6926124,1,1549.684822,478.8227436,8933.416664,1,364.1754447,22.86939472,12.39524317,0.999997204,12.43694711,0.261887956,0.058913724,3857.757697,7.486507827,83.78307244,109.4513387,89.22730533,453.8392914,271.265393,322.8236739,6.230150135,23.98346865,70.82996096,59.03225806
2004,Damascus,Darayya,3,64,64,256,4000,0.012423869,0.610406653,573.6716469,14.98690751,92.7628682,1.315842328,23.5269942,377.8860652,1,680.7773842,440.1984157,11974.77526,1,9.388939721,27.14113395,16.63163231,5.833220188,11.54228294,0.443035448,0.072779844,3826.818692,7.775299427,74.15668578,105.3617346,74.89094755,252.7638343,142.5483663,397.8240084,0.699756804,11.61850321,95.03789891,3.25
2004,Damascus,Darayya,4,355,355,1509,4250.7,0.012423869,0.610406653,573.6716469,14.98690751,92.7628682,1.315842328,23.5269942,377.8860652,1,680.7773842,440.1984157,11974.77526,1,9.388939721,27.14113395,16.63163231,5.833220188,11.54228294,0.443035448,0.072779844,3826.818692,7.775299427,74.15668578,105.3617346,74.89094755,252.7638343,142.5483663,397.8240084,0.699756804,11.61850321,95.03789891,3.25
2004,Damascus,Duma,4,144,144,558,3875,1.143833319,5.36296028,310.563887,7.248126912,183.2223843,1.439790063,15.24508473,435.0312031,1,671.3370843,314.2085983,13067.14506,1,24.50940844,29.2320241,18.14881258,6.326883711,7.620569221,0.17194201,0.018994035,4283.746814,7.9788694,67.37102002,100.7283276,70.76927906,151.0227435,156.4332399,408.6870532,0.494037748,7.515456491,96.29249956,20.17542504
2004,Damascus,Duma,5,7258,7258,25404,3500.14,1.143833319,5.36296028,310.563887,7.248126912,183.2223843,1.439790063,15.24508473,435.0312031,1,671.3370843,314.2085983,13067.14506,1,24.50940844,29.2320241,18.14881258,6.326883711,7.620569221,0.17194201,0.018994035,4283.746814,7.9788694,67.37102002,100.7283276,70.76927906,151.0227435,156.4332399,408.6870532,0.494037748,7.515456491,96.29249956,20.17542504
2004,Damascus,Qatana,1,828,828,4457,5382.85,0.093841203,1.750152374,971.8779492,24.71850817,126.6999471,1.390187794,33.83029859,446.2725683,1,1076.168708,458.7744912,10566.68218,1,134.8032696,24.68625162,14.67594747,3.895142329,11.68891113,0.356906799,0.060139174,3930.782381,7.631263536,78.95788213,110.4899603,86.12028903,429.6790831,198.523565,355.7564594,3.240654984,17.95975534,83.86255699,10.25471698
2004,Damascus,Qatana,2,2877,2877,14385,5000,0.093841203,1.750152374,971.8779492,24.71850817,126.6999471,1.390187794,33.83029859,446.2725683,1,1076.168708,458.7744912,10566.68218,1,134.8032696,24.68625162,14.67594747,3.895142329,11.68891113,0.356906799,0.060139174,3930.782381,7.631263536,78.95788213,110.4899603,86.12028903,429.6790831,198.523565,355.7564594,3.240654984,17.95975534,83.86255699,10.25471698
2004,Damascus,Qatana,3,703,703,3374,4799.43,0.093841203,1.750152374,971.8779492,24.71850817,126.6999471,1.390187794,33.83029859,446.2725683,1,1076.168708,458.7744912,10566.68218,1,134.8032696,24.68625162,14.67594747,3.895142329,11.68891113,0.356906799,0.060139174,3930.782381,7.631263536,78.95788213,110.4899603,86.12028903,429.6790831,198.523565,355.7564594,3.240654984,17.95975534,83.86255699,10.25471698
2004,Damascus,Yabrud,2,144,144,510,3541.67,0.055958524,1.256549001,899.033111,24.23811667,151.1400992,1.388098698,24.46438451,298.4432339,1,1851.02324,444.8274066,8206.394411,1,231.2609004,22.54587078,11.33576445,-0.734874681,11.99549309,0.174754182,0.043506684,3708.170656,7.507783175,83.07389417,114.4591477,86.00699233,393.1968196,327.2389854,375.052399,3.28542421,18.12267988,64.77579686,3.666666667
2004,Damascus,Yabrud,3,60,60,203,3383.33,0.055958524,1.256549001,899.033111,24.23811667,151.1400992,1.388098698,24.46438451,298.4432339,1,1851.02324,444.8274066,8206.394411,1,231.2609004,22.54587078,11.33576445,-0.734874681,11.99549309,0.174754182,0.043506684,3708.170656,7.507783175,83.07389417,114.4591477,86.00699233,393.1968196,327.2389854,375.052399,3.28542421,18.12267988,64.77579686,3.666666667
2004,Dara,As_Sanamayn,1,270,270,1031,3818.52,0.126365387,2.232014688,636.6406112,15.5229052,180.1350323,1.464749006,30.99856142,436.994746,1,676.2522372,399.9784752,12200.63407,1,14.37105451,26.49444148,16.94532509,6.704845328,9.743519948,0.424843374,0.07938375,4100.298069,7.860602751,71.31324164,103.2065511,79.16810387,296.6651153,132.4975201,430.6093861,0.669011199,10.00010737,96.83042909,28.32124352
2004,Dara,As_Sanamayn,2,750,750,2708,3610.67,0.126365387,2.232014688,636.6406112,15.5229052,180.1350323,1.464749006,30.99856142,436.994746,1,676.2522372,399.9784752,12200.63407,1,14.37105451,26.49444148,16.94532509,6.704845328,9.743519948,0.424843374,0.07938375,4100.298069,7.860602751,71.31324164,103.2065511,79.16810387,296.6651153,132.4975201,430.6093861,0.669011199,10.00010737,96.83042909,28.32124352
2004,Dara,Dara,1,2670,2670,10349,3876.03,0.151895403,2.467237111,598.5513259,15.05152323,247.890732,1.46774472,34.72026577,423.6944089,1,594.8481838,449.3981904,12266.25574,1,31.20078753,25.72967457,17.03646631,7.54135931,11.31260573,0.499337342,0.082288982,3975.682737,7.877365296,70.75449014,108.3265101,73.49304376,264.8148296,127.803691,442.0431636,0.879878166,12.29504118,97.35123605,40.20714807
2004,Dara,Dara,2,6594,6594,23422,3552.02,0.151895403,2.467237111,598.5513259,15.05152323,247.890732,1.46774472,34.72026577,423.6944089,1,594.8481838,449.3981904,12266.25574,1,31.20078753,25.72967457,17.03646631,7.54135931,11.31260573,0.499337342,0.082288982,3975.682737,7.877365296,70.75449014,108.3265101,73.49304376,264.8148296,127.803691,442.0431636,0.879878166,12.29504118,97.35123605,40.20714807
2004,Dara,Dara,3,316,316,1122,3550.63,0.151895403,2.467237111,598.5513259,15.05152323,247.890732,1.46774472,34.72026577,423.6944089,1,594.8481838,449.3981904,12266.25574,1,31.20078753,25.72967457,17.03646631,7.54135931,11.31260573,0.499337342,0.082288982,3975.682737,7.877365296,70.75449014,108.3265101,73.49304376,264.8148296,127.803691,442.0431636,0.879878166,12.29504118,97.35123605,40.20714807
2004,Dara,Izra,1,1807,1807,7382,4085.22,0.087018771,1.658654183,674.1690531,16.32740397,217.4263142,1.470306952,41.10287596,441.4595726,1,594.9833148,435.2672456,12182.07432,1,10.9531787,25.81066771,16.91954766,7.194174246,10.54700567,0.500452336,0.090773613,4128.064574,7.923266829,69.22443902,106.2532324,77.76191914,311.2666195,92.06481307,460.4442333,0.522892419,12.7609944,96.6831295,44.50057937
2004,Dara,Izra,2,932,932,3574,3834.76,0.087018771,1.658654183,674.1690531,16.32740397,217.4263142,1.470306952,41.10287596,441.4595726,1,594.9833148,435.2672456,12182.07432,1,10.9531787,25.81066771,16.91954766,7.194174246,10.54700567,0.500452336,0.090773613,4128.064574,7.923266829,69.22443902,106.2532324,77.76191914,311.2666195,92.06481307,460.4442333,0.522892419,12.7609944,96.6831295,44.50057937
2004,Dayr_Az_Zor,Abu_Kamal,5,4192,4192,18747,4472.089695,0.326690195,2.534252196,338.0626294,7.609903486,145.9024177,1.474952341,15.51213228,316.9541986,1,199.0450865,384.5147357,15236.56518,1,17.05196237,34.54651428,21.16189609,6.382905392,8.684882833,0.251309523,0.038689424,4441.403639,7.914785937,69.50713545,97.62786349,74.92928756,189.9851141,210.3167699,473.4703945,0.275403663,8.147721895,79.07487951,64.43444099
2004,Dayr_Az_Zor,Al_Mayadin,5,2334,2334,11262,4825.192802,0.846879854,4.706853339,308.0396537,7.13313517,106.9848781,1.464284982,15.16950876,321.6518012,1,284.7469964,415.4741643,14714.59226,1,13.44925992,33.55745803,20.43693369,6.015156346,9.642679007,0.203571821,0.026441566,4317.432868,7.935538403,68.81538657,90.02224887,75.92293682,164.844201,226.8776377,452.2255759,0.231444592,7.050522461,83.21752175,65.76879408
2004,Dayr_Az_Zor,Dayr_Az_Zor,4,1370,1370,6939,5064.963504,1.527438458,6.266817637,335.7728952,8.066682621,160.6562038,1.475571533,17.45613594,279.0580926,1,311.6110564,414.4570488,14310.56027,1,24.94088817,33.27569599,19.87577815,5.614436651,9.989824057,0.265822622,0.047177951,4161.465674,7.945084905,68.49716985,87.03533554,77.28925534,173.7542917,267.81461,453.5383851,0.441646162,7.406680906,86.42412487,59.82997528
2004,Dayr_Az_Zor,Dayr_Az_Zor,5,20091,20091,81087,4035.986263,1.527438458,6.266817637,335.7728952,8.066682621,160.6562038,1.475571533,17.45613594,279.0580926,1,311.6110564,414.4570488,14310.56027,1,24.94088817,33.27569599,19.87577815,5.614436651,9.989824057,0.265822622,0.047177951,4161.465674,7.945084905,68.49716985,87.03533554,77.28925534,173.7542917,267.81461,453.5383851,0.441646162,7.406680906,86.42412487,59.82997528
2004,Hama,Al_Ghab,1,40054,40054,184624,4609.377341,0.049595436,1.643165164,1619.44551,48.79831691,139.7759455,1.347860465,28.59829587,349.5799349,1,352.189296,956.2618512,11850.64189,1,139.7020723,26.11561902,16.45922485,6.155916022,28.75971485,0.667755042,0.109289703,3317.650339,6.782044179,92.73480597,102.7148366,107.8420566,687.3904254,280.5196852,361.9957542,4.508295663,42.21571718,94.05271344,35.28868661
2004,Hama,As_Salamiyeh,2,1400,1400,6214,4438.571429,0.504159747,4.926087865,486.1823855,13.96601378,191.2833095,1.455325727,20.3416433,317.9445519,1,514.8899545,417.080737,12653.7686,1,39.708665,28.69477287,17.57467862,5.652517396,11.97411839,0.359649507,0.070816289,3480.182197,7.805379097,73.15403011,91.88511676,85.35966811,240.291867,260.9011364,420.1232357,0.788382027,9.040582617,99.57326505,29.78971963
2004,Hama,As_Salamiyeh,3,981,981,3304,3367.991845,0.504159747,4.926087865,486.1823855,13.96601378,191.2833095,1.455325727,20.3416433,317.9445519,1,514.8899545,417.080737,12653.7686,1,39.708665,28.69477287,17.57467862,5.652517396,11.97411839,0.359649507,0.070816289,3480.182197,7.805379097,73.15403011,91.88511676,85.35966811,240.291867,260.9011364,420.1232357,0.788382027,9.040582617,99.57326505,29.78971963
2004,Hama,As_Salamiyeh,4,797,797,2378,2983.688833,0.504159747,4.926087865,486.1823855,13.96601378,191.2833095,1.455325727,20.3416433,317.9445519,1,514.8899545,417.080737,12653.7686,1,39.708665,28.69477287,17.57467862,5.652517396,11.97411839,0.359649507,0.070816289,3480.182197,7.805379097,73.15403011,91.88511676,85.35966811,240.291867,260.9011364,420.1232357,0.788382027,9.040582617,99.57326505,29.78971963
2004,Hama,As_Salamiyeh,5,103,103,232,2252.427184,0.504159747,4.926087865,486.1823855,13.96601378,191.2833095,1.455325727,20.3416433,317.9445519,1,514.8899545,417.080737,12653.7686,1,39.708665,28.69477287,17.57467862,5.652517396,11.97411839,0.359649507,0.070816289,3480.182197,7.805379097,73.15403011,91.88511676,85.35966811,240.291867,260.9011364,420.1232357,0.788382027,9.040582617,99.57326505,29.78971963
2004,Hama,Hama,1,7851,7851,36005,4586.039995,0.227677668,4.733216797,854.2153212,24.39982953,192.7904067,1.455316559,28.89107986,399.9433813,1,367.8882638,472.4507038,12784.69935,1,25.04294796,28.15932693,17.75652687,6.176370229,13.48218522,0.513190554,0.104672225,3499.906923,7.530149647,82.32834509,100.6526403,91.74939391,394.5803469,199.991121,385.7041579,0.890006436,18.48653952,98.53413217,22.43352601
2004,Hama,Hama,2,9942,9942,44580,4484.007242,0.227677668,4.733216797,854.2153212,24.39982953,192.7904067,1.455316559,28.89107986,399.9433813,1,367.8882638,472.4507038,12784.69935,1,25.04294796,28.15932693,17.75652687,6.176370229,13.48218522,0.513190554,0.104672225,3499.906923,7.530149647,82.32834509,100.6526403,91.74939391,394.5803469,199.991121,385.7041579,0.890006436,18.48653952,98.53413217,22.43352601
2004,Hama,Hama,3,1875,1875,7963,4246.933333,0.227677668,4.733216797,854.2153212,24.39982953,192.7904067,1.455316559,28.89107986,399.9433813,1,367.8882638,472.4507038,12784.69935,1,25.04294796,28.15932693,17.75652687,6.176370229,13.48218522,0.513190554,0.104672225,3499.906923,7.530149647,82.32834509,100.6526403,91.74939391,394.5803469,199.991121,385.7041579,0.890006436,18.48653952,98.53413217,22.43352601
2004,Hama,Hama,4,2843,2843,12680,4460.077383,0.227677668,4.733216797,854.2153212,24.39982953,192.7904067,1.455316559,28.89107986,399.9433813,1,367.8882638,472.4507038,12784.69935,1,25.04294796,28.15932693,17.75652687,6.176370229,13.48218522,0.513190554,0.104672225,3499.906923,7.530149647,82.32834509,100.6526403,91.74939391,394.5803469,199.991121,385.7041579,0.890006436,18.48653952,98.53413217,22.43352601
2004,Hama,Masyaf,1,619,619,2442,3945.072698,0.076403686,1.92474214,1791.618529,51.10736911,150.0452924,1.353623889,29.44578727,387.4121925,1,532.6863029,760.5598941,11693.82997,1,139.1245061,25.68570801,16.24143051,6.086733848,21.70482799,0.604554502,0.092430252,3504.597256,6.889563149,96.31877164,104.4990951,98.20414048,782.0305942,261.5816804,350.4100182,3.339515959,38.59856987,92.80817433,5.952755906
2004,Hama,Muhradah,1,7597,7597,41639,5480.979334,0.05125136,1.195215355,1114.105461,32.68580311,210.5076775,1.449025265,33.05226761,439.5914949,1,254.483542,743.6076531,12798.92079,1,22.9822089,27.70943623,17.77627888,6.732597318,21.85285209,0.638485127,0.110660534,3407.530173,7.358416593,88.05278024,105.1035266,95.4550424,483.9191318,196.6763121,347.9956241,0.787416154,25.49695415,98.42126356,10.50963597
2004,Hassakeh,Al_Malika,1,7475,7475,29253,3913.444816,0.273788898,2.626098262,1152.073845,26.6486605,177.7179584,1.393407522,35.81191186,396.1542193,1,442.2589019,474.1345723,13141.8264,1,11.47143655,32.9108448,18.25253667,4.463664118,10.98188085,0.666948607,0.146867996,4322.196076,7.401004555,86.63318149,84.76396938,95.87159356,580.3412606,182.2285639,417.2135132,0.627665989,23.0979689,95.69979046,71.48066457
2004,Hassakeh,Al_Malika,2,200,200,760,3800,0.273788898,2.626098262,1152.073845,26.6486605,177.7179584,1.393407522,35.81191186,396.1542193,1,442.2589019,474.1345723,13141.8264,1,11.47143655,32.9108448,18.25253667,4.463664118,10.98188085,0.666948607,0.146867996,4322.196076,7.401004555,86.63318149,84.76396938,95.87159356,580.3412606,182.2285639,417.2135132,0.627665989,23.0979689,95.69979046,71.48066457
2004,Hassakeh,Al_Malika,3,30,30,39,1300,0.273788898,2.626098262,1152.073845,26.6486605,177.7179584,1.393407522,35.81191186,396.1542193,1,442.2589019,474.1345723,13141.8264,1,11.47143655,32.9108448,18.25253667,4.463664118,10.98188085,0.666948607,0.146867996,4322.196076,7.401004555,86.63318149,84.76396938,95.87159356,580.3412606,182.2285639,417.2135132,0.627665989,23.0979689,95.69979046,71.48066457
2004,Hassakeh,Hassakeh,1,1238,1238,3844,3105.008078,1.234999017,5.292191536,556.6485078,13.41586041,179.2026918,1.453912692,22.75778998,312.1287676,1,352.2277754,371.0257892,14185.18109,1,19.1175947,33.97463499,19.70164041,5.469777574,8.964459639,0.368618961,0.071220593,4148.182316,7.76640865,74.453045,89.13112145,85.56433542,281.8678814,232.8497925,449.1236429,0.493960645,10.83503123,87.41919767,55.44769984
2004,Hassakeh,Hassakeh,2,36774,36774,105137,2859.003644,1.234999017,5.292191536,556.6485078,13.41586041,179.2026918,1.453912692,22.75778998,312.1287676,1,352.2277754,371.0257892,14185.18109,1,19.1175947,33.97463499,19.70164041,5.469777574,8.964459639,0.368618961,0.071220593,4148.182316,7.76640865,74.453045,89.13112145,85.56433542,281.8678814,232.8497925,449.1236429,0.493960645,10.83503123,87.41919767,55.44769984
2004,Hassakeh,Hassakeh,3,7756,7756,25905,3339.994843,1.234999017,5.292191536,556.6485078,13.41586041,179.2026918,1.453912692,22.75778998,312.1287676,1,352.2277754,371.0257892,14185.18109,1,19.1175947,33.97463499,19.70164041,5.469777574,8.964459639,0.368618961,0.071220593,4148.182316,7.76640865,74.453045,89.13112145,85.56433542,281.8678814,232.8497925,449.1236429,0.493960645,10.83503123,87.41919767,55.44769984
2004,Hassakeh,Hassakeh,4,10067,10067,29419,2922.320453,1.234999017,5.292191536,556.6485078,13.41586041,179.2026918,1.453912692,22.75778998,312.1287676,1,352.2277754,371.0257892,14185.18109,1,19.1175947,33.97463499,19.70164041,5.469777574,8.964459639,0.368618961,0.071220593,4148.182316,7.76640865,74.453045,89.13112145,85.56433542,281.8678814,232.8497925,449.1236429,0.493960645,10.83503123,87.41919767,55.44769984
2004,Hassakeh,Hassakeh,5,15793,15793,57692,3653.010828,1.234999017,5.292191536,556.6485078,13.41586041,179.2026918,1.453912692,22.75778998,312.1287676,1,352.2277754,371.0257892,14185.18109,1,19.1175947,33.97463499,19.70164041,5.469777574,8.964459639,0.368618961,0.071220593,4148.182316,7.76640865,74.453045,89.13112145,85.56433542,281.8678814,232.8497925,449.1236429,0.493960645,10.83503123,87.41919767,55.44769984
2004,Hassakeh,Quamishli,1,33614,33614,94033,2797.435592,0.384508781,3.376182941,921.7399403,21.94856308,189.6343908,1.4227755,32.71215887,381.6987929,1,387.3408823,439.2062933,13689.70088,1,4.224880292,33.62868311,19.01347345,5.171298083,10.47570032,0.655323095,0.142240128,4198.545714,7.499177245,83.3607585,86.22519576,92.96184617,470.5476877,188.6721752,424.1715544,0.236333983,15.93920513,91.35158031,2.151515152
2004,Hassakeh,Quamishli,2,2390,2390,8114,3394.979079,0.384508781,3.376182941,921.7399403,21.94856308,189.6343908,1.4227755,32.71215887,381.6987929,1,387.3408823,439.2062933,13689.70088,1,4.224880292,33.62868311,19.01347345,5.171298083,10.47570032,0.655323095,0.142240128,4198.545714,7.499177245,83.3607585,86.22519576,92.96184617,470.5476877,188.6721752,424.1715544,0.236333983,15.93920513,91.35158031,2.151515152
2004,Hassakeh,Quamishli,3,190,190,599,3152.631579,0.384508781,3.376182941,921.7399403,21.94856308,189.6343908,1.4227755,32.71215887,381.6987929,1,387.3408823,439.2062933,13689.70088,1,4.224880292,33.62868311,19.01347345,5.171298083,10.47570032,0.655323095,0.142240128,4198.545714,7.499177245,83.3607585,86.22519576,92.96184617,470.5476877,188.6721752,424.1715544,0.236333983,15.93920513,91.35158031,2.151515152
2004,Hassakeh,Ras_Al_Ain,1,18802,18802,80529,4283.001808,0.383012451,4.287075453,671.52675,16.78523,181.239228,1.436138441,29.13638552,428.1986409,1,428.0325777,501.1308912,13508.12645,1,10.62784115,33.16590373,18.76128674,4.962238261,12.54271608,0.51289681,0.101571124,3999.700319,7.607914063,79.7361979,89.03775221,90.13674178,330.3802676,158.4989891,413.1203426,0.413294717,15.5378662,92.79264719,3.258706468
2004,Hassakeh,Ras_Al_Ain,2,27066,27066,95365,3523.424222,0.383012451,4.287075453,671.52675,16.78523,181.239228,1.436138441,29.13638552,428.1986409,1,428.0325777,501.1308912,13508.12645,1,10.62784115,33.16590373,18.76128674,4.962238261,12.54271608,0.51289681,0.101571124,3999.700319,7.607914063,79.7361979,89.03775221,90.13674178,330.3802676,158.4989891,413.1203426,0.413294717,15.5378662,92.79264719,3.258706468
2004,Hassakeh,Ras_Al_Ain,4,220,220,739,3359.090909,0.383012451,4.287075453,671.52675,16.78523,181.239228,1.436138441,29.13638552,428.1986409,1,428.0325777,501.1308912,13508.12645,1,10.62784115,33.16590373,18.76128674,4.962238261,12.54271608,0.51289681,0.101571124,3999.700319,7.607914063,79.7361979,89.03775221,90.13674178,330.3802676,158.4989891,413.1203426,0.413294717,15.5378662,92.79264719,3.258706468
2004,Homs,Al_Maghrim,2,82,82,166,2024.390244,0.306769432,2.913060825,417.806835,11.65822104,218.2032013,1.457191708,18.26401052,311.7343597,1,797.1330828,402.2068037,11516.48493,1,104.0896137,26.87597321,15.99511796,4.730016621,11.228833,0.311562852,0.050815572,3582.795792,7.836838992,72.10536695,92.20131132,83.69427533,194.7168549,282.185961,406.7754786,1.39213165,8.706368852,91.40067404,23.70967742
2004,Homs,Al_Quasir,1,962,962,2992,3110.18711,0.079506691,1.850323115,999.5076645,26.91216838,228.7835016,1.423727806,26.81275048,398.4009405,1,596.8480096,471.3051408,11812.69433,1,19.08778159,26.34181455,16.4065199,6.138104572,12.74586126,0.468655629,0.078005426,3712.961842,7.575372583,80.8209139,103.6223389,92.28315287,461.6882265,214.1664714,361.619498,0.932790651,19.01649265,93.7515423,81.53370847
2004,Homs,Al_Quasir,2,2666,2666,10397,3899.849962,0.079506691,1.850323115,999.5076645,26.91216838,228.7835016,1.423727806,26.81275048,398.4009405,1,596.8480096,471.3051408,11812.69433,1,19.08778159,26.34181455,16.4065199,6.138104572,12.74586126,0.468655629,0.078005426,3712.961842,7.575372583,80.8209139,103.6223389,92.28315287,461.6882265,214.1664714,361.619498,0.932790651,19.01649265,93.7515423,81.53370847
2004,Homs,Al_Quasir,3,1671,1671,5055,3025.13465,0.079506691,1.850323115,999.5076645,26.91216838,228.7835016,1.423727806,26.81275048,398.4009405,1,596.8480096,471.3051408,11812.69433,1,19.08778159,26.34181455,16.4065199,6.138104572,12.74586126,0.468655629,0.078005426,3712.961842,7.575372583,80.8209139,103.6223389,92.28315287,461.6882265,214.1664714,361.619498,0.932790651,19.01649265,93.7515423,81.53370847
2004,Homs,Al_Quasir,4,90,90,245,2722.222222,0.079506691,1.850323115,999.5076645,26.91216838,228.7835016,1.423727806,26.81275048,398.4009405,1,596.8480096,471.3051408,11812.69433,1,19.08778159,26.34181455,16.4065199,6.138104572,12.74586126,0.468655629,0.078005426,3712.961842,7.575372583,80.8209139,103.6223389,92.28315287,461.6882265,214.1664714,361.619498,0.932790651,19.01649265,93.7515423,81.53370847
2004,Homs,Ar_Rastan,1,5529,5529,13508,2443.118105,0.023749721,0.879988685,874.594779,23.85883938,217.7540281,1.490165194,31.51599766,455.9867872,1,435.4754306,490.0063054,12460.14396,1,32.93536539,27.23093505,17.3057555,6.387093219,13.33924687,0.453883208,0.07776625,3664.705464,7.628313312,79.05622294,103.4973237,91.88512505,414.9840532,194.2140276,350.5086574,1.105333487,20.10500042,98.89003144,64.92877493
2004,Homs,Ar_Rastan,2,46,46,154,3347.826087,0.023749721,0.879988685,874.594779,23.85883938,217.7540281,1.490165194,31.51599766,455.9867872,1,435.4754306,490.0063054,12460.14396,1,32.93536539,27.23093505,17.3057555,6.387093219,13.33924687,0.453883208,0.07776625,3664.705464,7.628313312,79.05622294,103.4973237,91.88512505,414.9840532,194.2140276,350.5086574,1.105333487,20.10500042,98.89003144,64.92877493
2004,Homs,Homs,1,3725,3725,12218,3280,0.661463232,5.466555194,525.3326025,14.01782445,170.4993423,1.454793713,18.39390553,334.3746299,1,749.4069726,427.4411739,11461.9785,1,42.53240625,26.46212822,15.91941459,4.910125823,11.42334095,0.284816922,0.043771232,3746.604375,7.822295424,72.59015253,97.44916302,83.49579931,242.9752814,262.3261291,400.8940442,1.265880206,10.65134129,90.96808337,61.8628226
2004,Homs,Homs,2,539,539,2291,4250.463822,0.661463232,5.466555194,525.3326025,14.01782445,170.4993423,1.454793713,18.39390553,334.3746299,1,749.4069726,427.4411739,11461.9785,1,42.53240625,26.46212822,15.91941459,4.910125823,11.42334095,0.284816922,0.043771232,3746.604375,7.822295424,72.59015253,97.44916302,83.49579931,242.9752814,262.3261291,400.8940442,1.265880206,10.65134129,90.96808337,61.8628226
2004,Homs,Homs,3,15,15,42,2800,0.661463232,5.466555194,525.3326025,14.01782445,170.4993423,1.454793713,18.39390553,334.3746299,1,749.4069726,427.4411739,11461.9785,1,42.53240625,26.46212822,15.91941459,4.910125823,11.42334095,0.284816922,0.043771232,3746.604375,7.822295424,72.59015253,97.44916302,83.49579931,242.9752814,262.3261291,400.8940442,1.265880206,10.65134129,90.96808337,61.8628226
2004,Homs,Homs,4,282,282,586,2078.014184,0.661463232,5.466555194,525.3326025,14.01782445,170.4993423,1.454793713,18.39390553,334.3746299,1,749.4069726,427.4411739,11461.9785,1,42.53240625,26.46212822,15.91941459,4.910125823,11.42334095,0.284816922,0.043771232,3746.604375,7.822295424,72.59015253,97.44916302,83.49579931,242.9752814,262.3261291,400.8940442,1.265880206,10.65134129,90.96808337,61.8628226
2004,Homs,Tadmor,5,4100,4100,10291,2510,3.841744306,8.05403205,272.1040296,6.839972547,159.7105472,1.451686932,14.80853441,400.785848,1,615.4601233,302.3393916,12994.57819,1,66.07295238,30.01766025,18.04802526,5.21415457,7.695246168,0.197058312,0.025779203,3977.145055,7.963283185,67.8905605,89.23523418,75.78560394,132.378981,192.9330692,406.9913066,0.714945106,6.814479757,96.86842709,12.93083756
2004,Homs,Tall_Kalakh,1,454,454,1408,3101.321586,0.061265386,1.382119937,1763.371248,48.6760063,213.4968276,1.371293035,28.50363662,371.8628808,1,462.9664108,693.8983642,12168.11012,1,86.9397267,25.74826823,16.90015294,7.249091974,19.19852908,0.646014747,0.116854407,3621.67035,7.036198454,98.79338486,102.8467833,99.11400291,758.9369258,256.0800903,370.1287946,2.899572474,38.32373734,96.57230253,63.89144317
2004,Idleb,Al_Jisr_Ash_Shu,1,1304,1304,6024,4619.631902,0.061795348,1.387996783,1390.599941,42.44735427,177.540447,1.380476929,27.89801472,304.6574213,1,349.3955892,652.9926146,12004.732,1,101.3142959,26.41587877,16.67323889,6.147881979,19.9243501,0.567985334,0.087129156,3275.05799,6.711311118,90.37703725,102.3600724,103.7260718,617.696014,309.262822,377.4719518,3.793157673,40.90641577,95.27565082,19.55376344
2004,Idleb,Al_Mara,1,3154,3154,15975,5064.996829,0.219400577,2.789560748,981.1078451,28.88280248,161.5969773,1.44106543,30.50289991,387.8445436,1,426.7153644,495.1245461,12463.44268,1,29.05957912,27.99098124,17.31033705,5.735174544,14.58409446,0.563325132,0.121696039,3395.858203,7.422356298,85.92145674,103.6446441,93.40441828,435.9463525,211.8633148,395.4624714,1.089096217,21.8826255,98.91621171,2.740740741
2004,Idleb,Al_Mara,2,2216,2216,9464,4270.758123,0.219400577,2.789560748,981.1078451,28.88280248,161.5969773,1.44106543,30.50289991,387.8445436,1,426.7153644,495.1245461,12463.44268,1,29.05957912,27.99098124,17.31033705,5.735174544,14.58409446,0.563325132,0.121696039,3395.858203,7.422356298,85.92145674,103.6446441,93.40441828,435.9463525,211.8633148,395.4624714,1.089096217,21.8826255,98.91621171,2.740740741
2004,Idleb,Al_Mara,3,694,694,3102,4469.740634,0.219400577,2.789560748,981.1078451,28.88280248,161.5969773,1.44106543,30.50289991,387.8445436,1,426.7153644,495.1245461,12463.44268,1,29.05957912,27.99098124,17.31033705,5.735174544,14.58409446,0.563325132,0.121696039,3395.858203,7.422356298,85.92145674,103.6446441,93.40441828,435.9463525,211.8633148,395.4624714,1.089096217,21.8826255,98.91621171,2.740740741
2004,Idleb,Ariha,1,805,805,3303,4103.10559,0.06189382,1.20144567,1222.21157,36.22747012,178.7756591,1.396585143,27.93576679,350.6523137,1,582.149967,521.4364215,11593.55664,1,87.67581128,26.46915931,16.102162,5.380374414,15.46343596,0.4576139,0.075758543,3372.714934,7.15618642,94.79378601,106.311357,97.34530193,547.7594113,264.1637633,380.2716742,2.592602428,31.56046909,92.01235429,35.35190616
2004,Idleb,Harim,1,1172,1172,4937,4212.457338,0.076955511,1.744823344,1262.438648,37.61273307,208.4698796,1.397594182,27.2782689,356.5012631,1,400.6489695,547.1849605,12100.58401,1,91.8753057,27.51901264,16.80636669,5.719943248,16.3228571,0.497392113,0.080009999,3355.412962,7.125463716,95.81787612,93.33899435,108.7440432,570.9437331,243.3845318,396.2349649,3.52892128,34.93256475,96.03638107,7.104166667
2004,Idleb,Idleb,1,6134,6134,28609,4664.003913,0.125820372,2.188331063,1102.585467,32.06712398,133.1604544,1.441830046,29.96636028,396.7139838,1,349.4829207,579.1314183,12484.21588,1,18.66965742,28.00408697,17.33918873,5.897763851,16.82364932,0.591957344,0.120681925,3437.367181,7.363514149,87.8828617,100.2852302,96.06875003,493.5158649,201.4720497,378.6673336,0.928862474,24.86059375,99.08107844,24.08243728
2004,Idleb,Idleb,2,1047,1047,4895,4675.262655,0.125820372,2.188331063,1102.585467,32.06712398,133.1604544,1.441830046,29.96636028,396.7139838,1,349.4829207,579.1314183,12484.21588,1,18.66965742,28.00408697,17.33918873,5.897763851,16.82364932,0.591957344,0.120681925,3437.367181,7.363514149,87.8828617,100.2852302,96.06875003,493.5158649,201.4720497,378.6673336,0.928862474,24.86059375,99.08107844,24.08243728
2004,Raqqa,Raqqa,4,12422,12422,61067,4916.036065,1.050201469,5.964680642,366.4462295,9.46091926,176.8215937,1.445777656,18.21052889,260.1565394,1,346.2123061,432.388088,13624.17705,1,26.05879584,31.59770822,18.92246813,5.636662574,11.19011253,0.31182605,0.057420077,3872.262412,7.943602406,68.54658646,81.60740859,83.41071803,187.1682397,252.812006,466.2953785,0.418199141,7.517291598,91.87161068,89.8962532
2004,Raqqa,Raqqa,5,11126,11126,61716,5547.007011,1.050201469,5.964680642,366.4462295,9.46091926,176.8215937,1.445777656,18.21052889,260.1565394,1,346.2123061,432.388088,13624.17705,1,26.05879584,31.59770822,18.92246813,5.636662574,11.19011253,0.31182605,0.057420077,3872.262412,7.943602406,68.54658646,81.60740859,83.41071803,187.1682397,252.812006,466.2953785,0.418199141,7.517291598,91.87161068,89.8962532
2004,Raqqa,Tell_Abiad,2,12435,12435,52911,4255.006031,0.478825179,3.735158564,522.4332391,13.47531981,188.9206138,1.450549568,27.03711738,400.1496788,1,371.821103,384.8257953,13577.9887,1,11.17783109,32.83786378,18.85831764,5.278616146,9.942940494,0.387628408,0.073127305,3875.963564,7.789701512,73.67661628,87.54519569,87.89689453,261.4067156,163.0030389,436.503596,0.353533461,11.88417515,92.23818491,33.28514589
2004,Raqqa,Tell_Abiad,3,3303,3303,13199,3996.064184,0.478825179,3.735158564,522.4332391,13.47531981,188.9206138,1.450549568,27.03711738,400.1496788,1,371.821103,384.8257953,13577.9887,1,11.17783109,32.83786378,18.85831764,5.278616146,9.942940494,0.387628408,0.073127305,3875.963564,7.789701512,73.67661628,87.54519569,87.89689453,261.4067156,163.0030389,436.503596,0.353533461,11.88417515,92.23818491,33.28514589
2004,Raqqa,Tell_Abiad,5,2437,2437,12600,5170.291342,0.478825179,3.735158564,522.4332391,13.47531981,188.9206138,1.450549568,27.03711738,400.1496788,1,371.821103,384.8257953,13577.9887,1,11.17783109,32.83786378,18.85831764,5.278616146,9.942940494,0.387628408,0.073127305,3875.963564,7.789701512,73.67661628,87.54519569,87.89689453,261.4067156,163.0030389,436.503596,0.353533461,11.88417515,92.23818491,33.28514589
2004,Tartous,Banyas,1,163,163,334,2049.079755,0.064347484,1.259569202,2146.772586,60.57879057,227.2029485,1.248880866,25.12215029,311.6023136,1,597.2024401,815.615671,11522.57927,1,239.5189203,25.15813268,16.00358232,6.684955758,23.01293579,0.555566792,0.068353139,3542.769305,6.402940695,80.09802315,101.9273229,103.1564506,886.1705899,311.2379664,363.3411414,4.321198421,51.28226288,91.44904185,78.70526316
2004,Tartous,Safita,1,36,36,66,1833.333333,0.047070335,1.157636077,2328.41008,65.97336377,212.2246192,1.350786518,24.81991989,329.6296751,1,294.0703481,767.8302862,12793.64333,1,85.74052064,26.16255977,17.76894907,8.788427803,21.77356463,0.606889907,0.076809727,3528.31842,6.807968775,93.59895915,102.3953471,106.1658278,955.5768453,291.9812893,377.4132804,2.351750182,44.6094789,98.46314814,76.62715679
2004,Tartous,Tartous,1,1044,1044,3049,2920.498084,0.049162657,1.417978043,1946.719812,53.72719261,226.602822,1.337365278,24.38800112,328.0083572,1,151.3380759,870.9635257,13307.05593,1,85.26540945,26.43344388,18.48202212,9.988166645,24.06022446,0.579063973,0.073570849,3622.341771,6.801489796,93.38299321,102.470699,101.4075782,785.2004058,293.3316743,364.969705,1.987711269,46.76351549,94.38844502,64.49344978
2005,Al_Qunaytirah,Al_Qunaytirah,1,1842,1842,5526,3000,0.120668536,1.817203669,1303.621516,32.75967521,196.6396652,1.392797379,36.80800834,452.0421233,1,812.7813464,508.6836476,11465.42594,1,99.78962314,24.67099887,15.9242027,6.746780549,12.84056182,0.637514724,0.140851817,3978.34811,7.519971534,82.66761553,112.8898772,94.67530318,673.090969,184.0334609,363.9594199,3.215624823,25.20123137,90.995444,62.36754297
2005,Aleppo,Afrin,1,2561,2561,9624,3757.907068,0.194810459,2.230856022,1056.723174,30.10027131,184.8305861,1.371035123,25.51170824,404.3181051,1,493.5760545,511.2885721,11743.14835,1,89.965976,27.91138205,16.30992827,4.944976592,14.5672483,0.434509972,0.05694293,3509.676577,7.198506433,93.3831189,89.27565968,103.1621822,485.4051563,192.8950466,401.4796676,3.206478872,32.26458622,93.19959012,72.67440361
2005,Aleppo,Ain_Al_Arab,2,3991,3991,12204,3057.880231,0.285146327,2.615456939,576.1182107,15.14039765,180.1352135,1.344070296,29.15984317,412.5287694,1,457.6511594,385.9140817,13004.60463,1,40.7417743,31.76817907,18.06195087,4.946558722,10.15648322,0.506459952,0.120122417,3804.172256,7.452704986,84.90983381,91.86890064,92.91382979,274.7301049,160.737883,374.9119357,1.026508894,16.80178945,96.78885218,86.06697787
2005,Aleppo,Ain_Al_Arab,3,640,640,2387,3729.6875,0.285146327,2.615456939,576.1182107,15.14039765,180.1352135,1.344070296,29.15984317,412.5287694,1,457.6511594,385.9140817,13004.60463,1,40.7417743,31.76817907,18.06195087,4.946558722,10.15648322,0.506459952,0.120122417,3804.172256,7.452704986,84.90983381,91.86890064,92.91382979,274.7301049,160.737883,374.9119357,1.026508894,16.80178945,96.78885218,86.06697787
2005,Aleppo,Al_Bab,1,43,43,135,3139.534884,0.223794265,2.70647827,578.0268676,16.07999899,171.3158859,1.361738999,28.32570189,404.137529,1,440.5998951,451.1382437,12731.50934,1,12.48017986,29.98305495,17.68265186,5.263491695,12.55034228,0.472660219,0.105432138,3593.694675,7.526863486,82.4378838,97.41907259,93.24614075,256.7035962,172.3288421,394.8106379,0.536196258,18.97472913,98.9562751,57.38811081
2005,Aleppo,Al_Bab,2,3964,3964,11064,2791.120081,0.223794265,2.70647827,578.0268676,16.07999899,171.3158859,1.361738999,28.32570189,404.137529,1,440.5998951,451.1382437,12731.50934,1,12.48017986,29.98305495,17.68265186,5.263491695,12.55034228,0.472660219,0.105432138,3593.694675,7.526863486,82.4378838,97.41907259,93.24614075,256.7035962,172.3288421,394.8106379,0.536196258,18.97472913,98.9562751,57.38811081
2005,Aleppo,Al_Bab,3,3117,3117,8941,2868.463266,0.223794265,2.70647827,578.0268676,16.07999899,171.3158859,1.361738999,28.32570189,404.137529,1,440.5998951,451.1382437,12731.50934,1,12.48017986,29.98305495,17.68265186,5.263491695,12.55034228,0.472660219,0.105432138,3593.694675,7.526863486,82.4378838,97.41907259,93.24614075,256.7035962,172.3288421,394.8106379,0.536196258,18.97472913,98.9562751,57.38811081
2005,Aleppo,Al_Bab,4,1131,1131,3535,3125.552608,0.223794265,2.70647827,578.0268676,16.07999899,171.3158859,1.361738999,28.32570189,404.137529,1,440.5998951,451.1382437,12731.50934,1,12.48017986,29.98305495,17.68265186,5.263491695,12.55034228,0.472660219,0.105432138,3593.694675,7.526863486,82.4378838,97.41907259,93.24614075,256.7035962,172.3288421,394.8106379,0.536196258,18.97472913,98.9562751,57.38811081
2005,Aleppo,As_Safira,2,1539,1539,4568,2968.161144,0.226229514,2.727688396,481.3966191,13.39676206,194.0542344,1.456944439,23.81607607,339.9130212,1,386.7828001,407.6633703,13068.01604,1,58.56984464,29.67338519,18.15002228,5.767509616,11.3481158,0.410501965,0.084687367,3592.380377,7.634697244,78.8434252,96.2352179,86.8956053,218.7092924,209.796782,447.6738108,1.021027812,12.3940763,96.28558697,61.3127161
2005,Aleppo,As_Safira,3,2655,2655,10337,3893.408663,0.226229514,2.727688396,481.3966191,13.39676206,194.0542344,1.456944439,23.81607607,339.9130212,1,386.7828001,407.6633703,13068.01604,1,58.56984464,29.67338519,18.15002228,5.767509616,11.3481158,0.410501965,0.084687367,3592.380377,7.634697244,78.8434252,96.2352179,86.8956053,218.7092924,209.796782,447.6738108,1.021027812,12.3940763,96.28558697,61.3127161
2005,Aleppo,As_Safira,4,127,127,560,4409.448819,0.226229514,2.727688396,481.3966191,13.39676206,194.0542344,1.456944439,23.81607607,339.9130212,1,386.7828001,407.6633703,13068.01604,1,58.56984464,29.67338519,18.15002228,5.767509616,11.3481158,0.410501965,0.084687367,3592.380377,7.634697244,78.8434252,96.2352179,86.8956053,218.7092924,209.796782,447.6738108,1.021027812,12.3940763,96.28558697,61.3127161
2005,Aleppo,As_Safira,5,25,25,138,5520,0.226229514,2.727688396,481.3966191,13.39676206,194.0542344,1.456944439,23.81607607,339.9130212,1,386.7828001,407.6633703,13068.01604,1,58.56984464,29.67338519,18.15002228,5.767509616,11.3481158,0.410501965,0.084687367,3592.380377,7.634697244,78.8434252,96.2352179,86.8956053,218.7092924,209.796782,447.6738108,1.021027812,12.3940763,96.28558697,61.3127161
2005,Aleppo,Azaz,1,2013,2013,8517,4230.99851,0.121728487,2.146811382,782.8524743,21.43226121,180.5676029,1.396196968,30.36538609,429.7996425,1,481.8095159,571.6433919,12204.21367,1,12.33630082,29.10573304,16.95029677,4.879821791,15.65498421,0.636550173,0.140571882,3651.682593,7.471901984,84.26993387,93.76116346,97.11618169,358.7064237,165.5478602,396.9674719,0.559398203,24.25735487,96.85883867,30.7875817
2005,Aleppo,Azaz,2,408,408,2028,4970.588235,0.121728487,2.146811382,782.8524743,21.43226121,180.5676029,1.396196968,30.36538609,429.7996425,1,481.8095159,571.6433919,12204.21367,1,12.33630082,29.10573304,16.95029677,4.879821791,15.65498421,0.636550173,0.140571882,3651.682593,7.471901984,84.26993387,93.76116346,97.11618169,358.7064237,165.5478602,396.9674719,0.559398203,24.25735487,96.85883867,30.7875817
2005,Aleppo,Jarablus,2,878,878,4364,4970.387244,0.056313267,1.389591551,654.0767778,17.98500175,123.911363,1.374076188,31.59740814,433.9335195,1,453.0262094,410.6756808,12758.54879,1,19.54434174,31.40185807,17.72020665,4.689403647,11.29711513,0.508575409,0.114776675,3635.790181,7.473535251,84.21549162,95.34513895,94.97812509,294.5269454,151.8135123,395.6820817,0.731704106,17.89025411,98.7416763,86.86344794
2005,Aleppo,Jebel_Saman,1,5144,5144,15599,3032.465008,0.320135248,3.90953411,680.9241387,19.30349788,185.7492815,1.399045613,26.85095306,367.0160671,1,348.6130778,485.921619,12825.42231,1,24.0041333,29.12975226,17.81308654,5.763825072,13.77339204,0.490559459,0.101372302,3526.465037,7.511498758,82.95004141,89.49335598,94.1545251,324.3345388,183.2856532,401.209007,0.780531933,17.98196178,98.21093407,28.18423019
2005,Aleppo,Jebel_Saman,2,16418,16418,38791,2362.711658,0.320135248,3.90953411,680.9241387,19.30349788,185.7492815,1.399045613,26.85095306,367.0160671,1,348.6130778,485.921619,12825.42231,1,24.0041333,29.12975226,17.81308654,5.763825072,13.77339204,0.490559459,0.101372302,3526.465037,7.511498758,82.95004141,89.49335598,94.1545251,324.3345388,183.2856532,401.209007,0.780531933,17.98196178,98.21093407,28.18423019
2005,Aleppo,Jebel_Saman,3,2448,2448,6858,2801.470588,0.320135248,3.90953411,680.9241387,19.30349788,185.7492815,1.399045613,26.85095306,367.0160671,1,348.6130778,485.921619,12825.42231,1,24.0041333,29.12975226,17.81308654,5.763825072,13.77339204,0.490559459,0.101372302,3526.465037,7.511498758,82.95004141,89.49335598,94.1545251,324.3345388,183.2856532,401.209007,0.780531933,17.98196178,98.21093407,28.18423019
2005,Aleppo,Jebel_Saman,4,631,631,1855,2939.77813,0.320135248,3.90953411,680.9241387,19.30349788,185.7492815,1.399045613,26.85095306,367.0160671,1,348.6130778,485.921619,12825.42231,1,24.0041333,29.12975226,17.81308654,5.763825072,13.77339204,0.490559459,0.101372302,3526.465037,7.511498758,82.95004141,89.49335598,94.1545251,324.3345388,183.2856532,401.209007,0.780531933,17.98196178,98.21093407,28.18423019
2005,Aleppo,Menbij,2,624,624,2852,4570.512821,0.476099108,4.018173677,453.6744579,12.41617724,173.279788,1.406754586,24.018397,332.4689528,1,397.1956572,405.5563337,13129.23498,1,17.60715977,30.56875842,18.23504858,5.59956174,11.10208144,0.438241559,0.093818959,3652.898049,7.618434657,79.38551142,92.6352749,87.68904306,210.4364443,198.2878033,437.4207931,0.49517755,12.11218955,95.79972238,92.68040719
2005,Aleppo,Menbij,3,616,616,2815,4569.805195,0.476099108,4.018173677,453.6744579,12.41617724,173.279788,1.406754586,24.018397,332.4689528,1,397.1956572,405.5563337,13129.23498,1,17.60715977,30.56875842,18.23504858,5.59956174,11.10208144,0.438241559,0.093818959,3652.898049,7.618434657,79.38551142,92.6352749,87.68904306,210.4364443,198.2878033,437.4207931,0.49517755,12.11218955,95.79972238,92.68040719
2005,Aleppo,Menbij,4,363,363,1477,4068.870523,0.476099108,4.018173677,453.6744579,12.41617724,173.279788,1.406754586,24.018397,332.4689528,1,397.1956572,405.5563337,13129.23498,1,17.60715977,30.56875842,18.23504858,5.59956174,11.10208144,0.438241559,0.093818959,3652.898049,7.618434657,79.38551142,92.6352749,87.68904306,210.4364443,198.2878033,437.4207931,0.49517755,12.11218955,95.79972238,92.68040719
2005,As_Suweida,As_Suwayda,2,344,344,1634,4750,0.245068348,2.898837435,421.2187892,9.449905994,164.7488635,1.44067499,22.83274428,379.7186382,1,936.6083153,294.0402283,12222.96733,1,132.549277,26.94958602,16.97634351,6.43352773,6.629956037,0.270413736,0.039413179,4456.386026,7.882238542,70.59204861,102.2060811,82.21046364,230.3510238,218.1895834,401.1968401,1.365785859,8.704768714,97.0076772,36.89205703
2005,As_Suweida,Salkhad,2,20,20,94,4700,0.19678529,2.476461818,365.3371125,8.195785651,175.7154581,1.445399312,22.89129271,345.5826409,1,1096.653045,297.142674,11947.3425,1,151.5089895,26.60773092,16.59353125,5.924634933,6.704678425,0.244292047,0.035733553,4456.621612,7.899676731,70.01077564,100.5092882,79.61435565,199.1786515,268.1481021,387.011929,1.285466681,8.340411369,94.82017859,38.32058288
2005,As_Suweida,Shahba,2,24,24,96,4000,0.197527256,2.191659403,469.4530203,10.92860486,172.1533402,1.451189377,19.92857504,355.5120454,1,812.086703,291.4193369,12392.93313,1,62.52582608,27.22784717,17.21240712,6.590161108,6.794839906,0.263233022,0.041793436,4294.63541,7.921607895,69.27973685,102.8415207,82.1285267,257.4377438,217.4198839,427.8247932,0.996377189,7.542191094,98.35661213,8.194029851
2005,As_Suweida,Shahba,3,24,24,96,4000,0.197527256,2.191659403,469.4530203,10.92860486,172.1533402,1.451189377,19.92857504,355.5120454,1,812.086703,291.4193369,12392.93313,1,62.52582608,27.22784717,17.21240712,6.590161108,6.794839906,0.263233022,0.041793436,4294.63541,7.921607895,69.27973685,102.8415207,82.1285267,257.4377438,217.4198839,427.8247932,0.996377189,7.542191094,98.35661213,8.194029851
2005,Damascus,Al_Ghutta,3,3095,3095,12224,3949.596123,0.011843117,0.558468679,490.6556425,12.67628297,106.1618312,1.291118521,15.97295861,315.6253218,1,651.6936639,549.1907375,12316.60782,1,6.349500264,27.85596139,17.10639975,6.212433914,14.21431099,0.504656344,0.061924693,3869.658645,7.702316985,76.58943385,104.2295037,75.09108879,269.0040759,178.6231764,388.861443,0.350493747,15.36100502,97.75085574,4.8
2005,Damascus,Al_Ghutta,4,328,328,1585,4832.317073,0.011843117,0.558468679,490.6556425,12.67628297,106.1618312,1.291118521,15.97295861,315.6253218,1,651.6936639,549.1907375,12316.60782,1,6.349500264,27.85596139,17.10639975,6.212433914,14.21431099,0.504656344,0.061924693,3869.658645,7.702316985,76.58943385,104.2295037,75.09108879,269.0040759,178.6231764,388.861443,0.350493747,15.36100502,97.75085574,4.8
2005,Damascus,Al_Ghutta,5,1058,1058,4443,4199.432892,0.011843117,0.558468679,490.6556425,12.67628297,106.1618312,1.291118521,15.97295861,315.6253218,1,651.6936639,549.1907375,12316.60782,1,6.349500264,27.85596139,17.10639975,6.212433914,14.21431099,0.504656344,0.061924693,3869.658645,7.702316985,76.58943385,104.2295037,75.09108879,269.0040759,178.6231764,388.861443,0.350493747,15.36100502,97.75085574,4.8
2005,Damascus,Al_Qutayfah,5,233,233,841,3609.44206,0.165290463,2.05625535,364.7339084,9.143668464,195.5281875,1.44431954,15.13843505,319.6985667,1,995.3053148,331.1622619,11521.59034,1,127.2432106,27.08229251,16.0022088,4.726615282,8.324331106,0.183286412,0.022653301,3987.923153,7.89758494,70.08050201,97.17883257,77.26810416,188.5257647,244.8824899,435.20357,2.859481548,8.87439493,91.44119314,2.858974359
2005,Damascus,At_Tall,2,12,12,20,1666.666667,0.044028509,1.064884239,684.9422444,17.51629468,162.1199029,1.40030382,25.61268638,363.9933535,1,1466.66102,371.6394753,9432.453355,1,145.3541383,23.64107267,13.09179425,2.062042161,9.509695958,0.205172784,0.031656826,3909.314692,7.636543834,78.78187219,101.0086233,85.44449797,350.6202998,274.0306517,362.7005117,3.630504348,17.15543139,74.81025284,1.666666667
2005,Damascus,At_Tall,3,8,8,19,2375,0.044028509,1.064884239,684.9422444,17.51629468,162.1199029,1.40030382,25.61268638,363.9933535,1,1466.66102,371.6394753,9432.453355,1,145.3541383,23.64107267,13.09179425,2.062042161,9.509695958,0.205172784,0.031656826,3909.314692,7.636543834,78.78187219,101.0086233,85.44449797,350.6202998,274.0306517,362.7005117,3.630504348,17.15543139,74.81025284,1.666666667
2005,Damascus,At_Tall,4,1,1,2,2000,0.044028509,1.064884239,684.9422444,17.51629468,162.1199029,1.40030382,25.61268638,363.9933535,1,1466.66102,371.6394753,9432.453355,1,145.3541383,23.64107267,13.09179425,2.062042161,9.509695958,0.205172784,0.031656826,3909.314692,7.636543834,78.78187219,101.0086233,85.44449797,350.6202998,274.0306517,362.7005117,3.630504348,17.15543139,74.81025284,1.666666667
2005,Damascus,Az_Zabdani,1,77,77,424,5506.493506,0.060455564,1.268423947,949.8434047,23.88093021,181.4811797,1.350758075,29.73442299,406.6926124,1,1549.684822,441.0575748,8923.137736,1,364.1754447,22.47646355,12.38419853,1.457399613,11.11653871,0.262699268,0.055059176,3976.413762,7.486507827,83.78307244,105.3295636,92.07329204,478.3384423,271.265393,322.8236739,6.230150135,23.98346865,70.76684873,59.03225806
2005,Damascus,Darayya,3,144,144,778,5402.777778,0.012423869,0.610406653,537.9820794,13.64870521,92.7628682,1.315842328,23.5269942,377.8860652,1,680.7773842,403.9950955,11984.19398,1,9.388939721,27.14041273,16.64471387,5.955448772,10.3055667,0.430208566,0.064680564,3940.634544,7.775299427,74.15668578,105.8170527,78.19435241,305.4861996,142.5483663,397.8240084,0.699756804,11.61850321,95.11265066,3.25
2005,Damascus,Darayya,4,255,255,1020,4000,0.012423869,0.610406653,537.9820794,13.64870521,92.7628682,1.315842328,23.5269942,377.8860652,1,680.7773842,403.9950955,11984.19398,1,9.388939721,27.14041273,16.64471387,5.955448772,10.3055667,0.430208566,0.064680564,3940.634544,7.775299427,74.15668578,105.8170527,78.19435241,305.4861996,142.5483663,397.8240084,0.699756804,11.61850321,95.11265066,3.25
2005,Damascus,Duma,4,97,97,469,4835.051546,1.143833319,5.36296028,305.8718086,6.991364419,183.2223843,1.439790063,15.24508473,435.0312031,1,671.3370843,286.5778442,13078.20592,1,24.50940844,29.22078881,18.16417489,6.333227846,6.827458549,0.169809936,0.018979237,4373.994497,7.9788694,67.37102002,100.9591178,73.15169086,169.5197646,156.4332399,408.6870532,0.494037748,7.515456491,96.20471492,20.17542504
2005,Damascus,Duma,5,10265,10265,33464,3260.009742,1.143833319,5.36296028,305.8718086,6.991364419,183.2223843,1.439790063,15.24508473,435.0312031,1,671.3370843,286.5778442,13078.20592,1,24.50940844,29.22078881,18.16417489,6.333227846,6.827458549,0.169809936,0.018979237,4373.994497,7.9788694,67.37102002,100.9591178,73.15169086,169.5197646,156.4332399,408.6870532,0.494037748,7.515456491,96.20471492,20.17542504
2005,Damascus,Qatana,1,835,835,5102,6110.179641,0.093841203,1.750152374,931.4779395,22.98793745,126.6999471,1.390187794,33.83029859,446.2725683,1,1076.168708,415.2483929,10569.01538,1,134.8032696,24.59160807,14.67918803,4.356923395,10.27287368,0.353410714,0.058536553,4051.029206,7.631263536,78.95788213,109.5724017,90.3589139,489.1862957,198.523565,355.7564594,3.240654984,17.95975534,83.88107444,10.25471698
2005,Damascus,Qatana,2,2908,2908,13144,4519.944979,0.093841203,1.750152374,931.4779395,22.98793745,126.6999471,1.390187794,33.83029859,446.2725683,1,1076.168708,415.2483929,10569.01538,1,134.8032696,24.59160807,14.67918803,4.356923395,10.27287368,0.353410714,0.058536553,4051.029206,7.631263536,78.95788213,109.5724017,90.3589139,489.1862957,198.523565,355.7564594,3.240654984,17.95975534,83.88107444,10.25471698
2005,Damascus,Qatana,3,495,495,2371,4789.89899,0.093841203,1.750152374,931.4779395,22.98793745,126.6999471,1.390187794,33.83029859,446.2725683,1,1076.168708,415.2483929,10569.01538,1,134.8032696,24.59160807,14.67918803,4.356923395,10.27287368,0.353410714,0.058536553,4051.029206,7.631263536,78.95788213,109.5724017,90.3589139,489.1862957,198.523565,355.7564594,3.240654984,17.95975534,83.88107444,10.25471698
2005,Damascus,Yabrud,2,80,80,316,3950,0.055958524,1.256549001,791.4502943,20.72099034,151.1400992,1.388098698,24.46438451,298.4432339,1,1851.02324,411.5739018,8219.124426,1,231.2609004,21.93832984,11.36807534,0.027761973,10.77791703,0.172060182,0.040484303,3818.558241,7.507783175,83.07389417,108.3422238,86.40561197,392.407562,327.2389854,375.052399,3.28542421,18.12267988,64.96043053,3.666666667
2005,Damascus,Yabrud,3,27,27,93,3444.444444,0.055958524,1.256549001,791.4502943,20.72099034,151.1400992,1.388098698,24.46438451,298.4432339,1,1851.02324,411.5739018,8219.124426,1,231.2609004,21.93832984,11.36807534,0.027761973,10.77791703,0.172060182,0.040484303,3818.558241,7.507783175,83.07389417,108.3422238,86.40561197,392.407562,327.2389854,375.052399,3.28542421,18.12267988,64.96043053,3.666666667
2005,Dara,As_Sanamayn,1,246,246,1102,4479.674797,0.126365387,2.232014688,602.345059,14.20781261,180.1350323,1.464749006,30.99856142,436.994746,1,676.2522372,339.4498508,12228.17656,1,14.37105451,26.49442538,16.98357855,6.879978148,7.997921216,0.404186179,0.07463427,4238.53409,7.860602751,71.31324164,104.1295517,82.77618961,317.3410822,132.4975201,430.6093861,0.669011199,10.00010737,97.04902031,28.32124352
2005,Dara,As_Sanamayn,2,561,561,2435,4340.463458,0.126365387,2.232014688,602.345059,14.20781261,180.1350323,1.464749006,30.99856142,436.994746,1,676.2522372,339.4498508,12228.17656,1,14.37105451,26.49442538,16.98357855,6.879978148,7.997921216,0.404186179,0.07463427,4238.53409,7.860602751,71.31324164,104.1295517,82.77618961,317.3410822,132.4975201,430.6093861,0.669011199,10.00010737,97.04902031,28.32124352
2005,Dara,As_Sanamayn,3,345,345,1497,4339.130435,0.126365387,2.232014688,602.345059,14.20781261,180.1350323,1.464749006,30.99856142,436.994746,1,676.2522372,339.4498508,12228.17656,1,14.37105451,26.49442538,16.98357855,6.879978148,7.997921216,0.404186179,0.07463427,4238.53409,7.860602751,71.31324164,104.1295517,82.77618961,317.3410822,132.4975201,430.6093861,0.669011199,10.00010737,97.04902031,28.32124352
2005,Dara,As_Sanamayn,4,153,153,678,4431.372549,0.126365387,2.232014688,602.345059,14.20781261,180.1350323,1.464749006,30.99856142,436.994746,1,676.2522372,339.4498508,12228.17656,1,14.37105451,26.49442538,16.98357855,6.879978148,7.997921216,0.404186179,0.07463427,4238.53409,7.860602751,71.31324164,104.1295517,82.77618961,317.3410822,132.4975201,430.6093861,0.669011199,10.00010737,97.04902031,28.32124352
2005,Dara,Dara,1,2653,2653,11885,4479.83415,0.151895403,2.467237111,522.198794,12.75585938,247.890732,1.46774472,34.72026577,423.6944089,1,594.8481838,391.1754844,12290.24842,1,31.20078753,25.72967457,17.06978948,7.647120256,9.580572158,0.413497948,0.069334901,4092.795474,7.877365296,70.75449014,105.6109451,75.13158613,281.4727047,127.803691,442.0431636,0.879878166,12.29504118,97.54165416,40.20714807
2005,Dara,Dara,2,7023,7023,29918,4260.002848,0.151895403,2.467237111,522.198794,12.75585938,247.890732,1.46774472,34.72026577,423.6944089,1,594.8481838,391.1754844,12290.24842,1,31.20078753,25.72967457,17.06978948,7.647120256,9.580572158,0.413497948,0.069334901,4092.795474,7.877365296,70.75449014,105.6109451,75.13158613,281.4727047,127.803691,442.0431636,0.879878166,12.29504118,97.54165416,40.20714807
2005,Dara,Dara,3,303,303,1212,4000,0.151895403,2.467237111,522.198794,12.75585938,247.890732,1.46774472,34.72026577,423.6944089,1,594.8481838,391.1754844,12290.24842,1,31.20078753,25.72967457,17.06978948,7.647120256,9.580572158,0.413497948,0.069334901,4092.795474,7.877365296,70.75449014,105.6109451,75.13158613,281.4727047,127.803691,442.0431636,0.879878166,12.29504118,97.54165416,40.20714807
2005,Dara,Izra,1,2037,2037,9615,4720.17673,0.087018771,1.658654183,628.4523736,14.83423845,217.4263142,1.470306952,41.10287596,441.4595726,1,594.9833148,390.7027798,12208.46759,1,10.9531787,25.81064791,16.95620499,7.384045003,9.229066302,0.509376342,0.09706103,4235.499067,7.923266829,69.22443902,107.2698589,79.38166706,332.8166257,92.06481307,460.4442333,0.522892419,12.7609944,96.89259995,44.50057937
2005,Dara,Izra,2,933,933,3844,4120.042872,0.087018771,1.658654183,628.4523736,14.83423845,217.4263142,1.470306952,41.10287596,441.4595726,1,594.9833148,390.7027798,12208.46759,1,10.9531787,25.81064791,16.95620499,7.384045003,9.229066302,0.509376342,0.09706103,4235.499067,7.923266829,69.22443902,107.2698589,79.38166706,332.8166257,92.06481307,460.4442333,0.522892419,12.7609944,96.89259995,44.50057937
2005,Dayr_Az_Zor,Abu_Kamal,5,1716,1716,7482,4360.13986,0.326690195,2.534252196,316.7796441,7.004061446,145.9024177,1.474952341,15.51213228,316.9541986,1,199.0450865,360.2068075,15258.52136,1,17.05196237,34.54651428,21.19239078,6.382905392,7.994409978,0.249316406,0.038710843,4521.799329,7.914785937,69.50713545,105.0187638,70.94094283,148.848191,210.3167699,473.4703945,0.275403663,8.147721895,78.90062412,64.43444099
2005,Dayr_Az_Zor,Al_Mayadin,5,1998,1998,8052,4030.03003,0.846879854,4.706853339,280.6634964,6.392686834,106.9848781,1.464284982,15.16950876,321.6518012,1,284.7469964,393.3776559,14710.1372,1,13.44925992,33.55745803,20.43074611,6.015156346,8.980964281,0.203413302,0.027202355,4389.383944,7.935538403,68.81538657,93.01937001,74.70586655,134.4117839,226.8776377,452.2255759,0.231444592,7.050522461,83.25287937,65.76879408
2005,Dayr_Az_Zor,Dayr_Az_Zor,4,1350,1350,6170,4570.37037,1.527438458,6.266817637,303.9631923,7.202838348,160.6562038,1.475571533,17.45613594,279.0580926,1,311.6110564,401.8035916,14319.3464,1,24.94088817,33.27568188,19.8879811,5.614436651,9.556883727,0.259090074,0.044918761,4219.047398,7.945084905,68.49716985,90.38311385,76.36491724,142.2289063,267.81461,453.5383851,0.441646162,7.406680906,86.35439369,59.82997528
2005,Dayr_Az_Zor,Dayr_Az_Zor,5,22926,22926,110734,4830.061938,1.527438458,6.266817637,303.9631923,7.202838348,160.6562038,1.475571533,17.45613594,279.0580926,1,311.6110564,401.8035916,14319.3464,1,24.94088817,33.27568188,19.8879811,5.614436651,9.556883727,0.259090074,0.044918761,4219.047398,7.945084905,68.49716985,90.38311385,76.36491724,142.2289063,267.81461,453.5383851,0.441646162,7.406680906,86.35439369,59.82997528
2005,Hama,Al_Ghab,1,40582,40582,203721,5019.984229,0.049595436,1.643165164,1217.401728,35.97145907,139.7759455,1.347860465,28.59829587,349.5799349,1,352.189296,961.2583444,11751.19801,1,139.7020723,25.85796371,16.32110835,6.197685815,28.35510695,0.666671114,0.109356372,3383.354595,6.782044179,92.73480597,90.08900751,108.8496904,568.5290453,280.5196852,361.9957542,4.508295663,42.21571718,93.26347626,35.28868661
2005,Hama,As_Salamiyeh,2,1448,1448,4388,3030.38674,0.504159747,4.926087865,419.4855699,11.78442414,191.2833095,1.455325727,20.3416433,317.9445519,1,514.8899545,383.8901576,12666.68533,1,39.708665,28.69477287,17.59261851,5.652517396,10.77500538,0.330159252,0.063994375,3558.661167,7.805379097,73.15403011,90.84940698,86.18876175,191.6148141,260.9011364,420.1232357,0.788382027,9.040582617,99.47075137,29.78971963
2005,Hama,As_Salamiyeh,3,1074,1074,3329,3099.627561,0.504159747,4.926087865,419.4855699,11.78442414,191.2833095,1.455325727,20.3416433,317.9445519,1,514.8899545,383.8901576,12666.68533,1,39.708665,28.69477287,17.59261851,5.652517396,10.77500538,0.330159252,0.063994375,3558.661167,7.805379097,73.15403011,90.84940698,86.18876175,191.6148141,260.9011364,420.1232357,0.788382027,9.040582617,99.47075137,29.78971963
2005,Hama,As_Salamiyeh,4,860,860,3011,3501.162791,0.504159747,4.926087865,419.4855699,11.78442414,191.2833095,1.455325727,20.3416433,317.9445519,1,514.8899545,383.8901576,12666.68533,1,39.708665,28.69477287,17.59261851,5.652517396,10.77500538,0.330159252,0.063994375,3558.661167,7.805379097,73.15403011,90.84940698,86.18876175,191.6148141,260.9011364,420.1232357,0.788382027,9.040582617,99.47075137,29.78971963
2005,Hama,As_Salamiyeh,5,62,62,186,3000,0.504159747,4.926087865,419.4855699,11.78442414,191.2833095,1.455325727,20.3416433,317.9445519,1,514.8899545,383.8901576,12666.68533,1,39.708665,28.69477287,17.59261851,5.652517396,10.77500538,0.330159252,0.063994375,3558.661167,7.805379097,73.15403011,90.84940698,86.18876175,191.6148141,260.9011364,420.1232357,0.788382027,9.040582617,99.47075137,29.78971963
2005,Hama,Hama,1,7982,7982,37835,4740.04009,0.227677668,4.733216797,702.6382185,19.65224645,192.7904067,1.455316559,28.89107986,399.9433813,1,367.8882638,446.229428,12757.15688,1,25.04294796,28.13759198,17.71827345,6.176370229,12.46416433,0.489216425,0.097889025,3574.358268,7.530149647,82.32834509,94.7944868,95.23549274,324.6623823,199.991121,385.7041579,0.890006436,18.48653952,98.75272314,22.43352601
2005,Hama,Hama,2,9596,9596,39151,4079.929137,0.227677668,4.733216797,702.6382185,19.65224645,192.7904067,1.455316559,28.89107986,399.9433813,1,367.8882638,446.229428,12757.15688,1,25.04294796,28.13759198,17.71827345,6.176370229,12.46416433,0.489216425,0.097889025,3574.358268,7.530149647,82.32834509,94.7944868,95.23549274,324.6623823,199.991121,385.7041579,0.890006436,18.48653952,98.75272314,22.43352601
2005,Hama,Hama,3,1379,1379,6247,4530.094271,0.227677668,4.733216797,702.6382185,19.65224645,192.7904067,1.455316559,28.89107986,399.9433813,1,367.8882638,446.229428,12757.15688,1,25.04294796,28.13759198,17.71827345,6.176370229,12.46416433,0.489216425,0.097889025,3574.358268,7.530149647,82.32834509,94.7944868,95.23549274,324.6623823,199.991121,385.7041579,0.890006436,18.48653952,98.75272314,22.43352601
2005,Hama,Hama,4,3372,3372,14533,4309.905101,0.227677668,4.733216797,702.6382185,19.65224645,192.7904067,1.455316559,28.89107986,399.9433813,1,367.8882638,446.229428,12757.15688,1,25.04294796,28.13759198,17.71827345,6.176370229,12.46416433,0.489216425,0.097889025,3574.358268,7.530149647,82.32834509,94.7944868,95.23549274,324.6623823,199.991121,385.7041579,0.890006436,18.48653952,98.75272314,22.43352601
2005,Hama,Masyaf,1,616,616,2544,4129.87013,0.076403686,1.92474214,1384.978868,38.72027881,150.0452924,1.353623889,29.44578727,387.4121925,1,532.6863029,749.6192535,11604.92425,1,139.1245061,25.4303534,16.11795035,6.101458859,20.97223608,0.60116448,0.089149624,3575.882477,6.889563149,96.31877164,98.99716639,99.62141996,654.3040608,261.5816804,350.4100182,3.339515959,38.59856987,92.10257344,5.952755906
2005,Hama,Muhradah,1,7870,7870,47299,6010.038119,0.05125136,1.195215355,869.684979,25.07316055,210.5076775,1.449025265,33.05226761,439.5914949,1,254.483542,732.8294805,12711.89935,1,22.9822089,27.5763506,17.65541576,6.732597318,21.16942585,0.613599395,0.113407155,3467.58936,7.358416593,88.05278024,94.53015765,98.32215544,404.622674,196.6763121,347.9956241,0.787416154,25.49695415,99.11190992,10.50963597
2005,Hassakeh,Al_Malika,1,3300,3300,13266,4020,0.273788898,2.626098262,1004.390536,22.55414892,177.7179584,1.393407522,35.81191186,396.1542193,1,442.2589019,432.956548,13304.23833,1,11.47143655,33.34086531,18.47810879,4.463634958,9.734654249,0.637121723,0.142469785,4452.240686,7.401004555,86.63318149,88.26017084,96.50155148,475.5179169,182.2285639,417.2135132,0.627665989,23.0979689,94.4108069,71.48066457
2005,Hassakeh,Al_Malika,2,20,20,74,3700,0.273788898,2.626098262,1004.390536,22.55414892,177.7179584,1.393407522,35.81191186,396.1542193,1,442.2589019,432.956548,13304.23833,1,11.47143655,33.34086531,18.47810879,4.463634958,9.734654249,0.637121723,0.142469785,4452.240686,7.401004555,86.63318149,88.26017084,96.50155148,475.5179169,182.2285639,417.2135132,0.627665989,23.0979689,94.4108069,71.48066457
2005,Hassakeh,Hassakeh,1,1101,1101,3886,3529.518619,1.234999017,5.292191536,494.420644,11.69336607,179.2026918,1.453912692,22.75778998,312.1287676,1,352.2277754,341.7955319,14228.40702,1,19.1175947,33.97736607,19.76167642,5.469777574,8.107330651,0.361648613,0.069270679,4227.21488,7.76640865,74.453045,89.54287749,88.86838568,233.6532255,232.8497925,449.1236429,0.493960645,10.83503123,87.07613473,55.44769984
2005,Hassakeh,Hassakeh,2,25642,25642,80003,3119.99844,1.234999017,5.292191536,494.420644,11.69336607,179.2026918,1.453912692,22.75778998,312.1287676,1,352.2277754,341.7955319,14228.40702,1,19.1175947,33.97736607,19.76167642,5.469777574,8.107330651,0.361648613,0.069270679,4227.21488,7.76640865,74.453045,89.54287749,88.86838568,233.6532255,232.8497925,449.1236429,0.493960645,10.83503123,87.07613473,55.44769984
2005,Hassakeh,Hassakeh,3,5184,5184,16588.8,3200,1.234999017,5.292191536,494.420644,11.69336607,179.2026918,1.453912692,22.75778998,312.1287676,1,352.2277754,341.7955319,14228.40702,1,19.1175947,33.97736607,19.76167642,5.469777574,8.107330651,0.361648613,0.069270679,4227.21488,7.76640865,74.453045,89.54287749,88.86838568,233.6532255,232.8497925,449.1236429,0.493960645,10.83503123,87.07613473,55.44769984
2005,Hassakeh,Hassakeh,4,16812,16812,50436,3000,1.234999017,5.292191536,494.420644,11.69336607,179.2026918,1.453912692,22.75778998,312.1287676,1,352.2277754,341.7955319,14228.40702,1,19.1175947,33.97736607,19.76167642,5.469777574,8.107330651,0.361648613,0.069270679,4227.21488,7.76640865,74.453045,89.54287749,88.86838568,233.6532255,232.8497925,449.1236429,0.493960645,10.83503123,87.07613473,55.44769984
2005,Hassakeh,Hassakeh,5,14265,14265,41226,2890.010515,1.234999017,5.292191536,494.420644,11.69336607,179.2026918,1.453912692,22.75778998,312.1287676,1,352.2277754,341.7955319,14228.40702,1,19.1175947,33.97736607,19.76167642,5.469777574,8.107330651,0.361648613,0.069270679,4227.21488,7.76640865,74.453045,89.54287749,88.86838568,233.6532255,232.8497925,449.1236429,0.493960645,10.83503123,87.07613473,55.44769984
2005,Hassakeh,Quamishli,1,28478,28478,91129.6,3200,0.384508781,3.376182941,808.4358262,18.79303897,189.6343908,1.4227755,32.71215887,381.6987929,1,387.3408823,401.9466259,13809.261,1,4.224880292,33.88592289,19.17952917,5.171298083,9.365464372,0.599920442,0.13218101,4300.783376,7.499177245,83.3607585,90.12007658,95.51523273,381.9407367,188.6721752,424.1715544,0.236333983,15.93920513,90.40269048,2.151515152
2005,Hassakeh,Quamishli,2,1702,1702,6093,3579.905993,0.384508781,3.376182941,808.4358262,18.79303897,189.6343908,1.4227755,32.71215887,381.6987929,1,387.3408823,401.9466259,13809.261,1,4.224880292,33.88592289,19.17952917,5.171298083,9.365464372,0.599920442,0.13218101,4300.783376,7.499177245,83.3607585,90.12007658,95.51523273,381.9407367,188.6721752,424.1715544,0.236333983,15.93920513,90.40269048,2.151515152
2005,Hassakeh,Quamishli,3,200,200,630,3150,0.384508781,3.376182941,808.4358262,18.79303897,189.6343908,1.4227755,32.71215887,381.6987929,1,387.3408823,401.9466259,13809.261,1,4.224880292,33.88592289,19.17952917,5.171298083,9.365464372,0.599920442,0.13218101,4300.783376,7.499177245,83.3607585,90.12007658,95.51523273,381.9407367,188.6721752,424.1715544,0.236333983,15.93920513,90.40269048,2.151515152
2005,Hassakeh,Ras_Al_Ain,1,16627,16627,58194.5,3500,0.383012451,4.287075453,598.8060553,14.80484114,181.239228,1.436138441,29.13638552,428.1986409,1,428.0325777,471.7607384,13552.07229,1,10.62784115,33.22326523,18.82232262,4.962238261,11.68198831,0.488336252,0.098797732,4043.663833,7.607914063,79.7361979,89.67698486,92.63093106,283.0723903,158.4989891,413.1203426,0.413294717,15.5378662,92.44387073,3.258706468
2005,Hassakeh,Ras_Al_Ain,2,19374,19374,59076,3049.241251,0.383012451,4.287075453,598.8060553,14.80484114,181.239228,1.436138441,29.13638552,428.1986409,1,428.0325777,471.7607384,13552.07229,1,10.62784115,33.22326523,18.82232262,4.962238261,11.68198831,0.488336252,0.098797732,4043.663833,7.607914063,79.7361979,89.67698486,92.63093106,283.0723903,158.4989891,413.1203426,0.413294717,15.5378662,92.44387073,3.258706468
2005,Hassakeh,Ras_Al_Ain,3,230,230,805,3500,0.383012451,4.287075453,598.8060553,14.80484114,181.239228,1.436138441,29.13638552,428.1986409,1,428.0325777,471.7607384,13552.07229,1,10.62784115,33.22326523,18.82232262,4.962238261,11.68198831,0.488336252,0.098797732,4043.663833,7.607914063,79.7361979,89.67698486,92.63093106,283.0723903,158.4989891,413.1203426,0.413294717,15.5378662,92.44387073,3.258706468
2005,Hassakeh,Ras_Al_Ain,4,60,60,192,3200,0.383012451,4.287075453,598.8060553,14.80484114,181.239228,1.436138441,29.13638552,428.1986409,1,428.0325777,471.7607384,13552.07229,1,10.62784115,33.22326523,18.82232262,4.962238261,11.68198831,0.488336252,0.098797732,4043.663833,7.607914063,79.7361979,89.67698486,92.63093106,283.0723903,158.4989891,413.1203426,0.413294717,15.5378662,92.44387073,3.258706468
2005,Homs,Al_Maghrim,2,65,65,228,3507.692308,0.306769432,2.913060825,354.6461367,9.659315985,218.2032013,1.457191708,18.26401052,311.7343597,1,797.1330828,359.3662498,11519.83627,1,104.0896137,26.87597321,15.9997726,4.730016621,9.793116307,0.273764739,0.042867527,3670.545038,7.836838992,72.10536695,86.77077878,84.31567142,162.4388263,282.185961,406.7754786,1.39213165,8.706368852,91.427272,23.70967742
2005,Homs,Al_Maghrim,3,110,110,386,3509.090909,0.306769432,2.913060825,354.6461367,9.659315985,218.2032013,1.457191708,18.26401052,311.7343597,1,797.1330828,359.3662498,11519.83627,1,104.0896137,26.87597321,15.9997726,4.730016621,9.793116307,0.273764739,0.042867527,3670.545038,7.836838992,72.10536695,86.77077878,84.31567142,162.4388263,282.185961,406.7754786,1.39213165,8.706368852,91.427272,23.70967742
2005,Homs,Al_Quasir,1,906,906,3647,4025.386313,0.079506691,1.850323115,820.3674994,21.53797541,228.7835016,1.423727806,26.81275048,398.4009405,1,596.8480096,443.6081842,11781.16292,1,19.08778159,26.34100581,16.36272628,6.183175866,11.70055432,0.454110188,0.071943376,3807.935074,7.575372583,80.8209139,99.87628658,95.40460987,367.1251244,214.1664714,361.619498,0.932790651,19.01649265,93.50129303,81.53370847
2005,Homs,Al_Quasir,2,2361,2361,8932,3783.142736,0.079506691,1.850323115,820.3674994,21.53797541,228.7835016,1.423727806,26.81275048,398.4009405,1,596.8480096,443.6081842,11781.16292,1,19.08778159,26.34100581,16.36272628,6.183175866,11.70055432,0.454110188,0.071943376,3807.935074,7.575372583,80.8209139,99.87628658,95.40460987,367.1251244,214.1664714,361.619498,0.932790651,19.01649265,93.50129303,81.53370847
2005,Homs,Al_Quasir,3,1023,1023,2210,2160.312805,0.079506691,1.850323115,820.3674994,21.53797541,228.7835016,1.423727806,26.81275048,398.4009405,1,596.8480096,443.6081842,11781.16292,1,19.08778159,26.34100581,16.36272628,6.183175866,11.70055432,0.454110188,0.071943376,3807.935074,7.575372583,80.8209139,99.87628658,95.40460987,367.1251244,214.1664714,361.619498,0.932790651,19.01649265,93.50129303,81.53370847
2005,Homs,Al_Quasir,4,179,179,572,3195.530726,0.079506691,1.850323115,820.3674994,21.53797541,228.7835016,1.423727806,26.81275048,398.4009405,1,596.8480096,443.6081842,11781.16292,1,19.08778159,26.34100581,16.36272628,6.183175866,11.70055432,0.454110188,0.071943376,3807.935074,7.575372583,80.8209139,99.87628658,95.40460987,367.1251244,214.1664714,361.619498,0.932790651,19.01649265,93.50129303,81.53370847
2005,Homs,Ar_Rastan,1,5221,5221,18326,3510.055545,0.023749721,0.879988685,735.8061639,19.70963352,217.7540281,1.490165194,31.51599766,455.9867872,1,435.4754306,471.3056141,12448.66539,1,32.93536539,27.23093505,17.28981305,6.387093219,12.59393964,0.470174272,0.081342186,3732.231078,7.628313312,79.05622294,103.467139,97.05393804,332.8089012,194.2140276,350.5086574,1.105333487,20.10500042,98.79893169,64.92877493
2005,Homs,Ar_Rastan,2,51,51,172,3372.54902,0.023749721,0.879988685,735.8061639,19.70963352,217.7540281,1.490165194,31.51599766,455.9867872,1,435.4754306,471.3056141,12448.66539,1,32.93536539,27.23093505,17.28981305,6.387093219,12.59393964,0.470174272,0.081342186,3732.231078,7.628313312,79.05622294,103.467139,97.05393804,332.8089012,194.2140276,350.5086574,1.105333487,20.10500042,98.79893169,64.92877493
2005,Homs,Homs,1,3503,3503,14012,4000,0.661463232,5.466555194,441.6746715,11.51345224,170.4993423,1.454793713,18.39390553,334.3746299,1,749.4069726,398.4270619,11431.78355,1,42.53240625,26.46018117,15.87747715,4.945453839,10.4110857,0.261727554,0.039739743,3835.16193,7.822295424,72.59015253,89.41583413,85.44465752,207.0628931,262.3261291,400.8940442,1.265880206,10.65134129,90.72844085,61.8628226
2005,Homs,Homs,2,693,693,2426,3500.721501,0.661463232,5.466555194,441.6746715,11.51345224,170.4993423,1.454793713,18.39390553,334.3746299,1,749.4069726,398.4270619,11431.78355,1,42.53240625,26.46018117,15.87747715,4.945453839,10.4110857,0.261727554,0.039739743,3835.16193,7.822295424,72.59015253,89.41583413,85.44465752,207.0628931,262.3261291,400.8940442,1.265880206,10.65134129,90.72844085,61.8628226
2005,Homs,Homs,3,178,178,623,3500,0.661463232,5.466555194,441.6746715,11.51345224,170.4993423,1.454793713,18.39390553,334.3746299,1,749.4069726,398.4270619,11431.78355,1,42.53240625,26.46018117,15.87747715,4.945453839,10.4110857,0.261727554,0.039739743,3835.16193,7.822295424,72.59015253,89.41583413,85.44465752,207.0628931,262.3261291,400.8940442,1.265880206,10.65134129,90.72844085,61.8628226
2005,Homs,Homs,4,185,185,464,2508.108108,0.661463232,5.466555194,441.6746715,11.51345224,170.4993423,1.454793713,18.39390553,334.3746299,1,749.4069726,398.4270619,11431.78355,1,42.53240625,26.46018117,15.87747715,4.945453839,10.4110857,0.261727554,0.039739743,3835.16193,7.822295424,72.59015253,89.41583413,85.44465752,207.0628931,262.3261291,400.8940442,1.265880206,10.65134129,90.72844085,61.8628226
2005,Homs,Homs,5,21,21,42,2000,0.661463232,5.466555194,441.6746715,11.51345224,170.4993423,1.454793713,18.39390553,334.3746299,1,749.4069726,398.4270619,11431.78355,1,42.53240625,26.46018117,15.87747715,4.945453839,10.4110857,0.261727554,0.039739743,3835.16193,7.822295424,72.59015253,89.41583413,85.44465752,207.0628931,262.3261291,400.8940442,1.265880206,10.65134129,90.72844085,61.8628226
2005,Homs,Tadmor,5,3505,3505,19891,5675.035663,3.841744306,8.05403205,250.9008344,6.19056986,159.7105472,1.451686932,14.80853441,400.785848,1,615.4601233,270.3532377,12979.93696,1,66.07295238,30.01434452,18.02769022,5.21415457,6.768133896,0.185326028,0.022421173,4051.952153,7.963283185,67.8905605,86.70883865,75.59203578,130.462121,192.9330692,406.9913066,0.714945106,6.814479757,96.9846273,12.93083756
2005,Homs,Tall_Kalakh,1,135,135,556,4118.518519,0.061265386,1.382119937,1386.854324,37.43090727,213.4968276,1.371293035,28.50363662,371.8628808,1,462.9664108,678.6183409,12110.96213,1,86.9397267,25.70009656,16.82078073,7.255059326,18.3663518,0.64611559,0.113854254,3704.104753,7.036198454,98.79338486,99.10971467,102.0519388,675.6643895,256.0800903,370.1287946,2.899572474,38.32373734,96.11874705,63.89144317
2005,Idleb,Al_Jisr_Ash_Shu,1,1396,1396,6561,4699.856734,0.061795348,1.387996783,1135.982435,34.00458085,177.540447,1.380476929,27.89801472,304.6574213,1,349.3955892,649.7394312,11924.5799,1,101.3142959,26.35052956,16.56191653,6.169062647,19.44102556,0.557474697,0.077515117,3339.674716,6.711311118,90.37703725,88.07900038,106.6338384,539.9979646,309.262822,377.4719518,3.793157673,40.90641577,94.63952305,19.55376344
2005,Idleb,Al_Mara,1,3485,3485,16763,4810.043042,0.219400577,2.789560748,774.4699855,22.35929197,161.5969773,1.44106543,30.50289991,387.8445436,1,426.7153644,477.7839043,12429.47212,1,29.05957912,27.91015995,17.26315572,5.735243558,13.80365117,0.549057733,0.115661017,3462.750044,7.422356298,85.92145674,89.25624019,97.44037488,367.1924374,211.8633148,395.4624714,1.089096217,21.8826255,98.64660412,2.740740741
2005,Idleb,Al_Mara,2,2329,2329,11202,4809.789609,0.219400577,2.789560748,774.4699855,22.35929197,161.5969773,1.44106543,30.50289991,387.8445436,1,426.7153644,477.7839043,12429.47212,1,29.05957912,27.91015995,17.26315572,5.735243558,13.80365117,0.549057733,0.115661017,3462.750044,7.422356298,85.92145674,89.25624019,97.44037488,367.1924374,211.8633148,395.4624714,1.089096217,21.8826255,98.64660412,2.740740741
2005,Idleb,Al_Mara,3,873,873,3152,3610.538373,0.219400577,2.789560748,774.4699855,22.35929197,161.5969773,1.44106543,30.50289991,387.8445436,1,426.7153644,477.7839043,12429.47212,1,29.05957912,27.91015995,17.26315572,5.735243558,13.80365117,0.549057733,0.115661017,3462.750044,7.422356298,85.92145674,89.25624019,97.44037488,367.1924374,211.8633148,395.4624714,1.089096217,21.8826255,98.64660412,2.740740741
2005,Idleb,Ariha,1,1958,1958,9300,4749.744637,0.06189382,1.20144567,946.2230839,27.5164989,178.7756591,1.396585143,27.93576679,350.6523137,1,582.149967,509.5418148,11533.97437,1,87.67581128,26.34664832,16.01940885,5.38383156,14.82601189,0.447885987,0.066242542,3437.748103,7.15618642,94.79378601,91.14395114,100.093624,452.8738904,264.1637633,380.2716742,2.592602428,31.56046909,91.53947916,35.35190616
2005,Idleb,Harim,1,878,878,4127,4700.455581,0.076955511,1.744823344,1088.088314,31.85413691,208.4698796,1.397594182,27.2782689,356.5012631,1,400.6489695,532.5100558,12062.926,1,91.8753057,27.43763584,16.75406388,5.719943248,15.60607079,0.480118202,0.072577179,3414.846165,7.125463716,95.81787612,82.61239746,111.1390014,517.8115205,243.3845318,396.2349649,3.52892128,34.93256475,95.73750791,7.104166667
2005,Idleb,Idleb,1,6129,6129,26907,4390.11258,0.125820372,2.188331063,893.8843943,25.51304497,133.1604544,1.441830046,29.96636028,396.7139838,1,349.4829207,561.6391003,12456.42401,1,18.66965742,27.99355581,17.3005889,5.897763851,16.01224745,0.582960136,0.118214139,3502.636651,7.363514149,87.8828617,87.82826421,99.54429205,431.787239,201.4720497,378.6673336,0.928862474,24.86059375,98.86050803,24.08243728
2005,Idleb,Idleb,2,1175,1175,5159,4390.638298,0.125820372,2.188331063,893.8843943,25.51304497,133.1604544,1.441830046,29.96636028,396.7139838,1,349.4829207,561.6391003,12456.42401,1,18.66965742,27.99355581,17.3005889,5.897763851,16.01224745,0.582960136,0.118214139,3502.636651,7.363514149,87.8828617,87.82826421,99.54429205,431.787239,201.4720497,378.6673336,0.928862474,24.86059375,98.86050803,24.08243728
2005,Raqqa,Al_Thawrah,4,197,197,778,3949.238579,0.166312937,1.915996577,373.674695,9.827563089,159.7684893,1.190950364,17.04136252,252.4603217,1,365.9192606,351.5692078,13361.78003,1,14.81675015,30.92719859,18.55802781,5.927438048,9.253826777,0.420438564,0.101322263,3801.312859,7.560426275,81.31912416,88.88409375,86.21897513,187.8574546,193.9123706,366.1195327,0.562168467,8.629667024,93.95412678,97.73904029
2005,Raqqa,Al_Thawrah,5,4290,4290,16945,3949.88345,0.166312937,1.915996577,373.674695,9.827563089,159.7684893,1.190950364,17.04136252,252.4603217,1,365.9192606,351.5692078,13361.78003,1,14.81675015,30.92719859,18.55802781,5.927438048,9.253826777,0.420438564,0.101322263,3801.312859,7.560426275,81.31912416,88.88409375,86.21897513,187.8574546,193.9123706,366.1195327,0.562168467,8.629667024,93.95412678,97.73904029
2005,Raqqa,Raqqa,4,6961,6961,32091,4610.113489,1.050201469,5.964680642,331.6601556,8.432983077,176.8215937,1.445777656,18.21052889,260.1565394,1,346.2123061,408.4892946,13620.28152,1,26.05879584,31.59770822,18.91705767,5.636662574,10.40954233,0.304906078,0.055494147,3931.89246,7.943602406,68.54658646,85.19171152,84.13916039,158.6823558,252.812006,466.2953785,0.418199141,7.517291598,91.9025276,89.8962532
2005,Raqqa,Raqqa,5,12458,12458,64782,5200.032108,1.050201469,5.964680642,331.6601556,8.432983077,176.8215937,1.445777656,18.21052889,260.1565394,1,346.2123061,408.4892946,13620.28152,1,26.05879584,31.59770822,18.91705767,5.636662574,10.40954233,0.304906078,0.055494147,3931.89246,7.943602406,68.54658646,85.19171152,84.13916039,158.6823558,252.812006,466.2953785,0.418199141,7.517291598,91.9025276,89.8962532
2005,Raqqa,Tell_Abiad,2,10225,10225,45297,4430.02445,0.478825179,3.735158564,466.9389514,11.93904253,188.9206138,1.450549568,27.03711738,400.1496788,1,371.821103,368.8760447,13609.48249,1,11.17783109,32.77697004,18.90205902,5.278616146,9.44830582,0.38224754,0.073010368,3910.025112,7.789701512,73.67661628,91.35716098,87.53817862,218.1333799,163.0030389,436.503596,0.353533461,11.88417515,91.98823419,33.28514589
2005,Raqqa,Tell_Abiad,3,2482,2482,9456,3809.830782,0.478825179,3.735158564,466.9389514,11.93904253,188.9206138,1.450549568,27.03711738,400.1496788,1,371.821103,368.8760447,13609.48249,1,11.17783109,32.77697004,18.90205902,5.278616146,9.44830582,0.38224754,0.073010368,3910.025112,7.789701512,73.67661628,91.35716098,87.53817862,218.1333799,163.0030389,436.503596,0.353533461,11.88417515,91.98823419,33.28514589
2005,Tartous,Banyas,1,140,140,318,2271.428571,0.064347484,1.259569202,1631.033592,45.14830433,227.2029485,1.248880866,25.12215029,311.6023136,1,597.2024401,802.0542577,11440.26865,1,239.5189203,24.66375573,15.88926201,6.99788211,22.20302713,0.550959397,0.064387984,3611.613178,6.402940695,80.09802315,87.48995762,103.9000678,803.8425679,311.2379664,363.3411414,4.321198421,51.28226288,90.79578291,78.70526316
2005,Tartous,Safita,1,67,67,152,2268.656716,0.047070335,1.157636077,1814.022805,50.39490905,212.2246192,1.350786518,24.81991989,329.6296751,1,294.0703481,742.5625409,12730.56803,1,85.74052064,26.01547367,17.68134449,8.883909339,20.64584823,0.606738062,0.074643962,3598.615198,6.807968775,93.59895915,95.46621563,106.7475272,910.9236901,291.9812893,377.4132804,2.351750182,44.6094789,98.96374577,76.62715679
2005,Tartous,Tartous,1,799,799,1814,2270.337922,0.049162657,1.417978043,1538.260025,41.85656638,226.602822,1.337365278,24.38800112,328.0083572,1,151.3380759,852.2478894,13240.94932,1,85.26540945,26.15424475,18.39020739,10.26789158,23.21788763,0.594556921,0.0755546,3674.074564,6.801489796,93.38299321,94.41288904,103.6838871,784.4365526,293.3316743,364.969705,1.987711269,46.76351549,94.91310061,64.49344978
2007,Al_Qunaytirah,Al_Qunaytirah,1,1905,1905,6071,3186.87664,0.120668536,1.817203669,1041.267968,26.40046653,196.6396652,1.392797379,36.80800834,452.0421233,1,812.7813464,529.2180871,11432.33668,1,99.78962314,24.66203211,15.87824538,6.167097503,13.47289698,0.632084137,0.138245127,3943.127149,7.519971534,82.66761553,100.0111676,93.94961289,535.876838,184.0334609,363.9594199,3.215624823,25.20123137,90.73283076,62.36754297
2007,Aleppo,Afrin,1,3744,3744,15553,4154.113248,0.194810459,2.230856022,966.0789633,27.29067257,184.8305861,1.371035123,25.51170824,404.3181051,1,493.5760545,498.5457474,11903.50514,1,89.965976,28.72187309,16.53264603,3.705459482,14.08736407,0.446509891,0.062119542,3538.960258,7.198506433,93.3831189,73.85060648,104.6905968,449.8173243,192.8950466,401.4796676,3.206478872,32.26458622,94.47226302,72.67440361
2007,Aleppo,Ain_Al_Arab,2,3356,3356,11871,3537.246722,0.285146327,2.615456939,534.2513081,13.62390233,180.1352135,1.344070296,29.15984317,412.5287694,1,457.6511594,358.1093037,13170.50782,1,40.7417743,32.35736164,18.29237198,3.810319605,9.14420361,0.468275307,0.10030094,3920.42644,7.452704986,84.90983381,77.34841952,93.62283037,272.6113147,160.737883,374.9119357,1.026508894,16.80178945,95.47216013,86.06697787
2007,Aleppo,Ain_Al_Arab,3,640,640,2265,3539.0625,0.285146327,2.615456939,534.2513081,13.62390233,180.1352135,1.344070296,29.15984317,412.5287694,1,457.6511594,358.1093037,13170.50782,1,40.7417743,32.35736164,18.29237198,3.810319605,9.14420361,0.468275307,0.10030094,3920.42644,7.452704986,84.90983381,77.34841952,93.62283037,272.6113147,160.737883,374.9119357,1.026508894,16.80178945,95.47216013,86.06697787
2007,Aleppo,Al_Bab,1,83,83,366,4409.638554,0.223794265,2.70647827,512.0387987,13.97281419,171.3158859,1.361738999,28.32570189,404.137529,1,440.5998951,435.2180142,12843.77561,1,12.48017986,30.62110254,17.83857724,4.46253577,11.87997076,0.478289106,0.101808548,3663.535947,7.526863486,82.4378838,80.40894307,89.13862475,251.8358122,172.3288421,394.8106379,0.536196258,18.97472913,98.06527293,57.38811081
2007,Aleppo,Al_Bab,2,4512,4512,19668,4359.042553,0.223794265,2.70647827,512.0387987,13.97281419,171.3158859,1.361738999,28.32570189,404.137529,1,440.5998951,435.2180142,12843.77561,1,12.48017986,30.62110254,17.83857724,4.46253577,11.87997076,0.478289106,0.101808548,3663.535947,7.526863486,82.4378838,80.40894307,89.13862475,251.8358122,172.3288421,394.8106379,0.536196258,18.97472913,98.06527293,57.38811081
2007,Aleppo,Al_Bab,3,3134,3134,14191,4528.079132,0.223794265,2.70647827,512.0387987,13.97281419,171.3158859,1.361738999,28.32570189,404.137529,1,440.5998951,435.2180142,12843.77561,1,12.48017986,30.62110254,17.83857724,4.46253577,11.87997076,0.478289106,0.101808548,3663.535947,7.526863486,82.4378838,80.40894307,89.13862475,251.8358122,172.3288421,394.8106379,0.536196258,18.97472913,98.06527293,57.38811081
2007,Aleppo,Al_Bab,4,1282,1282,4916,3834.633385,0.223794265,2.70647827,512.0387987,13.97281419,171.3158859,1.361738999,28.32570189,404.137529,1,440.5998951,435.2180142,12843.77561,1,12.48017986,30.62110254,17.83857724,4.46253577,11.87997076,0.478289106,0.101808548,3663.535947,7.526863486,82.4378838,80.40894307,89.13862475,251.8358122,172.3288421,394.8106379,0.536196258,18.97472913,98.06527293,57.38811081
2007,Aleppo,As_Safira,2,2316,2316,8933,3857.081174,0.226229514,2.727688396,456.299557,12.50202521,194.0542344,1.456944439,23.81607607,339.9130212,1,386.7828001,382.3177388,13180.31056,1,58.56984464,30.3292621,18.30598688,5.414454643,10.47411383,0.340847961,0.060963917,3648.805126,7.634697244,78.8434252,77.9617139,82.03534485,234.5414825,209.796782,447.6738108,1.021027812,12.3940763,95.39436066,61.3127161
2007,Aleppo,As_Safira,3,2745,2745,11804,4300.182149,0.226229514,2.727688396,456.299557,12.50202521,194.0542344,1.456944439,23.81607607,339.9130212,1,386.7828001,382.3177388,13180.31056,1,58.56984464,30.3292621,18.30598688,5.414454643,10.47411383,0.340847961,0.060963917,3648.805126,7.634697244,78.8434252,77.9617139,82.03534485,234.5414825,209.796782,447.6738108,1.021027812,12.3940763,95.39436066,61.3127161
2007,Aleppo,As_Safira,4,288,288,1088,3777.777778,0.226229514,2.727688396,456.299557,12.50202521,194.0542344,1.456944439,23.81607607,339.9130212,1,386.7828001,382.3177388,13180.31056,1,58.56984464,30.3292621,18.30598688,5.414454643,10.47411383,0.340847961,0.060963917,3648.805126,7.634697244,78.8434252,77.9617139,82.03534485,234.5414825,209.796782,447.6738108,1.021027812,12.3940763,95.39436066,61.3127161
2007,Aleppo,As_Safira,5,250,250,875,3500,0.226229514,2.727688396,456.299557,12.50202521,194.0542344,1.456944439,23.81607607,339.9130212,1,386.7828001,382.3177388,13180.31056,1,58.56984464,30.3292621,18.30598688,5.414454643,10.47411383,0.340847961,0.060963917,3648.805126,7.634697244,78.8434252,77.9617139,82.03534485,234.5414825,209.796782,447.6738108,1.021027812,12.3940763,95.39436066,61.3127161
2007,Aleppo,Azaz,1,2952,2952,8856,3000,0.121728487,2.146811382,689.2035742,18.58520782,180.5676029,1.396196968,30.36538609,429.7996425,1,481.8095159,545.7112373,12331.34245,1,12.33630082,29.84623108,17.12686451,4.032263728,14.72099854,0.657211515,0.143902225,3707.344726,7.471901984,84.26993387,76.64265539,95.28963026,327.6101433,165.5478602,396.9674719,0.559398203,24.25735487,97.8677972,30.7875817
2007,Aleppo,Azaz,2,471,471,1413,3000,0.121728487,2.146811382,689.2035742,18.58520782,180.5676029,1.396196968,30.36538609,429.7996425,1,481.8095159,545.7112373,12331.34245,1,12.33630082,29.84623108,17.12686451,4.032263728,14.72099854,0.657211515,0.143902225,3707.344726,7.471901984,84.26993387,76.64265539,95.28963026,327.6101433,165.5478602,396.9674719,0.559398203,24.25735487,97.8677972,30.7875817
2007,Aleppo,Jarablus,2,986,986,3407,3455.375254,0.056313267,1.389591551,556.2533961,14.93497183,123.911363,1.374076188,31.59740814,433.9335195,1,453.0262094,396.0397108,12900.13001,1,19.54434174,32.00957298,17.91684724,3.311987098,10.64037379,0.50430863,0.108251415,3723.502479,7.473535251,84.21549162,78.46507467,94.33377934,272.5773875,151.8135123,395.6820817,0.731704106,17.89025411,97.61801579,86.86344794
2007,Aleppo,Jebel_Saman,1,4686,4686,18744,4000,0.320135248,3.90953411,636.1562011,17.79380047,185.7492815,1.399045613,26.85095306,367.0160671,1,348.6130778,453.3305249,12937.51534,1,24.0041333,29.82169878,17.9687713,5.329610052,12.67583751,0.463034267,0.090503266,3574.156427,7.511498758,82.95004141,74.98280623,90.6511904,302.5689137,183.2856532,401.209007,0.780531933,17.98196178,97.32130686,28.18423019
2007,Aleppo,Jebel_Saman,2,14819,14819,59276,4000,0.320135248,3.90953411,636.1562011,17.79380047,185.7492815,1.399045613,26.85095306,367.0160671,1,348.6130778,453.3305249,12937.51534,1,24.0041333,29.82169878,17.9687713,5.329610052,12.67583751,0.463034267,0.090503266,3574.156427,7.511498758,82.95004141,74.98280623,90.6511904,302.5689137,183.2856532,401.209007,0.780531933,17.98196178,97.32130686,28.18423019
2007,Aleppo,Jebel_Saman,3,2067,2067,8266,3999.032414,0.320135248,3.90953411,636.1562011,17.79380047,185.7492815,1.399045613,26.85095306,367.0160671,1,348.6130778,453.3305249,12937.51534,1,24.0041333,29.82169878,17.9687713,5.329610052,12.67583751,0.463034267,0.090503266,3574.156427,7.511498758,82.95004141,74.98280623,90.6511904,302.5689137,183.2856532,401.209007,0.780531933,17.98196178,97.32130686,28.18423019
2007,Aleppo,Jebel_Saman,4,670,670,2680,4000,0.320135248,3.90953411,636.1562011,17.79380047,185.7492815,1.399045613,26.85095306,367.0160671,1,348.6130778,453.3305249,12937.51534,1,24.0041333,29.82169878,17.9687713,5.329610052,12.67583751,0.463034267,0.090503266,3574.156427,7.511498758,82.95004141,74.98280623,90.6511904,302.5689137,183.2856532,401.209007,0.780531933,17.98196178,97.32130686,28.18423019
2007,Aleppo,Menbij,2,374,374,1537,4109.625668,0.476099108,4.018173677,420.5468864,11.21492787,173.279788,1.406754586,24.018397,332.4689528,1,397.1956572,375.3720158,13257.36338,1,17.60715977,31.13608958,18.4130047,4.904236411,10.01575685,0.352870943,0.067495232,3748.884898,7.618434657,79.38551142,77.71749873,85.85549489,217.2221057,198.2878033,437.4207931,0.49517755,12.11218955,94.7828303,92.68040719
2007,Aleppo,Menbij,3,171,171,902,5274.853801,0.476099108,4.018173677,420.5468864,11.21492787,173.279788,1.406754586,24.018397,332.4689528,1,397.1956572,375.3720158,13257.36338,1,17.60715977,31.13608958,18.4130047,4.904236411,10.01575685,0.352870943,0.067495232,3748.884898,7.618434657,79.38551142,77.71749873,85.85549489,217.2221057,198.2878033,437.4207931,0.49517755,12.11218955,94.7828303,92.68040719
2007,Aleppo,Menbij,4,845,845,3793,4488.757396,0.476099108,4.018173677,420.5468864,11.21492787,173.279788,1.406754586,24.018397,332.4689528,1,397.1956572,375.3720158,13257.36338,1,17.60715977,31.13608958,18.4130047,4.904236411,10.01575685,0.352870943,0.067495232,3748.884898,7.618434657,79.38551142,77.71749873,85.85549489,217.2221057,198.2878033,437.4207931,0.49517755,12.11218955,94.7828303,92.68040719
2007,Aleppo,Menbij,5,275,275,1155,4200,0.476099108,4.018173677,420.5468864,11.21492787,173.279788,1.406754586,24.018397,332.4689528,1,397.1956572,375.3720158,13257.36338,1,17.60715977,31.13608958,18.4130047,4.904236411,10.01575685,0.352870943,0.067495232,3748.884898,7.618434657,79.38551142,77.71749873,85.85549489,217.2221057,198.2878033,437.4207931,0.49517755,12.11218955,94.7828303,92.68040719
2007,As_Suweida,As_Suwayda,2,127,127,635,5000,0.245068348,2.898837435,399.3996167,9.01326702,164.7488635,1.44067499,22.83274428,379.7186382,1,936.6083153,290.9394791,12229.84037,1,132.549277,26.7306811,16.98588941,5.977828112,6.591092217,0.241448217,0.029861362,4430.241367,7.882238542,70.59204861,98.29180184,84.05844132,211.89507,218.1895834,401.1968401,1.365785859,8.704768714,97.06222517,36.89205703
2007,As_Suweida,Salkhad,2,12,12,39,3250,0.19678529,2.476461818,366.1068717,8.222102269,175.7154581,1.445399312,22.89129271,345.5826409,1,1096.653045,290.0578663,11955.48281,1,151.5089895,26.36121227,16.60483724,5.516902923,6.542573484,0.212285183,0.023777116,4451.716103,7.899676731,70.01077564,103.5882012,81.17249193,195.8910269,268.1481021,387.011929,1.285466681,8.340411369,94.88478423,38.32058288
2007,As_Suweida,Shahba,2,13,13,52,4000,0.197527256,2.191659403,409.2474261,9.582971568,172.1533402,1.451189377,19.92857504,355.5120454,1,812.086703,288.208825,12396.95182,1,62.52582608,27.09829976,17.21798864,6.081760103,6.759088862,0.216678232,0.03020573,4269.569136,7.921607895,69.27973685,89.8356832,84.31060125,223.275331,217.4198839,427.8247932,0.996377189,7.542191094,98.38850651,8.194029851
2007,As_Suweida,Shahba,3,10,10,40,4000,0.197527256,2.191659403,409.2474261,9.582971568,172.1533402,1.451189377,19.92857504,355.5120454,1,812.086703,288.208825,12396.95182,1,62.52582608,27.09829976,17.21798864,6.081760103,6.759088862,0.216678232,0.03020573,4269.569136,7.921607895,69.27973685,89.8356832,84.31060125,223.275331,217.4198839,427.8247932,0.996377189,7.542191094,98.38850651,8.194029851
2007,Damascus,Al_Ghutta,3,2253,2253,10698,4748.335553,0.011843117,0.558468679,423.560266,10.99231298,106.1618312,1.291118521,15.97295861,315.6253218,1,651.6936639,524.4457291,12428.98159,1,6.349500264,28.03877817,17.26247442,5.367716907,13.63356719,0.466934291,0.054707254,3852.240596,7.702316985,76.58943385,83.06407956,82.99452399,223.0378623,178.6231764,388.861443,0.350493747,15.36100502,98.64271099,4.8
2007,Damascus,Al_Ghutta,4,171,171,851,4976.608187,0.011843117,0.558468679,423.560266,10.99231298,106.1618312,1.291118521,15.97295861,315.6253218,1,651.6936639,524.4457291,12428.98159,1,6.349500264,28.03877817,17.26247442,5.367716907,13.63356719,0.466934291,0.054707254,3852.240596,7.702316985,76.58943385,83.06407956,82.99452399,223.0378623,178.6231764,388.861443,0.350493747,15.36100502,98.64271099,4.8
2007,Damascus,Al_Ghutta,5,497,497,2700,5432.595573,0.011843117,0.558468679,423.560266,10.99231298,106.1618312,1.291118521,15.97295861,315.6253218,1,651.6936639,524.4457291,12428.98159,1,6.349500264,28.03877817,17.26247442,5.367716907,13.63356719,0.466934291,0.054707254,3852.240596,7.702316985,76.58943385,83.06407956,82.99452399,223.0378623,178.6231764,388.861443,0.350493747,15.36100502,98.64271099,4.8
2007,Damascus,Al_Qutayfah,5,200,200,900,4500,0.165290463,2.05625535,331.5484884,8.431042356,195.5281875,1.44431954,15.13843505,319.6985667,1,995.3053148,348.2387319,11617.23475,1,127.2432106,27.24328709,16.13504826,4.621541608,8.883834134,0.150756436,0.013510048,3931.473286,7.89758494,70.08050201,74.39306951,78.64298091,174.7536888,244.8824899,435.20357,2.859481548,8.87439493,92.20027577,2.858974359
2007,Damascus,At_Tall,2,10,10,17,1700,0.044028509,1.064884239,598.1997841,15.4801044,162.1199029,1.40030382,25.61268638,363.9933535,1,1466.66102,401.1765901,9596.621189,1,145.3541383,23.9279815,13.32864054,2.48703119,10.38763294,0.217638651,0.02421869,3863.31363,7.636543834,78.78187219,84.0128678,88.5161782,312.9370316,274.0306517,362.7005117,3.630504348,17.15543139,76.16366023,1.666666667
2007,Damascus,At_Tall,3,7,7,14,2000,0.044028509,1.064884239,598.1997841,15.4801044,162.1199029,1.40030382,25.61268638,363.9933535,1,1466.66102,401.1765901,9596.621189,1,145.3541383,23.9279815,13.32864054,2.48703119,10.38763294,0.217638651,0.02421869,3863.31363,7.636543834,78.78187219,84.0128678,88.5161782,312.9370316,274.0306517,362.7005117,3.630504348,17.15543139,76.16366023,1.666666667
2007,Damascus,At_Tall,4,1,1,3,3000,0.044028509,1.064884239,598.1997841,15.4801044,162.1199029,1.40030382,25.61268638,363.9933535,1,1466.66102,401.1765901,9596.621189,1,145.3541383,23.9279815,13.32864054,2.48703119,10.38763294,0.217638651,0.02421869,3863.31363,7.636543834,78.78187219,84.0128678,88.5161782,312.9370316,274.0306517,362.7005117,3.630504348,17.15543139,76.16366023,1.666666667
2007,Damascus,Az_Zabdani,1,76,76,290,3815.789474,0.060455564,1.268423947,786.0054248,19.99321709,181.4811797,1.350758075,29.73442299,406.6926124,1,1549.684822,474.0907566,9102.823904,1,364.1754447,22.77482718,12.64281017,2.229141294,12.08420973,0.285208619,0.047354689,3930.360428,7.486507827,83.78307244,89.61647065,92.62572316,409.8214657,271.265393,322.8236739,6.230150135,23.98346865,72.24462954,59.03225806
2007,Damascus,Darayya,3,25,25,132,5280,0.012423869,0.610406653,454.9069665,11.58171124,92.7628682,1.315842328,23.5269942,377.8860652,1,680.7773842,391.5373663,12090.34925,1,9.388939721,27.37340422,16.79215174,5.214956064,10.01703022,0.333993545,0.044775069,3926.804424,7.775299427,74.15668578,83.02343662,83.86207248,242.3255839,142.5483663,397.8240084,0.699756804,11.61850321,95.95515282,3.25
2007,Damascus,Darayya,4,99,99,581,5868.686869,0.012423869,0.610406653,454.9069665,11.58171124,92.7628682,1.315842328,23.5269942,377.8860652,1,680.7773842,391.5373663,12090.34925,1,9.388939721,27.37340422,16.79215174,5.214956064,10.01703022,0.333993545,0.044775069,3926.804424,7.775299427,74.15668578,83.02343662,83.86207248,242.3255839,142.5483663,397.8240084,0.699756804,11.61850321,95.95515282,3.25
2007,Damascus,Duma,4,28,28,112,4000,1.143833319,5.36296028,277.83916,6.408510671,183.2223843,1.439790063,15.24508473,435.0312031,1,671.3370843,273.864854,13106.15279,1,24.50940844,29.13820228,18.20298998,5.866491936,6.553260443,0.138557265,0.010982545,4334.471599,7.9788694,67.37102002,85.12809992,73.56115783,155.1926385,156.4332399,408.6870532,0.494037748,7.515456491,95.9829144,20.17542504
2007,Damascus,Duma,5,6053,6053,26857,4436.973402,1.143833319,5.36296028,277.83916,6.408510671,183.2223843,1.439790063,15.24508473,435.0312031,1,671.3370843,273.864854,13106.15279,1,24.50940844,29.13820228,18.20298998,5.866491936,6.553260443,0.138557265,0.010982545,4334.471599,7.9788694,67.37102002,85.12809992,73.56115783,155.1926385,156.4332399,408.6870532,0.494037748,7.515456491,95.9829144,20.17542504
2007,Damascus,Qatana,1,788,788,3956,5020.304569,0.093841203,1.750152374,749.4779501,18.65741882,126.6999471,1.390187794,33.83029859,446.2725683,1,1076.168708,429.0006388,10677.55206,1,134.8032696,24.76603782,14.82993341,4.237023285,10.71889413,0.337610308,0.052550708,4016.050576,7.631263536,78.95788213,93.75599563,90.63485879,396.462884,198.523565,355.7564594,3.240654984,17.95975534,84.74247665,10.25471698
2007,Damascus,Qatana,2,1967,1967,11816,6007.117438,0.093841203,1.750152374,749.4779501,18.65741882,126.6999471,1.390187794,33.83029859,446.2725683,1,1076.168708,429.0006388,10677.55206,1,134.8032696,24.76603782,14.82993341,4.237023285,10.71889413,0.337610308,0.052550708,4016.050576,7.631263536,78.95788213,93.75599563,90.63485879,396.462884,198.523565,355.7564594,3.240654984,17.95975534,84.74247665,10.25471698
2007,Damascus,Qatana,3,444,444,2718,6121.621622,0.093841203,1.750152374,749.4779501,18.65741882,126.6999471,1.390187794,33.83029859,446.2725683,1,1076.168708,429.0006388,10677.55206,1,134.8032696,24.76603782,14.82993341,4.237023285,10.71889413,0.337610308,0.052550708,4016.050576,7.631263536,78.95788213,93.75599563,90.63485879,396.462884,198.523565,355.7564594,3.240654984,17.95975534,84.74247665,10.25471698
2007,Damascus,Yabrud,2,90,90,415,4611.111111,0.055958524,1.256549001,693.6564866,18.33896008,151.1400992,1.388098698,24.46438451,298.4432339,1,1851.02324,450.3316527,8340.571955,1,231.2609004,22.38650118,11.57770632,0.887231717,11.90665958,0.1768117,0.029364808,3781.41996,7.507783175,83.07389417,96.16914503,87.54130625,364.2008529,327.2389854,375.052399,3.28542421,18.12267988,66.15832184,3.666666667
2007,Damascus,Yabrud,3,23,23,103,4478.26087,0.055958524,1.256549001,693.6564866,18.33896008,151.1400992,1.388098698,24.46438451,298.4432339,1,1851.02324,450.3316527,8340.571955,1,231.2609004,22.38650118,11.57770632,0.887231717,11.90665958,0.1768117,0.029364808,3781.41996,7.507783175,83.07389417,96.16914503,87.54130625,364.2008529,327.2389854,375.052399,3.28542421,18.12267988,66.15832184,3.666666667
2007,Dara,As_Sanamayn,1,250,250,505,2020,0.126365387,2.232014688,507.1570767,12.01003478,180.1350323,1.464749006,30.99856142,436.994746,1,676.2522372,327.9905845,12256.30055,1,14.37105451,26.70280974,17.02263966,6.198652417,7.761409485,0.321854147,0.053901285,4221.777752,7.860602751,71.31324164,89.22940162,84.41578276,260.9155,132.4975201,430.6093861,0.669011199,10.00010737,97.27222662,28.32124352
2007,Dara,As_Sanamayn,2,650,650,1842,2833.846154,0.126365387,2.232014688,507.1570767,12.01003478,180.1350323,1.464749006,30.99856142,436.994746,1,676.2522372,327.9905845,12256.30055,1,14.37105451,26.70280974,17.02263966,6.198652417,7.761409485,0.321854147,0.053901285,4221.777752,7.860602751,71.31324164,89.22940162,84.41578276,260.9155,132.4975201,430.6093861,0.669011199,10.00010737,97.27222662,28.32124352
2007,Dara,As_Sanamayn,3,130,130,350,2692.307692,0.126365387,2.232014688,507.1570767,12.01003478,180.1350323,1.464749006,30.99856142,436.994746,1,676.2522372,327.9905845,12256.30055,1,14.37105451,26.70280974,17.02263966,6.198652417,7.761409485,0.321854147,0.053901285,4221.777752,7.860602751,71.31324164,89.22940162,84.41578276,260.9155,132.4975201,430.6093861,0.669011199,10.00010737,97.27222662,28.32124352
2007,Dara,As_Sanamayn,4,90,90,242,2688.888889,0.126365387,2.232014688,507.1570767,12.01003478,180.1350323,1.464749006,30.99856142,436.994746,1,676.2522372,327.9905845,12256.30055,1,14.37105451,26.70280974,17.02263966,6.198652417,7.761409485,0.321854147,0.053901285,4221.777752,7.860602751,71.31324164,89.22940162,84.41578276,260.9155,132.4975201,430.6093861,0.669011199,10.00010737,97.27222662,28.32124352
2007,Dara,Dara,1,2821,2821,9563,3389.932648,0.151895403,2.467237111,508.5611816,12.50354897,247.890732,1.46774472,34.72026577,423.6944089,1,594.8481838,384.9303006,12340.2879,1,31.20078753,25.84571013,17.13928875,7.161905098,9.482106181,0.369647287,0.054261794,4066.334664,7.877365296,70.75449014,98.86292948,82.94886952,259.8456006,127.803691,442.0431636,0.879878166,12.29504118,97.93879283,40.20714807
2007,Dara,Dara,2,7511,7511,21767,2898.016243,0.151895403,2.467237111,508.5611816,12.50354897,247.890732,1.46774472,34.72026577,423.6944089,1,594.8481838,384.9303006,12340.2879,1,31.20078753,25.84571013,17.13928875,7.161905098,9.482106181,0.369647287,0.054261794,4066.334664,7.877365296,70.75449014,98.86292948,82.94886952,259.8456006,127.803691,442.0431636,0.879878166,12.29504118,97.93879283,40.20714807
2007,Dara,Dara,3,200,200,584,2920,0.151895403,2.467237111,508.5611816,12.50354897,247.890732,1.46774472,34.72026577,423.6944089,1,594.8481838,384.9303006,12340.2879,1,31.20078753,25.84571013,17.13928875,7.161905098,9.482106181,0.369647287,0.054261794,4066.334664,7.877365296,70.75449014,98.86292948,82.94886952,259.8456006,127.803691,442.0431636,0.879878166,12.29504118,97.93879283,40.20714807
2007,Dara,Izra,1,2100,2100,6962,3315.238095,0.087018771,1.658654183,539.7499324,12.80136253,217.4263142,1.470306952,41.10287596,441.4595726,1,594.9833148,385.4828623,12256.67914,1,10.9531787,26.03277195,17.02316548,6.816284411,9.154702162,0.493892204,0.090660195,4215.347528,7.923266829,69.22443902,97.01264531,84.25584635,270.0526998,92.06481307,460.4442333,0.522892419,12.7609944,97.27523129,44.50057937
2007,Dara,Izra,2,920,920,2668,2900,0.087018771,1.658654183,539.7499324,12.80136253,217.4263142,1.470306952,41.10287596,441.4595726,1,594.9833148,385.4828623,12256.67914,1,10.9531787,26.03277195,17.02316548,6.816284411,9.154702162,0.493892204,0.090660195,4215.347528,7.923266829,69.22443902,97.01264531,84.25584635,270.0526998,92.06481307,460.4442333,0.522892419,12.7609944,97.27523129,44.50057937
2007,Dayr_Az_Zor,Abu_Kamal,5,1772,1772,6677,3768.058691,0.326690195,2.534252196,369.2400614,8.047724088,145.9024177,1.474952341,15.51213228,316.9541986,1,199.0450865,326.4202275,15427.72853,1,17.05196237,34.63589799,21.42740074,6.311871265,7.138183671,0.20384278,0.026821602,4587.130226,7.914785937,69.50713545,108.565922,76.49222417,177.1624444,210.3167699,473.4703945,0.275403663,8.147721895,77.55771008,64.43444099
2007,Dayr_Az_Zor,Al_Mayadin,5,3692,3692,15078,4083.96533,0.846879854,4.706853339,306.8067,6.8330012,106.9848781,1.464284982,15.16950876,321.6518012,1,284.7469964,342.0697265,14907.16222,1,13.44925992,33.66391704,20.70439197,6.10854458,7.642677282,0.158206221,0.013074769,4489.072385,7.935538403,68.81538657,94.60665979,74.55179549,155.4417755,226.8776377,452.2255759,0.231444592,7.050522461,81.68918876,65.76879408
2007,Dayr_Az_Zor,Dayr_Az_Zor,4,670,670,2419,3610.447761,1.527438458,6.266817637,336.5240054,7.777664144,160.6562038,1.475571533,17.45613594,279.0580926,1,311.6110564,350.5415221,14516.84215,1,24.94088817,33.47158026,20.16228076,5.650701827,8.135405301,0.188379616,0.02476865,4325.800427,7.945084905,68.49716985,87.39853142,81.95767319,170.6842754,267.81461,453.5383851,0.441646162,7.406680906,84.78696708,59.82997528
2007,Dayr_Az_Zor,Dayr_Az_Zor,5,19650,19650,72018,3665.038168,1.527438458,6.266817637,336.5240054,7.777664144,160.6562038,1.475571533,17.45613594,279.0580926,1,311.6110564,350.5415221,14516.84215,1,24.94088817,33.47158026,20.16228076,5.650701827,8.135405301,0.188379616,0.02476865,4325.800427,7.945084905,68.49716985,87.39853142,81.95767319,170.6842754,267.81461,453.5383851,0.441646162,7.406680906,84.78696708,59.82997528
2007,Hama,Al_Ghab,1,37983,37983,182471,4804.017587,0.049595436,1.643165164,1245.377594,37.3078176,139.7759455,1.347860465,28.59829587,349.5799349,1,352.189296,904.8575358,11848.50444,1,139.7020723,26.2665459,16.45625617,5.727106143,27.05156548,0.723841319,0.127098025,3337.114298,6.782044179,92.73480597,76.35516097,107.6308291,605.274147,280.5196852,361.9957542,4.508295663,42.21571718,94.03574954,35.28868661
2007,Hama,As_Salamiyeh,2,1388,1388,4552,3279.538905,0.504159747,4.926087865,432.6037793,12.18490384,191.2833095,1.455325727,20.3416433,317.9445519,1,514.8899545,379.5329863,12756.40291,1,39.708665,29.05492297,17.71722626,5.613369329,10.68603302,0.255724947,0.041103575,3549.325757,7.805379097,73.15403011,77.41351669,84.56895806,230.4551988,260.9011364,420.1232357,0.788382027,9.040582617,98.7587071,29.78971963
2007,Hama,As_Salamiyeh,3,833,833,2099,2519.807923,0.504159747,4.926087865,432.6037793,12.18490384,191.2833095,1.455325727,20.3416433,317.9445519,1,514.8899545,379.5329863,12756.40291,1,39.708665,29.05492297,17.71722626,5.613369329,10.68603302,0.255724947,0.041103575,3549.325757,7.805379097,73.15403011,77.41351669,84.56895806,230.4551988,260.9011364,420.1232357,0.788382027,9.040582617,98.7587071,29.78971963
2007,Hama,As_Salamiyeh,4,478,478,1703,3562.761506,0.504159747,4.926087865,432.6037793,12.18490384,191.2833095,1.455325727,20.3416433,317.9445519,1,514.8899545,379.5329863,12756.40291,1,39.708665,29.05492297,17.71722626,5.613369329,10.68603302,0.255724947,0.041103575,3549.325757,7.805379097,73.15403011,77.41351669,84.56895806,230.4551988,260.9011364,420.1232357,0.788382027,9.040582617,98.7587071,29.78971963
2007,Hama,Hama,1,7599,7599,32736,4307.935255,0.227677668,4.733216797,653.7140147,18.34094918,192.7904067,1.455316559,28.89107986,399.9433813,1,367.8882638,440.0542885,12881.6882,1,25.04294796,28.66779653,17.89123361,6.232395661,12.33200658,0.472408141,0.096188637,3563.23219,7.530149647,82.32834509,74.0828691,91.37799779,323.5896355,199.991121,385.7041579,0.890006436,18.48653952,97.76437937,22.43352601
2007,Hama,Hama,2,8649,8649,37753,4365.013296,0.227677668,4.733216797,653.7140147,18.34094918,192.7904067,1.455316559,28.89107986,399.9433813,1,367.8882638,440.0542885,12881.6882,1,25.04294796,28.66779653,17.89123361,6.232395661,12.33200658,0.472408141,0.096188637,3563.23219,7.530149647,82.32834509,74.0828691,91.37799779,323.5896355,199.991121,385.7041579,0.890006436,18.48653952,97.76437937,22.43352601
2007,Hama,Hama,3,1309,1309,4746,3625.668449,0.227677668,4.733216797,653.7140147,18.34094918,192.7904067,1.455316559,28.89107986,399.9433813,1,367.8882638,440.0542885,12881.6882,1,25.04294796,28.66779653,17.89123361,6.232395661,12.33200658,0.472408141,0.096188637,3563.23219,7.530149647,82.32834509,74.0828691,91.37799779,323.5896355,199.991121,385.7041579,0.890006436,18.48653952,97.76437937,22.43352601
2007,Hama,Hama,4,1887,1887,6935,3675.145734,0.227677668,4.733216797,653.7140147,18.34094918,192.7904067,1.455316559,28.89107986,399.9433813,1,367.8882638,440.0542885,12881.6882,1,25.04294796,28.66779653,17.89123361,6.232395661,12.33200658,0.472408141,0.096188637,3563.23219,7.530149647,82.32834509,74.0828691,91.37799779,323.5896355,199.991121,385.7041579,0.890006436,18.48653952,97.76437937,22.43352601
2007,Hama,Masyaf,1,485,485,1740,3587.628866,0.076403686,1.92474214,1292.180733,36.57346659,150.0452924,1.353623889,29.44578727,387.4121925,1,532.6863029,754.6732187,11689.06273,1,139.1245061,25.78483074,16.23480935,5.852436053,21.36395604,0.614485351,0.092641626,3532.109803,6.889563149,96.31877164,79.95761963,98.48495896,631.2250238,261.5816804,350.4100182,3.339515959,38.59856987,92.77033913,5.952755906
2007,Hama,Muhradah,1,7035,7035,36385,5171.997157,0.05125136,1.195215355,847.8594204,24.52435888,210.5076775,1.449025265,33.05226761,439.5914949,1,254.483542,730.9645221,12818.92484,1,22.9822089,28.09254571,17.80406228,6.526291394,21.18288029,0.669322541,0.130731811,3456.213395,7.358416593,88.05278024,75.48408735,95.76774122,413.3338131,196.6763121,347.9956241,0.787416154,25.49695415,98.26250127,10.50963597
2007,Hassakeh,Al_Malika,1,3515,3515,13498,3840.113798,0.273788898,2.626098262,1054.311668,23.40294949,177.7179584,1.393407522,35.81191186,396.1542193,1,442.2589019,415.5652977,13253.5204,1,11.47143655,33.91081287,18.40766722,2.359439492,9.239683812,0.692210858,0.154705117,4504.037575,7.401004555,86.63318149,87.03392106,94.65819672,549.0247466,182.2285639,417.2135132,0.627665989,23.0979689,94.81333019,71.48066457
2007,Hassakeh,Al_Malika,2,30,30,93,3100,0.273788898,2.626098262,1054.311668,23.40294949,177.7179584,1.393407522,35.81191186,396.1542193,1,442.2589019,415.5652977,13253.5204,1,11.47143655,33.91081287,18.40766722,2.359439492,9.239683812,0.692210858,0.154705117,4504.037575,7.401004555,86.63318149,87.03392106,94.65819672,549.0247466,182.2285639,417.2135132,0.627665989,23.0979689,94.81333019,71.48066457
2007,Hassakeh,Hassakeh,1,1043,1043,2384,2285.714286,1.234999017,5.292191536,551.2765435,12.70697042,179.2026918,1.453912692,22.75778998,312.1287676,1,352.2277754,300.6162007,14323.12764,1,19.1175947,34.14789318,19.89323284,4.751904919,6.951056889,0.273837244,0.04295389,4337.379058,7.76640865,74.453045,88.43511336,91.63044482,284.2048548,232.8497925,449.1236429,0.493960645,10.83503123,86.3243838,55.44769984
2007,Hassakeh,Hassakeh,2,17386,17386,62642,3603.013919,1.234999017,5.292191536,551.2765435,12.70697042,179.2026918,1.453912692,22.75778998,312.1287676,1,352.2277754,300.6162007,14323.12764,1,19.1175947,34.14789318,19.89323284,4.751904919,6.951056889,0.273837244,0.04295389,4337.379058,7.76640865,74.453045,88.43511336,91.63044482,284.2048548,232.8497925,449.1236429,0.493960645,10.83503123,86.3243838,55.44769984
2007,Hassakeh,Hassakeh,3,3979,3979,14654,3682.834883,1.234999017,5.292191536,551.2765435,12.70697042,179.2026918,1.453912692,22.75778998,312.1287676,1,352.2277754,300.6162007,14323.12764,1,19.1175947,34.14789318,19.89323284,4.751904919,6.951056889,0.273837244,0.04295389,4337.379058,7.76640865,74.453045,88.43511336,91.63044482,284.2048548,232.8497925,449.1236429,0.493960645,10.83503123,86.3243838,55.44769984
2007,Hassakeh,Hassakeh,4,10288,10288,31389,3051.030327,1.234999017,5.292191536,551.2765435,12.70697042,179.2026918,1.453912692,22.75778998,312.1287676,1,352.2277754,300.6162007,14323.12764,1,19.1175947,34.14789318,19.89323284,4.751904919,6.951056889,0.273837244,0.04295389,4337.379058,7.76640865,74.453045,88.43511336,91.63044482,284.2048548,232.8497925,449.1236429,0.493960645,10.83503123,86.3243838,55.44769984
2007,Hassakeh,Hassakeh,5,15319,15319,47550,3103.988511,1.234999017,5.292191536,551.2765435,12.70697042,179.2026918,1.453912692,22.75778998,312.1287676,1,352.2277754,300.6162007,14323.12764,1,19.1175947,34.14789318,19.89323284,4.751904919,6.951056889,0.273837244,0.04295389,4337.379058,7.76640865,74.453045,88.43511336,91.63044482,284.2048548,232.8497925,449.1236429,0.493960645,10.83503123,86.3243838,55.44769984
2007,Hassakeh,Quamishli,1,18432,18432,67627,3668.999566,0.384508781,3.376182941,850.3153288,19.32562456,189.6343908,1.4227755,32.71215887,381.6987929,1,387.3408823,372.9633276,13752.8998,1,4.224880292,34.24491754,19.10124972,3.329027071,8.499245581,0.627903736,0.130428877,4398.93712,7.499177245,83.3607585,85.6736499,93.75242356,432.7353746,188.6721752,424.1715544,0.236333983,15.93920513,90.85000161,2.151515152
2007,Hassakeh,Quamishli,2,521,521,1724,3309.021113,0.384508781,3.376182941,850.3153288,19.32562456,189.6343908,1.4227755,32.71215887,381.6987929,1,387.3408823,372.9633276,13752.8998,1,4.224880292,34.24491754,19.10124972,3.329027071,8.499245581,0.627903736,0.130428877,4398.93712,7.499177245,83.3607585,85.6736499,93.75242356,432.7353746,188.6721752,424.1715544,0.236333983,15.93920513,90.85000161,2.151515152
2007,Hassakeh,Quamishli,3,50,50,150,3000,0.384508781,3.376182941,850.3153288,19.32562456,189.6343908,1.4227755,32.71215887,381.6987929,1,387.3408823,372.9633276,13752.8998,1,4.224880292,34.24491754,19.10124972,3.329027071,8.499245581,0.627903736,0.130428877,4398.93712,7.499177245,83.3607585,85.6736499,93.75242356,432.7353746,188.6721752,424.1715544,0.236333983,15.93920513,90.85000161,2.151515152
2007,Hassakeh,Ras_Al_Ain,1,14568,14568,55417,3804.022515,0.383012451,4.287075453,624.2563751,15.03405944,181.239228,1.436138441,29.13638552,428.1986409,1,428.0325777,456.3052861,13607.32949,1,10.62784115,33.47848567,18.89906873,3.647773868,11.00493612,0.501818743,0.096453865,4151.280877,7.607914063,79.7361979,86.26520062,92.95071445,325.1500737,158.4989891,413.1203426,0.413294717,15.5378662,92.00532154,3.258706468
2007,Hassakeh,Ras_Al_Ain,2,24515,24515,91367,3726.98348,0.383012451,4.287075453,624.2563751,15.03405944,181.239228,1.436138441,29.13638552,428.1986409,1,428.0325777,456.3052861,13607.32949,1,10.62784115,33.47848567,18.89906873,3.647773868,11.00493612,0.501818743,0.096453865,4151.280877,7.607914063,79.7361979,86.26520062,92.95071445,325.1500737,158.4989891,413.1203426,0.413294717,15.5378662,92.00532154,3.258706468
2007,Hassakeh,Ras_Al_Ain,3,280,280,941,3360.714286,0.383012451,4.287075453,624.2563751,15.03405944,181.239228,1.436138441,29.13638552,428.1986409,1,428.0325777,456.3052861,13607.32949,1,10.62784115,33.47848567,18.89906873,3.647773868,11.00493612,0.501818743,0.096453865,4151.280877,7.607914063,79.7361979,86.26520062,92.95071445,325.1500737,158.4989891,413.1203426,0.413294717,15.5378662,92.00532154,3.258706468
2007,Homs,Al_Maghrim,2,58,58,237,4086.206897,0.306769432,2.913060825,378.148219,10.40074931,218.2032013,1.457191708,18.26401052,311.7343597,1,797.1330828,368.6178637,11632.79416,1,104.0896137,27.06665253,16.15665856,4.683454591,10.14256915,0.223772166,0.029908387,3634.778613,7.836838992,72.10536695,79.03394918,84.44187685,206.1176053,282.185961,406.7754786,1.39213165,8.706368852,92.3237632,23.70967742
2007,Homs,Al_Maghrim,3,55,55,252,4581.818182,0.306769432,2.913060825,378.148219,10.40074931,218.2032013,1.457191708,18.26401052,311.7343597,1,797.1330828,368.6178637,11632.79416,1,104.0896137,27.06665253,16.15665856,4.683454591,10.14256915,0.223772166,0.029908387,3634.778613,7.836838992,72.10536695,79.03394918,84.44187685,206.1176053,282.185961,406.7754786,1.39213165,8.706368852,92.3237632,23.70967742
2007,Homs,Al_Quasir,1,281,281,1054,3750.88968,0.079506691,1.850323115,732.7694285,19.49784682,228.7835016,1.423727806,26.81275048,398.4009405,1,596.8480096,459.4114726,11898.42519,1,19.08778159,26.85347359,16.52559054,5.791860155,12.27610019,0.466456215,0.078007714,3757.20692,7.575372583,80.8209139,83.44850379,93.83652866,391.5775764,214.1664714,361.619498,0.932790651,19.01649265,94.43194592,81.53370847
2007,Homs,Al_Quasir,2,1629,1629,7148,4387.968079,0.079506691,1.850323115,732.7694285,19.49784682,228.7835016,1.423727806,26.81275048,398.4009405,1,596.8480096,459.4114726,11898.42519,1,19.08778159,26.85347359,16.52559054,5.791860155,12.27610019,0.466456215,0.078007714,3757.20692,7.575372583,80.8209139,83.44850379,93.83652866,391.5775764,214.1664714,361.619498,0.932790651,19.01649265,94.43194592,81.53370847
2007,Homs,Al_Quasir,3,698,698,2530,3624.641834,0.079506691,1.850323115,732.7694285,19.49784682,228.7835016,1.423727806,26.81275048,398.4009405,1,596.8480096,459.4114726,11898.42519,1,19.08778159,26.85347359,16.52559054,5.791860155,12.27610019,0.466456215,0.078007714,3757.20692,7.575372583,80.8209139,83.44850379,93.83652866,391.5775764,214.1664714,361.619498,0.932790651,19.01649265,94.43194592,81.53370847
2007,Homs,Al_Quasir,4,52,52,147,2826.923077,0.079506691,1.850323115,732.7694285,19.49784682,228.7835016,1.423727806,26.81275048,398.4009405,1,596.8480096,459.4114726,11898.42519,1,19.08778159,26.85347359,16.52559054,5.791860155,12.27610019,0.466456215,0.078007714,3757.20692,7.575372583,80.8209139,83.44850379,93.83652866,391.5775764,214.1664714,361.619498,0.932790651,19.01649265,94.43194592,81.53370847
2007,Homs,Ar_Rastan,1,3739,3739,17106,4575.020059,0.023749721,0.879988685,646.4149658,17.54096184,217.7540281,1.490165194,31.51599766,455.9867872,1,435.4754306,479.3306465,12571.60205,1,32.93536539,27.68213435,17.4605584,6.442138367,12.97436004,0.511012487,0.096858987,3684.174003,7.628313312,79.05622294,78.77797468,93.04397963,327.4344533,194.2140276,350.5086574,1.105333487,20.10500042,99.77461945,64.92877493
2007,Homs,Ar_Rastan,2,29,29,73,2517.241379,0.023749721,0.879988685,646.4149658,17.54096184,217.7540281,1.490165194,31.51599766,455.9867872,1,435.4754306,479.3306465,12571.60205,1,32.93536539,27.68213435,17.4605584,6.442138367,12.97436004,0.511012487,0.096858987,3684.174003,7.628313312,79.05622294,78.77797468,93.04397963,327.4344533,194.2140276,350.5086574,1.105333487,20.10500042,99.77461945,64.92877493
2007,Homs,Homs,1,4024,4024,14237,3538.021869,0.661463232,5.466555194,419.909286,11.11377108,170.4993423,1.454793713,18.39390553,334.3746299,1,749.4069726,415.1934917,11550.27554,1,42.53240625,26.78196838,16.04204935,4.737318428,11.01611149,0.23835497,0.034474213,3777.279064,7.822295424,72.59015253,79.13312674,82.66417195,225.2451104,262.3261291,400.8940442,1.265880206,10.65134129,91.66885345,61.8628226
2007,Homs,Homs,2,475,475,2019,4250.526316,0.661463232,5.466555194,419.909286,11.11377108,170.4993423,1.454793713,18.39390553,334.3746299,1,749.4069726,415.1934917,11550.27554,1,42.53240625,26.78196838,16.04204935,4.737318428,11.01611149,0.23835497,0.034474213,3777.279064,7.822295424,72.59015253,79.13312674,82.66417195,225.2451104,262.3261291,400.8940442,1.265880206,10.65134129,91.66885345,61.8628226
2007,Homs,Homs,3,76,76,222,2921.052632,0.661463232,5.466555194,419.909286,11.11377108,170.4993423,1.454793713,18.39390553,334.3746299,1,749.4069726,415.1934917,11550.27554,1,42.53240625,26.78196838,16.04204935,4.737318428,11.01611149,0.23835497,0.034474213,3777.279064,7.822295424,72.59015253,79.13312674,82.66417195,225.2451104,262.3261291,400.8940442,1.265880206,10.65134129,91.66885345,61.8628226
2007,Homs,Homs,4,141,141,190,1347.51773,0.661463232,5.466555194,419.909286,11.11377108,170.4993423,1.454793713,18.39390553,334.3746299,1,749.4069726,415.1934917,11550.27554,1,42.53240625,26.78196838,16.04204935,4.737318428,11.01611149,0.23835497,0.034474213,3777.279064,7.822295424,72.59015253,79.13312674,82.66417195,225.2451104,262.3261291,400.8940442,1.265880206,10.65134129,91.66885345,61.8628226
2007,Homs,Homs,5,20,20,44,2200,0.661463232,5.466555194,419.909286,11.11377108,170.4993423,1.454793713,18.39390553,334.3746299,1,749.4069726,415.1934917,11550.27554,1,42.53240625,26.78196838,16.04204935,4.737318428,11.01611149,0.23835497,0.034474213,3777.279064,7.822295424,72.59015253,79.13312674,82.66417195,225.2451104,262.3261291,400.8940442,1.265880206,10.65134129,91.66885345,61.8628226
2007,Homs,Tadmor,5,1769,1769,7760,4386.659129,3.841744306,8.05403205,275.2100666,6.836876993,159.7105472,1.451686932,14.80853441,400.785848,1,615.4601233,260.5695742,13101.94595,1,66.07295238,30.08193124,18.19714715,5.185542035,6.501005731,0.148402105,0.011137772,4024.376892,7.963283185,67.8905605,90.02900526,74.82539507,154.3322751,192.9330692,406.9913066,0.714945106,6.814479757,96.01630201,12.93083756
2007,Homs,Tall_Kalakh,1,56,56,196,3500,0.061265386,1.382119937,1272.500735,34.84347315,213.4968276,1.371293035,28.50363662,371.8628808,1,462.9664108,710.9073213,12178.34761,1,86.9397267,26.12142373,16.91437168,6.979911135,19.51170217,0.663295845,0.115507754,3651.049064,7.036198454,98.79338486,83.35580699,100.5181481,619.9467607,256.0800903,370.1287946,2.899572474,38.32373734,96.65355246,63.89144317
2007,Idleb,Al_Jisr_Ash_Shu,1,1300,1300,4274,3287.692308,0.061795348,1.387996783,1136.571303,34.38658307,177.540447,1.380476929,27.89801472,304.6574213,1,349.3955892,643.9983281,12005.44391,1,101.3142959,26.74049093,16.67422766,5.459496395,19.46933862,0.579739059,0.091073268,3304.275493,6.711311118,90.37703725,81.04965385,105.9759834,521.268625,309.262822,377.4719518,3.793157673,40.90641577,95.2813009,19.55376344
2007,Idleb,Al_Mara,1,3027,3027,11255,3718.202841,0.219400577,2.789560748,763.7852246,21.97074738,161.5969773,1.44106543,30.50289991,387.8445436,1,426.7153644,461.2784282,12575.526,1,29.05957912,28.58499453,17.46600833,5.628497968,13.29732195,0.543119789,0.118740826,3475.373431,7.422356298,85.92145674,73.89392659,94.65793689,368.9814646,211.8633148,395.4624714,1.089096217,21.8826255,99.80576191,2.740740741
2007,Idleb,Al_Mara,2,2339,2339,7307,3123.984609,0.219400577,2.789560748,763.7852246,21.97074738,161.5969773,1.44106543,30.50289991,387.8445436,1,426.7153644,461.2784282,12575.526,1,29.05957912,28.58499453,17.46600833,5.628497968,13.29732195,0.543119789,0.118740826,3475.373431,7.422356298,85.92145674,73.89392659,94.65793689,368.9814646,211.8633148,395.4624714,1.089096217,21.8826255,99.80576191,2.740740741
2007,Idleb,Al_Mara,3,755,755,2196,2908.609272,0.219400577,2.789560748,763.7852246,21.97074738,161.5969773,1.44106543,30.50289991,387.8445436,1,426.7153644,461.2784282,12575.526,1,29.05957912,28.58499453,17.46600833,5.628497968,13.29732195,0.543119789,0.118740826,3475.373431,7.422356298,85.92145674,73.89392659,94.65793689,368.9814646,211.8633148,395.4624714,1.089096217,21.8826255,99.80576191,2.740740741
2007,Idleb,Ariha,1,1829,1829,7497,4098.961181,0.06189382,1.20144567,953.2886537,27.7987132,178.7756591,1.396585143,27.93576679,350.6523137,1,582.149967,507.8930049,11676.00397,1,87.67581128,27.03246052,16.21667218,4.816561107,14.83170158,0.45354512,0.071767736,3428.254609,7.15618642,94.79378601,81.58515532,98.76144421,439.7575664,264.1637633,380.2716742,2.592602428,31.56046909,92.6666982,35.35190616
2007,Idleb,Harim,1,1281,1281,4006,3127.24434,0.076955511,1.744823344,1026.818016,30.0580398,208.4698796,1.397594182,27.2782689,356.5012631,1,400.6489695,516.7556142,12178.38946,1,91.8753057,27.9768217,16.91442981,4.769658689,15.16385976,0.500768999,0.079018078,3415.117693,7.125463716,95.81787612,73.20561954,111.9005787,460.4930206,243.3845318,396.2349649,3.52892128,34.93256475,96.65388463,7.104166667
2007,Idleb,Idleb,1,6523,6523,29243,4483.059942,0.125820372,2.188331063,872.6529941,24.65116242,133.1604544,1.441830046,29.96636028,396.7139838,1,349.4829207,530.0742607,12580.63703,1,18.66965742,28.70785961,17.47310699,5.452744198,14.96072781,0.583313902,0.117897144,3539.007483,7.363514149,87.8828617,76.50249874,97.90903602,400.8943867,201.4720497,378.6673336,0.928862474,24.86059375,99.84632564,24.08243728
2007,Idleb,Idleb,2,794,794,4047,5096.97733,0.125820372,2.188331063,872.6529941,24.65116242,133.1604544,1.441830046,29.96636028,396.7139838,1,349.4829207,530.0742607,12580.63703,1,18.66965742,28.70785961,17.47310699,5.452744198,14.96072781,0.583313902,0.117897144,3539.007483,7.363514149,87.8828617,76.50249874,97.90903602,400.8943867,201.4720497,378.6673336,0.928862474,24.86059375,99.84632564,24.08243728
2007,Raqqa,Al_Thawrah,5,1642,1642,6937,4224.725944,0.166312937,1.915996577,363.2672467,9.303147366,159.7684893,1.190950364,17.04136252,252.4603217,1,365.9192606,315.7105319,13523.01713,1,14.81675015,31.46106726,18.78196824,5.196997851,8.088424478,0.284584001,0.056095601,3903.777947,7.560426275,81.31912416,78.45973854,85.06345975,190.4755312,193.9123706,366.1195327,0.562168467,8.629667024,92.6744672,97.73904029
2007,Raqqa,Raqqa,4,12690,12690,55417,4366.981875,1.050201469,5.964680642,333.5750505,8.294308239,176.8215937,1.445777656,18.21052889,260.1565394,1,346.2123061,381.4028869,13786.16951,1,26.05879584,32.01229776,19.14745766,5.308875711,9.499100077,0.217286393,0.031327564,4020.734434,7.943602406,68.54658646,77.44139965,84.26097052,184.5041121,252.812006,466.2953785,0.418199141,7.517291598,90.58595625,89.8962532
2007,Raqqa,Raqqa,5,13292,13292,67204,5055.973518,1.050201469,5.964680642,333.5750505,8.294308239,176.8215937,1.445777656,18.21052889,260.1565394,1,346.2123061,381.4028869,13786.16951,1,26.05879584,32.01229776,19.14745766,5.308875711,9.499100077,0.217286393,0.031327564,4020.734434,7.943602406,68.54658646,77.44139965,84.26097052,184.5041121,252.812006,466.2953785,0.418199141,7.517291598,90.58595625,89.8962532
2007,Raqqa,Tell_Abiad,2,8084,8084,33541,4149.059871,0.478825179,3.735158564,460.605813,11.43120755,188.9206138,1.450549568,27.03711738,400.1496788,1,371.821103,333.9294394,13773.44105,1,11.17783109,33.25059878,19.12977923,4.489144035,8.302525047,0.296320883,0.046453725,4028.371446,7.789701512,73.67661628,79.33258294,90.77306235,244.4782305,163.0030389,436.503596,0.353533461,11.88417515,90.68697581,33.28514589
2007,Raqqa,Tell_Abiad,3,1541,1541,3914,2539.90915,0.478825179,3.735158564,460.605813,11.43120755,188.9206138,1.450549568,27.03711738,400.1496788,1,371.821103,333.9294394,13773.44105,1,11.17783109,33.25059878,19.12977923,4.489144035,8.302525047,0.296320883,0.046453725,4028.371446,7.789701512,73.67661628,79.33258294,90.77306235,244.4782305,163.0030389,436.503596,0.353533461,11.88417515,90.68697581,33.28514589
2007,Tartous,Banyas,1,115,115,259,2252.173913,0.064347484,1.259569202,1619.260374,45.16770635,227.2029485,1.248880866,25.12215029,311.6023136,1,597.2024401,821.9897049,11492.22683,1,239.5189203,25.01593729,15.96142615,6.529279729,22.92723497,0.563251503,0.057309178,3583.995796,6.402940695,80.09802315,79.2003232,103.512972,798.2381015,311.2379664,363.3411414,4.321198421,51.28226288,91.20814944,78.70526316
2007,Tartous,Safita,1,71,71,160,2253.521127,0.047070335,1.157636077,1728.700329,48.50740426,212.2246192,1.350786518,24.81991989,329.6296751,1,294.0703481,776.8085309,12743.07818,1,85.74052064,26.21214527,17.6987197,8.474461955,21.81764205,0.610070283,0.07392368,3562.78651,6.807968775,93.59895915,82.63623157,106.6051151,822.1837973,291.9812893,377.4132804,2.351750182,44.6094789,98.86445886,76.62715679
2007,Tartous,Tartous,1,1136,1136,3317.3,2920.158451,0.049162657,1.417978043,1482.440954,40.79483134,226.602822,1.337365278,24.38800112,328.0083572,1,151.3380759,893.240947,13213.59154,1,85.26540945,26.26920854,18.35221047,9.700307552,24.61868483,0.596492029,0.075910589,3632.894064,6.801489796,93.38299321,82.94611762,102.8045291,724.9834629,293.3316743,364.969705,1.987711269,46.76351549,95.1302259,64.49344978
2008,Al_Qunaytirah,Al_Qunaytirah,1,1693,1693,3386,2000,0.120668536,1.817203669,997.6931304,24.67668021,196.6396652,1.392797379,36.80800834,452.0421233,1,812.7813464,483.6981096,11646.13616,1,99.78962314,25.00232567,16.17518911,4.10046966,12.0196048,0.614177499,0.129862373,4042.060582,7.519971534,82.66761553,107.2089919,94.97724292,429.2912545,184.0334609,363.9594199,3.215624823,25.20123137,92.42965208,62.36754297
2008,Aleppo,Afrin,1,1904,1904,6569,3450.105042,0.194810459,2.230856022,892.757391,24.39297158,184.8305861,1.371035123,25.51170824,404.3181051,1,493.5760545,447.1996194,12067.54025,1,89.965976,28.81125808,16.76047257,2.101971654,12.2248604,0.434965405,0.057165389,3658.896,7.198506433,93.3831189,68.76098445,108.0192773,408.1562316,192.8950466,401.4796676,3.206478872,32.26458622,95.77412895,72.67440361
2008,Aleppo,Ain_Al_Arab,2,2936,2936,5088,1732.970027,0.285146327,2.615456939,461.2798051,11.3543916,180.1352135,1.344070296,29.15984317,412.5287694,1,457.6511594,306.7550933,13331.0097,1,40.7417743,32.36383392,18.51529125,2.328470361,7.571505578,0.440304826,0.088676688,4061.567341,7.452704986,84.90983381,73.0186073,93.97419699,186.0623782,160.737883,374.9119357,1.026508894,16.80178945,94.19833573,86.06697787
2008,Aleppo,Ain_Al_Arab,3,640,640,1613,2520.3125,0.285146327,2.615456939,461.2798051,11.3543916,180.1352135,1.344070296,29.15984317,412.5287694,1,457.6511594,306.7550933,13331.0097,1,40.7417743,32.36383392,18.51529125,2.328470361,7.571505578,0.440304826,0.088676688,4061.567341,7.452704986,84.90983381,73.0186073,93.97419699,186.0623782,160.737883,374.9119357,1.026508894,16.80178945,94.19833573,86.06697787
2008,Aleppo,Al_Bab,1,83,83,216,2602.409639,0.223794265,2.70647827,438.6290622,11.59732461,171.3158859,1.361738999,28.32570189,404.137529,1,440.5998951,386.324174,13043.62221,1,12.48017986,30.62110254,18.11614196,2.937482164,10.22187216,0.451073073,0.091961523,3781.157324,7.526863486,82.4378838,76.25738223,91.66230633,183.9661442,172.3288421,394.8106379,0.536196258,18.97472913,96.47918878,57.38811081
2008,Aleppo,Al_Bab,2,4577,4577,9255,2022.066856,0.223794265,2.70647827,438.6290622,11.59732461,171.3158859,1.361738999,28.32570189,404.137529,1,440.5998951,386.324174,13043.62221,1,12.48017986,30.62110254,18.11614196,2.937482164,10.22187216,0.451073073,0.091961523,3781.157324,7.526863486,82.4378838,76.25738223,91.66230633,183.9661442,172.3288421,394.8106379,0.536196258,18.97472913,96.47918878,57.38811081
2008,Aleppo,Al_Bab,3,2398,2398,5961,2485.821518,0.223794265,2.70647827,438.6290622,11.59732461,171.3158859,1.361738999,28.32570189,404.137529,1,440.5998951,386.324174,13043.62221,1,12.48017986,30.62110254,18.11614196,2.937482164,10.22187216,0.451073073,0.091961523,3781.157324,7.526863486,82.4378838,76.25738223,91.66230633,183.9661442,172.3288421,394.8106379,0.536196258,18.97472913,96.47918878,57.38811081
2008,Aleppo,Al_Bab,4,1580,1580,3467,2194.303797,0.223794265,2.70647827,438.6290622,11.59732461,171.3158859,1.361738999,28.32570189,404.137529,1,440.5998951,386.324174,13043.62221,1,12.48017986,30.62110254,18.11614196,2.937482164,10.22187216,0.451073073,0.091961523,3781.157324,7.526863486,82.4378838,76.25738223,91.66230633,183.9661442,172.3288421,394.8106379,0.536196258,18.97472913,96.47918878,57.38811081
2008,Aleppo,As_Safira,2,1664,1664,7380,4435.096154,0.226229514,2.727688396,391.5268909,10.40317545,194.0542344,1.456944439,23.81607607,339.9130212,1,386.7828001,339.0435771,13387.19512,1,58.56984464,30.3292621,18.59332656,3.954551983,9.008992333,0.305020256,0.051399653,3762.532517,7.634697244,78.8434252,74.32281882,84.5670833,160.2152191,209.796782,447.6738108,1.021027812,12.3940763,93.75241968,61.3127161
2008,Aleppo,As_Safira,3,1996,1996,1896,949.8997996,0.226229514,2.727688396,391.5268909,10.40317545,194.0542344,1.456944439,23.81607607,339.9130212,1,386.7828001,339.0435771,13387.19512,1,58.56984464,30.3292621,18.59332656,3.954551983,9.008992333,0.305020256,0.051399653,3762.532517,7.634697244,78.8434252,74.32281882,84.5670833,160.2152191,209.796782,447.6738108,1.021027812,12.3940763,93.75241968,61.3127161
2008,Aleppo,As_Safira,4,218,218,161,738.5321101,0.226229514,2.727688396,391.5268909,10.40317545,194.0542344,1.456944439,23.81607607,339.9130212,1,386.7828001,339.0435771,13387.19512,1,58.56984464,30.3292621,18.59332656,3.954551983,9.008992333,0.305020256,0.051399653,3762.532517,7.634697244,78.8434252,74.32281882,84.5670833,160.2152191,209.796782,447.6738108,1.021027812,12.3940763,93.75241968,61.3127161
2008,Aleppo,As_Safira,5,250,250,130,520,0.226229514,2.727688396,391.5268909,10.40317545,194.0542344,1.456944439,23.81607607,339.9130212,1,386.7828001,339.0435771,13387.19512,1,58.56984464,30.3292621,18.59332656,3.954551983,9.008992333,0.305020256,0.051399653,3762.532517,7.634697244,78.8434252,74.32281882,84.5670833,160.2152191,209.796782,447.6738108,1.021027812,12.3940763,93.75241968,61.3127161
2008,Aleppo,Azaz,1,2352,2352,6480,2755.102041,0.121728487,2.146811382,606.0977506,15.77779506,180.5676029,1.396196968,30.36538609,429.7996425,1,481.8095159,483.9276811,12539.83531,1,12.33630082,29.84623108,17.41643793,2.378211902,12.59842818,0.609253487,0.125363542,3840.460409,7.471901984,84.26993387,73.57182929,98.32148158,272.5093511,165.5478602,396.9674719,0.559398203,24.25735487,99.52250248,30.7875817
2008,Aleppo,Azaz,2,381,381,928,2435.695538,0.121728487,2.146811382,606.0977506,15.77779506,180.5676029,1.396196968,30.36538609,429.7996425,1,481.8095159,483.9276811,12539.83531,1,12.33630082,29.84623108,17.41643793,2.378211902,12.59842818,0.609253487,0.125363542,3840.460409,7.471901984,84.26993387,73.57182929,98.32148158,272.5093511,165.5478602,396.9674719,0.559398203,24.25735487,99.52250248,30.7875817
2008,Aleppo,Jarablus,2,202,202,824,4079.207921,0.056313267,1.389591551,475.9214865,12.39953568,123.911363,1.374076188,31.59740814,433.9335195,1,453.0262094,349.5942374,13058.90308,1,19.54434174,32.00957298,18.1373654,1.999407362,9.114316431,0.487011143,0.09601617,3837.220227,7.473535251,84.21549162,74.9261695,94.62601827,198.2310084,151.8135123,395.6820817,0.731704106,17.89025411,96.35791203,86.86344794
2008,Aleppo,Jebel_Saman,1,7122,7122,20205,2836.983993,0.320135248,3.90953411,557.3634326,15.09227798,185.7492815,1.399045613,26.85095306,367.0160671,1,348.6130778,402.2289216,13156.99759,1,24.0041333,29.83124918,18.27360776,3.701136249,10.88891582,0.430266008,0.08038453,3692.03715,7.511498758,82.95004141,71.53332603,96.15512018,251.2134416,183.2856532,401.209007,0.780531933,17.98196178,95.57938421,28.18423019
2008,Aleppo,Jebel_Saman,2,15439,15439,41083,2660.988406,0.320135248,3.90953411,557.3634326,15.09227798,185.7492815,1.399045613,26.85095306,367.0160671,1,348.6130778,402.2289216,13156.99759,1,24.0041333,29.83124918,18.27360776,3.701136249,10.88891582,0.430266008,0.08038453,3692.03715,7.511498758,82.95004141,71.53332603,96.15512018,251.2134416,183.2856532,401.209007,0.780531933,17.98196178,95.57938421,28.18423019
2008,Aleppo,Jebel_Saman,3,1199,1199,1139,949.9582986,0.320135248,3.90953411,557.3634326,15.09227798,185.7492815,1.399045613,26.85095306,367.0160671,1,348.6130778,402.2289216,13156.99759,1,24.0041333,29.83124918,18.27360776,3.701136249,10.88891582,0.430266008,0.08038453,3692.03715,7.511498758,82.95004141,71.53332603,96.15512018,251.2134416,183.2856532,401.209007,0.780531933,17.98196178,95.57938421,28.18423019
2008,Aleppo,Jebel_Saman,4,381,381,282,740.1574803,0.320135248,3.90953411,557.3634326,15.09227798,185.7492815,1.399045613,26.85095306,367.0160671,1,348.6130778,402.2289216,13156.99759,1,24.0041333,29.83124918,18.27360776,3.701136249,10.88891582,0.430266008,0.08038453,3692.03715,7.511498758,82.95004141,71.53332603,96.15512018,251.2134416,183.2856532,401.209007,0.780531933,17.98196178,95.57938421,28.18423019
2008,Aleppo,Menbij,2,199,199,532,2673.366834,0.476099108,4.018173677,366.7399525,9.458943393,173.279788,1.406754586,24.018397,332.4689528,1,397.1956572,330.5553373,13448.43652,1,17.60715977,31.13608958,18.67838405,3.47421197,8.530872643,0.333422471,0.061258733,3876.176734,7.618434657,79.38551142,73.72222793,87.21448016,146.0688501,198.2878033,437.4207931,0.49517755,12.11218955,93.26637686,92.68040719
2008,Aleppo,Menbij,3,36,36,94,2611.111111,0.476099108,4.018173677,366.7399525,9.458943393,173.279788,1.406754586,24.018397,332.4689528,1,397.1956572,330.5553373,13448.43652,1,17.60715977,31.13608958,18.67838405,3.47421197,8.530872643,0.333422471,0.061258733,3876.176734,7.618434657,79.38551142,73.72222793,87.21448016,146.0688501,198.2878033,437.4207931,0.49517755,12.11218955,93.26637686,92.68040719
2008,Aleppo,Menbij,4,652,652,2391,3667.177914,0.476099108,4.018173677,366.7399525,9.458943393,173.279788,1.406754586,24.018397,332.4689528,1,397.1956572,330.5553373,13448.43652,1,17.60715977,31.13608958,18.67838405,3.47421197,8.530872643,0.333422471,0.061258733,3876.176734,7.618434657,79.38551142,73.72222793,87.21448016,146.0688501,198.2878033,437.4207931,0.49517755,12.11218955,93.26637686,92.68040719
2008,As_Suweida,As_Suwayda,2,126,126,315,2500,0.245068348,2.898837435,359.2564682,7.957806061,164.7488635,1.44067499,22.83274428,379.7186382,1,936.6083153,273.9947639,12373.52621,1,132.549277,26.80154389,17.18545307,3.436803508,6.091035338,0.239534896,0.029437956,4513.516507,7.882238542,70.59204861,95.18941693,81.961997,151.9826084,218.1895834,401.1968401,1.365785859,8.704768714,98.20258899,36.89205703
2008,As_Suweida,Salkhad,2,14,14,30,2142.857143,0.19678529,2.476461818,322.148304,7.125423709,175.7154581,1.445399312,22.89129271,345.5826409,1,1096.653045,277.1715985,12106.89639,1,151.5089895,26.51591041,16.81513388,3.069984717,6.157702053,0.212138142,0.023577932,4520.110844,7.899676731,70.01077564,101.5859779,79.40017722,135.6085393,268.1481021,387.011929,1.285466681,8.340411369,96.08647931,38.32058288
2008,As_Suweida,Shahba,2,22,22,39,1772.727273,0.197527256,2.191659403,392.0772095,9.002852451,172.1533402,1.451189377,19.92857504,355.5120454,1,812.086703,267.9754542,12559.32365,1,62.52582608,27.09978274,17.44350507,3.663175869,6.161860922,0.214635973,0.029210478,4354.03316,7.921607895,69.27973685,92.30338289,82.14556735,165.4854977,217.4198839,427.8247932,0.996377189,7.542191094,99.67717183,8.194029851
2008,As_Suweida,Shahba,3,8,8,16,2000,0.197527256,2.191659403,392.0772095,9.002852451,172.1533402,1.451189377,19.92857504,355.5120454,1,812.086703,267.9754542,12559.32365,1,62.52582608,27.09978274,17.44350507,3.663175869,6.161860922,0.214635973,0.029210478,4354.03316,7.921607895,69.27973685,92.30338289,82.14556735,165.4854977,217.4198839,427.8247932,0.996377189,7.542191094,99.67717183,8.194029851
2008,Damascus,Al_Ghutta,3,1107,1107,4019,3630.532972,0.011843117,0.558468679,408.1987268,10.33087772,106.1618312,1.291118521,15.97295861,315.6253218,1,651.6936639,472.9451914,12644.46116,1,6.349500264,28.18217762,17.56175161,3.324265297,11.99211258,0.445621893,0.056677717,3950.249234,7.702316985,76.58943385,94.03440318,79.53296292,157.8560532,178.6231764,388.861443,0.350493747,15.36100502,99.64713364,4.8
2008,Damascus,Al_Ghutta,4,71,71,107,1507.042254,0.011843117,0.558468679,408.1987268,10.33087772,106.1618312,1.291118521,15.97295861,315.6253218,1,651.6936639,472.9451914,12644.46116,1,6.349500264,28.18217762,17.56175161,3.324265297,11.99211258,0.445621893,0.056677717,3950.249234,7.702316985,76.58943385,94.03440318,79.53296292,157.8560532,178.6231764,388.861443,0.350493747,15.36100502,99.64713364,4.8
2008,Damascus,Al_Ghutta,5,256,256,1099,4292.96875,0.011843117,0.558468679,408.1987268,10.33087772,106.1618312,1.291118521,15.97295861,315.6253218,1,651.6936639,472.9451914,12644.46116,1,6.349500264,28.18217762,17.56175161,3.324265297,11.99211258,0.445621893,0.056677717,3950.249234,7.702316985,76.58943385,94.03440318,79.53296292,157.8560532,178.6231764,388.861443,0.350493747,15.36100502,99.64713364,4.8
2008,Damascus,Al_Qutayfah,5,241,241,634,2630.705394,0.165290463,2.05625535,288.5424518,7.184732992,195.5281875,1.44431954,15.13843505,319.6985667,1,995.3053148,316.2897028,11804.04022,1,127.2432106,27.40177272,16.3938632,1.900360342,7.899230769,0.150130791,0.013841937,4015.049756,7.89758494,70.08050201,79.31986654,78.68874414,108.2428756,244.8824899,435.20357,2.859481548,8.87439493,93.6792183,2.858974359
2008,Damascus,At_Tall,2,4,4,8,2000,0.044028509,1.064884239,566.0631009,14.3346693,162.1199029,1.40030382,25.61268638,363.9933535,1,1466.66102,364.1998984,9825.255817,1,145.3541383,24.16346012,13.62229854,0.06695375,9.227841412,0.199680882,0.024896733,3947.909381,7.636543834,78.78187219,92.4944139,87.98051425,215.9984187,274.0306517,362.7005117,3.630504348,17.15543139,77.84170592,1.666666667
2008,Damascus,At_Tall,3,7,7,8,1142.857143,0.044028509,1.064884239,566.0631009,14.3346693,162.1199029,1.40030382,25.61268638,363.9933535,1,1466.66102,364.1998984,9825.255817,1,145.3541383,24.16346012,13.62229854,0.06695375,9.227841412,0.199680882,0.024896733,3947.909381,7.636543834,78.78187219,92.4944139,87.98051425,215.9984187,274.0306517,362.7005117,3.630504348,17.15543139,77.84170592,1.666666667
2008,Damascus,Az_Zabdani,1,26,26,92,3538.461538,0.060455564,1.268423947,765.2335981,19.00793626,181.4811797,1.350758075,29.73442299,406.6926124,1,1549.684822,433.2225829,9343.705558,1,364.1754447,23.13457688,12.9569341,0.085457854,10.78898739,0.270152822,0.047012211,4024.863659,7.486507827,83.78307244,98.08532848,93.25443056,304.848439,271.265393,322.8236739,6.230150135,23.98346865,74.03962342,59.03225806
2008,Damascus,Darayya,3,11,11,16,1454.545455,0.012423869,0.610406653,430.6401498,10.67670941,92.7628682,1.315842328,23.5269942,377.8860652,1,680.7773842,350.3864465,12310.93937,1,9.388939721,27.46251827,17.09852691,3.199489461,8.723867427,0.323444959,0.042829195,4032.453876,7.775299427,74.15668578,92.65455745,80.75449819,167.1784463,142.5483663,397.8240084,0.699756804,11.61850321,97.70586805,3.25
2008,Damascus,Darayya,4,26,26,110,4230.769231,0.012423869,0.610406653,430.6401498,10.67670941,92.7628682,1.315842328,23.5269942,377.8860652,1,680.7773842,350.3864465,12310.93937,1,9.388939721,27.46251827,17.09852691,3.199489461,8.723867427,0.323444959,0.042829195,4032.453876,7.775299427,74.15668578,92.65455745,80.75449819,167.1784463,142.5483663,397.8240084,0.699756804,11.61850321,97.70586805,3.25
2008,Damascus,Duma,4,64,64,205,3203.125,1.143833319,5.36296028,252.2062915,5.707803607,183.2223843,1.439790063,15.24508473,435.0312031,1,671.3370843,253.6698843,13263.48312,1,24.50940844,29.23781978,18.42150433,3.449699998,5.939202727,0.137174667,0.010249408,4417.622448,7.9788694,67.37102002,84.77694449,71.02906946,92.40069166,156.4332399,408.6870532,0.494037748,7.515456491,94.73426097,20.17542504
2008,Damascus,Duma,5,3343,3343,11235,3360.753814,1.143833319,5.36296028,252.2062915,5.707803607,183.2223843,1.439790063,15.24508473,435.0312031,1,671.3370843,253.6698843,13263.48312,1,24.50940844,29.23781978,18.42150433,3.449699998,5.939202727,0.137174667,0.010249408,4417.622448,7.9788694,67.37102002,84.77694449,71.02906946,92.40069166,156.4332399,408.6870532,0.494037748,7.515456491,94.73426097,20.17542504
2008,Damascus,Qatana,1,698,698,2443,3500,0.093841203,1.750152374,739.3286554,17.92985008,126.6999471,1.390187794,33.83029859,446.2725683,1,1076.168708,388.764388,10901.39566,1,134.8032696,24.9973279,15.14036436,2.042397333,9.461895575,0.317148917,0.047718568,4122.451406,7.631263536,78.95788213,101.2899354,91.59954594,293.9274759,198.523565,355.7564594,3.240654984,17.95975534,86.51636779,10.25471698
2008,Damascus,Qatana,2,1815,1815,9529,5250.137741,0.093841203,1.750152374,739.3286554,17.92985008,126.6999471,1.390187794,33.83029859,446.2725683,1,1076.168708,388.764388,10901.39566,1,134.8032696,24.9973279,15.14036436,2.042397333,9.461895575,0.317148917,0.047718568,4122.451406,7.631263536,78.95788213,101.2899354,91.59954594,293.9274759,198.523565,355.7564594,3.240654984,17.95975534,86.51636779,10.25471698
2008,Damascus,Qatana,3,170,170,774,4552.941176,0.093841203,1.750152374,739.3286554,17.92985008,126.6999471,1.390187794,33.83029859,446.2725683,1,1076.168708,388.764388,10901.39566,1,134.8032696,24.9973279,15.14036436,2.042397333,9.461895575,0.317148917,0.047718568,4122.451406,7.631263536,78.95788213,101.2899354,91.59954594,293.9274759,198.523565,355.7564594,3.240654984,17.95975534,86.51636779,10.25471698
2008,Damascus,Yabrud,2,90,90,270,3000,0.055958524,1.256549001,657.7825471,17.00233343,151.1400992,1.388098698,24.46438451,298.4432339,1,1851.02324,407.7986107,8583.489685,1,231.2609004,22.59617918,11.84447702,-1.625163385,10.54103359,0.173241798,0.030338943,3867.77807,7.507783175,83.07389417,106.8152115,87.28152066,253.9087982,327.2389854,375.052399,3.28542421,18.12267988,67.68272583,3.666666667
2008,Damascus,Yabrud,3,15,15,25,1666.666667,0.055958524,1.256549001,657.7825471,17.00233343,151.1400992,1.388098698,24.46438451,298.4432339,1,1851.02324,407.7986107,8583.489685,1,231.2609004,22.59617918,11.84447702,-1.625163385,10.54103359,0.173241798,0.030338943,3867.77807,7.507783175,83.07389417,106.8152115,87.28152066,253.9087982,327.2389854,375.052399,3.28542421,18.12267988,67.68272583,3.666666667
2008,Dara,As_Sanamayn,1,157,157,364,2318.471338,0.126365387,2.232014688,494.1126019,11.45753045,180.1350323,1.464749006,30.99856142,436.994746,1,676.2522372,301.0290786,12458.13019,1,14.37105451,26.72161011,17.3029586,4.103659137,6.974031102,0.319590621,0.052246399,4311.557617,7.860602751,71.31324164,96.61013142,82.49121774,219.689079,132.4975201,430.6093861,0.669011199,10.00010737,98.87404913,28.32124352
2008,Dara,As_Sanamayn,2,408,408,873,2139.705882,0.126365387,2.232014688,494.1126019,11.45753045,180.1350323,1.464749006,30.99856142,436.994746,1,676.2522372,301.0290786,12458.13019,1,14.37105451,26.72161011,17.3029586,4.103659137,6.974031102,0.319590621,0.052246399,4311.557617,7.860602751,71.31324164,96.61013142,82.49121774,219.689079,132.4975201,430.6093861,0.669011199,10.00010737,98.87404913,28.32124352
2008,Dara,As_Sanamayn,3,114,114,233,2043.859649,0.126365387,2.232014688,494.1126019,11.45753045,180.1350323,1.464749006,30.99856142,436.994746,1,676.2522372,301.0290786,12458.13019,1,14.37105451,26.72161011,17.3029586,4.103659137,6.974031102,0.319590621,0.052246399,4311.557617,7.860602751,71.31324164,96.61013142,82.49121774,219.689079,132.4975201,430.6093861,0.669011199,10.00010737,98.87404913,28.32124352
2008,Dara,As_Sanamayn,4,35,35,61,1742.857143,0.126365387,2.232014688,494.1126019,11.45753045,180.1350323,1.464749006,30.99856142,436.994746,1,676.2522372,301.0290786,12458.13019,1,14.37105451,26.72161011,17.3029586,4.103659137,6.974031102,0.319590621,0.052246399,4311.557617,7.860602751,71.31324164,96.61013142,82.49121774,219.689079,132.4975201,430.6093861,0.669011199,10.00010737,98.87404913,28.32124352
2008,Dara,Dara,1,2606,2606,6228,2389.869532,0.151895403,2.467237111,463.4350474,11.17260702,247.890732,1.46774472,34.72026577,423.6944089,1,594.8481838,361.6562959,12518.8853,1,31.20078753,25.92412446,17.3873407,5.083024137,8.73635296,0.366581864,0.052813909,4146.958005,7.877365296,70.75449014,108.5535779,78.88760838,214.502272,127.803691,442.0431636,0.879878166,12.29504118,99.35623256,40.20714807
2008,Dara,Dara,2,7790,7790,22412,2877.021823,0.151895403,2.467237111,463.4350474,11.17260702,247.890732,1.46774472,34.72026577,423.6944089,1,594.8481838,361.6562959,12518.8853,1,31.20078753,25.92412446,17.3873407,5.083024137,8.73635296,0.366581864,0.052813909,4146.958005,7.877365296,70.75449014,108.5535779,78.88760838,214.502272,127.803691,442.0431636,0.879878166,12.29504118,99.35623256,40.20714807
2008,Dara,Dara,3,115,115,245,2130.434783,0.151895403,2.467237111,463.4350474,11.17260702,247.890732,1.46774472,34.72026577,423.6944089,1,594.8481838,361.6562959,12518.8853,1,31.20078753,25.92412446,17.3873407,5.083024137,8.73635296,0.366581864,0.052813909,4146.958005,7.877365296,70.75449014,108.5535779,78.88760838,214.502272,127.803691,442.0431636,0.879878166,12.29504118,99.35623256,40.20714807
2008,Dara,Izra,1,858,858,2377,2770.39627,0.087018771,1.658654183,514.3833748,11.94292839,217.4263142,1.470306952,41.10287596,441.4595726,1,594.9833148,355.9574894,12435.08763,1,10.9531787,26.06687543,17.27095505,4.683452551,8.273873198,0.492114755,0.086806484,4306.012132,7.923266829,69.22443902,103.4072431,81.19850135,241.6766036,92.06481307,460.4442333,0.522892419,12.7609944,98.69117169,44.50057937
2008,Dara,Izra,2,771,771,1907,2473.411154,0.087018771,1.658654183,514.3833748,11.94292839,217.4263142,1.470306952,41.10287596,441.4595726,1,594.9833148,355.9574894,12435.08763,1,10.9531787,26.06687543,17.27095505,4.683452551,8.273873198,0.492114755,0.086806484,4306.012132,7.923266829,69.22443902,103.4072431,81.19850135,241.6766036,92.06481307,460.4442333,0.522892419,12.7609944,98.69117169,44.50057937
2008,Dayr_Az_Zor,Abu_Kamal,5,4444,4444,12652,2846.984698,0.326690195,2.534252196,264.8706229,5.635603078,145.9024177,1.474952341,15.51213228,316.9541986,1,199.0450865,274.2124956,15524.15494,1,17.05196237,34.64011332,21.5613263,4.328638096,5.853220072,0.199764172,0.025060777,4698.951704,7.914785937,69.50713545,93.67335388,76.7187671,93.43649892,210.3167699,473.4703945,0.275403663,8.147721895,76.79242114,64.43444099
2008,Dayr_Az_Zor,Al_Mayadin,5,1417,1417,4128,2913.196895,0.846879854,4.706853339,232.2320854,5.020679504,106.9848781,1.464284982,15.16950876,321.6518012,1,284.7469964,285.6014189,15005.58593,1,13.44925992,33.694202,20.84109158,3.964844925,6.194033454,0.156887985,0.012854728,4624.511054,7.935538403,68.81538657,83.59472163,73.7094342,79.96980493,226.8776377,452.2255759,0.231444592,7.050522461,80.90804814,65.76879408
2008,Dayr_Az_Zor,Dayr_Az_Zor,4,3330,3330,9724,2920.12012,1.527438458,6.266817637,255.1758111,5.687331475,160.6562038,1.475571533,17.45613594,279.0580926,1,311.6110564,286.6070491,14702.14855,1,24.94088817,33.47733119,20.41965076,4.000274024,6.415578249,0.179137475,0.022431124,4485.740613,7.945084905,68.49716985,78.83570896,77.96111631,90.14992479,267.81461,453.5383851,0.441646162,7.406680906,83.31628138,59.82997528
2008,Dayr_Az_Zor,Dayr_Az_Zor,5,32868,32868,97027,2952.020202,1.527438458,6.266817637,255.1758111,5.687331475,160.6562038,1.475571533,17.45613594,279.0580926,1,311.6110564,286.6070491,14702.14855,1,24.94088817,33.47733119,20.41965076,4.000274024,6.415578249,0.179137475,0.022431124,4485.740613,7.945084905,68.49716985,78.83570896,77.96111631,90.14992479,267.81461,453.5383851,0.441646162,7.406680906,83.31628138,59.82997528
2008,Hama,Al_Ghab,1,39247,39247,139640,3557.978954,0.049595436,1.643165164,1109.933742,32.339314,139.7759455,1.347860465,28.59829587,349.5799349,1,352.189296,859.4142185,11984.57872,1,139.7020723,26.79968617,16.64524822,3.695596862,25.03845032,0.708032627,0.112971194,3431.149929,6.782044179,92.73480597,82.34600957,109.8900236,500.575626,280.5196852,361.9957542,4.508295663,42.21571718,95.11570414,35.28868661
2008,Hama,As_Salamiyeh,2,1098,1098,1497,1363.387978,0.504159747,4.926087865,375.4625701,10.24854546,191.2833095,1.455325727,20.3416433,317.9445519,1,514.8899545,339.2533786,12937.27783,1,39.708665,29.06570035,17.96844143,3.719917713,9.255910906,0.237259673,0.036037218,3662.569348,7.805379097,73.15403011,76.53722016,86.81776148,145.5674501,260.9011364,420.1232357,0.788382027,9.040582617,97.32319184,29.78971963
2008,Hama,As_Salamiyeh,3,728,728,148,203.2967033,0.504159747,4.926087865,375.4625701,10.24854546,191.2833095,1.455325727,20.3416433,317.9445519,1,514.8899545,339.2533786,12937.27783,1,39.708665,29.06570035,17.96844143,3.719917713,9.255910906,0.237259673,0.036037218,3662.569348,7.805379097,73.15403011,76.53722016,86.81776148,145.5674501,260.9011364,420.1232357,0.788382027,9.040582617,97.32319184,29.78971963
2008,Hama,As_Salamiyeh,4,443,443,215,485.3273138,0.504159747,4.926087865,375.4625701,10.24854546,191.2833095,1.455325727,20.3416433,317.9445519,1,514.8899545,339.2533786,12937.27783,1,39.708665,29.06570035,17.96844143,3.719917713,9.255910906,0.237259673,0.036037218,3662.569348,7.805379097,73.15403011,76.53722016,86.81776148,145.5674501,260.9011364,420.1232357,0.788382027,9.040582617,97.32319184,29.78971963
2008,Hama,Hama,1,7569,7569,10037,1326.066852,0.227677668,4.733216797,567.8862089,15.3995583,192.7904067,1.455316559,28.89107986,399.9433813,1,367.8882638,394.4788096,13077.42676,1,25.04294796,28.71979856,18.16309272,4.275100785,10.68398084,0.446152406,0.085264793,3686.678554,7.530149647,82.32834509,75.58158387,95.98695375,252.2828682,199.991121,385.7041579,0.890006436,18.48653952,96.21089874,22.43352601
2008,Hama,Hama,2,7829,7829,17858,2281.006514,0.227677668,4.733216797,567.8862089,15.3995583,192.7904067,1.455316559,28.89107986,399.9433813,1,367.8882638,394.4788096,13077.42676,1,25.04294796,28.71979856,18.16309272,4.275100785,10.68398084,0.446152406,0.085264793,3686.678554,7.530149647,82.32834509,75.58158387,95.98695375,252.2828682,199.991121,385.7041579,0.890006436,18.48653952,96.21089874,22.43352601
2008,Hama,Hama,3,1280,1280,2266,1770.3125,0.227677668,4.733216797,567.8862089,15.3995583,192.7904067,1.455316559,28.89107986,399.9433813,1,367.8882638,394.4788096,13077.42676,1,25.04294796,28.71979856,18.16309272,4.275100785,10.68398084,0.446152406,0.085264793,3686.678554,7.530149647,82.32834509,75.58158387,95.98695375,252.2828682,199.991121,385.7041579,0.890006436,18.48653952,96.21089874,22.43352601
2008,Hama,Hama,4,2420,2420,4552,1880.991736,0.227677668,4.733216797,567.8862089,15.3995583,192.7904067,1.455316559,28.89107986,399.9433813,1,367.8882638,394.4788096,13077.42676,1,25.04294796,28.71979856,18.16309272,4.275100785,10.68398084,0.446152406,0.085264793,3686.678554,7.530149647,82.32834509,75.58158387,95.98695375,252.2828682,199.991121,385.7041579,0.890006436,18.48653952,96.21089874,22.43352601
2008,Hama,Masyaf,1,478,478,1135,2374.476987,0.076403686,1.92474214,1133.738514,31.21475605,150.0452924,1.353623889,29.44578727,387.4121925,1,532.6863029,714.7563573,11836.84045,1,139.1245061,26.25774614,16.44005617,3.639907253,19.72298054,0.603394101,0.080583103,3631.059506,6.889563149,96.31877164,85.73886838,101.9809134,505.1850525,261.5816804,350.4100182,3.339515959,38.59856987,93.94317814,5.952755906
2008,Hama,Muhradah,1,7254,7254,30314,4178.93576,0.05125136,1.195215355,743.1327785,20.759002,210.5076775,1.449025265,33.05226761,439.5914949,1,254.483542,664.7565517,13010.6573,1,22.9822089,28.37544441,18.07035736,4.574304209,18.61484907,0.652089894,0.123875797,3578.809754,7.358416593,88.05278024,81.49949027,100.5707888,341.0306342,196.6763121,347.9956241,0.787416154,25.49695415,96.74081507,10.50963597
2008,Hassakeh,Al_Malika,1,915,915,1316,1438.251366,0.273788898,2.626098262,792.879962,16.79090102,177.7179584,1.393407522,35.81191186,396.1542193,1,442.2589019,289.3530688,13423.80017,1,11.47143655,33.54190359,18.6441669,1.582791476,6.136688562,0.666427873,0.12666013,4721.081091,7.401004555,86.63318149,80.12390358,95.83024001,281.5667495,182.2285639,417.2135132,0.627665989,23.0979689,93.46190342,71.48066457
2008,Hassakeh,Hassakeh,1,269,269,536,1992.565056,1.234999017,5.292191536,420.3277358,9.317850862,179.2026918,1.453912692,22.75778998,312.1287676,1,352.2277754,229.6362192,14531.68098,1,19.1175947,34.13365372,20.18289025,3.452961385,5.1048598,0.247320619,0.03637977,4509.994456,7.76640865,74.453045,79.13168286,90.575161,147.422937,232.8497925,449.1236429,0.493960645,10.83503123,84.66919859,55.44769984
2008,Hassakeh,Hassakeh,2,13402,13402,24070,1796.000597,1.234999017,5.292191536,420.3277358,9.317850862,179.2026918,1.453912692,22.75778998,312.1287676,1,352.2277754,229.6362192,14531.68098,1,19.1175947,34.13365372,20.18289025,3.452961385,5.1048598,0.247320619,0.03637977,4509.994456,7.76640865,74.453045,79.13168286,90.575161,147.422937,232.8497925,449.1236429,0.493960645,10.83503123,84.66919859,55.44769984
2008,Hassakeh,Hassakeh,3,2516,2516,4780,1899.841017,1.234999017,5.292191536,420.3277358,9.317850862,179.2026918,1.453912692,22.75778998,312.1287676,1,352.2277754,229.6362192,14531.68098,1,19.1175947,34.13365372,20.18289025,3.452961385,5.1048598,0.247320619,0.03637977,4509.994456,7.76640865,74.453045,79.13168286,90.575161,147.422937,232.8497925,449.1236429,0.493960645,10.83503123,84.66919859,55.44769984
2008,Hassakeh,Hassakeh,4,6021,6021,10374,1722.969606,1.234999017,5.292191536,420.3277358,9.317850862,179.2026918,1.453912692,22.75778998,312.1287676,1,352.2277754,229.6362192,14531.68098,1,19.1175947,34.13365372,20.18289025,3.452961385,5.1048598,0.247320619,0.03637977,4509.994456,7.76640865,74.453045,79.13168286,90.575161,147.422937,232.8497925,449.1236429,0.493960645,10.83503123,84.66919859,55.44769984
2008,Hassakeh,Hassakeh,5,8171,8171,14299,1749.969404,1.234999017,5.292191536,420.3277358,9.317850862,179.2026918,1.453912692,22.75778998,312.1287676,1,352.2277754,229.6362192,14531.68098,1,19.1175947,34.13365372,20.18289025,3.452961385,5.1048598,0.247320619,0.03637977,4509.994456,7.76640865,74.453045,79.13168286,90.575161,147.422937,232.8497925,449.1236429,0.493960645,10.83503123,84.66919859,55.44769984
2008,Hassakeh,Quamishli,1,15355,15355,28361,1847.020514,0.384508781,3.376182941,647.4056674,14.08633768,189.6343908,1.4227755,32.71215887,381.6987929,1,387.3408823,266.8960925,13920.75623,1,4.224880292,34.02000612,19.33438365,2.447491195,5.821838815,0.603598904,0.103728272,4594.982875,7.499177245,83.3607585,76.286257,94.59531174,232.7095101,188.6721752,424.1715544,0.236333983,15.93920513,89.51780771,2.151515152
2008,Hassakeh,Quamishli,2,315,315,439,1393.650794,0.384508781,3.376182941,647.4056674,14.08633768,189.6343908,1.4227755,32.71215887,381.6987929,1,387.3408823,266.8960925,13920.75623,1,4.224880292,34.02000612,19.33438365,2.447491195,5.821838815,0.603598904,0.103728272,4594.982875,7.499177245,83.3607585,76.286257,94.59531174,232.7095101,188.6721752,424.1715544,0.236333983,15.93920513,89.51780771,2.151515152
2008,Hassakeh,Ras_Al_Ain,1,10213,10213,40464,3962.009204,0.383012451,4.287075453,498.104815,11.54425893,181.239228,1.436138441,29.13638552,428.1986409,1,428.0325777,360.6050858,13824.74349,1,10.62784115,33.47861156,19.20103263,2.638289289,8.381608776,0.48289482,0.085653506,4313.740496,7.607914063,79.7361979,77.58064,93.00953399,185.7780483,158.4989891,413.1203426,0.413294717,15.5378662,90.27981357,3.258706468
2008,Hassakeh,Ras_Al_Ain,2,12002,12002,33005,2749.95834,0.383012451,4.287075453,498.104815,11.54425893,181.239228,1.436138441,29.13638552,428.1986409,1,428.0325777,360.6050858,13824.74349,1,10.62784115,33.47861156,19.20103263,2.638289289,8.381608776,0.48289482,0.085653506,4313.740496,7.607914063,79.7361979,77.58064,93.00953399,185.7780483,158.4989891,413.1203426,0.413294717,15.5378662,90.27981357,3.258706468
2008,Hassakeh,Ras_Al_Ain,3,252,252,504,2000,0.383012451,4.287075453,498.104815,11.54425893,181.239228,1.436138441,29.13638552,428.1986409,1,428.0325777,360.6050858,13824.74349,1,10.62784115,33.47861156,19.20103263,2.638289289,8.381608776,0.48289482,0.085653506,4313.740496,7.607914063,79.7361979,77.58064,93.00953399,185.7780483,158.4989891,413.1203426,0.413294717,15.5378662,90.27981357,3.258706468
2008,Homs,Al_Maghrim,2,59,59,150,2542.372881,0.306769432,2.913060825,325.9156332,8.699022029,218.2032013,1.457191708,18.26401052,311.7343597,1,797.1330828,330.169512,11800.97352,1,104.0896137,27.11122978,16.39024099,2.595554824,8.814724435,0.215929176,0.026813091,3745.577858,7.836838992,72.10536695,78.87538478,85.14255293,119.1328198,282.185961,406.7754786,1.39213165,8.706368852,93.65851997,23.70967742
2008,Homs,Al_Maghrim,3,37,37,82,2216.216216,0.306769432,2.913060825,325.9156332,8.699022029,218.2032013,1.457191708,18.26401052,311.7343597,1,797.1330828,330.169512,11800.97352,1,104.0896137,27.11122978,16.39024099,2.595554824,8.814724435,0.215929176,0.026813091,3745.577858,7.836838992,72.10536695,78.87538478,85.14255293,119.1328198,282.185961,406.7754786,1.39213165,8.706368852,93.65851997,23.70967742
2008,Homs,Al_Quasir,1,252,252,763,3027.777778,0.079506691,1.850323115,650.6669694,16.88501617,228.7835016,1.423727806,26.81275048,398.4009405,1,596.8480096,422.0980843,12103.36784,1,19.08778159,26.87691458,16.81023312,3.518769114,10.99629579,0.44180751,0.067688305,3852.517005,7.575372583,80.8209139,88.2114605,95.32856688,272.6804583,214.1664714,361.619498,0.932790651,19.01649265,96.05847494,81.53370847
2008,Homs,Al_Quasir,2,1261,1261,3421,2712.926249,0.079506691,1.850323115,650.6669694,16.88501617,228.7835016,1.423727806,26.81275048,398.4009405,1,596.8480096,422.0980843,12103.36784,1,19.08778159,26.87691458,16.81023312,3.518769114,10.99629579,0.44180751,0.067688305,3852.517005,7.575372583,80.8209139,88.2114605,95.32856688,272.6804583,214.1664714,361.619498,0.932790651,19.01649265,96.05847494,81.53370847
2008,Homs,Al_Quasir,3,569,569,1444,2537.785589,0.079506691,1.850323115,650.6669694,16.88501617,228.7835016,1.423727806,26.81275048,398.4009405,1,596.8480096,422.0980843,12103.36784,1,19.08778159,26.87691458,16.81023312,3.518769114,10.99629579,0.44180751,0.067688305,3852.517005,7.575372583,80.8209139,88.2114605,95.32856688,272.6804583,214.1664714,361.619498,0.932790651,19.01649265,96.05847494,81.53370847
2008,Homs,Al_Quasir,4,40,40,115,2875,0.079506691,1.850323115,650.6669694,16.88501617,228.7835016,1.423727806,26.81275048,398.4009405,1,596.8480096,422.0980843,12103.36784,1,19.08778159,26.87691458,16.81023312,3.518769114,10.99629579,0.44180751,0.067688305,3852.517005,7.575372583,80.8209139,88.2114605,95.32856688,272.6804583,214.1664714,361.619498,0.932790651,19.01649265,96.05847494,81.53370847
2008,Homs,Ar_Rastan,1,3411,3411,7589,2224.860745,0.023749721,0.879988685,557.2693517,14.64687749,217.7540281,1.490165194,31.51599766,455.9867872,1,435.4754306,429.0941818,12768.58544,1,32.93536539,27.68392847,17.73414644,4.319662573,11.24879836,0.488550612,0.088108671,3803.697295,7.628313312,79.05622294,79.39033818,96.53171493,240.2838016,194.2140276,350.5086574,1.105333487,20.10500042,98.66202033,64.92877493
2008,Homs,Ar_Rastan,2,16,16,40,2500,0.023749721,0.879988685,557.2693517,14.64687749,217.7540281,1.490165194,31.51599766,455.9867872,1,435.4754306,429.0941818,12768.58544,1,32.93536539,27.68392847,17.73414644,4.319662573,11.24879836,0.488550612,0.088108671,3803.697295,7.628313312,79.05622294,79.39033818,96.53171493,240.2838016,194.2140276,350.5086574,1.105333487,20.10500042,98.66202033,64.92877493
2008,Homs,Homs,1,3965,3965,9203,2321.059269,0.661463232,5.466555194,369.1321184,9.523416726,170.4993423,1.454793713,18.39390553,334.3746299,1,749.4069726,380.115525,11722.97951,1,42.53240625,26.8066017,16.28154672,2.501180046,9.82538161,0.234219131,0.032318987,3875.047106,7.822295424,72.59015253,80.76501815,84.33786488,143.5844697,262.3261291,400.8940442,1.265880206,10.65134129,93.03740983,61.8628226
2008,Homs,Homs,2,599,599,1894,3161.936561,0.661463232,5.466555194,369.1321184,9.523416726,170.4993423,1.454793713,18.39390553,334.3746299,1,749.4069726,380.115525,11722.97951,1,42.53240625,26.8066017,16.28154672,2.501180046,9.82538161,0.234219131,0.032318987,3875.047106,7.822295424,72.59015253,80.76501815,84.33786488,143.5844697,262.3261291,400.8940442,1.265880206,10.65134129,93.03740983,61.8628226
2008,Homs,Homs,3,121,121,239,1975.206612,0.661463232,5.466555194,369.1321184,9.523416726,170.4993423,1.454793713,18.39390553,334.3746299,1,749.4069726,380.115525,11722.97951,1,42.53240625,26.8066017,16.28154672,2.501180046,9.82538161,0.234219131,0.032318987,3875.047106,7.822295424,72.59015253,80.76501815,84.33786488,143.5844697,262.3261291,400.8940442,1.265880206,10.65134129,93.03740983,61.8628226
2008,Homs,Homs,4,206,206,345,1674.757282,0.661463232,5.466555194,369.1321184,9.523416726,170.4993423,1.454793713,18.39390553,334.3746299,1,749.4069726,380.115525,11722.97951,1,42.53240625,26.8066017,16.28154672,2.501180046,9.82538161,0.234219131,0.032318987,3875.047106,7.822295424,72.59015253,80.76501815,84.33786488,143.5844697,262.3261291,400.8940442,1.265880206,10.65134129,93.03740983,61.8628226
2008,Homs,Homs,5,20,20,20,1000,0.661463232,5.466555194,369.1321184,9.523416726,170.4993423,1.454793713,18.39390553,334.3746299,1,749.4069726,380.115525,11722.97951,1,42.53240625,26.8066017,16.28154672,2.501180046,9.82538161,0.234219131,0.032318987,3875.047106,7.822295424,72.59015253,80.76501815,84.33786488,143.5844697,262.3261291,400.8940442,1.265880206,10.65134129,93.03740983,61.8628226
2008,Homs,Tadmor,5,1767,1767,5817,3292.020374,3.841744306,8.05403205,231.6589632,5.588600901,159.7105472,1.451686932,14.80853441,400.785848,1,615.4601233,235.4943311,13233.8702,1,66.07295238,30.24574393,18.38037528,2.937619745,5.704369769,0.146491623,0.011168687,4144.204987,7.963283185,67.8905605,89.03810947,70.95723643,75.40930881,192.9330692,406.9913066,0.714945106,6.814479757,94.96928412,12.93083756
2008,Homs,Tall_Kalakh,1,197,197,554,2812.182741,0.061265386,1.382119937,1083.851663,29.0421224,213.4968276,1.371293035,28.50363662,371.8628808,1,462.9664108,684.1552991,12382.33323,1,86.9397267,26.44077569,17.19768504,4.796191811,18.39367097,0.646880142,0.106873635,3730.998812,7.036198454,98.79338486,86.71018351,103.3473504,480.917455,256.0800903,370.1287946,2.899572474,38.32373734,98.27248594,63.89144317
2008,Idleb,Al_Jisr_Ash_Shu,1,709,709,1457,2055.007052,0.061795348,1.387996783,1093.38796,32.00243441,177.540447,1.380476929,27.89801472,304.6574213,1,349.3955892,594.3599764,12137.96385,1,101.3142959,27.24412221,16.85828313,3.717724666,17.39872975,0.557812447,0.079290888,3415.577458,6.711311118,90.37703725,82.45255681,110.3635227,528.4324462,309.262822,377.4719518,3.793157673,40.90641577,96.33304645,19.55376344
2008,Idleb,Al_Mara,1,2972,2972,10958,3687.079408,0.219400577,2.789560748,673.212619,18.72091082,161.5969773,1.44106543,30.50289991,387.8445436,1,426.7153644,408.6185192,12782.90069,1,29.05957912,28.69803014,17.75402873,3.730682873,11.38833031,0.513402548,0.103824639,3595.04629,7.422356298,85.92145674,74.39087857,100.7635081,304.3677876,211.8633148,395.4624714,1.089096217,21.8826255,98.54840725,2.740740741
2008,Idleb,Al_Mara,2,1464,1464,5092,3478.142077,0.219400577,2.789560748,673.212619,18.72091082,161.5969773,1.44106543,30.50289991,387.8445436,1,426.7153644,408.6185192,12782.90069,1,29.05957912,28.69803014,17.75402873,3.730682873,11.38833031,0.513402548,0.103824639,3595.04629,7.422356298,85.92145674,74.39087857,100.7635081,304.3677876,211.8633148,395.4624714,1.089096217,21.8826255,98.54840725,2.740740741
2008,Idleb,Al_Mara,3,873,873,1310,1500.572738,0.219400577,2.789560748,673.212619,18.72091082,161.5969773,1.44106543,30.50289991,387.8445436,1,426.7153644,408.6185192,12782.90069,1,29.05957912,28.69803014,17.75402873,3.730682873,11.38833031,0.513402548,0.103824639,3595.04629,7.422356298,85.92145674,74.39087857,100.7635081,304.3677876,211.8633148,395.4624714,1.089096217,21.8826255,98.54840725,2.740740741
2008,Idleb,Ariha,1,705,705,2206,3129.078014,0.06189382,1.20144567,879.9066319,24.75985047,178.7756591,1.396585143,27.93576679,350.6523137,1,582.149967,454.6128973,11867.95457,1,87.67581128,27.37809647,16.48327023,2.881420264,12.81127333,0.415433123,0.057897755,3552.763917,7.15618642,94.79378601,82.73688586,104.6924697,414.381739,264.1637633,380.2716742,2.592602428,31.56046909,94.19011563,35.35190616
2008,Idleb,Harim,1,240,240,958,3991.666667,0.076955511,1.744823344,965.5811837,27.29156453,208.4698796,1.397594182,27.2782689,356.5012631,1,400.6489695,462.8813461,12318.76263,1,91.8753057,28.37074389,17.10939254,3.011567931,13.11840936,0.450313878,0.06497908,3537.020631,7.125463716,95.81787612,69.86963963,114.7801602,459.1516008,243.3845318,396.2349649,3.52892128,34.93256475,97.76795736,7.104166667
2008,Idleb,Idleb,1,2549,2549,7374,2892.899176,0.125820372,2.188331063,798.9432958,21.82516386,133.1604544,1.441830046,29.96636028,396.7139838,1,349.4829207,471.5708438,12800.69179,1,18.66965742,28.85260626,17.77873859,3.728531167,12.86856803,0.540770482,0.106691452,3659.651992,7.363514149,87.8828617,74.7129235,104.585452,377.1078523,201.4720497,378.6673336,0.928862474,24.86059375,98.40720805,24.08243728
2008,Idleb,Idleb,2,20,20,90,4500,0.125820372,2.188331063,798.9432958,21.82516386,133.1604544,1.441830046,29.96636028,396.7139838,1,349.4829207,471.5708438,12800.69179,1,18.66965742,28.85260626,17.77873859,3.728531167,12.86856803,0.540770482,0.106691452,3659.651992,7.363514149,87.8828617,74.7129235,104.585452,377.1078523,201.4720497,378.6673336,0.928862474,24.86059375,98.40720805,24.08243728
2008,Raqqa,Al_Thawrah,5,1498,1498,4917,3282.376502,0.166312937,1.915996577,317.0366611,7.837425083,159.7684893,1.190950364,17.04136252,252.4603217,1,365.9192606,265.5788213,13704.9384,1,14.81675015,31.46106726,19.03463666,3.859084086,6.569442047,0.248038203,0.050734147,4044.163529,7.560426275,81.31912416,72.73603066,85.42584058,125.0736607,193.9123706,366.1195327,0.562168467,8.629667024,91.23064765,97.73904029
2008,Raqqa,Raqqa,3,235,235,899,3825.531915,1.050201469,5.964680642,282.3343377,6.763170904,176.8215937,1.445777656,18.21052889,260.1565394,1,346.2123061,319.9735424,13981.72304,1,26.05879584,32.01339583,19.41905978,3.838626197,7.682941057,0.201827571,0.028401061,4173.58529,7.943602406,68.54658646,75.43232946,84.25281901,104.2972046,252.812006,466.2953785,0.418199141,7.517291598,89.03394414,89.8962532
2008,Raqqa,Raqqa,4,8036,8036,31204,3883.026381,1.050201469,5.964680642,282.3343377,6.763170904,176.8215937,1.445777656,18.21052889,260.1565394,1,346.2123061,319.9735424,13981.72304,1,26.05879584,32.01339583,19.41905978,3.838626197,7.682941057,0.201827571,0.028401061,4173.58529,7.943602406,68.54658646,75.43232946,84.25281901,104.2972046,252.812006,466.2953785,0.418199141,7.517291598,89.03394414,89.8962532
2008,Raqqa,Raqqa,5,9762,9762,36100,3698.012702,1.050201469,5.964680642,282.3343377,6.763170904,176.8215937,1.445777656,18.21052889,260.1565394,1,346.2123061,319.9735424,13981.72304,1,26.05879584,32.01339583,19.41905978,3.838626197,7.682941057,0.201827571,0.028401061,4173.58529,7.943602406,68.54658646,75.43232946,84.25281901,104.2972046,252.812006,466.2953785,0.418199141,7.517291598,89.03394414,89.8962532
2008,Raqqa,Tell_Abiad,2,7683,7683,21459,2793.04959,0.478825179,3.735158564,386.6242159,9.23944041,188.9206138,1.450549568,27.03711738,400.1496788,1,371.821103,269.858339,13965.62358,1,11.17783109,33.25059878,19.39669942,3.044257997,6.46381665,0.259665031,0.03967432,4183.498181,7.789701512,73.67661628,74.90318649,90.07145926,152.4090234,163.0030389,436.503596,0.353533461,11.88417515,89.16171762,33.28514589
2008,Raqqa,Tell_Abiad,3,1067,1067,1020,955.9512652,0.478825179,3.735158564,386.6242159,9.23944041,188.9206138,1.450549568,27.03711738,400.1496788,1,371.821103,269.858339,13965.62358,1,11.17783109,33.25059878,19.39669942,3.044257997,6.46381665,0.259665031,0.03967432,4183.498181,7.789701512,73.67661628,74.90318649,90.07145926,152.4090234,163.0030389,436.503596,0.353533461,11.88417515,89.16171762,33.28514589
2008,Tartous,Banyas,1,114,114,107,938.5964912,0.064347484,1.259569202,1403.712592,38.46442036,227.2029485,1.248880866,25.12215029,311.6023136,1,597.2024401,784.9347297,11621.40811,1,239.5189203,25.56937044,16.1408446,4.429619276,21.5128595,0.561522811,0.056660557,3648.379292,6.402940695,80.09802315,86.91097141,105.8022788,633.2039508,311.2379664,363.3411414,4.321198421,51.28226288,92.2333977,78.70526316
2008,Tartous,Safita,1,103,103,105,1019.417476,0.047070335,1.157636077,1445.356711,39.95246947,212.2246192,1.350786518,24.81991989,329.6296751,1,294.0703481,754.3109993,12929.67992,1,85.74052064,26.66944825,17.95788878,6.553456258,20.876174,0.610121531,0.072041841,3616.690546,6.807968775,93.59895915,87.20558423,108.3392523,640.6691938,291.9812893,377.4132804,2.351750182,44.6094789,97.3834927,76.62715679
2008,Tartous,Tartous,1,873,873,1113,1274.914089,0.049162657,1.417978043,1236.897597,33.46298917,226.602822,1.337365278,24.38800112,328.0083572,1,151.3380759,855.5258419,13388.19715,1,85.26540945,26.82983642,18.59471827,8.057045889,23.18566854,0.586112751,0.070595025,3695.315326,6.801489796,93.38299321,86.23225431,106.0927406,539.1951599,293.3316743,364.969705,1.987711269,46.76351549,93.74446704,64.49344978
2009,Al_Qunaytirah,Al_Qunaytirah,1,1341,1341,4277,3189.410887,0.120668536,1.817203669,1153.625843,28.6621413,196.6396652,1.392797379,36.80800834,452.0421233,1,812.7813464,511.1708541,11662.94198,1,99.78962314,25.00232567,16.19853053,4.10046966,12.75965624,0.635660851,0.13723202,4023.911576,7.519971534,82.66761553,106.3994938,94.38387518,611.0102826,184.0334609,363.9594199,3.215624823,25.20123137,92.5630316,62.36754297
2009,Aleppo,Afrin,1,2229,2229,9629,4319.874383,0.194810459,2.230856022,1010.631633,28.21024321,184.8305861,1.371035123,25.51170824,404.3181051,1,493.5760545,480.3144191,12142.4345,1,89.965976,28.76749017,16.86449237,2.101971654,13.41174295,0.477366096,0.072729556,3581.49883,7.198506433,93.3831189,73.85343583,112.1555523,472.0130771,192.8950466,401.4796676,3.206478872,32.26458622,96.3685278,72.67440361
2009,Aleppo,Ain_Al_Arab,2,2486,2486,9745,3919.95173,0.285146327,2.615456939,475.340816,11.93126231,180.1352135,1.344070296,29.15984317,412.5287694,1,457.6511594,317.3089526,13398.61622,1,40.7417743,32.08399682,18.60918919,2.328470361,7.990764905,0.447790087,0.091290208,3982.994349,7.452704986,84.90983381,75.56697603,97.17598075,223.7300575,160.737883,374.9119357,1.026508894,16.80178945,93.66177605,86.06697787
2009,Aleppo,Ain_Al_Arab,3,670,670,2613,3900,0.285146327,2.615456939,475.340816,11.93126231,180.1352135,1.344070296,29.15984317,412.5287694,1,457.6511594,317.3089526,13398.61622,1,40.7417743,32.08399682,18.60918919,2.328470361,7.990764905,0.447790087,0.091290208,3982.994349,7.452704986,84.90983381,75.56697603,97.17598075,223.7300575,160.737883,374.9119357,1.026508894,16.80178945,93.66177605,86.06697787
2009,Aleppo,Al_Bab,1,114,114,563,4938.596491,0.223794265,2.70647827,491.1160613,13.22495656,171.3158859,1.361738999,28.32570189,404.137529,1,440.5998951,402.3733995,13155.08301,1,12.48017986,30.22738393,18.27094862,2.937482164,10.84549892,0.471589475,0.096575307,3712.555193,7.526863486,82.4378838,81.00786685,95.1927872,231.9910007,172.3288421,394.8106379,0.536196258,18.97472913,95.5945793,57.38811081
2009,Aleppo,Al_Bab,2,5068,5068,24778,4889.108129,0.223794265,2.70647827,491.1160613,13.22495656,171.3158859,1.361738999,28.32570189,404.137529,1,440.5998951,402.3733995,13155.08301,1,12.48017986,30.22738393,18.27094862,2.937482164,10.84549892,0.471589475,0.096575307,3712.555193,7.526863486,82.4378838,81.00786685,95.1927872,231.9910007,172.3288421,394.8106379,0.536196258,18.97472913,95.5945793,57.38811081
2009,Aleppo,Al_Bab,3,3258,3258,13358,4100.061387,0.223794265,2.70647827,491.1160613,13.22495656,171.3158859,1.361738999,28.32570189,404.137529,1,440.5998951,402.3733995,13155.08301,1,12.48017986,30.22738393,18.27094862,2.937482164,10.84549892,0.471589475,0.096575307,3712.555193,7.526863486,82.4378838,81.00786685,95.1927872,231.9910007,172.3288421,394.8106379,0.536196258,18.97472913,95.5945793,57.38811081
2009,Aleppo,Al_Bab,4,1010,1010,4697,4650.49505,0.223794265,2.70647827,491.1160613,13.22495656,171.3158859,1.361738999,28.32570189,404.137529,1,440.5998951,402.3733995,13155.08301,1,12.48017986,30.22738393,18.27094862,2.937482164,10.84549892,0.471589475,0.096575307,3712.555193,7.526863486,82.4378838,81.00786685,95.1927872,231.9910007,172.3288421,394.8106379,0.536196258,18.97472913,95.5945793,57.38811081
2009,Aleppo,As_Safira,2,1642,1642,9212,5610.231425,0.226229514,2.727688396,405.0432668,10.93005333,194.0542344,1.456944439,23.81607607,339.9130212,1,386.7828001,352.3993715,13519.6931,1,58.56984464,30.09649926,18.77735152,3.954551983,9.511246641,0.323666996,0.056255953,3704.775759,7.634697244,78.8434252,80.98253587,84.55449901,194.8920677,209.796782,447.6738108,1.021027812,12.3940763,92.70084845,61.3127161
2009,Aleppo,As_Safira,3,1467,1467,6895,4700.068166,0.226229514,2.727688396,405.0432668,10.93005333,194.0542344,1.456944439,23.81607607,339.9130212,1,386.7828001,352.3993715,13519.6931,1,58.56984464,30.09649926,18.77735152,3.954551983,9.511246641,0.323666996,0.056255953,3704.775759,7.634697244,78.8434252,80.98253587,84.55449901,194.8920677,209.796782,447.6738108,1.021027812,12.3940763,92.70084845,61.3127161
2009,Aleppo,As_Safira,4,177,177,737,4163.841808,0.226229514,2.727688396,405.0432668,10.93005333,194.0542344,1.456944439,23.81607607,339.9130212,1,386.7828001,352.3993715,13519.6931,1,58.56984464,30.09649926,18.77735152,3.954551983,9.511246641,0.323666996,0.056255953,3704.775759,7.634697244,78.8434252,80.98253587,84.55449901,194.8920677,209.796782,447.6738108,1.021027812,12.3940763,92.70084845,61.3127161
2009,Aleppo,As_Safira,5,316,316,980,3101.265823,0.226229514,2.727688396,405.0432668,10.93005333,194.0542344,1.456944439,23.81607607,339.9130212,1,386.7828001,352.3993715,13519.6931,1,58.56984464,30.09649926,18.77735152,3.954551983,9.511246641,0.323666996,0.056255953,3704.775759,7.634697244,78.8434252,80.98253587,84.55449901,194.8920677,209.796782,447.6738108,1.021027812,12.3940763,92.70084845,61.3127161
2009,Aleppo,Azaz,1,2787,2787,11547,4143.164693,0.121728487,2.146811382,682.7766581,18.18043962,180.5676029,1.396196968,30.36538609,429.7996425,1,481.8095159,521.0781718,12628.18086,1,12.33630082,29.57342955,17.53914008,2.378211902,13.87795533,0.672926965,0.143202435,3754.556368,7.471901984,84.26993387,78.22008826,103.8130795,324.2961633,165.5478602,396.9674719,0.559398203,24.25735487,99.7763424,30.7875817
2009,Aleppo,Azaz,2,455,455,1746,3837.362637,0.121728487,2.146811382,682.7766581,18.18043962,180.5676029,1.396196968,30.36538609,429.7996425,1,481.8095159,521.0781718,12628.18086,1,12.33630082,29.57342955,17.53914008,2.378211902,13.87795533,0.672926965,0.143202435,3754.556368,7.471901984,84.26993387,78.22008826,103.8130795,324.2961633,165.5478602,396.9674719,0.559398203,24.25735487,99.7763424,30.7875817
2009,Aleppo,Jarablus,2,181,181,728,4022.099448,0.056313267,1.389591551,541.390295,14.37436171,123.911363,1.374076188,31.59740814,433.9335195,1,453.0262094,357.6647919,13125.81666,1,19.54434174,31.7589775,18.23030092,1.999407362,9.499991007,0.53728041,0.105846917,3765.360593,7.473535251,84.21549162,80.74613571,97.61455517,255.4214612,151.8135123,395.6820817,0.731704106,17.89025411,95.8268519,86.86344794
2009,Aleppo,Jebel_Saman,1,9605,9605,45893,4778.032275,0.320135248,3.90953411,614.6536455,16.98914949,185.7492815,1.399045613,26.85095306,367.0160671,1,348.6130778,433.3799165,13293.78747,1,24.0041333,29.64488741,18.4635937,3.701136249,11.98103263,0.474956637,0.090276828,3616.918871,7.511498758,82.95004141,77.19780485,98.25535989,296.1742883,183.2856532,401.209007,0.780531933,17.98196178,94.49375027,28.18423019
2009,Aleppo,Jebel_Saman,2,19327,19327,82254,4255.911419,0.320135248,3.90953411,614.6536455,16.98914949,185.7492815,1.399045613,26.85095306,367.0160671,1,348.6130778,433.3799165,13293.78747,1,24.0041333,29.64488741,18.4635937,3.701136249,11.98103263,0.474956637,0.090276828,3616.918871,7.511498758,82.95004141,77.19780485,98.25535989,296.1742883,183.2856532,401.209007,0.780531933,17.98196178,94.49375027,28.18423019
2009,Aleppo,Jebel_Saman,3,4016,4016,16104,4009.960159,0.320135248,3.90953411,614.6536455,16.98914949,185.7492815,1.399045613,26.85095306,367.0160671,1,348.6130778,433.3799165,13293.78747,1,24.0041333,29.64488741,18.4635937,3.701136249,11.98103263,0.474956637,0.090276828,3616.918871,7.511498758,82.95004141,77.19780485,98.25535989,296.1742883,183.2856532,401.209007,0.780531933,17.98196178,94.49375027,28.18423019
2009,Aleppo,Jebel_Saman,4,709,709,2765,3899.858956,0.320135248,3.90953411,614.6536455,16.98914949,185.7492815,1.399045613,26.85095306,367.0160671,1,348.6130778,433.3799165,13293.78747,1,24.0041333,29.64488741,18.4635937,3.701136249,11.98103263,0.474956637,0.090276828,3616.918871,7.511498758,82.95004141,77.19780485,98.25535989,296.1742883,183.2856532,401.209007,0.780531933,17.98196178,94.49375027,28.18423019
2009,Aleppo,Menbij,2,103,103,412,4000,0.476099108,4.018173677,380.7492567,9.978023557,173.279788,1.406754586,24.018397,332.4689528,1,397.1956572,336.3675467,13572.66727,1,17.60715977,30.77441878,18.85092677,3.47421197,8.818388877,0.33341859,0.060979784,3814.878511,7.618434657,79.38551142,78.86642006,87.93725233,178.3210617,198.2878033,437.4207931,0.49517755,12.11218955,92.28041848,92.68040719
2009,As_Suweida,As_Suwayda,2,148,148,518,3500,0.245068348,2.898837435,379.0310574,8.402301037,164.7488635,1.44067499,22.83274428,379.7186382,1,936.6083153,269.8383671,12343.1867,1,132.549277,26.76837307,17.14331486,3.436803508,6.00543487,0.240695794,0.030375651,4510.03877,7.882238542,70.59204861,98.01777946,79.25647665,186.9037685,218.1895834,401.1968401,1.365785859,8.704768714,97.96179919,36.89205703
2009,As_Suweida,Salkhad,2,22,22,42,1909.090909,0.19678529,2.476461818,338.798072,7.509208169,175.7154581,1.445399312,22.89129271,345.5826409,1,1096.653045,267.0960994,12061.50037,1,151.5089895,26.51505842,16.75208385,3.069984717,5.946774096,0.187935469,0.020540685,4510.768277,7.899676731,70.01077564,100.0437476,75.80547479,163.5007433,268.1481021,387.011929,1.285466681,8.340411369,95.72619344,38.32058288
2009,As_Suweida,Shahba,2,22,22,75,3409.090909,0.197527256,2.191659403,425.5730974,9.800857431,172.1533402,1.451189377,19.92857504,355.5120454,1,812.086703,263.6826022,12548.59195,1,62.52582608,26.95582393,17.42859992,3.663175869,6.07797861,0.19191173,0.023324572,4341.202715,7.921607895,69.27973685,95.5538117,80.33017677,217.2527916,217.4198839,427.8247932,0.996377189,7.542191094,99.59199957,8.194029851
2009,As_Suweida,Shahba,3,3,3,10,3333.333333,0.197527256,2.191659403,425.5730974,9.800857431,172.1533402,1.451189377,19.92857504,355.5120454,1,812.086703,263.6826022,12548.59195,1,62.52582608,26.95582393,17.42859992,3.663175869,6.07797861,0.19191173,0.023324572,4341.202715,7.921607895,69.27973685,95.5538117,80.33017677,217.2527916,217.4198839,427.8247932,0.996377189,7.542191094,99.59199957,8.194029851
2009,Damascus,Al_Ghutta,3,105,105,482,4590.47619,0.011843117,0.558468679,486.5380011,12.39992631,106.1618312,1.291118521,15.97295861,315.6253218,1,651.6936639,462.9808382,12602.41034,1,6.349500264,28.18215487,17.5033477,3.324265297,11.82319117,0.408328294,0.050723941,3922.716874,7.702316985,76.58943385,105.5143875,79.52732664,253.2523649,178.6231764,388.861443,0.350493747,15.36100502,99.98087029,4.8
2009,Damascus,Al_Ghutta,4,26,26,111,4269.230769,0.011843117,0.558468679,486.5380011,12.39992631,106.1618312,1.291118521,15.97295861,315.6253218,1,651.6936639,462.9808382,12602.41034,1,6.349500264,28.18215487,17.5033477,3.324265297,11.82319117,0.408328294,0.050723941,3922.716874,7.702316985,76.58943385,105.5143875,79.52732664,253.2523649,178.6231764,388.861443,0.350493747,15.36100502,99.98087029,4.8
2009,Damascus,Al_Ghutta,5,148,148,470,3175.675676,0.011843117,0.558468679,486.5380011,12.39992631,106.1618312,1.291118521,15.97295861,315.6253218,1,651.6936639,462.9808382,12602.41034,1,6.349500264,28.18215487,17.5033477,3.324265297,11.82319117,0.408328294,0.050723941,3922.716874,7.702316985,76.58943385,105.5143875,79.52732664,253.2523649,178.6231764,388.861443,0.350493747,15.36100502,99.98087029,4.8
2009,Damascus,Al_Qutayfah,5,40,40,40,1000,0.165290463,2.05625535,320.6130393,8.043947208,195.5281875,1.44431954,15.13843505,319.6985667,1,995.3053148,310.7730284,11747.23519,1,127.2432106,27.40177272,16.31496732,1.900360342,7.820784619,0.12884784,0.008003225,3984.767572,7.89758494,70.08050201,81.7830364,80.10517196,167.0149651,244.8824899,435.20357,2.859481548,8.87439493,93.2283847,2.858974359
2009,Damascus,At_Tall,2,4,4,8,2000,0.044028509,1.064884239,645.6408029,16.53219013,162.1199029,1.40030382,25.61268638,363.9933535,1,1466.66102,362.9294348,9733.306317,1,145.3541383,24.16346012,13.4945909,0.06695375,9.297250033,0.19806774,0.024958718,3904.355539,7.636543834,78.78187219,96.50339457,88.02840174,349.2154673,274.0306517,362.7005117,3.630504348,17.15543139,77.11194798,1.666666667
2009,Damascus,At_Tall,3,7,7,11,1571.428571,0.044028509,1.064884239,645.6408029,16.53219013,162.1199029,1.40030382,25.61268638,363.9933535,1,1466.66102,362.9294348,9733.306317,1,145.3541383,24.16346012,13.4945909,0.06695375,9.297250033,0.19806774,0.024958718,3904.355539,7.636543834,78.78187219,96.50339457,88.02840174,349.2154673,274.0306517,362.7005117,3.630504348,17.15543139,77.11194798,1.666666667
2009,Damascus,Az_Zabdani,1,23,23,80,3478.26087,0.060455564,1.268423947,877.6231038,21.98435647,181.4811797,1.350758075,29.73442299,406.6926124,1,1549.684822,434.501681,9268.951914,1,364.1754447,23.13457688,12.85310959,0.085457854,10.91678512,0.264627658,0.046863167,3991.034541,7.486507827,83.78307244,97.87123113,91.80625435,477.7499355,271.265393,322.8236739,6.230150135,23.98346865,73.44634053,59.03225806
2009,Damascus,Darayya,3,2,2,10,5000,0.012423869,0.610406653,523.0553526,13.06668822,92.7628682,1.315842328,23.5269942,377.8860652,1,680.7773842,345.1587983,12282.10736,1,9.388939721,27.46251827,17.05848244,3.199489461,8.65934328,0.297427557,0.034848681,4001.968036,7.775299427,74.15668578,102.7030387,80.04289209,271.5852915,142.5483663,397.8240084,0.699756804,11.61850321,97.47704253,3.25
2009,Damascus,Duma,4,18,18,45,2500,1.143833319,5.36296028,245.2884889,5.560810721,183.2223843,1.439790063,15.24508473,435.0312031,1,671.3370843,249.4697869,13254.00661,1,24.50940844,29.2171252,18.40834251,3.449699998,5.862848791,0.129440242,0.008098999,4410.020285,7.9788694,67.37102002,81.90106926,72.22766577,126.7939523,156.4332399,408.6870532,0.494037748,7.515456491,94.80947139,20.17542504
2009,Damascus,Duma,5,740,740,1852,2502.702703,1.143833319,5.36296028,245.2884889,5.560810721,183.2223843,1.439790063,15.24508473,435.0312031,1,671.3370843,249.4697869,13254.00661,1,24.50940844,29.2171252,18.40834251,3.449699998,5.862848791,0.129440242,0.008098999,4410.020285,7.9788694,67.37102002,81.90106926,72.22766577,126.7939523,156.4332399,408.6870532,0.494037748,7.515456491,94.80947139,20.17542504
2009,Damascus,Qatana,1,506,506,2427,4796.442688,0.093841203,1.750152374,887.5074413,21.64383658,126.6999471,1.390187794,33.83029859,446.2725683,1,1076.168708,385.3196363,10879.48755,1,134.8032696,24.99730335,15.10993644,2.042397333,9.430277949,0.322897585,0.047600853,4099.508882,7.631263536,78.95788213,104.5636502,90.40748087,474.14749,198.523565,355.7564594,3.240654984,17.95975534,86.34249395,10.25471698
2009,Damascus,Qatana,2,1199,1199,5639,4703.085905,0.093841203,1.750152374,887.5074413,21.64383658,126.6999471,1.390187794,33.83029859,446.2725683,1,1076.168708,385.3196363,10879.48755,1,134.8032696,24.99730335,15.10993644,2.042397333,9.430277949,0.322897585,0.047600853,4099.508882,7.631263536,78.95788213,104.5636502,90.40748087,474.14749,198.523565,355.7564594,3.240654984,17.95975534,86.34249395,10.25471698
2009,Damascus,Qatana,3,149,149,685,4597.315436,0.093841203,1.750152374,887.5074413,21.64383658,126.6999471,1.390187794,33.83029859,446.2725683,1,1076.168708,385.3196363,10879.48755,1,134.8032696,24.99730335,15.10993644,2.042397333,9.430277949,0.322897585,0.047600853,4099.508882,7.631263536,78.95788213,104.5636502,90.40748087,474.14749,198.523565,355.7564594,3.240654984,17.95975534,86.34249395,10.25471698
2009,Damascus,Yabrud,2,7,7,16,2285.714286,0.055958524,1.256549001,755.7342737,19.74157103,151.1400992,1.388098698,24.46438451,298.4432339,1,1851.02324,405.5153149,8481.392807,1,231.2609004,22.59617918,11.70374182,-1.625163385,10.59449649,0.164432349,0.030025627,3827.136437,7.507783175,83.07389417,108.017644,88.9178627,418.354053,327.2389854,375.052399,3.28542421,18.12267988,66.87852469,3.666666667
2009,Damascus,Yabrud,3,6,6,12,2000,0.055958524,1.256549001,755.7342737,19.74157103,151.1400992,1.388098698,24.46438451,298.4432339,1,1851.02324,405.5153149,8481.392807,1,231.2609004,22.59617918,11.70374182,-1.625163385,10.59449649,0.164432349,0.030025627,3827.136437,7.507783175,83.07389417,108.017644,88.9178627,418.354053,327.2389854,375.052399,3.28542421,18.12267988,66.87852469,3.666666667
2009,Dara,As_Sanamayn,1,291,291,1106,3800.687285,0.126365387,2.232014688,579.9798446,13.45809834,180.1350323,1.464749006,30.99856142,436.994746,1,676.2522372,298.9399097,12450.35177,1,14.37105451,26.62537556,17.29215523,4.103659137,6.930577602,0.304423984,0.047897408,4308.523008,7.860602751,71.31324164,101.7436518,81.84436385,295.7568076,132.4975201,430.6093861,0.669011199,10.00010737,98.81231561,28.32124352
2009,Dara,As_Sanamayn,2,458,458,1640,3580.786026,0.126365387,2.232014688,579.9798446,13.45809834,180.1350323,1.464749006,30.99856142,436.994746,1,676.2522372,298.9399097,12450.35177,1,14.37105451,26.62537556,17.29215523,4.103659137,6.930577602,0.304423984,0.047897408,4308.523008,7.860602751,71.31324164,101.7436518,81.84436385,295.7568076,132.4975201,430.6093861,0.669011199,10.00010737,98.81231561,28.32124352
2009,Dara,As_Sanamayn,3,92,92,322,3500,0.126365387,2.232014688,579.9798446,13.45809834,180.1350323,1.464749006,30.99856142,436.994746,1,676.2522372,298.9399097,12450.35177,1,14.37105451,26.62537556,17.29215523,4.103659137,6.930577602,0.304423984,0.047897408,4308.523008,7.860602751,71.31324164,101.7436518,81.84436385,295.7568076,132.4975201,430.6093861,0.669011199,10.00010737,98.81231561,28.32124352
2009,Dara,As_Sanamayn,4,4,4,14,3500,0.126365387,2.232014688,579.9798446,13.45809834,180.1350323,1.464749006,30.99856142,436.994746,1,676.2522372,298.9399097,12450.35177,1,14.37105451,26.62537556,17.29215523,4.103659137,6.930577602,0.304423984,0.047897408,4308.523008,7.860602751,71.31324164,101.7436518,81.84436385,295.7568076,132.4975201,430.6093861,0.669011199,10.00010737,98.81231561,28.32124352
2009,Dara,Dara,1,2847,2847,11530,4049.877064,0.151895403,2.467237111,531.9729625,12.84393161,247.890732,1.46774472,34.72026577,423.6944089,1,594.8481838,365.7020126,12518.97271,1,31.20078753,25.90232843,17.38746209,5.083024137,8.847068515,0.374563548,0.056226054,4140.823382,7.877365296,70.75449014,110.7079072,74.97078526,259.2211876,127.803691,442.0431636,0.879878166,12.29504118,99.35692624,40.20714807
2009,Dara,Dara,2,7423,7423,23878,3216.758723,0.151895403,2.467237111,531.9729625,12.84393161,247.890732,1.46774472,34.72026577,423.6944089,1,594.8481838,365.7020126,12518.97271,1,31.20078753,25.90232843,17.38746209,5.083024137,8.847068515,0.374563548,0.056226054,4140.823382,7.877365296,70.75449014,110.7079072,74.97078526,259.2211876,127.803691,442.0431636,0.879878166,12.29504118,99.35692624,40.20714807
2009,Dara,Dara,3,35,35,109,3114.285714,0.151895403,2.467237111,531.9729625,12.84393161,247.890732,1.46774472,34.72026577,423.6944089,1,594.8481838,365.7020126,12518.97271,1,31.20078753,25.90232843,17.38746209,5.083024137,8.847068515,0.374563548,0.056226054,4140.823382,7.877365296,70.75449014,110.7079072,74.97078526,259.2211876,127.803691,442.0431636,0.879878166,12.29504118,99.35692624,40.20714807
2009,Dara,Izra,1,2215,2215,8971,4050.112867,0.087018771,1.658654183,601.0467931,13.99395153,217.4263142,1.470306952,41.10287596,441.4595726,1,594.9833148,365.5440226,12421.9631,1,10.9531787,26.01770358,17.25272653,4.683452551,8.528038115,0.510143864,0.090438757,4294.046984,7.923266829,69.22443902,106.2655893,80.04337704,304.9995277,92.06481307,460.4442333,0.522892419,12.7609944,98.58700876,44.50057937
2009,Dara,Izra,2,843,843,2726,3233.689205,0.087018771,1.658654183,601.0467931,13.99395153,217.4263142,1.470306952,41.10287596,441.4595726,1,594.9833148,365.5440226,12421.9631,1,10.9531787,26.01770358,17.25272653,4.683452551,8.528038115,0.510143864,0.090438757,4294.046984,7.923266829,69.22443902,106.2655893,80.04337704,304.9995277,92.06481307,460.4442333,0.522892419,12.7609944,98.58700876,44.50057937
2009,Dara,Izra,3,10,10,30,3000,0.087018771,1.658654183,601.0467931,13.99395153,217.4263142,1.470306952,41.10287596,441.4595726,1,594.9833148,365.5440226,12421.9631,1,10.9531787,26.01770358,17.25272653,4.683452551,8.528038115,0.510143864,0.090438757,4294.046984,7.923266829,69.22443902,106.2655893,80.04337704,304.9995277,92.06481307,460.4442333,0.522892419,12.7609944,98.58700876,44.50057937
2009,Dayr_Az_Zor,Abu_Kamal,5,1194,1194,3513,2942.211055,0.326690195,2.534252196,254.3699732,5.448026497,145.9024177,1.474952341,15.51213228,316.9541986,1,199.0450865,266.0494222,15503.41189,1,17.05196237,34.55284989,21.53251652,4.328638096,5.717427351,0.171459879,0.01800395,4668.029664,7.914785937,69.50713545,85.53909402,75.19957917,113.3309368,210.3167699,473.4703945,0.275403663,8.147721895,76.95704848,64.43444099
2009,Dayr_Az_Zor,Al_Mayadin,5,4428,4428,15179,3427.958446,0.846879854,4.706853339,226.719348,4.949171772,106.9848781,1.464284982,15.16950876,321.6518012,1,284.7469964,291.2235349,15011.15286,1,13.44925992,33.64159185,20.84882342,3.964844925,6.371693328,0.148377773,0.010359121,4579.955328,7.935538403,68.81538657,77.64993823,76.45082598,103.4522871,226.8776377,452.2255759,0.231444592,7.050522461,80.86386617,65.76879408
2009,Dayr_Az_Zor,Dayr_Az_Zor,4,83,83,390,4698.795181,1.527438458,6.266817637,255.5514855,5.74839456,160.6562038,1.475571533,17.45613594,279.0580926,1,311.6110564,293.3117208,14705.31271,1,24.94088817,33.28354626,20.42404543,4.000274024,6.623900592,0.151951357,0.015142331,4444.614907,7.945084905,68.49716985,76.33587066,75.75270308,118.7106186,267.81461,453.5383851,0.441646162,7.406680906,83.29116895,59.82997528
2009,Dayr_Az_Zor,Dayr_Az_Zor,5,16335,16335,77559,4748.025712,1.527438458,6.266817637,255.5514855,5.74839456,160.6562038,1.475571533,17.45613594,279.0580926,1,311.6110564,293.3117208,14705.31271,1,24.94088817,33.28354626,20.42404543,4.000274024,6.623900592,0.151951357,0.015142331,4444.614907,7.945084905,68.49716985,76.33587066,75.75270308,118.7106186,267.81461,453.5383851,0.441646162,7.406680906,83.29116895,59.82997528
2009,Hama,Al_Ghab,1,45413,45413,227928,5019.003369,0.049595436,1.643165164,1255.275305,36.85189511,139.7759455,1.347860465,28.59829587,349.5799349,1,352.189296,903.7794585,12053.74713,1,139.7020723,26.79968617,16.74131546,3.695596862,26.52034698,0.733693503,0.124156464,3405.270699,6.782044179,92.73480597,87.6535716,112.0248356,605.6322395,280.5196852,361.9957542,4.508295663,42.21571718,95.66465975,35.28868661
2009,Hama,As_Salamiyeh,2,558,558,2055,3682.795699,0.504159747,4.926087865,360.3703313,9.965463324,191.2833095,1.455325727,20.3416433,317.9445519,1,514.8899545,356.5834838,13041.66912,1,39.708665,29.01819335,18.11342933,3.719917713,9.85325044,0.260274402,0.041548225,3615.19244,7.805379097,73.15403011,76.01235375,87.03998112,176.5065004,260.9011364,420.1232357,0.788382027,9.040582617,96.49468953,29.78971963
2009,Hama,As_Salamiyeh,3,185,185,671,3627.027027,0.504159747,4.926087865,360.3703313,9.965463324,191.2833095,1.455325727,20.3416433,317.9445519,1,514.8899545,356.5834838,13041.66912,1,39.708665,29.01819335,18.11342933,3.719917713,9.85325044,0.260274402,0.041548225,3615.19244,7.805379097,73.15403011,76.01235375,87.03998112,176.5065004,260.9011364,420.1232357,0.788382027,9.040582617,96.49468953,29.78971963
2009,Hama,As_Salamiyeh,4,109,109,283,2596.330275,0.504159747,4.926087865,360.3703313,9.965463324,191.2833095,1.455325727,20.3416433,317.9445519,1,514.8899545,356.5834838,13041.66912,1,39.708665,29.01819335,18.11342933,3.719917713,9.85325044,0.260274402,0.041548225,3615.19244,7.805379097,73.15403011,76.01235375,87.03998112,176.5065004,260.9011364,420.1232357,0.788382027,9.040582617,96.49468953,29.78971963
2009,Hama,As_Salamiyeh,5,6,6,12,2000,0.504159747,4.926087865,360.3703313,9.965463324,191.2833095,1.455325727,20.3416433,317.9445519,1,514.8899545,356.5834838,13041.66912,1,39.708665,29.01819335,18.11342933,3.719917713,9.85325044,0.260274402,0.041548225,3615.19244,7.805379097,73.15403011,76.01235375,87.03998112,176.5065004,260.9011364,420.1232357,0.788382027,9.040582617,96.49468953,29.78971963
2009,Hama,Hama,1,8029,8029,31048,3866.98219,0.227677668,4.733216797,654.8874094,18.01641388,192.7904067,1.455316559,28.89107986,399.9433813,1,367.8882638,417.9595156,13165.98935,1,25.04294796,28.6796763,18.28609632,4.275100785,11.47925107,0.489089345,0.095670193,3633.948741,7.530149647,82.32834509,83.99794072,97.64709104,320.1907377,199.991121,385.7041579,0.890006436,18.48653952,95.50802103,22.43352601
2009,Hama,Hama,2,6597,6597,24673,3740.033348,0.227677668,4.733216797,654.8874094,18.01641388,192.7904067,1.455316559,28.89107986,399.9433813,1,367.8882638,417.9595156,13165.98935,1,25.04294796,28.6796763,18.28609632,4.275100785,11.47925107,0.489089345,0.095670193,3633.948741,7.530149647,82.32834509,83.99794072,97.64709104,320.1907377,199.991121,385.7041579,0.890006436,18.48653952,95.50802103,22.43352601
2009,Hama,Hama,3,182,182,670,3681.318681,0.227677668,4.733216797,654.8874094,18.01641388,192.7904067,1.455316559,28.89107986,399.9433813,1,367.8882638,417.9595156,13165.98935,1,25.04294796,28.6796763,18.28609632,4.275100785,11.47925107,0.489089345,0.095670193,3633.948741,7.530149647,82.32834509,83.99794072,97.64709104,320.1907377,199.991121,385.7041579,0.890006436,18.48653952,95.50802103,22.43352601
2009,Hama,Hama,4,205,205,692,3375.609756,0.227677668,4.733216797,654.8874094,18.01641388,192.7904067,1.455316559,28.89107986,399.9433813,1,367.8882638,417.9595156,13165.98935,1,25.04294796,28.6796763,18.28609632,4.275100785,11.47925107,0.489089345,0.095670193,3633.948741,7.530149647,82.32834509,83.99794072,97.64709104,320.1907377,199.991121,385.7041579,0.890006436,18.48653952,95.50802103,22.43352601
2009,Hama,Masyaf,1,390,390,1391,3566.666667,0.076403686,1.92474214,1325.744053,36.82616175,150.0452924,1.353623889,29.44578727,387.4121925,1,532.6863029,746.5899943,11887.10271,1,139.1245061,26.25774614,16.50986488,3.639907253,20.77034177,0.617352367,0.083210192,3599.006056,6.889563149,96.31877164,91.21051216,106.8347371,665.7129863,261.5816804,350.4100182,3.339515959,38.59856987,94.34208503,5.952755906
2009,Hama,Muhradah,1,7396,7396,30878,4174.959438,0.05125136,1.195215355,869.8666174,24.53875868,210.5076775,1.449025265,33.05226761,439.5914949,1,254.483542,705.087796,13118.65373,1,22.9822089,28.37544441,18.2203524,4.574304209,19.93200335,0.707936804,0.135752329,3543.868055,7.358416593,88.05278024,89.72451763,105.1055115,416.5951762,196.6763121,347.9956241,0.787416154,25.49695415,95.88370059,10.50963597
2009,Hassakeh,Al_Malika,1,638,638,2818,4416.9279,0.273788898,2.626098262,821.7023628,17.67946439,177.7179584,1.393407522,35.81191186,396.1542193,1,442.2589019,298.6068444,13406.03363,1,11.47143655,33.48399709,18.61949115,1.582791476,6.438534416,0.57234482,0.105162402,4646.778602,7.401004555,86.63318149,87.19923371,94.50804296,398.0325892,182.2285639,417.2135132,0.627665989,23.0979689,93.60290769,71.48066457
2009,Hassakeh,Hassakeh,1,587,587,2709,4614.991482,1.234999017,5.292191536,413.3703385,9.225985109,179.2026918,1.453912692,22.75778998,312.1287676,1,352.2277754,230.0891015,14538.89225,1,19.1175947,33.86527548,20.1929059,3.452961385,5.147152785,0.189810446,0.023128709,4479.500821,7.76640865,74.453045,79.77497417,85.27156096,195.0221708,232.8497925,449.1236429,0.493960645,10.83503123,84.61196629,55.44769984
2009,Hassakeh,Hassakeh,2,8523,8523,37595,4411.005514,1.234999017,5.292191536,413.3703385,9.225985109,179.2026918,1.453912692,22.75778998,312.1287676,1,352.2277754,230.0891015,14538.89225,1,19.1175947,33.86527548,20.1929059,3.452961385,5.147152785,0.189810446,0.023128709,4479.500821,7.76640865,74.453045,79.77497417,85.27156096,195.0221708,232.8497925,449.1236429,0.493960645,10.83503123,84.61196629,55.44769984
2009,Hassakeh,Hassakeh,3,1606,1606,7067,4400.373599,1.234999017,5.292191536,413.3703385,9.225985109,179.2026918,1.453912692,22.75778998,312.1287676,1,352.2277754,230.0891015,14538.89225,1,19.1175947,33.86527548,20.1929059,3.452961385,5.147152785,0.189810446,0.023128709,4479.500821,7.76640865,74.453045,79.77497417,85.27156096,195.0221708,232.8497925,449.1236429,0.493960645,10.83503123,84.61196629,55.44769984
2009,Hassakeh,Hassakeh,4,1460,1460,6402,4384.931507,1.234999017,5.292191536,413.3703385,9.225985109,179.2026918,1.453912692,22.75778998,312.1287676,1,352.2277754,230.0891015,14538.89225,1,19.1175947,33.86527548,20.1929059,3.452961385,5.147152785,0.189810446,0.023128709,4479.500821,7.76640865,74.453045,79.77497417,85.27156096,195.0221708,232.8497925,449.1236429,0.493960645,10.83503123,84.61196629,55.44769984
2009,Hassakeh,Hassakeh,5,2374,2374,9275,3906.908172,1.234999017,5.292191536,413.3703385,9.225985109,179.2026918,1.453912692,22.75778998,312.1287676,1,352.2277754,230.0891015,14538.89225,1,19.1175947,33.86527548,20.1929059,3.452961385,5.147152785,0.189810446,0.023128709,4479.500821,7.76640865,74.453045,79.77497417,85.27156096,195.0221708,232.8497925,449.1236429,0.493960645,10.83503123,84.61196629,55.44769984
2009,Hassakeh,Quamishli,1,12386,12386,47996,3875.020184,0.384508781,3.376182941,653.4022866,14.31031672,189.6343908,1.4227755,32.71215887,381.6987929,1,387.3408823,250.6502927,13926.30759,1,4.224880292,33.83830082,19.34209387,2.447491195,5.501519993,0.386545438,0.064797415,4564.952657,7.499177245,83.3607585,82.60651668,91.6286769,319.7093487,188.6721752,424.1715544,0.236333983,15.93920513,89.47374931,2.151515152
2009,Hassakeh,Quamishli,2,303,303,1122,3702.970297,0.384508781,3.376182941,653.4022866,14.31031672,189.6343908,1.4227755,32.71215887,381.6987929,1,387.3408823,250.6502927,13926.30759,1,4.224880292,33.83830082,19.34209387,2.447491195,5.501519993,0.386545438,0.064797415,4564.952657,7.499177245,83.3607585,82.60651668,91.6286769,319.7093487,188.6721752,424.1715544,0.236333983,15.93920513,89.47374931,2.151515152
2009,Hassakeh,Ras_Al_Ain,1,10842,10842,52616,4852.979155,0.383012451,4.287075453,483.2799684,11.2537463,181.239228,1.436138441,29.13638552,428.1986409,1,428.0325777,357.8611942,13850.11591,1,10.62784115,33.22884058,19.23627209,2.638289289,8.366096851,0.389049506,0.067441482,4293.391891,7.607914063,79.7361979,77.15720177,89.67456414,220.1097987,158.4989891,413.1203426,0.413294717,15.5378662,90.07844518,3.258706468
2009,Hassakeh,Ras_Al_Ain,2,6943,6943,33743,4860.002881,0.383012451,4.287075453,483.2799684,11.2537463,181.239228,1.436138441,29.13638552,428.1986409,1,428.0325777,357.8611942,13850.11591,1,10.62784115,33.22884058,19.23627209,2.638289289,8.366096851,0.389049506,0.067441482,4293.391891,7.607914063,79.7361979,77.15720177,89.67456414,220.1097987,158.4989891,413.1203426,0.413294717,15.5378662,90.07844518,3.258706468
2009,Hassakeh,Ras_Al_Ain,3,455,455,2049,4503.296703,0.383012451,4.287075453,483.2799684,11.2537463,181.239228,1.436138441,29.13638552,428.1986409,1,428.0325777,357.8611942,13850.11591,1,10.62784115,33.22884058,19.23627209,2.638289289,8.366096851,0.389049506,0.067441482,4293.391891,7.607914063,79.7361979,77.15720177,89.67456414,220.1097987,158.4989891,413.1203426,0.413294717,15.5378662,90.07844518,3.258706468
2009,Homs,Al_Maghrim,2,60,60,183,3050,0.306769432,2.913060825,306.7560153,8.253015321,218.2032013,1.457191708,18.26401052,311.7343597,1,797.1330828,329.1708963,11849.74214,1,104.0896137,27.1065661,16.4579752,2.595554824,8.859138042,0.194190047,0.020815214,3715.89623,7.836838992,72.10536695,72.37429642,85.47255796,155.5435554,282.185961,406.7754786,1.39213165,8.706368852,94.04557256,23.70967742
2009,Homs,Al_Maghrim,3,9,9,27,3000,0.306769432,2.913060825,306.7560153,8.253015321,218.2032013,1.457191708,18.26401052,311.7343597,1,797.1330828,329.1708963,11849.74214,1,104.0896137,27.1065661,16.4579752,2.595554824,8.859138042,0.194190047,0.020815214,3715.89623,7.836838992,72.10536695,72.37429642,85.47255796,155.5435554,282.185961,406.7754786,1.39213165,8.706368852,94.04557256,23.70967742
2009,Homs,Al_Quasir,1,473,473,2193,4636.363636,0.079506691,1.850323115,758.9995504,19.8508938,228.7835016,1.423727806,26.81275048,398.4009405,1,596.8480096,428.2050468,12153.8358,1,19.08778159,26.83555423,16.8803275,3.518769114,11.24991958,0.46300624,0.073731847,3822.503154,7.575372583,80.8209139,95.31058975,96.23027866,379.7003997,214.1664714,361.619498,0.932790651,19.01649265,96.45901429,81.53370847
2009,Homs,Al_Quasir,2,2032,2032,7645,3762.30315,0.079506691,1.850323115,758.9995504,19.8508938,228.7835016,1.423727806,26.81275048,398.4009405,1,596.8480096,428.2050468,12153.8358,1,19.08778159,26.83555423,16.8803275,3.518769114,11.24991958,0.46300624,0.073731847,3822.503154,7.575372583,80.8209139,95.31058975,96.23027866,379.7003997,214.1664714,361.619498,0.932790651,19.01649265,96.45901429,81.53370847
2009,Homs,Al_Quasir,3,437,437,1388,3176.201373,0.079506691,1.850323115,758.9995504,19.8508938,228.7835016,1.423727806,26.81275048,398.4009405,1,596.8480096,428.2050468,12153.8358,1,19.08778159,26.83555423,16.8803275,3.518769114,11.24991958,0.46300624,0.073731847,3822.503154,7.575372583,80.8209139,95.31058975,96.23027866,379.7003997,214.1664714,361.619498,0.932790651,19.01649265,96.45901429,81.53370847
2009,Homs,Al_Quasir,4,49,49,148,3020.408163,0.079506691,1.850323115,758.9995504,19.8508938,228.7835016,1.423727806,26.81275048,398.4009405,1,596.8480096,428.2050468,12153.8358,1,19.08778159,26.83555423,16.8803275,3.518769114,11.24991958,0.46300624,0.073731847,3822.503154,7.575372583,80.8209139,95.31058975,96.23027866,379.7003997,214.1664714,361.619498,0.932790651,19.01649265,96.45901429,81.53370847
2009,Homs,Ar_Rastan,1,3800,3800,17860,4700,0.023749721,0.879988685,661.8948905,17.5714468,217.7540281,1.490165194,31.51599766,455.9867872,1,435.4754306,446.1207217,12830.46943,1,32.93536539,27.6550922,17.82009643,4.319662573,11.81016025,0.554416153,0.101984614,3765.877583,7.628313312,79.05622294,87.39742938,98.00799872,324.1748158,194.2140276,350.5086574,1.105333487,20.10500042,98.17087757,64.92877493
2009,Homs,Ar_Rastan,2,6,6,24,4000,0.023749721,0.879988685,661.8948905,17.5714468,217.7540281,1.490165194,31.51599766,455.9867872,1,435.4754306,446.1207217,12830.46943,1,32.93536539,27.6550922,17.82009643,4.319662573,11.81016025,0.554416153,0.101984614,3765.877583,7.628313312,79.05622294,87.39742938,98.00799872,324.1748158,194.2140276,350.5086574,1.105333487,20.10500042,98.17087757,64.92877493
2009,Homs,Homs,1,3721,3721,17675,4750.067186,0.661463232,5.466555194,393.3501194,10.22050981,170.4993423,1.454793713,18.39390553,334.3746299,1,749.4069726,383.5481846,11740.72065,1,42.53240625,26.76886569,16.3061872,2.501180046,9.99914014,0.217190254,0.028263359,3847.635017,7.822295424,72.59015253,79.1507188,86.80521126,198.0438342,262.3261291,400.8940442,1.265880206,10.65134129,93.17821257,61.8628226
2009,Homs,Homs,2,304,304,1273,4187.5,0.661463232,5.466555194,393.3501194,10.22050981,170.4993423,1.454793713,18.39390553,334.3746299,1,749.4069726,383.5481846,11740.72065,1,42.53240625,26.76886569,16.3061872,2.501180046,9.99914014,0.217190254,0.028263359,3847.635017,7.822295424,72.59015253,79.1507188,86.80521126,198.0438342,262.3261291,400.8940442,1.265880206,10.65134129,93.17821257,61.8628226
2009,Homs,Homs,3,40,40,151,3775,0.661463232,5.466555194,393.3501194,10.22050981,170.4993423,1.454793713,18.39390553,334.3746299,1,749.4069726,383.5481846,11740.72065,1,42.53240625,26.76886569,16.3061872,2.501180046,9.99914014,0.217190254,0.028263359,3847.635017,7.822295424,72.59015253,79.1507188,86.80521126,198.0438342,262.3261291,400.8940442,1.265880206,10.65134129,93.17821257,61.8628226
2009,Homs,Homs,4,75,75,270,3600,0.661463232,5.466555194,393.3501194,10.22050981,170.4993423,1.454793713,18.39390553,334.3746299,1,749.4069726,383.5481846,11740.72065,1,42.53240625,26.76886569,16.3061872,2.501180046,9.99914014,0.217190254,0.028263359,3847.635017,7.822295424,72.59015253,79.1507188,86.80521126,198.0438342,262.3261291,400.8940442,1.265880206,10.65134129,93.17821257,61.8628226
2009,Homs,Homs,5,27,27,95,3518.518519,0.661463232,5.466555194,393.3501194,10.22050981,170.4993423,1.454793713,18.39390553,334.3746299,1,749.4069726,383.5481846,11740.72065,1,42.53240625,26.76886569,16.3061872,2.501180046,9.99914014,0.217190254,0.028263359,3847.635017,7.822295424,72.59015253,79.1507188,86.80521126,198.0438342,262.3261291,400.8940442,1.265880206,10.65134129,93.17821257,61.8628226
2009,Homs,Tadmor,5,1400,1400,9607,6862.142857,3.841744306,8.05403205,202.5362485,4.900507386,159.7105472,1.451686932,14.80853441,400.785848,1,615.4601233,226.421703,13276.73,1,66.07295238,30.23918693,18.43990278,2.937619745,5.520335764,0.13299857,0.007325884,4131.964866,7.963283185,67.8905605,75.51717997,74.4138171,101.3813791,192.9330692,406.9913066,0.714945106,6.814479757,94.62912695,12.93083756
2009,Homs,Tall_Kalakh,1,158,158,668,4227.848101,0.061265386,1.382119937,1267.62531,34.4141156,213.4968276,1.371293035,28.50363662,371.8628808,1,462.9664108,707.8477003,12464.44258,1,86.9397267,26.44077569,17.3117258,4.796191811,19.27720104,0.675776131,0.115665603,3682.445842,7.036198454,98.79338486,91.65003723,106.2023206,632.7840435,256.0800903,370.1287946,2.899572474,38.32373734,98.92414744,63.89144317
2009,Idleb,Al_Jisr_Ash_Shu,1,1735,1735,11377,6557.348703,0.061795348,1.387996783,1220.156655,36.27551628,177.540447,1.380476929,27.89801472,304.6574213,1,349.3955892,632.3586972,12243.48407,1,101.3142959,27.24412221,17.00483899,3.717724666,18.80059876,0.596123445,0.089416849,3362.581776,6.711311118,90.37703725,87.11414744,110.7355206,572.5426266,309.262822,377.4719518,3.793157673,40.90641577,97.1705085,19.55376344
2009,Idleb,Al_Mara,1,2471,2471,14103,5707.405909,0.219400577,2.789560748,755.4915464,21.37354734,161.5969773,1.44106543,30.50289991,387.8445436,1,426.7153644,432.7299923,12876.73287,1,29.05957912,28.67185981,17.8843512,3.730682873,12.26473594,0.543444649,0.113177263,3533.703596,7.422356298,85.92145674,82.6749824,105.4327749,364.0574913,211.8633148,395.4624714,1.089096217,21.8826255,97.80370741,2.740740741
2009,Idleb,Al_Mara,2,2053,2053,7340,3575.255723,0.219400577,2.789560748,755.4915464,21.37354734,161.5969773,1.44106543,30.50289991,387.8445436,1,426.7153644,432.7299923,12876.73287,1,29.05957912,28.67185981,17.8843512,3.730682873,12.26473594,0.543444649,0.113177263,3533.703596,7.422356298,85.92145674,82.6749824,105.4327749,364.0574913,211.8633148,395.4624714,1.089096217,21.8826255,97.80370741,2.740740741
2009,Idleb,Al_Mara,3,307,307,1075,3501.628664,0.219400577,2.789560748,755.4915464,21.37354734,161.5969773,1.44106543,30.50289991,387.8445436,1,426.7153644,432.7299923,12876.73287,1,29.05957912,28.67185981,17.8843512,3.730682873,12.26473594,0.543444649,0.113177263,3533.703596,7.422356298,85.92145674,82.6749824,105.4327749,364.0574913,211.8633148,395.4624714,1.089096217,21.8826255,97.80370741,2.740740741
2009,Idleb,Ariha,1,1522,1522,7458,4900.131406,0.06189382,1.20144567,970.2670254,27.75104888,178.7756591,1.396585143,27.93576679,350.6523137,1,582.149967,480.0836285,11953.86688,1,87.67581128,27.37809647,16.60259289,2.881420264,13.74923299,0.460815503,0.067824149,3495.325597,7.15618642,94.79378601,88.690252,109.6869744,471.7660703,264.1637633,380.2716742,2.592602428,31.56046909,94.87195936,35.35190616
2009,Idleb,Harim,1,602,602,2083,3460.13289,0.076955511,1.744823344,1056.958639,30.45094148,208.4698796,1.397594182,27.2782689,356.5012631,1,400.6489695,499.9459245,12445.58854,1,91.8753057,28.37074389,17.28553964,3.011567931,14.43006905,0.498807285,0.075607885,3470.021214,7.125463716,95.81787612,74.356541,115.0879787,494.4040133,243.3845318,396.2349649,3.52892128,34.93256475,98.77451221,7.104166667
2009,Idleb,Idleb,1,4945,4945,28023,5666.936299,0.125820372,2.188331063,871.6967846,24.35753872,133.1604544,1.441830046,29.96636028,396.7139838,1,349.4829207,516.3347001,12930.75053,1,18.66965742,28.81927168,17.95937574,3.728531167,14.40612525,0.615032639,0.122000957,3577.755615,7.363514149,87.8828617,80.86179575,109.2656189,422.3891372,201.4720497,378.6673336,0.928862474,24.86059375,97.37499576,24.08243728
2009,Idleb,Idleb,2,70,70,396,5657.142857,0.125820372,2.188331063,871.6967846,24.35753872,133.1604544,1.441830046,29.96636028,396.7139838,1,349.4829207,516.3347001,12930.75053,1,18.66965742,28.81927168,17.95937574,3.728531167,14.40612525,0.615032639,0.122000957,3577.755615,7.363514149,87.8828617,80.86179575,109.2656189,422.3891372,201.4720497,378.6673336,0.928862474,24.86059375,97.37499576,24.08243728
2009,Raqqa,Al_Thawrah,5,1060,1060,4638,4375.471698,0.166312937,1.915996577,318.6469515,8.005540233,159.7684893,1.190950364,17.04136252,252.4603217,1,365.9192606,274.6144016,13821.5432,1,14.81675015,31.02397028,19.19658778,3.859084086,6.903323,0.228695246,0.045103788,3979.330399,7.560426275,81.31912416,78.70110949,85.27833806,148.0328389,193.9123706,366.1195327,0.562168467,8.629667024,90.30521268,97.73904029
2009,Raqqa,Raqqa,3,235,235,1448,6161.702128,1.050201469,5.964680642,280.41902,6.798774633,176.8215937,1.445777656,18.21052889,260.1565394,1,346.2123061,334.1951969,14075.94684,1,26.05879584,31.70571175,19.54992617,3.838626197,8.120099693,0.181031354,0.0234511,4123.552366,7.943602406,68.54658646,75.29863243,82.80640808,129.2257646,252.812006,466.2953785,0.418199141,7.517291598,88.28613618,89.8962532
2009,Raqqa,Raqqa,4,8528,8528,49113,5759.029081,1.050201469,5.964680642,280.41902,6.798774633,176.8215937,1.445777656,18.21052889,260.1565394,1,346.2123061,334.1951969,14075.94684,1,26.05879584,31.70571175,19.54992617,3.838626197,8.120099693,0.181031354,0.0234511,4123.552366,7.943602406,68.54658646,75.29863243,82.80640808,129.2257646,252.812006,466.2953785,0.418199141,7.517291598,88.28613618,89.8962532
2009,Raqqa,Raqqa,5,10509,10509,63338,6027.024455,1.050201469,5.964680642,280.41902,6.798774633,176.8215937,1.445777656,18.21052889,260.1565394,1,346.2123061,334.1951969,14075.94684,1,26.05879584,31.70571175,19.54992617,3.838626197,8.120099693,0.181031354,0.0234511,4123.552366,7.943602406,68.54658646,75.29863243,82.80640808,129.2257646,252.812006,466.2953785,0.418199141,7.517291598,88.28613618,89.8962532
2009,Raqqa,Tell_Abiad,2,5998,5998,24358,4061.02034,0.478825179,3.735158564,384.6215782,9.344254858,188.9206138,1.450549568,27.03711738,400.1496788,1,371.821103,282.497018,14014.44613,1,11.17783109,32.79955705,19.46450852,3.044257997,6.879758444,0.241640095,0.034668218,4115.128938,7.789701512,73.67661628,78.41072117,88.19938906,173.2619293,163.0030389,436.503596,0.353533461,11.88417515,88.77423703,33.28514589
2009,Raqqa,Tell_Abiad,3,2135,2135,7790,3648.711944,0.478825179,3.735158564,384.6215782,9.344254858,188.9206138,1.450549568,27.03711738,400.1496788,1,371.821103,282.497018,14014.44613,1,11.17783109,32.79955705,19.46450852,3.044257997,6.879758444,0.241640095,0.034668218,4115.128938,7.789701512,73.67661628,78.41072117,88.19938906,173.2619293,163.0030389,436.503596,0.353533461,11.88417515,88.77423703,33.28514589
2009,Tartous,Banyas,1,74,74,90,1216.216216,0.064347484,1.259569202,1595.476217,44.04066881,227.2029485,1.248880866,25.12215029,311.6023136,1,597.2024401,815.1918023,11640.28121,1,239.5189203,25.56937044,16.16705723,4.429619276,22.50931898,0.575056214,0.058883759,3621.733851,6.402940695,80.09802315,90.10829699,108.3632163,773.375162,311.2379664,363.3411414,4.321198421,51.28226288,92.3831842,78.70526316
2009,Tartous,Safita,1,99,99,142,1434.343434,0.047070335,1.157636077,1669.056218,46.51805631,212.2246192,1.350786518,24.81991989,329.6296751,1,294.0703481,775.9892647,13009.49259,1,85.74052064,26.66944825,18.06873971,6.553456258,21.65475085,0.637536979,0.080896444,3586.974973,6.807968775,93.59895915,89.34921883,108.4893754,825.2695973,291.9812893,377.4132804,2.351750182,44.6094789,96.75005883,76.62715679
2009,Tartous,Tartous,1,443,443,434,979.6839729,0.049162657,1.417978043,1423.059656,38.67412514,226.602822,1.337365278,24.38800112,328.0083572,1,151.3380759,860.6293009,13474.0594,1,85.26540945,26.82983642,18.71397138,8.057045889,23.4264742,0.613834382,0.078338615,3678.61693,6.801489796,93.38299321,88.80489957,106.7028745,689.2767472,293.3316743,364.969705,1.987711269,46.76351549,93.06302066,64.49344978
2011,Al_Qunaytirah,Al_Qunaytirah,1,1624,1624,4044,2490.147783,0.120668536,1.817203669,1158.90686,28.76195975,196.6396652,1.392797379,36.80800834,452.0421233,1,812.7813464,559.3739204,12024.09935,1,99.78962314,27.21650052,16.70013799,7.856630982,13.93200645,0.676877189,0.150750296,4028.304229,7.519971534,82.66761553,114.7670119,93.71679413,623.8593543,184.0334609,363.9594199,3.215624823,25.20123137,95.42935993,62.36754297
2011,Aleppo,Afrin,1,2816,2816,15265,5420.809659,0.194810459,2.230856022,1052.969823,29.52549781,184.8305861,1.371035123,25.51170824,404.3181051,1,493.5760545,495.1071685,12410.3783,1,89.965976,30.28283912,17.23663653,5.550083874,13.89573128,0.47511762,0.067679524,3565.306755,7.198506433,93.3831189,86.48511043,105.2300321,499.6369421,192.8950466,401.4796676,3.206478872,32.26458622,98.49506589,72.67440361
2011,Aleppo,Ain_Al_Arab,2,2356,2356,10640,4516.129032,0.285146327,2.615456939,505.8283539,12.90344576,180.1352135,1.344070296,29.15984317,412.5287694,1,457.6511594,336.3477794,13711.82347,1,40.7417743,33.64828745,19.04419927,5.637378465,8.596727069,0.544285779,0.117837489,3919.10292,7.452704986,84.90983381,81.03280684,96.5635819,240.8431677,160.737883,374.9119357,1.026508894,16.80178945,91.17600419,86.06697787
2011,Aleppo,Ain_Al_Arab,3,670,670,2948,4400,0.285146327,2.615456939,505.8283539,12.90344576,180.1352135,1.344070296,29.15984317,412.5287694,1,457.6511594,336.3477794,13711.82347,1,40.7417743,33.64828745,19.04419927,5.637378465,8.596727069,0.544285779,0.117837489,3919.10292,7.452704986,84.90983381,81.03280684,96.5635819,240.8431677,160.737883,374.9119357,1.026508894,16.80178945,91.17600419,86.06697787
2011,Aleppo,Al_Atareb,1,2530,2530,7636,3018.181818,0.320135248,3.90953411,651.2596211,18.06350107,185.7492815,1.399045613,26.85095306,367.0160671,1,348.6130778,449.9144939,13490.99012,1,24.0041333,31.45270711,18.73748628,6.825072106,12.48416209,0.495728172,0.105682081,3604.389778,7.511498758,82.95004141,90.21282571,93.19488056,318.7446258,183.2856532,401.209007,0.780531933,17.98196178,92.92864985,28.18423019
2011,Aleppo,Al_Bab,1,142,142,511,3598.591549,0.223794265,2.70647827,526.6631589,14.28935429,171.3158859,1.361738999,28.32570189,404.137529,1,440.5998951,413.9911908,13373.40924,1,12.48017986,32.13922144,18.5741795,6.07019182,11.25418205,0.497320728,0.107216461,3684.702994,7.526863486,82.4378838,92.85402454,89.95474819,249.9554151,172.3288421,394.8106379,0.536196258,18.97472913,93.86183145,57.38811081
2011,Aleppo,Al_Bab,2,6889,6889,9396,1363.913485,0.223794265,2.70647827,526.6631589,14.28935429,171.3158859,1.361738999,28.32570189,404.137529,1,440.5998951,413.9911908,13373.40924,1,12.48017986,32.13922144,18.5741795,6.07019182,11.25418205,0.497320728,0.107216461,3684.702994,7.526863486,82.4378838,92.85402454,89.95474819,249.9554151,172.3288421,394.8106379,0.536196258,18.97472913,93.86183145,57.38811081
2011,Aleppo,Al_Bab,3,14,14,40,2857.142857,0.223794265,2.70647827,526.6631589,14.28935429,171.3158859,1.361738999,28.32570189,404.137529,1,440.5998951,413.9911908,13373.40924,1,12.48017986,32.13922144,18.5741795,6.07019182,11.25418205,0.497320728,0.107216461,3684.702994,7.526863486,82.4378838,92.85402454,89.95474819,249.9554151,172.3288421,394.8106379,0.536196258,18.97472913,93.86183145,57.38811081
2011,Aleppo,As_Safira,2,2996,2996,15801,5274.032043,0.226229514,2.727688396,437.9999399,11.93489114,194.0542344,1.456944439,23.81607607,339.9130212,1,386.7828001,370.940218,13741.58836,1,58.56984464,32.01754758,19.08553939,6.86709845,10.11855919,0.367058826,0.067077785,3668.911479,7.634697244,78.8434252,94.20299319,84.27408805,221.6349965,209.796782,447.6738108,1.021027812,12.3940763,90.93977491,61.3127161
2011,Aleppo,As_Safira,3,3385,3385,19291,5698.966027,0.226229514,2.727688396,437.9999399,11.93489114,194.0542344,1.456944439,23.81607607,339.9130212,1,386.7828001,370.940218,13741.58836,1,58.56984464,32.01754758,19.08553939,6.86709845,10.11855919,0.367058826,0.067077785,3668.911479,7.634697244,78.8434252,94.20299319,84.27408805,221.6349965,209.796782,447.6738108,1.021027812,12.3940763,90.93977491,61.3127161
2011,Aleppo,As_Safira,4,1051,1051,5964,5674.595623,0.226229514,2.727688396,437.9999399,11.93489114,194.0542344,1.456944439,23.81607607,339.9130212,1,386.7828001,370.940218,13741.58836,1,58.56984464,32.01754758,19.08553939,6.86709845,10.11855919,0.367058826,0.067077785,3668.911479,7.634697244,78.8434252,94.20299319,84.27408805,221.6349965,209.796782,447.6738108,1.021027812,12.3940763,90.93977491,61.3127161
2011,Aleppo,Azaz,1,3058,3058,12730,4162.851537,0.121728487,2.146811382,737.6562208,19.66237291,180.5676029,1.396196968,30.36538609,429.7996425,1,481.8095159,498.2781115,12848.43525,1,12.33630082,31.40882749,17.84504896,5.712116833,13.28785847,0.621796552,0.148133538,3750.61342,7.471901984,84.26993387,91.06414375,95.80511534,351.6400462,165.5478602,396.9674719,0.559398203,24.25735487,98.02829168,30.7875817
2011,Aleppo,Azaz,2,569,569,2452,4309.314587,0.121728487,2.146811382,737.6562208,19.66237291,180.5676029,1.396196968,30.36538609,429.7996425,1,481.8095159,498.2781115,12848.43525,1,12.33630082,31.40882749,17.84504896,5.712116833,13.28785847,0.621796552,0.148133538,3750.61342,7.471901984,84.26993387,91.06414375,95.80511534,351.6400462,165.5478602,396.9674719,0.559398203,24.25735487,98.02829168,30.7875817
2011,Aleppo,Der_Hafer,2,198,198,891,4500,0.320135248,3.90953411,651.2596211,18.06350107,185.7492815,1.399045613,26.85095306,367.0160671,1,348.6130778,449.9144939,13490.99012,1,24.0041333,31.45270711,18.73748628,6.825072106,12.48416209,0.495728172,0.105682081,3604.389778,7.511498758,82.95004141,90.21282571,93.19488056,318.7446258,183.2856532,401.209007,0.780531933,17.98196178,92.92864985,28.18423019
2011,Aleppo,Der_Hafer,3,5052,5052,23133,4578.978622,0.320135248,3.90953411,651.2596211,18.06350107,185.7492815,1.399045613,26.85095306,367.0160671,1,348.6130778,449.9144939,13490.99012,1,24.0041333,31.45270711,18.73748628,6.825072106,12.48416209,0.495728172,0.105682081,3604.389778,7.511498758,82.95004141,90.21282571,93.19488056,318.7446258,183.2856532,401.209007,0.780531933,17.98196178,92.92864985,28.18423019
2011,Aleppo,Jarablus,2,493,493,2003,4062.880325,0.056313267,1.389591551,581.6668335,15.5287223,123.911363,1.374076188,31.59740814,433.9335195,1,453.0262094,357.226133,13408.55304,1,19.54434174,33.38898184,18.62299033,5.131814815,9.54395412,0.531458031,0.11241075,3744.748184,7.473535251,84.21549162,86.28167225,94.39096557,267.4696289,151.8135123,395.6820817,0.731704106,17.89025411,93.58291239,86.86344794
2011,Aleppo,Jebel_Saman,1,3335,3335,13674,4100.149925,0.320135248,3.90953411,651.2596211,18.06350107,185.7492815,1.399045613,26.85095306,367.0160671,1,348.6130778,449.9144939,13490.99012,1,24.0041333,31.45270711,18.73748628,6.825072106,12.48416209,0.495728172,0.105682081,3604.389778,7.511498758,82.95004141,90.21282571,93.19488056,318.7446258,183.2856532,401.209007,0.780531933,17.98196178,92.92864985,28.18423019
2011,Aleppo,Jebel_Saman,2,13572,13572,52945,3901.046272,0.320135248,3.90953411,651.2596211,18.06350107,185.7492815,1.399045613,26.85095306,367.0160671,1,348.6130778,449.9144939,13490.99012,1,24.0041333,31.45270711,18.73748628,6.825072106,12.48416209,0.495728172,0.105682081,3604.389778,7.511498758,82.95004141,90.21282571,93.19488056,318.7446258,183.2856532,401.209007,0.780531933,17.98196178,92.92864985,28.18423019
2011,Aleppo,Jebel_Saman,3,626,626,2224,3552.715655,0.320135248,3.90953411,651.2596211,18.06350107,185.7492815,1.399045613,26.85095306,367.0160671,1,348.6130778,449.9144939,13490.99012,1,24.0041333,31.45270711,18.73748628,6.825072106,12.48416209,0.495728172,0.105682081,3604.389778,7.511498758,82.95004141,90.21282571,93.19488056,318.7446258,183.2856532,401.209007,0.780531933,17.98196178,92.92864985,28.18423019
2011,Aleppo,Jebel_Saman,4,149,149,380,2550.33557,0.320135248,3.90953411,651.2596211,18.06350107,185.7492815,1.399045613,26.85095306,367.0160671,1,348.6130778,449.9144939,13490.99012,1,24.0041333,31.45270711,18.73748628,6.825072106,12.48416209,0.495728172,0.105682081,3604.389778,7.511498758,82.95004141,90.21282571,93.19488056,318.7446258,183.2856532,401.209007,0.780531933,17.98196178,92.92864985,28.18423019
2011,Aleppo,Menbij,2,195,195,787,4035.897436,0.476099108,4.018173677,405.000346,10.76334346,173.279788,1.406754586,24.018397,332.4689528,1,397.1956572,353.7806322,13817.12406,1,17.60715977,32.7241286,19.19045009,6.463595644,9.405088265,0.403847373,0.075093158,3761.774528,7.618434657,79.38551142,85.37572592,87.92903245,195.9471299,198.2878033,437.4207931,0.49517755,12.11218955,90.34028523,92.68040719
2011,Aleppo,Menbij,3,301,301,1325,4401.993355,0.476099108,4.018173677,405.000346,10.76334346,173.279788,1.406754586,24.018397,332.4689528,1,397.1956572,353.7806322,13817.12406,1,17.60715977,32.7241286,19.19045009,6.463595644,9.405088265,0.403847373,0.075093158,3761.774528,7.618434657,79.38551142,85.37572592,87.92903245,195.9471299,198.2878033,437.4207931,0.49517755,12.11218955,90.34028523,92.68040719
2011,Aleppo,Menbij,4,3828,3828,11174,2919.017764,0.476099108,4.018173677,405.000346,10.76334346,173.279788,1.406754586,24.018397,332.4689528,1,397.1956572,353.7806322,13817.12406,1,17.60715977,32.7241286,19.19045009,6.463595644,9.405088265,0.403847373,0.075093158,3761.774528,7.618434657,79.38551142,85.37572592,87.92903245,195.9471299,198.2878033,437.4207931,0.49517755,12.11218955,90.34028523,92.68040719
2011,Aleppo,Menbij,5,843,843,4479,5313.16726,0.476099108,4.018173677,405.000346,10.76334346,173.279788,1.406754586,24.018397,332.4689528,1,397.1956572,353.7806322,13817.12406,1,17.60715977,32.7241286,19.19045009,6.463595644,9.405088265,0.403847373,0.075093158,3761.774528,7.618434657,79.38551142,85.37572592,87.92903245,195.9471299,198.2878033,437.4207931,0.49517755,12.11218955,90.34028523,92.68040719
2011,As_Suweida,As_Suwayda,2,115,115,522,4539.130435,0.245068348,2.898837435,376.6690498,8.404708989,164.7488635,1.44067499,22.83274428,379.7186382,1,936.6083153,283.08832,12812.69906,1,132.549277,29.49736497,17.79541536,7.78903621,6.363786498,0.293556033,0.044539695,4480.642973,7.882238542,70.59204861,114.4880421,75.65199069,177.4795815,218.1895834,401.1968401,1.365785859,8.704768714,98.3119122,36.89205703
2011,As_Suweida,Salkhad,2,33,33,135,4090.909091,0.19678529,2.476461818,344.7141353,7.699887839,175.7154581,1.445399312,22.89129271,345.5826409,1,1096.653045,280.2760582,12542.32569,1,151.5089895,29.20219053,17.41989679,7.278730248,6.309036739,0.271919693,0.040133255,4475.872164,7.899676731,70.01077564,119.2349348,70.310251,155.7504096,268.1481021,387.011929,1.285466681,8.340411369,99.54226738,38.32058288
2011,As_Suweida,Shahba,2,35,35,143,4085.714286,0.197527256,2.191659403,392.7017112,9.074989382,172.1533402,1.451189377,19.92857504,355.5120454,1,812.086703,277.9832103,12969.58394,1,62.52582608,29.56966581,18.01331103,7.901621788,6.433901114,0.236936815,0.035650869,4326.296646,7.921607895,69.27973685,107.6745404,77.93731573,194.7408042,217.4198839,427.8247932,0.996377189,7.542191094,97.06679412,8.194029851
2011,As_Suweida,Shahba,3,3,3,12,4000,0.197527256,2.191659403,392.7017112,9.074989382,172.1533402,1.451189377,19.92857504,355.5120454,1,812.086703,277.9832103,12969.58394,1,62.52582608,29.56966581,18.01331103,7.901621788,6.433901114,0.236936815,0.035650869,4326.296646,7.921607895,69.27973685,107.6745404,77.93731573,194.7408042,217.4198839,427.8247932,0.996377189,7.542191094,97.06679412,8.194029851
2011,Damascus,Al_Ghutta,3,1835,1835,8350,4550.408719,0.011843117,0.558468679,441.008561,11.17600128,106.1618312,1.291118521,15.97295861,315.6253218,1,651.6936639,450.245649,12924.75643,1,6.349500264,30.47050077,17.9510506,7.264468719,11.43134606,0.433427022,0.053739675,3945.031769,7.702316985,76.58943385,104.6980128,77.21500695,240.2904981,178.6231764,388.861443,0.350493747,15.36100502,97.42256802,4.8
2011,Damascus,Al_Ghutta,4,38,38,137,3605.263158,0.011843117,0.558468679,441.008561,11.17600128,106.1618312,1.291118521,15.97295861,315.6253218,1,651.6936639,450.245649,12924.75643,1,6.349500264,30.47050077,17.9510506,7.264468719,11.43134606,0.433427022,0.053739675,3945.031769,7.702316985,76.58943385,104.6980128,77.21500695,240.2904981,178.6231764,388.861443,0.350493747,15.36100502,97.42256802,4.8
2011,Damascus,Al_Ghutta,5,80,80,221,2762.5,0.011843117,0.558468679,441.008561,11.17600128,106.1618312,1.291118521,15.97295861,315.6253218,1,651.6936639,450.245649,12924.75643,1,6.349500264,30.47050077,17.9510506,7.264468719,11.43134606,0.433427022,0.053739675,3945.031769,7.702316985,76.58943385,104.6980128,77.21500695,240.2904981,178.6231764,388.861443,0.350493747,15.36100502,97.42256802,4.8
2011,Damascus,Al_Qutayfah,5,86,86,72,837.2093023,0.165290463,2.05625535,326.7165809,8.153480978,195.5281875,1.44431954,15.13843505,319.6985667,1,995.3053148,326.3149535,12143.99449,1,127.2432106,29.56466656,16.86665901,6.085150186,8.168113799,0.164282466,0.016315484,4006.080924,7.89758494,70.08050201,89.05906679,73.33902358,169.7579702,244.8824899,435.20357,2.859481548,8.87439493,96.38090864,2.858974359
2011,Damascus,At_Tall,2,2,2,7,3500,0.044028509,1.064884239,655.5320334,16.63768229,162.1199029,1.40030382,25.61268638,363.9933535,1,1466.66102,375.3306388,10109.03135,1,145.3541383,26.38199551,14.04032133,3.587132944,9.531219831,0.24751176,0.034376561,3939.044184,7.636543834,78.78187219,104.1142896,87.49423337,358.2859765,274.0306517,362.7005117,3.630504348,17.15543139,80.23040757,1.666666667
2011,Damascus,At_Tall,3,1,1,4,4000,0.044028509,1.064884239,655.5320334,16.63768229,162.1199029,1.40030382,25.61268638,363.9933535,1,1466.66102,375.3306388,10109.03135,1,145.3541383,26.38199551,14.04032133,3.587132944,9.531219831,0.24751176,0.034376561,3939.044184,7.636543834,78.78187219,104.1142896,87.49423337,358.2859765,274.0306517,362.7005117,3.630504348,17.15543139,80.23040757,1.666666667
2011,Damascus,Az_Zabdani,1,15,15,35,2333.333333,0.060455564,1.268423947,905.5409982,22.62452041,181.4811797,1.350758075,29.73442299,406.6926124,1,1549.684822,457.6159108,9689.269779,1,364.1754447,25.54147775,13.45731914,3.491370289,11.47534287,0.298918796,0.047882264,4001.475994,7.486507827,83.78307244,109.5241932,92.95162903,503.347443,271.265393,322.8236739,6.230150135,23.98346865,76.8989665,59.03225806
2011,Damascus,Darayya,3,17,17,71,4176.470588,0.012423869,0.610406653,468.0385336,11.75260619,92.7628682,1.315842328,23.5269942,377.8860652,1,680.7773842,364.6562313,12624.6748,1,9.388939721,29.69948193,17.53427056,7.256319913,9.186933533,0.400403481,0.070436775,3981.423354,7.775299427,74.15668578,101.8455353,78.00519904,252.8305112,142.5483663,397.8240084,0.699756804,11.61850321,99.80416824,3.25
2011,Damascus,Darayya,4,60,60,205,3416.666667,0.012423869,0.610406653,468.0385336,11.75260619,92.7628682,1.315842328,23.5269942,377.8860652,1,680.7773842,364.6562313,12624.6748,1,9.388939721,29.69948193,17.53427056,7.256319913,9.186933533,0.400403481,0.070436775,3981.423354,7.775299427,74.15668578,101.8455353,78.00519904,252.8305112,142.5483663,397.8240084,0.699756804,11.61850321,99.80416824,3.25
2011,Damascus,Darayya,5,113,113,374,3309.734513,0.012423869,0.610406653,468.0385336,11.75260619,92.7628682,1.315842328,23.5269942,377.8860652,1,680.7773842,364.6562313,12624.6748,1,9.388939721,29.69948193,17.53427056,7.256319913,9.186933533,0.400403481,0.070436775,3981.423354,7.775299427,74.15668578,101.8455353,78.00519904,252.8305112,142.5483663,397.8240084,0.699756804,11.61850321,99.80416824,3.25
2011,Damascus,Duma,5,2160,2160,10476,4850,1.143833319,5.36296028,255.0722199,5.742271524,183.2223843,1.439790063,15.24508473,435.0312031,1,671.3370843,252.8072788,13613.24515,1,24.50940844,31.56200169,18.90728493,7.497071428,5.905322353,0.13515505,0.009582409,4441.009035,7.9788694,67.37102002,93.57692675,67.99382437,121.7339063,156.4332399,408.6870532,0.494037748,7.515456491,91.95837183,20.17542504
2011,Damascus,Qatana,1,725,725,3036,4187.586207,0.093841203,1.750152374,846.655869,20.82177045,126.6999471,1.390187794,33.83029859,446.2725683,1,1076.168708,415.2731131,11257.93887,1,134.8032696,27.38911892,15.63602621,5.892942224,10.22609544,0.416111257,0.074243114,4065.20499,7.631263536,78.95788213,110.4634695,89.17054271,460.6228358,198.523565,355.7564594,3.240654984,17.95975534,89.34872121,10.25471698
2011,Damascus,Qatana,2,1934,1934,7368,3809.720786,0.093841203,1.750152374,846.655869,20.82177045,126.6999471,1.390187794,33.83029859,446.2725683,1,1076.168708,415.2731131,11257.93887,1,134.8032696,27.38911892,15.63602621,5.892942224,10.22609544,0.416111257,0.074243114,4065.20499,7.631263536,78.95788213,110.4634695,89.17054271,460.6228358,198.523565,355.7564594,3.240654984,17.95975534,89.34872121,10.25471698
2011,Damascus,Qatana,3,362,362,1200,3314.917127,0.093841203,1.750152374,846.655869,20.82177045,126.6999471,1.390187794,33.83029859,446.2725683,1,1076.168708,415.2731131,11257.93887,1,134.8032696,27.38911892,15.63602621,5.892942224,10.22609544,0.416111257,0.074243114,4065.20499,7.631263536,78.95788213,110.4634695,89.17054271,460.6228358,198.523565,355.7564594,3.240654984,17.95975534,89.34872121,10.25471698
2011,Dara,As_Sanamayn,1,344,344,1438,4180.232558,0.126365387,2.232014688,534.0166794,12.63403524,180.1350323,1.464749006,30.99856142,436.994746,1,676.2522372,340.4507016,12811.33167,1,14.37105451,28.87890708,17.79351621,8.052474776,8.044574265,0.446022922,0.090525842,4225.810115,7.860602751,71.31324164,106.7513779,79.87841591,275.1778126,132.4975201,430.6093861,0.669011199,10.00010737,98.32276452,28.32124352
2011,Dara,As_Sanamayn,2,426,426,1846,4333.333333,0.126365387,2.232014688,534.0166794,12.63403524,180.1350323,1.464749006,30.99856142,436.994746,1,676.2522372,340.4507016,12811.33167,1,14.37105451,28.87890708,17.79351621,8.052474776,8.044574265,0.446022922,0.090525842,4225.810115,7.860602751,71.31324164,106.7513779,79.87841591,275.1778126,132.4975201,430.6093861,0.669011199,10.00010737,98.32276452,28.32124352
2011,Dara,As_Sanamayn,3,88,88,353,4011.363636,0.126365387,2.232014688,534.0166794,12.63403524,180.1350323,1.464749006,30.99856142,436.994746,1,676.2522372,340.4507016,12811.33167,1,14.37105451,28.87890708,17.79351621,8.052474776,8.044574265,0.446022922,0.090525842,4225.810115,7.860602751,71.31324164,106.7513779,79.87841591,275.1778126,132.4975201,430.6093861,0.669011199,10.00010737,98.32276452,28.32124352
2011,Dara,As_Sanamayn,4,22,22,88,4000,0.126365387,2.232014688,534.0166794,12.63403524,180.1350323,1.464749006,30.99856142,436.994746,1,676.2522372,340.4507016,12811.33167,1,14.37105451,28.87890708,17.79351621,8.052474776,8.044574265,0.446022922,0.090525842,4225.810115,7.860602751,71.31324164,106.7513779,79.87841591,275.1778126,132.4975201,430.6093861,0.669011199,10.00010737,98.32276452,28.32124352
2011,Dara,Dara,1,2464,2464,10627,4312.905844,0.151895403,2.467237111,487.8379764,11.96107821,247.890732,1.46774472,34.72026577,423.6944089,1,594.8481838,398.5171731,12866.54561,1,31.20078753,28.12160774,17.87020224,8.718346421,9.779137592,0.515701592,0.093209968,4077.545161,7.877365296,70.75449014,117.5665221,73.12974627,240.2950499,127.803691,442.0431636,0.879878166,12.29504118,97.88455866,40.20714807
2011,Dara,Dara,2,8227,8227,32990,4009.967181,0.151895403,2.467237111,487.8379764,11.96107821,247.890732,1.46774472,34.72026577,423.6944089,1,594.8481838,398.5171731,12866.54561,1,31.20078753,28.12160774,17.87020224,8.718346421,9.779137592,0.515701592,0.093209968,4077.545161,7.877365296,70.75449014,117.5665221,73.12974627,240.2950499,127.803691,442.0431636,0.879878166,12.29504118,97.88455866,40.20714807
2011,Dara,Dara,3,145,145,582,4013.793103,0.151895403,2.467237111,487.8379764,11.96107821,247.890732,1.46774472,34.72026577,423.6944089,1,594.8481838,398.5171731,12866.54561,1,31.20078753,28.12160774,17.87020224,8.718346421,9.779137592,0.515701592,0.093209968,4077.545161,7.877365296,70.75449014,117.5665221,73.12974627,240.2950499,127.803691,442.0431636,0.879878166,12.29504118,97.88455866,40.20714807
2011,Dara,Izra,1,2510,2510,10960,4366.533865,0.087018771,1.658654183,568.7360667,13.50400832,217.4263142,1.470306952,41.10287596,441.4595726,1,594.9833148,408.5792524,12780.47669,1,10.9531787,28.20036401,17.75066207,8.478087065,9.715307674,0.586395753,0.123856044,4210.609273,7.923266829,69.22443902,115.0035368,78.12030264,291.3577312,92.06481307,460.4442333,0.522892419,12.7609944,98.56764531,44.50057937
2011,Dara,Izra,2,1045,1045,4438,4246.889952,0.087018771,1.658654183,568.7360667,13.50400832,217.4263142,1.470306952,41.10287596,441.4595726,1,594.9833148,408.5792524,12780.47669,1,10.9531787,28.20036401,17.75066207,8.478087065,9.715307674,0.586395753,0.123856044,4210.609273,7.923266829,69.22443902,115.0035368,78.12030264,291.3577312,92.06481307,460.4442333,0.522892419,12.7609944,98.56764531,44.50057937
2011,Dara,Izra,3,16,16,64,4000,0.087018771,1.658654183,568.7360667,13.50400832,217.4263142,1.470306952,41.10287596,441.4595726,1,594.9833148,408.5792524,12780.47669,1,10.9531787,28.20036401,17.75066207,8.478087065,9.715307674,0.586395753,0.123856044,4210.609273,7.923266829,69.22443902,115.0035368,78.12030264,291.3577312,92.06481307,460.4442333,0.522892419,12.7609944,98.56764531,44.50057937
2011,Dayr_Az_Zor,Abu_Kamal,5,6842,6842,28969,4233.995908,0.326690195,2.534252196,273.8048742,5.981226987,145.9024177,1.474952341,15.51213228,316.9541986,1,199.0450865,307.7903743,15934.77389,1,17.05196237,36.44816431,22.1316304,7.711575566,6.747913785,0.193940904,0.02377576,4576.737558,7.914785937,69.50713545,105.2609096,70.4405529,124.5852983,210.3167699,473.4703945,0.275403663,8.147721895,73.53354055,64.43444099
2011,Dayr_Az_Zor,Dayr_Az_Zor,4,1512,1512,5526,3654.761905,1.527438458,6.266817637,261.2266888,6.018787956,160.6562038,1.475571533,17.45613594,279.0580926,1,311.6110564,341.4655675,15062.05193,1,24.94088817,35.23420971,20.91951656,6.828379361,7.893922715,0.202520979,0.027238086,4339.187604,7.945084905,68.49716985,90.19761482,70.19370282,128.3404958,267.81461,453.5383851,0.441646162,7.406680906,80.45990536,59.82997528
2011,Dayr_Az_Zor,Dayr_Az_Zor,5,30481,30481,133111,4367.015518,1.527438458,6.266817637,261.2266888,6.018787956,160.6562038,1.475571533,17.45613594,279.0580926,1,311.6110564,341.4655675,15062.05193,1,24.94088817,35.23420971,20.91951656,6.828379361,7.893922715,0.202520979,0.027238086,4339.187604,7.945084905,68.49716985,90.19761482,70.19370282,128.3404958,267.81461,453.5383851,0.441646162,7.406680906,80.45990536,59.82997528
2011,Hama,Al_Ghab,1,43585,43585,201823,4630.560973,0.049595436,1.643165164,1281.456588,37.39440108,139.7759455,1.347860465,28.59829587,349.5799349,1,352.189296,933.8125601,12451.26161,1,139.7020723,28.6051686,17.2934189,7.388366459,27.21416949,0.72649277,0.128253479,3425.867529,6.782044179,92.73480597,97.49931315,110.0647922,708.2816282,280.5196852,361.9957542,4.508295663,42.21571718,98.81953658,35.28868661
2011,Hama,As_Salamiyeh,2,504,504,1661,3295.634921,0.504159747,4.926087865,387.6597794,10.74191885,191.2833095,1.455325727,20.3416433,317.9445519,1,514.8899545,358.3115757,13340.82879,1,39.708665,31.24158222,18.52892888,6.863961314,9.922200677,0.251649174,0.039080116,3607.85038,7.805379097,73.15403011,85.87214585,84.10326368,194.4603576,260.9011364,420.1232357,0.788382027,9.040582617,94.12040639,29.78971963
2011,Hama,As_Salamiyeh,3,236,236,730,3093.220339,0.504159747,4.926087865,387.6597794,10.74191885,191.2833095,1.455325727,20.3416433,317.9445519,1,514.8899545,358.3115757,13340.82879,1,39.708665,31.24158222,18.52892888,6.863961314,9.922200677,0.251649174,0.039080116,3607.85038,7.805379097,73.15403011,85.87214585,84.10326368,194.4603576,260.9011364,420.1232357,0.788382027,9.040582617,94.12040639,29.78971963
2011,Hama,As_Salamiyeh,4,244,244,757,3102.459016,0.504159747,4.926087865,387.6597794,10.74191885,191.2833095,1.455325727,20.3416433,317.9445519,1,514.8899545,358.3115757,13340.82879,1,39.708665,31.24158222,18.52892888,6.863961314,9.922200677,0.251649174,0.039080116,3607.85038,7.805379097,73.15403011,85.87214585,84.10326368,194.4603576,260.9011364,420.1232357,0.788382027,9.040582617,94.12040639,29.78971963
2011,Hama,As_Salamiyeh,5,12,12,21,1750,0.504159747,4.926087865,387.6597794,10.74191885,191.2833095,1.455325727,20.3416433,317.9445519,1,514.8899545,358.3115757,13340.82879,1,39.708665,31.24158222,18.52892888,6.863961314,9.922200677,0.251649174,0.039080116,3607.85038,7.805379097,73.15403011,85.87214585,84.10326368,194.4603576,260.9011364,420.1232357,0.788382027,9.040582617,94.12040639,29.78971963
2011,Hama,Hama,1,6065,6065,27814,4585.985161,0.227677668,4.733216797,659.16019,18.19472061,192.7904067,1.455316559,28.89107986,399.9433813,1,367.8882638,424.8686658,13463.31147,1,25.04294796,30.79445889,18.69904371,7.609160979,11.70764447,0.489739023,0.102730573,3621.810176,7.530149647,82.32834509,93.07834543,93.45389261,361.178733,199.991121,385.7041579,0.890006436,18.48653952,93.14832163,22.43352601
2011,Hama,Hama,2,4502,4502,17022,3780.986228,0.227677668,4.733216797,659.16019,18.19472061,192.7904067,1.455316559,28.89107986,399.9433813,1,367.8882638,424.8686658,13463.31147,1,25.04294796,30.79445889,18.69904371,7.609160979,11.70764447,0.489739023,0.102730573,3621.810176,7.530149647,82.32834509,93.07834543,93.45389261,361.178733,199.991121,385.7041579,0.890006436,18.48653952,93.14832163,22.43352601
2011,Hama,Hama,3,238,238,985,4138.655462,0.227677668,4.733216797,659.16019,18.19472061,192.7904067,1.455316559,28.89107986,399.9433813,1,367.8882638,424.8686658,13463.31147,1,25.04294796,30.79445889,18.69904371,7.609160979,11.70764447,0.489739023,0.102730573,3621.810176,7.530149647,82.32834509,93.07834543,93.45389261,361.178733,199.991121,385.7041579,0.890006436,18.48653952,93.14832163,22.43352601
2011,Hama,Hama,4,195,195,860,4410.25641,0.227677668,4.733216797,659.16019,18.19472061,192.7904067,1.455316559,28.89107986,399.9433813,1,367.8882638,424.8686658,13463.31147,1,25.04294796,30.79445889,18.69904371,7.609160979,11.70764447,0.489739023,0.102730573,3621.810176,7.530149647,82.32834509,93.07834543,93.45389261,361.178733,199.991121,385.7041579,0.890006436,18.48653952,93.14832163,22.43352601
2011,Hama,Masyaf,1,231,231,575,2489.177489,0.076403686,1.92474214,1329.411142,36.86035988,150.0452924,1.353623889,29.44578727,387.4121925,1,532.6863029,774.278012,12263.6731,1,139.1245061,28.13279198,17.0328793,7.454858744,21.46365321,0.63156232,0.093635811,3605.614657,6.889563149,96.31877164,98.41547557,101.1486662,757.5334718,261.5816804,350.4100182,3.339515959,38.59856987,97.33073885,5.952755906
2011,Hama,Muhradah,1,6655,6655,34073,5119.909842,0.05125136,1.195215355,847.1966401,23.87675936,210.5076775,1.449025265,33.05226761,439.5914949,1,254.483542,710.2559473,13469.96229,1,22.9822089,30.47307333,18.70828096,8.139701038,20.05602008,0.672984905,0.142417429,3547.206134,7.358416593,88.05278024,97.51533353,98.57477285,470.695568,196.6763121,347.9956241,0.787416154,25.49695415,93.09553735,10.50963597
2011,Hassakeh,Al_Malika,1,7551,7551,13138,1739.902,0.273788898,2.626098262,976.1586689,21.60253232,177.7179584,1.393407522,35.81191186,396.1542193,1,442.2589019,393.8774156,13666.4967,1,11.47143655,33.96345322,18.98124542,5.30754703,8.721070792,0.699182629,0.160136116,4517.723336,7.401004555,86.63318149,94.87911742,96.61260723,521.5367541,182.2285639,417.2135132,0.627665989,23.0979689,91.53574044,71.48066457
2011,Hassakeh,Al_Malika,2,515,515,876,1700.970874,0.273788898,2.626098262,976.1586689,21.60253232,177.7179584,1.393407522,35.81191186,396.1542193,1,442.2589019,393.8774156,13666.4967,1,11.47143655,33.96345322,18.98124542,5.30754703,8.721070792,0.699182629,0.160136116,4517.723336,7.401004555,86.63318149,94.87911742,96.61260723,521.5367541,182.2285639,417.2135132,0.627665989,23.0979689,91.53574044,71.48066457
2011,Hassakeh,Hassakeh,1,1158,1158,2297,1983.592401,1.234999017,5.292191536,476.2122781,10.99686754,179.2026918,1.453912692,22.75778998,312.1287676,1,352.2277754,276.7549271,14898.86072,1,19.1175947,35.55595552,20.69286211,6.526506355,6.40569317,0.288339169,0.046644772,4329.435702,7.76640865,74.453045,97.5787538,83.07191463,244.7546935,232.8497925,449.1236429,0.493960645,10.83503123,81.75507367,55.44769984
2011,Hassakeh,Hassakeh,2,21377,21377,80377,3759.975675,1.234999017,5.292191536,476.2122781,10.99686754,179.2026918,1.453912692,22.75778998,312.1287676,1,352.2277754,276.7549271,14898.86072,1,19.1175947,35.55595552,20.69286211,6.526506355,6.40569317,0.288339169,0.046644772,4329.435702,7.76640865,74.453045,97.5787538,83.07191463,244.7546935,232.8497925,449.1236429,0.493960645,10.83503123,81.75507367,55.44769984
2011,Hassakeh,Hassakeh,3,6087,6087,11807,1939.707574,1.234999017,5.292191536,476.2122781,10.99686754,179.2026918,1.453912692,22.75778998,312.1287676,1,352.2277754,276.7549271,14898.86072,1,19.1175947,35.55595552,20.69286211,6.526506355,6.40569317,0.288339169,0.046644772,4329.435702,7.76640865,74.453045,97.5787538,83.07191463,244.7546935,232.8497925,449.1236429,0.493960645,10.83503123,81.75507367,55.44769984
2011,Hassakeh,Hassakeh,4,4222,4222,15393,3645.902416,1.234999017,5.292191536,476.2122781,10.99686754,179.2026918,1.453912692,22.75778998,312.1287676,1,352.2277754,276.7549271,14898.86072,1,19.1175947,35.55595552,20.69286211,6.526506355,6.40569317,0.288339169,0.046644772,4329.435702,7.76640865,74.453045,97.5787538,83.07191463,244.7546935,232.8497925,449.1236429,0.493960645,10.83503123,81.75507367,55.44769984
2011,Hassakeh,Hassakeh,5,6612,6612,23341,3530.096794,1.234999017,5.292191536,476.2122781,10.99686754,179.2026918,1.453912692,22.75778998,312.1287676,1,352.2277754,276.7549271,14898.86072,1,19.1175947,35.55595552,20.69286211,6.526506355,6.40569317,0.288339169,0.046644772,4329.435702,7.76640865,74.453045,97.5787538,83.07191463,244.7546935,232.8497925,449.1236429,0.493960645,10.83503123,81.75507367,55.44769984
2011,Hassakeh,Quamishli,1,24282,24282,103563,4265.011119,0.384508781,3.376182941,793.4412247,18.10620445,189.6343908,1.4227755,32.71215887,381.6987929,1,387.3408823,330.280832,14353.23399,1,4.224880292,34.91544057,19.93504721,6.246434976,7.550792433,0.627295818,0.131465453,4381.151031,7.499177245,83.3607585,97.69018705,93.80111939,417.4322746,188.6721752,424.1715544,0.236333983,15.93920513,86.08544452,2.151515152
2011,Hassakeh,Quamishli,2,2837,2837,11467,4041.945717,0.384508781,3.376182941,793.4412247,18.10620445,189.6343908,1.4227755,32.71215887,381.6987929,1,387.3408823,330.280832,14353.23399,1,4.224880292,34.91544057,19.93504721,6.246434976,7.550792433,0.627295818,0.131465453,4381.151031,7.499177245,83.3607585,97.69018705,93.80111939,417.4322746,188.6721752,424.1715544,0.236333983,15.93920513,86.08544452,2.151515152
2011,Hassakeh,Quamishli,3,288,288,1158,4020.833333,0.384508781,3.376182941,793.4412247,18.10620445,189.6343908,1.4227755,32.71215887,381.6987929,1,387.3408823,330.280832,14353.23399,1,4.224880292,34.91544057,19.93504721,6.246434976,7.550792433,0.627295818,0.131465453,4381.151031,7.499177245,83.3607585,97.69018705,93.80111939,417.4322746,188.6721752,424.1715544,0.236333983,15.93920513,86.08544452,2.151515152
2011,Hassakeh,Ras_Al_Ain,1,16345,16345,75677,4629.978587,0.383012451,4.287075453,576.9982961,13.84920175,181.239228,1.436138441,29.13638552,428.1986409,1,428.0325777,413.5924815,14230.86565,1,10.62784115,34.77468749,19.76509118,5.864929421,9.943785244,0.555244864,0.109442218,4165.292806,7.607914063,79.7361979,94.56803775,90.20463916,289.229291,158.4989891,413.1203426,0.413294717,15.5378662,87.05662182,3.258706468
2011,Hassakeh,Ras_Al_Ain,2,32993,32993,142332,4314.006001,0.383012451,4.287075453,576.9982961,13.84920175,181.239228,1.436138441,29.13638552,428.1986409,1,428.0325777,413.5924815,14230.86565,1,10.62784115,34.77468749,19.76509118,5.864929421,9.943785244,0.555244864,0.109442218,4165.292806,7.607914063,79.7361979,94.56803775,90.20463916,289.229291,158.4989891,413.1203426,0.413294717,15.5378662,87.05662182,3.258706468
2011,Hassakeh,Ras_Al_Ain,3,460,460,1955,4250,0.383012451,4.287075453,576.9982961,13.84920175,181.239228,1.436138441,29.13638552,428.1986409,1,428.0325777,413.5924815,14230.86565,1,10.62784115,34.77468749,19.76509118,5.864929421,9.943785244,0.555244864,0.109442218,4165.292806,7.607914063,79.7361979,94.56803775,90.20463916,289.229291,158.4989891,413.1203426,0.413294717,15.5378662,87.05662182,3.258706468
2011,Homs,Al_Maghrim,2,48,48,183,3812.5,0.306769432,2.913060825,339.3951956,9.172697445,218.2032013,1.457191708,18.26401052,311.7343597,1,797.1330828,346.7438804,12207.73182,1,104.0896137,29.36440234,16.95518309,6.248656209,9.373484294,0.240890542,0.033137548,3699.058763,7.836838992,72.10536695,84.37737965,82.15204058,172.5133418,282.185961,406.7754786,1.39213165,8.706368852,96.88676049,23.70967742
2011,Homs,Al_Maghrim,3,9,9,33,3666.666667,0.306769432,2.913060825,339.3951956,9.172697445,218.2032013,1.457191708,18.26401052,311.7343597,1,797.1330828,346.7438804,12207.73182,1,104.0896137,29.36440234,16.95518309,6.248656209,9.373484294,0.240890542,0.033137548,3699.058763,7.836838992,72.10536695,84.37737965,82.15204058,172.5133418,282.185961,406.7754786,1.39213165,8.706368852,96.88676049,23.70967742
2011,Homs,Al_Quasir,1,338,338,1752,5183.431953,0.079506691,1.850323115,808.8461492,21.19188016,228.7835016,1.423727806,26.81275048,398.4009405,1,596.8480096,448.2368497,12485.91981,1,19.08778159,28.72931938,17.3415553,7.747773581,11.79960712,0.493759496,0.086965836,3815.773892,7.575372583,80.8209139,106.0166377,95.53301354,454.4756033,214.1664714,361.619498,0.932790651,19.01649265,99.09460169,81.53370847
2011,Homs,Al_Quasir,2,2561,2561,12006,4688.012495,0.079506691,1.850323115,808.8461492,21.19188016,228.7835016,1.423727806,26.81275048,398.4009405,1,596.8480096,448.2368497,12485.91981,1,19.08778159,28.72931938,17.3415553,7.747773581,11.79960712,0.493759496,0.086965836,3815.773892,7.575372583,80.8209139,106.0166377,95.53301354,454.4756033,214.1664714,361.619498,0.932790651,19.01649265,99.09460169,81.53370847
2011,Homs,Al_Quasir,3,854,854,3512,4112.412178,0.079506691,1.850323115,808.8461492,21.19188016,228.7835016,1.423727806,26.81275048,398.4009405,1,596.8480096,448.2368497,12485.91981,1,19.08778159,28.72931938,17.3415553,7.747773581,11.79960712,0.493759496,0.086965836,3815.773892,7.575372583,80.8209139,106.0166377,95.53301354,454.4756033,214.1664714,361.619498,0.932790651,19.01649265,99.09460169,81.53370847
2011,Homs,Al_Quasir,4,56,56,230,4107.142857,0.079506691,1.850323115,808.8461492,21.19188016,228.7835016,1.423727806,26.81275048,398.4009405,1,596.8480096,448.2368497,12485.91981,1,19.08778159,28.72931938,17.3415553,7.747773581,11.79960712,0.493759496,0.086965836,3815.773892,7.575372583,80.8209139,106.0166377,95.53301354,454.4756033,214.1664714,361.619498,0.932790651,19.01649265,99.09460169,81.53370847
2011,Homs,Ar_Rastan,1,3813,3813,14459,3792.027275,0.023749721,0.879988685,678.140879,18.04587969,217.7540281,1.490165194,31.51599766,455.9867872,1,435.4754306,443.4486359,13160.88291,1,32.93536539,29.81840174,18.27900405,8.010416832,11.77156494,0.520342213,0.106207265,3756.870996,7.628313312,79.05622294,98.17851011,95.09533141,377.6164949,194.2140276,350.5086574,1.105333487,20.10500042,95.54854831,64.92877493
2011,Homs,Ar_Rastan,2,18,18,68,3777.777778,0.023749721,0.879988685,678.140879,18.04587969,217.7540281,1.490165194,31.51599766,455.9867872,1,435.4754306,443.4486359,13160.88291,1,32.93536539,29.81840174,18.27900405,8.010416832,11.77156494,0.520342213,0.106207265,3756.870996,7.628313312,79.05622294,98.17851011,95.09533141,377.6164949,194.2140276,350.5086574,1.105333487,20.10500042,95.54854831,64.92877493
2011,Homs,Homs,1,3734,3734,13367,3579.807177,0.661463232,5.466555194,424.1215349,11.02912089,170.4993423,1.454793713,18.39390553,334.3746299,1,749.4069726,393.7377764,12108.20822,1,42.53240625,28.89833125,16.81695587,6.392224748,10.27404924,0.238059976,0.034185547,3844.469998,7.822295424,72.59015253,90.16805656,80.39071671,225.6323778,262.3261291,400.8940442,1.265880206,10.65134129,96.09689066,61.8628226
2011,Homs,Homs,2,118,118,460,3898.305085,0.661463232,5.466555194,424.1215349,11.02912089,170.4993423,1.454793713,18.39390553,334.3746299,1,749.4069726,393.7377764,12108.20822,1,42.53240625,28.89833125,16.81695587,6.392224748,10.27404924,0.238059976,0.034185547,3844.469998,7.822295424,72.59015253,90.16805656,80.39071671,225.6323778,262.3261291,400.8940442,1.265880206,10.65134129,96.09689066,61.8628226
2011,Homs,Homs,4,60,60,191,3183.333333,0.661463232,5.466555194,424.1215349,11.02912089,170.4993423,1.454793713,18.39390553,334.3746299,1,749.4069726,393.7377764,12108.20822,1,42.53240625,28.89833125,16.81695587,6.392224748,10.27404924,0.238059976,0.034185547,3844.469998,7.822295424,72.59015253,90.16805656,80.39071671,225.6323778,262.3261291,400.8940442,1.265880206,10.65134129,96.09689066,61.8628226
2011,Homs,Homs,5,24,24,70,2916.666667,0.661463232,5.466555194,424.1215349,11.02912089,170.4993423,1.454793713,18.39390553,334.3746299,1,749.4069726,393.7377764,12108.20822,1,42.53240625,28.89833125,16.81695587,6.392224748,10.27404924,0.238059976,0.034185547,3844.469998,7.822295424,72.59015253,90.16805656,80.39071671,225.6323778,262.3261291,400.8940442,1.265880206,10.65134129,96.09689066,61.8628226
2011,Homs,Tadmor,5,2030,2030,15291,7532.512315,3.841744306,8.05403205,227.5453182,5.523433968,159.7105472,1.451686932,14.80853441,400.785848,1,615.4601233,244.8940643,13655.22489,1,66.07295238,32.36823489,18.96559012,6.609836678,5.99262213,0.142533774,0.008771698,4118.634986,7.963283185,67.8905605,91.88076015,70.2292218,103.7517907,192.9330692,406.9913066,0.714945106,6.814479757,91.6251993,12.93083756
2011,Homs,Tall_Kalakh,1,150,150,574,3826.666667,0.061265386,1.382119937,1284.436904,34.56201504,213.4968276,1.371293035,28.50363662,371.8628808,1,462.9664108,725.0482707,12795.24053,1,86.9397267,28.08106479,17.77116741,8.708731106,19.57149055,0.663057988,0.116760334,3715.325285,7.036198454,98.79338486,99.8347282,102.0872586,744.9870396,256.0800903,370.1287946,2.899572474,38.32373734,98.45047197,63.89144317
2011,Idleb,Al_Mara,1,2630,2630,9946,3781.749049,0.219400577,2.789560748,758.8663994,21.51412689,161.5969773,1.44106543,30.50289991,387.8445436,1,426.7153644,448.6012618,13167.49245,1,29.05957912,30.54452474,18.28818396,7.017171972,12.73241616,0.573957599,0.13355925,3526.2935,7.422356298,85.92145674,93.32976972,97.55005267,396.3317917,211.8633148,395.4624714,1.089096217,21.8826255,95.49609163,2.740740741
2011,Idleb,Al_Mara,2,2180,2180,10643,4882.110092,0.219400577,2.789560748,758.8663994,21.51412689,161.5969773,1.44106543,30.50289991,387.8445436,1,426.7153644,448.6012618,13167.49245,1,29.05957912,30.54452474,18.28818396,7.017171972,12.73241616,0.573957599,0.13355925,3526.2935,7.422356298,85.92145674,93.32976972,97.55005267,396.3317917,211.8633148,395.4624714,1.089096217,21.8826255,95.49609163,2.740740741
2011,Idleb,Al_Mara,3,530,530,1564,2950.943396,0.219400577,2.789560748,758.8663994,21.51412689,161.5969773,1.44106543,30.50289991,387.8445436,1,426.7153644,448.6012618,13167.49245,1,29.05957912,30.54452474,18.28818396,7.017171972,12.73241616,0.573957599,0.13355925,3526.2935,7.422356298,85.92145674,93.32976972,97.55005267,396.3317917,211.8633148,395.4624714,1.089096217,21.8826255,95.49609163,2.740740741
2011,Idleb,Ariha,1,1678,1678,7559,4504.76758,0.06189382,1.20144567,1000.258446,28.59795377,178.7756591,1.396585143,27.93576679,350.6523137,1,582.149967,491.7159341,12278.97138,1,87.67581128,28.89785136,17.05412692,6.405529353,14.07054834,0.479865009,0.076996324,3496.657401,7.15618642,94.79378601,99.11179384,100.1732669,508.9962371,264.1637633,380.2716742,2.592602428,31.56046909,97.45215383,35.35190616
2011,Idleb,Harim,1,634,634,2869,4525.236593,0.076955511,1.744823344,1079.123131,31.14799495,208.4698796,1.397594182,27.2782689,356.5012631,1,400.6489695,521.107175,12678.87674,1,91.8753057,29.69921885,17.60955103,6.383827348,15.07143975,0.530320822,0.082755796,3463.502715,7.125463716,95.81787612,86.42698543,110.9332777,518.8702457,243.3845318,396.2349649,3.52892128,34.93256475,99.37399412,7.104166667
2011,Idleb,Idleb,1,8616,8616,41736,4844.011142,0.125820372,2.188331063,908.6947487,25.43089141,133.1604544,1.441830046,29.96636028,396.7139838,1,349.4829207,535.4816687,13153.20123,1,18.66965742,30.45296286,18.26833504,6.905250237,14.97001231,0.615115967,0.136304255,3572.192674,7.363514149,87.8828617,92.4231762,99.26708059,444.9608933,201.4720497,378.6673336,0.928862474,24.86059375,95.60951405,24.08243728
2011,Idleb,Idleb,2,413,413,1673,4050.847458,0.125820372,2.188331063,908.6947487,25.43089141,133.1604544,1.441830046,29.96636028,396.7139838,1,349.4829207,535.4816687,13153.20123,1,18.66965742,30.45296286,18.26833504,6.905250237,14.97001231,0.615115967,0.136304255,3572.192674,7.363514149,87.8828617,92.4231762,99.26708059,444.9608933,201.4720497,378.6673336,0.928862474,24.86059375,95.60951405,24.08243728
2011,Raqqa,Al_Thawrah,3,320,320,1448,4525,0.166312937,1.915996577,330.0399817,8.383254473,159.7684893,1.190950364,17.04136252,252.4603217,1,365.9192606,292.3595583,14067.28,1,14.81675015,32.99257784,19.53788889,6.823419166,7.429653894,0.3104032,0.063324446,3935.895662,7.560426275,81.31912416,81.34993837,87.58028467,161.9557027,193.9123706,366.1195327,0.562168467,8.629667024,88.35492063,97.73904029
2011,Raqqa,Al_Thawrah,4,297,297,1503,5060.606061,0.166312937,1.915996577,330.0399817,8.383254473,159.7684893,1.190950364,17.04136252,252.4603217,1,365.9192606,292.3595583,14067.28,1,14.81675015,32.99257784,19.53788889,6.823419166,7.429653894,0.3104032,0.063324446,3935.895662,7.560426275,81.31912416,81.34993837,87.58028467,161.9557027,193.9123706,366.1195327,0.562168467,8.629667024,88.35492063,97.73904029
2011,Raqqa,Al_Thawrah,5,5763,5763,33253,5770.085025,0.166312937,1.915996577,330.0399817,8.383254473,159.7684893,1.190950364,17.04136252,252.4603217,1,365.9192606,292.3595583,14067.28,1,14.81675015,32.99257784,19.53788889,6.823419166,7.429653894,0.3104032,0.063324446,3935.895662,7.560426275,81.31912416,81.34993837,87.58028467,161.9557027,193.9123706,366.1195327,0.562168467,8.629667024,88.35492063,97.73904029
2011,Raqqa,Raqqa,3,668,668,3831,5735.02994,1.050201469,5.964680642,290.0515932,7.156433323,176.8215937,1.445777656,18.21052889,260.1565394,1,346.2123061,369.1096023,14354.75103,1,26.05879584,33.67802819,19.93715421,6.5511431,9.134298618,0.209783102,0.029652373,4052.018873,7.943602406,68.54658646,80.14583898,81.82244652,140.44338,252.812006,466.2953785,0.418199141,7.517291598,86.07340452,89.8962532
2011,Raqqa,Raqqa,4,13132,13132,72594,5528.02315,1.050201469,5.964680642,290.0515932,7.156433323,176.8215937,1.445777656,18.21052889,260.1565394,1,346.2123061,369.1096023,14354.75103,1,26.05879584,33.67802819,19.93715421,6.5511431,9.134298618,0.209783102,0.029652373,4052.018873,7.943602406,68.54658646,80.14583898,81.82244652,140.44338,252.812006,466.2953785,0.418199141,7.517291598,86.07340452,89.8962532
2011,Raqqa,Raqqa,5,18515,18515,109757,5928.004321,1.050201469,5.964680642,290.0515932,7.156433323,176.8215937,1.445777656,18.21052889,260.1565394,1,346.2123061,369.1096023,14354.75103,1,26.05879584,33.67802819,19.93715421,6.5511431,9.134298618,0.209783102,0.029652373,4052.018873,7.943602406,68.54658646,80.14583898,81.82244652,140.44338,252.812006,466.2953785,0.418199141,7.517291598,86.07340452,89.8962532
2011,Raqqa,Tell_Abiad,2,15378,15378,87209,5671.02354,0.478825179,3.735158564,411.8921654,10.23332207,188.9206138,1.450549568,27.03711738,400.1496788,1,371.821103,320.2824451,14326.06433,1,11.17783109,34.48497162,19.89731156,6.068372378,7.973385536,0.404218264,0.071988738,4024.009305,7.789701512,73.67661628,84.12373237,90.87481296,198.4594152,163.0030389,436.503596,0.353533461,11.88417515,86.30107678,33.28514589
2011,Raqqa,Tell_Abiad,3,1956,1956,7363,3764.314928,0.478825179,3.735158564,411.8921654,10.23332207,188.9206138,1.450549568,27.03711738,400.1496788,1,371.821103,320.2824451,14326.06433,1,11.17783109,34.48497162,19.89731156,6.068372378,7.973385536,0.404218264,0.071988738,4024.009305,7.789701512,73.67661628,84.12373237,90.87481296,198.4594152,163.0030389,436.503596,0.353533461,11.88417515,86.30107678,33.28514589
2011,Tartous,Banyas,1,25,25,49,1960,0.064347484,1.259569202,1622.830452,44.45622012,227.2029485,1.248880866,25.12215029,311.6023136,1,597.2024401,861.8018401,11970.62466,1,239.5189203,27.08652918,16.62586758,8.044706304,23.62324453,0.606331572,0.062593629,3649.401334,6.402940695,80.09802315,95.98825772,106.2413659,928.619126,311.2379664,363.3411414,4.321198421,51.28226288,95.00495762,78.70526316
2011,Tartous,Safita,1,107,107,303,2831.775701,0.047070335,1.157636077,1660.332736,45.88415888,212.2246192,1.350786518,24.81991989,329.6296751,1,294.0703481,811.6852471,13303.75314,1,85.74052064,28.18625154,18.47743492,10.12972204,22.45908772,0.631401191,0.075269306,3617.531486,6.807968775,93.59895915,95.94384882,106.6131626,959.2299864,291.9812893,377.4132804,2.351750182,44.6094789,94.41465762,76.62715679
2011,Tartous,Tartous,1,280,280,562,2007.142857,0.049162657,1.417978043,1442.62727,39.15887482,226.602822,1.337365278,24.38800112,328.0083572,1,151.3380759,914.4142852,13726.36913,1,85.26540945,28.12104619,19.06440157,11.40267816,24.87245366,0.622264403,0.077262862,3683.036573,6.801489796,93.38299321,94.9762318,104.7464656,819.5063228,293.3316743,364.969705,1.987711269,46.76351549,91.06056245,64.49344978
2015,Al_Qunaytirah,Al_Qunaytirah,1,140,140,316,2257.142857,0.120668536,1.817203669,874.9670784,21.99838029,196.6396652,1.392797379,36.80800834,452.0421233,1,812.7813464,508.4427314,11794.62605,1,99.78962314,25.90850925,16.38142506,6.131183159,12.82671357,0.645317937,0.143892869,3976.415914,7.519971534,82.66761553,95.15238957,94.46689641,568.3910626,184.0334609,363.9594199,3.215624823,25.20123137,93.60814322,62.36754297
2015,Aleppo,Afrin,1,2800,2800,13440,4800,0.194810459,2.230856022,893.0625576,25.42287867,184.8305861,1.371035123,25.51170824,404.3181051,1,493.5760545,489.657689,12518.51035,1,89.965976,28.44993129,17.38681994,5.701769775,13.94189012,0.454239199,0.066496905,3511.830192,7.198506433,93.3831189,74.84101432,104.4870179,555.8861701,192.8950466,401.4796676,3.206478872,32.26458622,99.35325678,72.67440361
2015,Aleppo,Ain_Al_Arab,2,922,922,4149,4500,0.285146327,2.615456939,582.6829556,15.20509413,180.1352135,1.344070296,29.15984317,412.5287694,1,457.6511594,389.0140386,13620.8864,1,40.7417743,31.76845653,18.91789778,5.605836645,10.15774187,0.532985516,0.121607388,3831.156187,7.452704986,84.90983381,78.08818671,97.62332759,336.4717137,160.737883,374.9119357,1.026508894,16.80178945,91.89772698,86.06697787
2015,Aleppo,Ain_Al_Arab,3,112,112,504,4500,0.285146327,2.615456939,582.6829556,15.20509413,180.1352135,1.344070296,29.15984317,412.5287694,1,457.6511594,389.0140386,13620.8864,1,40.7417743,31.76845653,18.91789778,5.605836645,10.15774187,0.532985516,0.121607388,3831.156187,7.452704986,84.90983381,78.08818671,97.62332759,336.4717137,160.737883,374.9119357,1.026508894,16.80178945,91.89772698,86.06697787
2015,Aleppo,Al_Atareb,1,2000,2000,8000,4000,0.320135248,3.90953411,521.2652906,14.70223575,185.7492815,1.399045613,26.85095306,367.0160671,1,348.6130778,444.7554355,13563.09937,1,24.0041333,29.58302442,18.83763802,6.701939765,12.52713851,0.522076502,0.108032058,3544.483146,7.511498758,82.95004141,72.78273489,88.45664197,317.7553731,183.2856532,401.209007,0.780531933,17.98196178,92.35635418,28.18423019
2015,Aleppo,Al_Bab,1,200,200,800,4000,0.223794265,2.70647827,485.0955466,13.48065329,171.3158859,1.361738999,28.32570189,404.137529,1,440.5998951,442.1295503,13355.33237,1,12.48017986,29.86084615,18.54907274,6.049650921,12.2900792,0.495838446,0.104637242,3597.457256,7.526863486,82.4378838,76.20284939,90.34479418,294.5614462,172.3288421,394.8106379,0.536196258,18.97472913,94.00529863,57.38811081
2015,Aleppo,Al_Bab,2,3293,3293,13172,4000,0.223794265,2.70647827,485.0955466,13.48065329,171.3158859,1.361738999,28.32570189,404.137529,1,440.5998951,442.1295503,13355.33237,1,12.48017986,29.86084615,18.54907274,6.049650921,12.2900792,0.495838446,0.104637242,3597.457256,7.526863486,82.4378838,76.20284939,90.34479418,294.5614462,172.3288421,394.8106379,0.536196258,18.97472913,94.00529863,57.38811081
2015,Aleppo,As_Safira,2,500,500,1928,3856,0.226229514,2.727688396,365.5525574,10.18233751,194.0542344,1.456944439,23.81607607,339.9130212,1,386.7828001,393.0658599,13732.52367,1,58.56984464,30.02135108,19.07294954,6.684539943,10.93686835,0.454799716,0.097247376,3589.065219,7.634697244,78.8434252,73.91766526,82.64365658,216.3293781,209.796782,447.6738108,1.021027812,12.3940763,91.01171691,61.3127161
2015,Aleppo,As_Safira,3,700,700,2800,4000,0.226229514,2.727688396,365.5525574,10.18233751,194.0542344,1.456944439,23.81607607,339.9130212,1,386.7828001,393.0658599,13732.52367,1,58.56984464,30.02135108,19.07294954,6.684539943,10.93686835,0.454799716,0.097247376,3589.065219,7.634697244,78.8434252,73.91766526,82.64365658,216.3293781,209.796782,447.6738108,1.021027812,12.3940763,91.01171691,61.3127161
2015,Aleppo,Azaz,1,2775,2775,12488,4500.18018,0.121728487,2.146811382,626.66868,17.10049483,180.5676029,1.396196968,30.36538609,429.7996425,1,481.8095159,524.5702352,12899.62012,1,12.33630082,29.10240088,17.91613906,5.718456992,14.31115414,0.620651739,0.13071016,3663.623078,7.471901984,84.26993387,75.57512359,95.44563519,393.6314805,165.5478602,396.9674719,0.559398203,24.25735487,97.6220625,30.7875817
2015,Aleppo,Azaz,2,512,512,2560,5000,0.121728487,2.146811382,626.66868,17.10049483,180.5676029,1.396196968,30.36538609,429.7996425,1,481.8095159,524.5702352,12899.62012,1,12.33630082,29.10240088,17.91613906,5.718456992,14.31115414,0.620651739,0.13071016,3663.623078,7.471901984,84.26993387,75.57512359,95.44563519,393.6314805,165.5478602,396.9674719,0.559398203,24.25735487,97.6220625,30.7875817
2015,Aleppo,Der_Hafer,3,1000,1000,4000,4000,0.320135248,3.90953411,521.2652906,14.70223575,185.7492815,1.399045613,26.85095306,367.0160671,1,348.6130778,444.7554355,13563.09937,1,24.0041333,29.58302442,18.83763802,6.701939765,12.52713851,0.522076502,0.108032058,3544.483146,7.511498758,82.95004141,72.78273489,88.45664197,317.7553731,183.2856532,401.209007,0.780531933,17.98196178,92.35635418,28.18423019
2015,Aleppo,Der_Hafer,4,1500,1500,6000,4000,0.320135248,3.90953411,521.2652906,14.70223575,185.7492815,1.399045613,26.85095306,367.0160671,1,348.6130778,444.7554355,13563.09937,1,24.0041333,29.58302442,18.83763802,6.701939765,12.52713851,0.522076502,0.108032058,3544.483146,7.511498758,82.95004141,72.78273489,88.45664197,317.7553731,183.2856532,401.209007,0.780531933,17.98196178,92.35635418,28.18423019
2015,Aleppo,Jarablus,2,40,40,120,3000,0.056313267,1.389591551,605.5530805,16.59833379,123.911363,1.374076188,31.59740814,433.9335195,1,453.0262094,406.0830574,13359.10547,1,19.54434174,31.31437997,18.55431315,5.35397598,11.13541714,0.528757532,0.116079369,3647.276315,7.473535251,84.21549162,77.23685581,94.40711174,367.3335052,151.8135123,395.6820817,0.731704106,17.89025411,93.97535345,86.86344794
2015,Aleppo,Jebel_Saman,1,3457,3457,15557,4500.144634,0.320135248,3.90953411,521.2652906,14.70223575,185.7492815,1.399045613,26.85095306,367.0160671,1,348.6130778,444.7554355,13563.09937,1,24.0041333,29.58302442,18.83763802,6.701939765,12.52713851,0.522076502,0.108032058,3544.483146,7.511498758,82.95004141,72.78273489,88.45664197,317.7553731,183.2856532,401.209007,0.780531933,17.98196178,92.35635418,28.18423019
2015,Aleppo,Jebel_Saman,2,14826,14826,66694,4498.448671,0.320135248,3.90953411,521.2652906,14.70223575,185.7492815,1.399045613,26.85095306,367.0160671,1,348.6130778,444.7554355,13563.09937,1,24.0041333,29.58302442,18.83763802,6.701939765,12.52713851,0.522076502,0.108032058,3544.483146,7.511498758,82.95004141,72.78273489,88.45664197,317.7553731,183.2856532,401.209007,0.780531933,17.98196178,92.35635418,28.18423019
2015,Aleppo,Jebel_Saman,3,1381,1381,6214,4499.637944,0.320135248,3.90953411,521.2652906,14.70223575,185.7492815,1.399045613,26.85095306,367.0160671,1,348.6130778,444.7554355,13563.09937,1,24.0041333,29.58302442,18.83763802,6.701939765,12.52713851,0.522076502,0.108032058,3544.483146,7.511498758,82.95004141,72.78273489,88.45664197,317.7553731,183.2856532,401.209007,0.780531933,17.98196178,92.35635418,28.18423019
2015,Aleppo,Jebel_Saman,4,326,326,1467,4500,0.320135248,3.90953411,521.2652906,14.70223575,185.7492815,1.399045613,26.85095306,367.0160671,1,348.6130778,444.7554355,13563.09937,1,24.0041333,29.58302442,18.83763802,6.701939765,12.52713851,0.522076502,0.108032058,3544.483146,7.511498758,82.95004141,72.78273489,88.45664197,317.7553731,183.2856532,401.209007,0.780531933,17.98196178,92.35635418,28.18423019
2015,Aleppo,Menbij,2,100,100,300,3000,0.476099108,4.018173677,393.857989,10.726643,173.279788,1.406754586,24.018397,332.4689528,1,397.1956572,400.736267,13743.32872,1,17.60715977,30.51391235,19.08795656,6.460352283,10.9144828,0.429298126,0.088895455,3670.773069,7.618434657,79.38551142,74.38423867,87.11041303,224.9070408,198.2878033,437.4207931,0.49517755,12.11218955,90.92596252,92.68040719
2015,Aleppo,Menbij,4,405,405,1215,3000,0.476099108,4.018173677,393.857989,10.726643,173.279788,1.406754586,24.018397,332.4689528,1,397.1956572,400.736267,13743.32872,1,17.60715977,30.51391235,19.08795656,6.460352283,10.9144828,0.429298126,0.088895455,3670.773069,7.618434657,79.38551142,74.38423867,87.11041303,224.9070408,198.2878033,437.4207931,0.49517755,12.11218955,90.92596252,92.68040719
2015,As_Suweida,As_Suwayda,2,141,141,635,4503.546099,0.245068348,2.898837435,363.0642509,8.286326983,164.7488635,1.44067499,22.83274428,379.7186382,1,936.6083153,308.2438953,12505.66485,1,132.549277,27.55543188,17.36897896,6.368841347,7.066899628,0.289560882,0.044881802,4380.485931,7.882238542,70.59204861,85.42732155,84.40838662,203.8263658,218.1895834,401.1968401,1.365785859,8.704768714,99.25130837,36.89205703
2015,As_Suweida,Salkhad,2,9,9,22,2444.444444,0.19678529,2.476461818,360.1835047,8.230854963,175.7154581,1.445399312,22.89129271,345.5826409,1,1096.653045,306.9958361,12189.49622,1,151.5089895,27.30155655,16.92985586,5.934078967,7.051545082,0.26835947,0.040555967,4375.015691,7.899676731,70.01077564,88.45274656,82.63933024,202.161472,268.1481021,387.011929,1.285466681,8.340411369,96.74203351,38.32058288
2015,As_Suweida,Shahba,2,1,1,5,5000,0.197527256,2.191659403,387.2347082,9.131029699,172.1533402,1.451189377,19.92857504,355.5120454,1,812.086703,297.5949114,12717.64989,1,62.52582608,27.87093769,17.66340263,6.541060596,7.023417643,0.235462888,0.035780443,4239.865718,7.921607895,69.27973685,84.9016645,84.80806799,214.9490956,217.4198839,427.8247932,0.996377189,7.542191094,99.0662707,8.194029851
2015,Damascus,Al_Ghutta,3,355,355,945,2661.971831,0.011843117,0.558468679,356.9143016,9.165112836,106.1618312,1.291118521,15.97295861,315.6253218,1,651.6936639,439.0356086,12615.335,1,6.349500264,28.34724463,17.52129861,5.09191611,11.31856312,0.458679247,0.066113623,3893.270676,7.702316985,76.58943385,82.14518386,78.54570467,209.6897118,178.6231764,388.861443,0.350493747,15.36100502,99.87829367,4.8
2015,Damascus,Al_Ghutta,4,89,89,267,3000,0.011843117,0.558468679,356.9143016,9.165112836,106.1618312,1.291118521,15.97295861,315.6253218,1,651.6936639,439.0356086,12615.335,1,6.349500264,28.34724463,17.52129861,5.09191611,11.31856312,0.458679247,0.066113623,3893.270676,7.702316985,76.58943385,82.14518386,78.54570467,209.6897118,178.6231764,388.861443,0.350493747,15.36100502,99.87829367,4.8
2015,Damascus,Al_Ghutta,5,94,94,292,3106.382979,0.011843117,0.558468679,356.9143016,9.165112836,106.1618312,1.291118521,15.97295861,315.6253218,1,651.6936639,439.0356086,12615.335,1,6.349500264,28.34724463,17.52129861,5.09191611,11.31856312,0.458679247,0.066113623,3893.270676,7.702316985,76.58943385,82.14518386,78.54570467,209.6897118,178.6231764,388.861443,0.350493747,15.36100502,99.87829367,4.8
2015,Damascus,Al_Qutayfah,5,83,83,61,734.939759,0.165290463,2.05625535,273.7948206,6.990285976,195.5281875,1.44431954,15.13843505,319.6985667,1,995.3053148,343.1186252,11847.18205,1,127.2432106,27.39939167,16.45441952,3.970679237,8.782777215,0.154823379,0.015172363,3915.789979,7.89758494,70.08050201,75.62752285,75.07172356,141.4077985,244.8824899,435.20357,2.859481548,8.87439493,94.02525438,2.858974359
2015,Damascus,At_Tall,2,1,1,3,3000,0.044028509,1.064884239,535.0941692,13.93519685,162.1199029,1.40030382,25.61268638,363.9933535,1,1466.66102,384.1017907,9771.621906,1,145.3541383,24.28678057,13.56598274,1.426875031,10.00976497,0.239935387,0.032379223,3838.875209,7.636543834,78.78187219,81.11926597,89.46130892,316.7201023,274.0306517,362.7005117,3.630504348,17.15543139,77.51990135,1.666666667
2015,Damascus,At_Tall,3,2,2,2,1000,0.044028509,1.064884239,535.0941692,13.93519685,162.1199029,1.40030382,25.61268638,363.9933535,1,1466.66102,384.1017907,9771.621906,1,145.3541383,24.28678057,13.56598274,1.426875031,10.00976497,0.239935387,0.032379223,3838.875209,7.636543834,78.78187219,81.11926597,89.46130892,316.7201023,274.0306517,362.7005117,3.630504348,17.15543139,77.51990135,1.666666667
2015,Damascus,Az_Zabdani,1,15,15,6,400,0.060455564,1.268423947,690.0746742,17.58140285,181.4811797,1.350758075,29.73442299,406.6926124,1,1549.684822,458.9257391,9332.648358,1,364.1754447,23.35048586,12.95638905,1.163368359,11.71721014,0.322882991,0.048736542,3924.026234,7.486507827,83.78307244,85.65448718,93.24602755,422.7200827,271.265393,322.8236739,6.230150135,23.98346865,74.03650888,59.03225806
2015,Damascus,Darayya,3,11,11,38,3454.545455,0.012423869,0.610406653,396.6951328,10.00463921,92.7628682,1.315842328,23.5269942,377.8860652,1,680.7773842,353.9733128,12313.99595,1,9.388939721,27.76748122,17.10277215,4.873634879,8.94746166,0.346534138,0.052579643,3964.111831,7.775299427,74.15668578,82.1529501,83.51447576,236.1681602,142.5483663,397.8240084,0.699756804,11.61850321,97.73012657,3.25
2015,Damascus,Darayya,4,10,10,35,3500,0.012423869,0.610406653,396.6951328,10.00463921,92.7628682,1.315842328,23.5269942,377.8860652,1,680.7773842,353.9733128,12313.99595,1,9.388939721,27.76748122,17.10277215,4.873634879,8.94746166,0.346534138,0.052579643,3964.111831,7.775299427,74.15668578,82.1529501,83.51447576,236.1681602,142.5483663,397.8240084,0.699756804,11.61850321,97.73012657,3.25
2015,Damascus,Darayya,5,170,170,595,3500,0.012423869,0.610406653,396.6951328,10.00463921,92.7628682,1.315842328,23.5269942,377.8860652,1,680.7773842,353.9733128,12313.99595,1,9.388939721,27.76748122,17.10277215,4.873634879,8.94746166,0.346534138,0.052579643,3964.111831,7.775299427,74.15668578,82.1529501,83.51447576,236.1681602,142.5483663,397.8240084,0.699756804,11.61850321,97.73012657,3.25
2015,Damascus,Duma,5,400,400,933,2332.5,1.143833319,5.36296028,256.9682897,5.914234746,183.2223843,1.439790063,15.24508473,435.0312031,1,671.3370843,276.444294,13361.13711,1,24.50940844,29.50660533,18.55713487,6.537999974,6.510350761,0.146817187,0.013235002,4343.911907,7.9788694,67.37102002,85.5948079,71.45231705,121.4244747,156.4332399,408.6870532,0.494037748,7.515456491,93.9592293,20.17542504
2015,Damascus,Qatana,1,563,563,1513,2687.388988,0.093841203,1.750152374,615.3118835,15.29631815,126.6999471,1.390187794,33.83029859,446.2725683,1,1076.168708,403.9984278,10937.08759,1,134.8032696,25.46200451,15.19039943,3.543310653,10.06574791,0.365228795,0.058865316,4021.614314,7.631263536,78.95788213,88.50286627,92.7777328,384.8863708,198.523565,355.7564594,3.240654984,17.95975534,86.80228244,10.25471698
2015,Damascus,Qatana,2,751,751,1886,2511.318242,0.093841203,1.750152374,615.3118835,15.29631815,126.6999471,1.390187794,33.83029859,446.2725683,1,1076.168708,403.9984278,10937.08759,1,134.8032696,25.46200451,15.19039943,3.543310653,10.06574791,0.365228795,0.058865316,4021.614314,7.631263536,78.95788213,88.50286627,92.7777328,384.8863708,198.523565,355.7564594,3.240654984,17.95975534,86.80228244,10.25471698
2015,Damascus,Qatana,3,234,234,647,2764.957265,0.093841203,1.750152374,615.3118835,15.29631815,126.6999471,1.390187794,33.83029859,446.2725683,1,1076.168708,403.9984278,10937.08759,1,134.8032696,25.46200451,15.19039943,3.543310653,10.06574791,0.365228795,0.058865316,4021.614314,7.631263536,78.95788213,88.50286627,92.7777328,384.8863708,198.523565,355.7564594,3.240654984,17.95975534,86.80228244,10.25471698
2015,Damascus,Yabrud,2,10,10,25,2500,0.055958524,1.256549001,603.1195351,16.0241777,151.1400992,1.388098698,24.46438451,298.4432339,1,1851.02324,423.0226957,8544.422188,1,231.2609004,22.54460523,11.84375503,-0.114525431,11.24057001,0.20589756,0.032133416,3762.809578,7.507783175,83.07389417,88.76886314,89.61809182,353.4879332,327.2389854,375.052399,3.28542421,18.12267988,67.67860019,3.666666667
2015,Damascus,Yabrud,3,5,5,13,2600,0.055958524,1.256549001,603.1195351,16.0241777,151.1400992,1.388098698,24.46438451,298.4432339,1,1851.02324,423.0226957,8544.422188,1,231.2609004,22.54460523,11.84375503,-0.114525431,11.24057001,0.20589756,0.032133416,3762.809578,7.507783175,83.07389417,88.76886314,89.61809182,353.4879332,327.2389854,375.052399,3.28542421,18.12267988,67.67860019,3.666666667
2015,Dara,As_Sanamayn,1,1150,1150,3795,3300,0.126365387,2.232014688,440.7148138,10.49554886,180.1350323,1.464749006,30.99856142,436.994746,1,676.2522372,329.3436197,12637.93374,1,14.37105451,27.56723633,17.55268575,6.353684531,7.835389245,0.396428567,0.074768432,4198.064,7.860602751,71.31324164,87.78437282,84.12727446,268.4901683,132.4975201,430.6093861,0.669011199,10.00010737,99.69893859,28.32124352
2015,Dara,As_Sanamayn,2,496,496,1587,3199.596774,0.126365387,2.232014688,440.7148138,10.49554886,180.1350323,1.464749006,30.99856142,436.994746,1,676.2522372,329.3436197,12637.93374,1,14.37105451,27.56723633,17.55268575,6.353684531,7.835389245,0.396428567,0.074768432,4198.064,7.860602751,71.31324164,87.78437282,84.12727446,268.4901683,132.4975201,430.6093861,0.669011199,10.00010737,99.69893859,28.32124352
2015,Dara,As_Sanamayn,3,151,151,453,3000,0.126365387,2.232014688,440.7148138,10.49554886,180.1350323,1.464749006,30.99856142,436.994746,1,676.2522372,329.3436197,12637.93374,1,14.37105451,27.56723633,17.55268575,6.353684531,7.835389245,0.396428567,0.074768432,4198.064,7.860602751,71.31324164,87.78437282,84.12727446,268.4901683,132.4975201,430.6093861,0.669011199,10.00010737,99.69893859,28.32124352
2015,Dara,As_Sanamayn,4,69,69,206,2985.507246,0.126365387,2.232014688,440.7148138,10.49554886,180.1350323,1.464749006,30.99856142,436.994746,1,676.2522372,329.3436197,12637.93374,1,14.37105451,27.56723633,17.55268575,6.353684531,7.835389245,0.396428567,0.074768432,4198.064,7.860602751,71.31324164,87.78437282,84.12727446,268.4901683,132.4975201,430.6093861,0.669011199,10.00010737,99.69893859,28.32124352
2015,Dara,Dara,1,2019,2019,7067,3500.247647,0.151895403,2.467237111,449.8100536,11.10597037,247.890732,1.46774472,34.72026577,423.6944089,1,594.8481838,373.548337,12764.08595,1,31.20078753,27.10922658,17.72789716,7.727035444,9.222650724,0.513053352,0.094006378,4049.164357,7.877365296,70.75449014,92.45464128,83.08418954,275.5983726,127.803691,442.0431636,0.879878166,12.29504118,98.69773052,40.20714807
2015,Dara,Dara,2,6185,6185,20384,3295.715441,0.151895403,2.467237111,449.8100536,11.10597037,247.890732,1.46774472,34.72026577,423.6944089,1,594.8481838,373.548337,12764.08595,1,31.20078753,27.10922658,17.72789716,7.727035444,9.222650724,0.513053352,0.094006378,4049.164357,7.877365296,70.75449014,92.45464128,83.08418954,275.5983726,127.803691,442.0431636,0.879878166,12.29504118,98.69773052,40.20714807
2015,Dara,Dara,3,170,170,475,2794.117647,0.151895403,2.467237111,449.8100536,11.10597037,247.890732,1.46774472,34.72026577,423.6944089,1,594.8481838,373.548337,12764.08595,1,31.20078753,27.10922658,17.72789716,7.727035444,9.222650724,0.513053352,0.094006378,4049.164357,7.877365296,70.75449014,92.45464128,83.08418954,275.5983726,127.803691,442.0431636,0.879878166,12.29504118,98.69773052,40.20714807
2015,Dara,Izra,2,650,650,2080,3200,0.087018771,1.658654183,466.9358284,11.08055894,217.4263142,1.470306952,41.10287596,441.4595726,1,594.9833148,367.5936614,12698.0128,1,10.9531787,27.21773341,17.63612888,7.203061479,8.728460543,0.547988057,0.110210501,4213.009699,7.923266829,69.22443902,93.56542632,82.28342942,289.7548064,92.06481307,460.4442333,0.522892419,12.7609944,99.22212067,44.50057937
2015,Dara,Izra,3,10,10,30,3000,0.087018771,1.658654183,466.9358284,11.08055894,217.4263142,1.470306952,41.10287596,441.4595726,1,594.9833148,367.5936614,12698.0128,1,10.9531787,27.21773341,17.63612888,7.203061479,8.728460543,0.547988057,0.110210501,4213.009699,7.923266829,69.22443902,93.56542632,82.28342942,289.7548064,92.06481307,460.4442333,0.522892419,12.7609944,99.22212067,44.50057937
2015,Dayr_Az_Zor,Abu_Kamal,5,8891,8891,22227,2499.943763,0.326690195,2.534252196,311.7471764,6.882004319,145.9024177,1.474952341,15.51213228,316.9541986,1,199.0450865,332.3776871,15746.05763,1,17.05196237,34.86535482,21.86952448,8.243816642,7.347303359,0.177649424,0.019469715,4528.889288,7.914785937,69.50713545,87.03365732,73.22706316,147.8715957,210.3167699,473.4703945,0.275403663,8.147721895,75.03128866,64.43444099
2015,Dayr_Az_Zor,Al_Mayadin,5,6925,6925,17313,2500.072202,0.846879854,4.706853339,264.4088721,5.931214787,106.9848781,1.464284982,15.16950876,321.6518012,1,284.7469964,369.4070502,15248.3823,1,13.44925992,33.7861186,21.17830875,7.870923028,8.302880938,0.166710198,0.013547575,4456.921043,7.935538403,68.81538657,80.74256701,73.66332335,120.5263287,226.8776377,452.2255759,0.231444592,7.050522461,78.98109285,65.76879408
2015,Dayr_Az_Zor,Dayr_Az_Zor,4,1188,1188,2970,2500,1.527438458,6.266817637,313.8293313,7.266278829,160.6562038,1.475571533,17.45613594,279.0580926,1,311.6110564,354.1228155,14902.22435,1,24.94088817,33.41749098,20.69753382,7.166409452,8.218158636,0.188273539,0.025717331,4317.98278,7.945084905,68.49716985,81.70855544,76.33829496,152.9079804,267.81461,453.5383851,0.441646162,7.406680906,81.72837817,59.82997528
2015,Dayr_Az_Zor,Dayr_Az_Zor,5,14498,14498,36245,2500,1.527438458,6.266817637,313.8293313,7.266278829,160.6562038,1.475571533,17.45613594,279.0580926,1,311.6110564,354.1228155,14902.22435,1,24.94088817,33.41749098,20.69753382,7.166409452,8.218158636,0.188273539,0.025717331,4317.98278,7.945084905,68.49716985,81.70855544,76.33829496,152.9079804,267.81461,453.5383851,0.441646162,7.406680906,81.72837817,59.82997528
2015,Hama,Al_Ghab,1,42577,42577,153052,3594.710759,0.049595436,1.643165164,1065.048333,31.00553268,139.7759455,1.347860465,28.59829587,349.5799349,1,352.189296,851.9008957,12476.20777,1,139.7020723,27.29792225,17.32806635,6.7491534,24.74304903,0.701883936,0.124999486,3434.026722,6.782044179,92.73480597,79.40905801,109.1023106,674.8553775,280.5196852,361.9957542,4.508295663,42.21571718,99.01752199,35.28868661
2015,Hama,As_Salamiyeh,2,499,499,1251,2507.014028,0.504159747,4.926087865,304.6202245,8.640531473,191.2833095,1.455325727,20.3416433,317.9445519,1,514.8899545,384.8408957,13234.4521,1,39.708665,29.12536636,18.38118347,6.495415351,10.91257441,0.35659066,0.07114241,3524.48018,7.805379097,73.15403011,72.04572134,77.67444009,169.7776466,260.9011364,420.1232357,0.788382027,9.040582617,94.96466591,29.78971963
2015,Hama,As_Salamiyeh,3,200,200,554,2770,0.504159747,4.926087865,304.6202245,8.640531473,191.2833095,1.455325727,20.3416433,317.9445519,1,514.8899545,384.8408957,13234.4521,1,39.708665,29.12536636,18.38118347,6.495415351,10.91257441,0.35659066,0.07114241,3524.48018,7.805379097,73.15403011,72.04572134,77.67444009,169.7776466,260.9011364,420.1232357,0.788382027,9.040582617,94.96466591,29.78971963
2015,Hama,As_Salamiyeh,4,16,16,56,3500,0.504159747,4.926087865,304.6202245,8.640531473,191.2833095,1.455325727,20.3416433,317.9445519,1,514.8899545,384.8408957,13234.4521,1,39.708665,29.12536636,18.38118347,6.495415351,10.91257441,0.35659066,0.07114241,3524.48018,7.805379097,73.15403011,72.04572134,77.67444009,169.7776466,260.9011364,420.1232357,0.788382027,9.040582617,94.96466591,29.78971963
2015,Hama,Hama,1,5884,5884,16860,2865.397689,0.227677668,4.733216797,479.6161959,13.50923298,192.7904067,1.455316559,28.89107986,399.9433813,1,367.8882638,432.9444182,13452.28107,1,25.04294796,29.04721219,18.68372371,7.143466926,12.17799083,0.568554327,0.126765065,3549.284437,7.530149647,82.32834509,73.45120501,88.10909637,287.982182,199.991121,385.7041579,0.890006436,18.48653952,93.23586452,22.43352601
2015,Hama,Hama,2,3373,3373,7970,2362.881708,0.227677668,4.733216797,479.6161959,13.50923298,192.7904067,1.455316559,28.89107986,399.9433813,1,367.8882638,432.9444182,13452.28107,1,25.04294796,29.04721219,18.68372371,7.143466926,12.17799083,0.568554327,0.126765065,3549.284437,7.530149647,82.32834509,73.45120501,88.10909637,287.982182,199.991121,385.7041579,0.890006436,18.48653952,93.23586452,22.43352601
2015,Hama,Hama,3,20,20,48,2400,0.227677668,4.733216797,479.6161959,13.50923298,192.7904067,1.455316559,28.89107986,399.9433813,1,367.8882638,432.9444182,13452.28107,1,25.04294796,29.04721219,18.68372371,7.143466926,12.17799083,0.568554327,0.126765065,3549.284437,7.530149647,82.32834509,73.45120501,88.10909637,287.982182,199.991121,385.7041579,0.890006436,18.48653952,93.23586452,22.43352601
2015,Hama,Masyaf,1,241,241,482,2000,0.076403686,1.92474214,1034.328844,28.59311024,150.0452924,1.353623889,29.44578727,387.4121925,1,532.6863029,743.0788364,12261.35493,1,139.1245061,26.84994085,17.02965962,6.771924619,20.48836292,0.645710309,0.10085841,3616.405854,6.889563149,96.31877164,78.38473201,100.0836133,646.8935032,261.5816804,350.4100182,3.339515959,38.59856987,97.31234071,5.952755906
2015,Hama,Muhradah,1,4980,4980,14200,2851.405622,0.05125136,1.195215355,665.760238,18.86673228,210.5076775,1.449025265,33.05226761,439.5914949,1,254.483542,596.4358264,13490.33576,1,22.9822089,28.89965012,18.73657744,7.522323013,16.91153709,0.691558083,0.151420278,3527.752239,7.358416593,88.05278024,77.4734363,97.38452226,414.3133533,196.6763121,347.9956241,0.787416154,25.49695415,92.93384321,10.50963597
2015,Hassakeh,Al_Malika,1,9897,9897,34501,3486.00586,0.273788898,2.626098262,996.6141143,22.58050114,177.7179584,1.393407522,35.81191186,396.1542193,1,442.2589019,473.5491902,13914.75431,1,11.47143655,34.21784332,19.32604765,5.759888133,10.73321176,0.686724791,0.156114655,4412.604942,7.401004555,86.63318149,82.89480318,97.53367939,513.7477132,182.2285639,417.2135132,0.627665989,23.0979689,89.56544201,71.48066457
2015,Hassakeh,Al_Malika,2,345,345,1032,2991.304348,0.273788898,2.626098262,996.6141143,22.58050114,177.7179584,1.393407522,35.81191186,396.1542193,1,442.2589019,473.5491902,13914.75431,1,11.47143655,34.21784332,19.32604765,5.759888133,10.73321176,0.686724791,0.156114655,4412.604942,7.401004555,86.63318149,82.89480318,97.53367939,513.7477132,182.2285639,417.2135132,0.627665989,23.0979689,89.56544201,71.48066457
2015,Hassakeh,Al_Malika,3,23,23,66,2869.565217,0.273788898,2.626098262,996.6141143,22.58050114,177.7179584,1.393407522,35.81191186,396.1542193,1,442.2589019,473.5491902,13914.75431,1,11.47143655,34.21784332,19.32604765,5.759888133,10.73321176,0.686724791,0.156114655,4412.604942,7.401004555,86.63318149,82.89480318,97.53367939,513.7477132,182.2285639,417.2135132,0.627665989,23.0979689,89.56544201,71.48066457
2015,Hassakeh,Hassakeh,1,800,800,2741,3426.25,1.234999017,5.292191536,547.9657109,12.96531491,179.2026918,1.453912692,22.75778998,312.1287676,1,352.2277754,331.7422798,14813.31507,1,19.1175947,34.37948521,20.57404871,6.743025443,7.857194356,0.299387617,0.054571072,4225.397236,7.76640865,74.453045,82.97270511,88.86086386,282.167623,232.8497925,449.1236429,0.493960645,10.83503123,82.43400736,55.44769984
2015,Hassakeh,Hassakeh,2,6830,6830,20046,2934.992679,1.234999017,5.292191536,547.9657109,12.96531491,179.2026918,1.453912692,22.75778998,312.1287676,1,352.2277754,331.7422798,14813.31507,1,19.1175947,34.37948521,20.57404871,6.743025443,7.857194356,0.299387617,0.054571072,4225.397236,7.76640865,74.453045,82.97270511,88.86086386,282.167623,232.8497925,449.1236429,0.493960645,10.83503123,82.43400736,55.44769984
2015,Hassakeh,Hassakeh,3,3182,3182,9040,2840.980515,1.234999017,5.292191536,547.9657109,12.96531491,179.2026918,1.453912692,22.75778998,312.1287676,1,352.2277754,331.7422798,14813.31507,1,19.1175947,34.37948521,20.57404871,6.743025443,7.857194356,0.299387617,0.054571072,4225.397236,7.76640865,74.453045,82.97270511,88.86086386,282.167623,232.8497925,449.1236429,0.493960645,10.83503123,82.43400736,55.44769984
2015,Hassakeh,Hassakeh,4,2793,2793,7653,2740.064447,1.234999017,5.292191536,547.9657109,12.96531491,179.2026918,1.453912692,22.75778998,312.1287676,1,352.2277754,331.7422798,14813.31507,1,19.1175947,34.37948521,20.57404871,6.743025443,7.857194356,0.299387617,0.054571072,4225.397236,7.76640865,74.453045,82.97270511,88.86086386,282.167623,232.8497925,449.1236429,0.493960645,10.83503123,82.43400736,55.44769984
2015,Hassakeh,Hassakeh,5,382,382,1016,2659.685864,1.234999017,5.292191536,547.9657109,12.96531491,179.2026918,1.453912692,22.75778998,312.1287676,1,352.2277754,331.7422798,14813.31507,1,19.1175947,34.37948521,20.57404871,6.743025443,7.857194356,0.299387617,0.054571072,4225.397236,7.76640865,74.453045,82.97270511,88.86086386,282.167623,232.8497925,449.1236429,0.493960645,10.83503123,82.43400736,55.44769984
2015,Hassakeh,Quamishli,1,9856,9856,34250,3475.040584,0.384508781,3.376182941,848.2888099,19.82121288,189.6343908,1.4227755,32.71215887,381.6987929,1,387.3408823,405.5542027,14491.24605,1,4.224880292,34.72872497,20.12673062,6.466847796,9.483061118,0.615603047,0.133414939,4278.701828,7.499177245,83.3607585,80.62767004,96.16583152,434.5074024,188.6721752,424.1715544,0.236333983,15.93920513,84.99011073,2.151515152
2015,Hassakeh,Quamishli,2,1856,1856,5531,2980.064655,0.384508781,3.376182941,848.2888099,19.82121288,189.6343908,1.4227755,32.71215887,381.6987929,1,387.3408823,405.5542027,14491.24605,1,4.224880292,34.72872497,20.12673062,6.466847796,9.483061118,0.615603047,0.133414939,4278.701828,7.499177245,83.3607585,80.62767004,96.16583152,434.5074024,188.6721752,424.1715544,0.236333983,15.93920513,84.99011073,2.151515152
2015,Hassakeh,Quamishli,3,762,762,2198,2884.514436,0.384508781,3.376182941,848.2888099,19.82121288,189.6343908,1.4227755,32.71215887,381.6987929,1,387.3408823,405.5542027,14491.24605,1,4.224880292,34.72872497,20.12673062,6.466847796,9.483061118,0.615603047,0.133414939,4278.701828,7.499177245,83.3607585,80.62767004,96.16583152,434.5074024,188.6721752,424.1715544,0.236333983,15.93920513,84.99011073,2.151515152
2015,Hassakeh,Ras_Al_Ain,1,20936,20936,72125,3445.022927,0.383012451,4.287075453,680.7050883,16.51964248,181.239228,1.436138441,29.13638552,428.1986409,1,428.0325777,417.1194488,14204.43233,1,10.62784115,33.66543581,19.72837823,6.07224059,10.11563928,0.492733257,0.100522456,4119.580025,7.607914063,79.7361979,77.20402812,94.98708196,357.5936141,158.4989891,413.1203426,0.413294717,15.5378662,87.26641011,3.258706468
2015,Hassakeh,Ras_Al_Ain,2,23173,23173,68940,2975.014025,0.383012451,4.287075453,680.7050883,16.51964248,181.239228,1.436138441,29.13638552,428.1986409,1,428.0325777,417.1194488,14204.43233,1,10.62784115,33.66543581,19.72837823,6.07224059,10.11563928,0.492733257,0.100522456,4119.580025,7.607914063,79.7361979,77.20402812,94.98708196,357.5936141,158.4989891,413.1203426,0.413294717,15.5378662,87.26641011,3.258706468
2015,Hassakeh,Ras_Al_Ain,3,345,345,984,2852.173913,0.383012451,4.287075453,680.7050883,16.51964248,181.239228,1.436138441,29.13638552,428.1986409,1,428.0325777,417.1194488,14204.43233,1,10.62784115,33.66543581,19.72837823,6.07224059,10.11563928,0.492733257,0.100522456,4119.580025,7.607914063,79.7361979,77.20402812,94.98708196,357.5936141,158.4989891,413.1203426,0.413294717,15.5378662,87.26641011,3.258706468
2015,Hassakeh,Ras_Al_Ain,4,108,108,286,2648.148148,0.383012451,4.287075453,680.7050883,16.51964248,181.239228,1.436138441,29.13638552,428.1986409,1,428.0325777,417.1194488,14204.43233,1,10.62784115,33.66543581,19.72837823,6.07224059,10.11563928,0.492733257,0.100522456,4119.580025,7.607914063,79.7361979,77.20402812,94.98708196,357.5936141,158.4989891,413.1203426,0.413294717,15.5378662,87.26641011,3.258706468
2015,Homs,Al_Maghrim,2,39,39,137,3512.820513,0.306769432,2.913060825,272.4530994,7.562946641,218.2032013,1.457191708,18.26401052,311.7343597,1,797.1330828,377.6798755,12060.81058,1,104.0896137,27.29937173,16.7511258,5.294394492,10.48744216,0.334974846,0.060700637,3601.47285,7.836838992,72.10536695,71.24603701,78.40296164,145.1066736,282.185961,406.7754786,1.39213165,8.706368852,95.72071886,23.70967742
2015,Homs,Al_Maghrim,3,6,6,21,3500,0.306769432,2.913060825,272.4530994,7.562946641,218.2032013,1.457191708,18.26401052,311.7343597,1,797.1330828,377.6798755,12060.81058,1,104.0896137,27.29937173,16.7511258,5.294394492,10.48744216,0.334974846,0.060700637,3601.47285,7.836838992,72.10536695,71.24603701,78.40296164,145.1066736,282.185961,406.7754786,1.39213165,8.706368852,95.72071886,23.70967742
2015,Homs,Al_Quasir,1,300,300,900,3000,0.079506691,1.850323115,577.4979667,15.24974504,228.7835016,1.423727806,26.81275048,398.4009405,1,596.8480096,432.6732523,12297.22761,1,19.08778159,27.07640061,17.07948279,5.909783387,11.44828014,0.519965814,0.102176402,3785.935227,7.575372583,80.8209139,78.44033799,96.07154061,347.9447264,214.1664714,361.619498,0.932790651,19.01649265,97.59704453,81.53370847
2015,Homs,Al_Quasir,2,1000,1000,2000,2000,0.079506691,1.850323115,577.4979667,15.24974504,228.7835016,1.423727806,26.81275048,398.4009405,1,596.8480096,432.6732523,12297.22761,1,19.08778159,27.07640061,17.07948279,5.909783387,11.44828014,0.519965814,0.102176402,3785.935227,7.575372583,80.8209139,78.44033799,96.07154061,347.9447264,214.1664714,361.619498,0.932790651,19.01649265,97.59704453,81.53370847
2015,Homs,Al_Quasir,3,980,980,1960,2000,0.079506691,1.850323115,577.4979667,15.24974504,228.7835016,1.423727806,26.81275048,398.4009405,1,596.8480096,432.6732523,12297.22761,1,19.08778159,27.07640061,17.07948279,5.909783387,11.44828014,0.519965814,0.102176402,3785.935227,7.575372583,80.8209139,78.44033799,96.07154061,347.9447264,214.1664714,361.619498,0.932790651,19.01649265,97.59704453,81.53370847
2015,Homs,Al_Quasir,4,20,20,40,2000,0.079506691,1.850323115,577.4979667,15.24974504,228.7835016,1.423727806,26.81275048,398.4009405,1,596.8480096,432.6732523,12297.22761,1,19.08778159,27.07640061,17.07948279,5.909783387,11.44828014,0.519965814,0.102176402,3785.935227,7.575372583,80.8209139,78.44033799,96.07154061,347.9447264,214.1664714,361.619498,0.932790651,19.01649265,97.59704453,81.53370847
2015,Homs,Ar_Rastan,1,3198,3198,6000,1876.172608,0.023749721,0.879988685,479.1160377,12.98406544,217.7540281,1.490165194,31.51599766,455.9867872,1,435.4754306,422.6791531,13092.76112,1,32.93536539,28.16759991,18.18439044,7.267491994,11.44217453,0.601290855,0.140720392,3689.030985,7.628313312,79.05622294,73.75964779,92.27019677,293.805163,194.2140276,350.5086574,1.105333487,20.10500042,96.08919749,64.92877493
2015,Homs,Homs,1,1277,1277,2916,2283.476899,0.661463232,5.466555194,317.9213436,8.431967513,170.4993423,1.454793713,18.39390553,334.3746299,1,749.4069726,407.2064822,11936.91866,1,42.53240625,26.99999382,16.57903972,5.054408938,10.8291594,0.275944622,0.045770555,3769.428944,7.822295424,72.59015253,75.12028581,80.6203038,175.9487797,262.3261291,400.8940442,1.265880206,10.65134129,94.73736983,61.8628226
2015,Homs,Homs,2,50,50,174,3480,0.661463232,5.466555194,317.9213436,8.431967513,170.4993423,1.454793713,18.39390553,334.3746299,1,749.4069726,407.2064822,11936.91866,1,42.53240625,26.99999382,16.57903972,5.054408938,10.8291594,0.275944622,0.045770555,3769.428944,7.822295424,72.59015253,75.12028581,80.6203038,175.9487797,262.3261291,400.8940442,1.265880206,10.65134129,94.73736983,61.8628226
2015,Homs,Homs,4,39,39,57,1461.538462,0.661463232,5.466555194,317.9213436,8.431967513,170.4993423,1.454793713,18.39390553,334.3746299,1,749.4069726,407.2064822,11936.91866,1,42.53240625,26.99999382,16.57903972,5.054408938,10.8291594,0.275944622,0.045770555,3769.428944,7.822295424,72.59015253,75.12028581,80.6203038,175.9487797,262.3261291,400.8940442,1.265880206,10.65134129,94.73736983,61.8628226
2015,Homs,Tadmor,5,1054,1054,4216,4000,3.841744306,8.05403205,226.9586928,5.667685126,159.7105472,1.451686932,14.80853441,400.785848,1,615.4601233,283.9285638,13481.28623,1,66.07295238,30.24046945,18.72400865,6.27377903,7.118696124,0.181722007,0.018120647,4003.433693,7.963283185,67.8905605,85.17823555,72.30822602,101.7079039,192.9330692,406.9913066,0.714945106,6.814479757,93.00566488,12.93083756
2015,Homs,Tall_Kalakh,1,934,934,3269,3500,0.061265386,1.382119937,1034.853579,28.29953976,213.4968276,1.371293035,28.50363662,371.8628808,1,462.9664108,738.9113066,12721.81209,1,86.9397267,27.13059375,17.66918346,7.701091478,20.22355959,0.701310697,0.124566132,3655.785897,7.036198454,98.79338486,80.11309609,101.4525143,636.0133493,256.0800903,370.1287946,2.899572474,38.32373734,99.03323737,63.89144317
2015,Idleb,Al_Jisr_Ash_Shu,1,1027.802812,1027.802812,2946,2866.308563,0.061795348,1.387996783,1041.193856,31.03028996,177.540447,1.380476929,27.89801472,304.6574213,1,349.3955892,610.0909531,12629.09786,1,101.3142959,27.49231129,17.54041369,6.786441719,18.17381101,0.588951705,0.097852149,3354.411299,6.711311118,90.37703725,83.00391302,107.9536681,664.0898881,309.262822,377.4719518,3.793157673,40.90641577,99.76906462,19.55376344
2015,Idleb,Al_Mara,1,21.53719512,21.53719512,61,2832.309391,0.219400577,2.789560748,597.3214857,17.16332435,161.5969773,1.44106543,30.50289991,387.8445436,1,426.7153644,423.601112,13209.53028,1,29.05957912,28.8294441,18.34656984,6.556670496,12.17694566,0.560287101,0.122957746,3479.220227,7.422356298,85.92145674,77.46127739,92.51157093,369.3054902,211.8633148,395.4624714,1.089096217,21.8826255,95.16245808,2.740740741
2015,Idleb,Al_Mara,2,210.5859079,210.5859079,604,2868.188124,0.219400577,2.789560748,597.3214857,17.16332435,161.5969773,1.44106543,30.50289991,387.8445436,1,426.7153644,423.601112,13209.53028,1,29.05957912,28.8294441,18.34656984,6.556670496,12.17694566,0.560287101,0.122957746,3479.220227,7.422356298,85.92145674,77.46127739,92.51157093,369.3054902,211.8633148,395.4624714,1.089096217,21.8826255,95.16245808,2.740740741
2015,Idleb,Al_Mara,3,471.425271,471.425271,1352,2867.898866,0.219400577,2.789560748,597.3214857,17.16332435,161.5969773,1.44106543,30.50289991,387.8445436,1,426.7153644,423.601112,13209.53028,1,29.05957912,28.8294441,18.34656984,6.556670496,12.17694566,0.560287101,0.122957746,3479.220227,7.422356298,85.92145674,77.46127739,92.51157093,369.3054902,211.8633148,395.4624714,1.089096217,21.8826255,95.16245808,2.740740741
2015,Idleb,Ariha,1,905.758706,905.758706,2597,2867.209537,0.06189382,1.20144567,815.2287959,23.54362703,178.7756591,1.396585143,27.93576679,350.6523137,1,582.149967,477.2789099,12331.41905,1,87.67581128,27.43451438,17.1269709,5.850649265,13.7882885,0.504557069,0.092328849,3461.630438,7.15618642,94.79378601,83.95862672,101.8325248,516.9966108,264.1637633,380.2716742,2.592602428,31.56046909,97.86840514,35.35190616
2015,Idleb,Harim,1,410.4032182,410.4032182,1177,2867.911234,0.076955511,1.744823344,912.0322597,26.58889658,208.4698796,1.397594182,27.2782689,356.5012631,1,400.6489695,491.9455249,12818.04656,1,91.8753057,28.27048826,17.80284244,6.474024762,14.35504927,0.50957186,0.088273734,3429.124514,7.125463716,95.81787612,71.76203277,111.2565285,551.4227904,243.3845318,396.2349649,3.52892128,34.93256475,98.26947177,7.104166667
2015,Idleb,Idleb,1,11236.4333,11236.4333,32215,2867.012969,0.125820372,2.188331063,732.0502929,20.67624878,133.1604544,1.441830046,29.96636028,396.7139838,1,349.4829207,483.3689577,13237.70226,1,18.66965742,28.83082802,18.38569759,6.694362874,13.63826665,0.603045732,0.123707506,3539.537265,7.363514149,87.8828617,76.12239193,99.25279372,453.635612,201.4720497,378.6673336,0.928862474,24.86059375,94.93887092,24.08243728
2015,Idleb,Idleb,2,491.7659553,491.7659553,1401,2848.916207,0.125820372,2.188331063,732.0502929,20.67624878,133.1604544,1.441830046,29.96636028,396.7139838,1,349.4829207,483.3689577,13237.70226,1,18.66965742,28.83082802,18.38569759,6.694362874,13.63826665,0.603045732,0.123707506,3539.537265,7.363514149,87.8828617,76.12239193,99.25279372,453.635612,201.4720497,378.6673336,0.928862474,24.86059375,94.93887092,24.08243728
2015,Idleb,Khan_Shakhon,1,2947.006199,2947.006199,8449,2866.977342,0.125820372,2.188331063,732.0502929,20.67624878,133.1604544,1.441830046,29.96636028,396.7139838,1,349.4829207,483.3689577,13237.70226,1,18.66965742,28.83082802,18.38569759,6.694362874,13.63826665,0.603045732,0.123707506,3539.537265,7.363514149,87.8828617,76.12239193,99.25279372,453.635612,201.4720497,378.6673336,0.928862474,24.86059375,94.93887092,24.08243728
2015,Idleb,Khan_Shakhon,2,1622.468699,1622.468699,4652,2867.235591,0.125820372,2.188331063,732.0502929,20.67624878,133.1604544,1.441830046,29.96636028,396.7139838,1,349.4829207,483.3689577,13237.70226,1,18.66965742,28.83082802,18.38569759,6.694362874,13.63826665,0.603045732,0.123707506,3539.537265,7.363514149,87.8828617,76.12239193,99.25279372,453.635612,201.4720497,378.6673336,0.928862474,24.86059375,94.93887092,24.08243728
2015,Raqqa,Al_Thawrah,3,279,279,1339,4799.283154,0.166312937,1.915996577,342.0117708,9.010882999,159.7684893,1.190950364,17.04136252,252.4603217,1,365.9192606,351.223363,13977.91388,1,14.81675015,30.74163133,19.41376927,6.765319162,9.25877808,0.439417687,0.099913976,3794.541135,7.560426275,81.31912416,74.70468577,90.33739082,184.189311,193.9123706,366.1195327,0.562168467,8.629667024,89.06417557,97.73904029
2015,Raqqa,Al_Thawrah,4,192,192,790,4114.583333,0.166312937,1.915996577,342.0117708,9.010882999,159.7684893,1.190950364,17.04136252,252.4603217,1,365.9192606,351.223363,13977.91388,1,14.81675015,30.74163133,19.41376927,6.765319162,9.25877808,0.439417687,0.099913976,3794.541135,7.560426275,81.31912416,74.70468577,90.33739082,184.189311,193.9123706,366.1195327,0.562168467,8.629667024,89.06417557,97.73904029
2015,Raqqa,Al_Thawrah,5,4613,4613,20759,4500.108389,0.166312937,1.915996577,342.0117708,9.010882999,159.7684893,1.190950364,17.04136252,252.4603217,1,365.9192606,351.223363,13977.91388,1,14.81675015,30.74163133,19.41376927,6.765319162,9.25877808,0.439417687,0.099913976,3794.541135,7.560426275,81.31912416,74.70468577,90.33739082,184.189311,193.9123706,366.1195327,0.562168467,8.629667024,89.06417557,97.73904029
2015,Raqqa,Raqqa,3,438,438,2103,4801.369863,1.050201469,5.964680642,308.648654,7.817872745,176.8215937,1.445777656,18.21052889,260.1565394,1,346.2123061,416.6416568,14249.54688,1,26.05879584,31.57152218,19.79103733,6.905265918,10.56652121,0.247600372,0.039298595,3946.987695,7.943602406,68.54658646,75.93089841,83.57882535,156.1485558,252.812006,466.2953785,0.418199141,7.517291598,86.90835809,89.8962532
2015,Raqqa,Raqqa,4,10856,10856,47766,4399.963154,1.050201469,5.964680642,308.648654,7.817872745,176.8215937,1.445777656,18.21052889,260.1565394,1,346.2123061,416.6416568,14249.54688,1,26.05879584,31.57152218,19.79103733,6.905265918,10.56652121,0.247600372,0.039298595,3946.987695,7.943602406,68.54658646,75.93089841,83.57882535,156.1485558,252.812006,466.2953785,0.418199141,7.517291598,86.90835809,89.8962532
2015,Raqqa,Raqqa,5,12639,12639,50556,4000,1.050201469,5.964680642,308.648654,7.817872745,176.8215937,1.445777656,18.21052889,260.1565394,1,346.2123061,416.6416568,14249.54688,1,26.05879584,31.57152218,19.79103733,6.905265918,10.56652121,0.247600372,0.039298595,3946.987695,7.943602406,68.54658646,75.93089841,83.57882535,156.1485558,252.812006,466.2953785,0.418199141,7.517291598,86.90835809,89.8962532
2015,Raqqa,Tell_Abiad,2,9260,9260,46300,5000,0.478825179,3.735158564,513.4401263,13.1399515,188.9206138,1.450549568,27.03711738,400.1496788,1,371.821103,369.7825741,14250.64673,1,11.17783109,32.84425613,19.79256491,6.362555823,9.466678321,0.402558272,0.081420672,3906.473526,7.789701512,73.67661628,77.43080705,95.54479694,278.7004093,163.0030389,436.503596,0.353533461,11.88417515,86.8996291,33.28514589
2015,Raqqa,Tell_Abiad,3,2023,2023,9710,4799.802274,0.478825179,3.735158564,513.4401263,13.1399515,188.9206138,1.450549568,27.03711738,400.1496788,1,371.821103,369.7825741,14250.64673,1,11.17783109,32.84425613,19.79256491,6.362555823,9.466678321,0.402558272,0.081420672,3906.473526,7.789701512,73.67661628,77.43080705,95.54479694,278.7004093,163.0030389,436.503596,0.353533461,11.88417515,86.8996291,33.28514589
2015,Tartous,Banyas,1,32,32,87,2718.75,0.064347484,1.259569202,1344.548197,36.66860459,227.2029485,1.248880866,25.12215029,311.6023136,1,597.2024401,845.206846,11931.23336,1,239.5189203,25.96304608,16.57115745,7.338665993,23.05579463,0.582869857,0.059263238,3665.755833,6.402940695,80.09802315,78.51682371,103.849797,853.5714691,311.2379664,363.3411414,4.321198421,51.28226288,94.69232828,78.70526316
2015,Tartous,Safita,1,84,84,120,1428.571429,0.047070335,1.157636077,1422.87758,39.47510545,212.2246192,1.350786518,24.81991989,329.6296751,1,294.0703481,811.5580805,13214.18298,1,85.74052064,27.38028741,18.35303192,9.181808333,22.52785696,0.636497693,0.074774971,3603.493425,6.807968775,93.59895915,79.26287447,106.7234319,891.5204281,291.9812893,377.4132804,2.351750182,44.6094789,95.12553188,76.62715679
2015,Tartous,Tartous,1,229,229,487,2126.637555,0.049162657,1.417978043,1207.113848,32.85197005,226.602822,1.337365278,24.38800112,328.0083572,1,151.3380759,929.3642466,13617.38842,1,85.26540945,27.45005814,18.91303947,10.41368077,25.34281476,0.605640778,0.073708448,3673.403229,6.801489796,93.38299321,79.10357823,103.2145226,750.2382134,293.3316743,364.969705,1.987711269,46.76351549,91.92548875,64.49344978
2016,Al_Qunaytirah,Al_Qunaytirah,1,135,135,149,1103.703704,0.120668536,1.817203669,1027.852005,25.43096873,196.6396652,1.392797379,36.80800834,452.0421233,1,812.7813464,499.9796499,11961.15531,1,99.78962314,25.91455202,16.61271571,6.086389015,12.41775435,0.640154757,0.138802946,4040.73359,7.519971534,82.66761553,115.3829559,90.17195139,463.4068345,184.0334609,363.9594199,3.215624823,25.20123137,94.92980406,62.36754297
2016,As_Suweida,As_Suwayda,1,4,4,12,3000,0.245068348,2.898837435,392.9280726,8.850041587,164.7488635,1.44067499,22.83274428,379.7186382,1,936.6083153,305.8638536,12711.95189,1,132.549277,28.02710001,17.65548874,6.017243544,6.930899418,0.291854474,0.04700181,4438.844364,7.882238542,70.59204861,94.00423472,80.08179201,190.8922505,218.1895834,401.1968401,1.365785859,8.704768714,99.11149292,36.89205703
2016,As_Suweida,As_Suwayda,2,122,122,363,2975.409836,0.245068348,2.898837435,392.9280726,8.850041587,164.7488635,1.44067499,22.83274428,379.7186382,1,936.6083153,305.8638536,12711.95189,1,132.549277,28.02710001,17.65548874,6.017243544,6.930899418,0.291854474,0.04700181,4438.844364,7.882238542,70.59204861,94.00423472,80.08179201,190.8922505,218.1895834,401.1968401,1.365785859,8.704768714,99.11149292,36.89205703
2016,As_Suweida,Salkhad,2,2,2,5,2500,0.19678529,2.476461818,392.7676896,8.863954385,175.7154581,1.445399312,22.89129271,345.5826409,1,1096.653045,310.7486472,12401.32832,1,151.5089895,27.7873269,17.22406711,5.483788389,7.056514567,0.27274779,0.043301848,4430.066233,7.899676731,70.01077564,97.29446567,77.7394264,192.1077233,268.1481021,387.011929,1.285466681,8.340411369,98.42324064,38.32058288
2016,Dara,As_Sanamayn,2,200,200,552,2760,0.126365387,2.232014688,485.5886828,11.38689653,180.1350323,1.464749006,30.99856142,436.994746,1,676.2522372,323.1165373,12828.46848,1,14.37105451,27.59510263,17.81731734,6.268921124,7.57057542,0.394666343,0.073503103,4263.451525,7.860602751,71.31324164,101.9155685,80.52193623,224.4197058,132.4975201,430.6093861,0.669011199,10.00010737,98.18675808,28.32124352
2016,Dara,As_Sanamayn,3,183,183,339,1852.459016,0.126365387,2.232014688,485.5886828,11.38689653,180.1350323,1.464749006,30.99856142,436.994746,1,676.2522372,323.1165373,12828.46848,1,14.37105451,27.59510263,17.81731734,6.268921124,7.57057542,0.394666343,0.073503103,4263.451525,7.860602751,71.31324164,101.9155685,80.52193623,224.4197058,132.4975201,430.6093861,0.669011199,10.00010737,98.18675808,28.32124352
2016,Dara,Dara,1,670,670,1843,2750.746269,0.151895403,2.467237111,521.8201455,12.74702859,247.890732,1.46774472,34.72026577,423.6944089,1,594.8481838,388.3877945,12943.43755,1,31.20078753,27.10922658,17.97699659,7.203942857,9.48939874,0.514658339,0.099636131,4092.661057,7.877365296,70.75449014,111.7620334,77.3530043,232.7358419,127.803691,442.0431636,0.879878166,12.29504118,97.27430518,40.20714807
2016,Dara,Dara,2,4639,4639,10461,2255.011856,0.151895403,2.467237111,521.8201455,12.74702859,247.890732,1.46774472,34.72026577,423.6944089,1,594.8481838,388.3877945,12943.43755,1,31.20078753,27.10922658,17.97699659,7.203942857,9.48939874,0.514658339,0.099636131,4092.661057,7.877365296,70.75449014,111.7620334,77.3530043,232.7358419,127.803691,442.0431636,0.879878166,12.29504118,97.27430518,40.20714807
2016,Dara,Dara,3,207,207,446,2154.589372,0.151895403,2.467237111,521.8201455,12.74702859,247.890732,1.46774472,34.72026577,423.6944089,1,594.8481838,388.3877945,12943.43755,1,31.20078753,27.10922658,17.97699659,7.203942857,9.48939874,0.514658339,0.099636131,4092.661057,7.877365296,70.75449014,111.7620334,77.3530043,232.7358419,127.803691,442.0431636,0.879878166,12.29504118,97.27430518,40.20714807
2016,Dara,Izra,1,986,986,2250,2281.947262,0.087018771,1.658654183,529.3105606,12.41287909,217.4263142,1.470306952,41.10287596,441.4595726,1,594.9833148,371.570979,12871.32054,1,10.9531787,27.21773341,17.87683409,6.91096746,8.718660963,0.550262132,0.114085865,4263.204595,7.923266829,69.22443902,109.1856073,77.94589237,240.4486149,92.06481307,460.4442333,0.522892419,12.7609944,97.84666237,44.50057937
2016,Dara,Izra,2,40,40,102,2550,0.087018771,1.658654183,529.3105606,12.41287909,217.4263142,1.470306952,41.10287596,441.4595726,1,594.9833148,371.570979,12871.32054,1,10.9531787,27.21773341,17.87683409,6.91096746,8.718660963,0.550262132,0.114085865,4263.204595,7.923266829,69.22443902,109.1856073,77.94589237,240.4486149,92.06481307,460.4442333,0.522892419,12.7609944,97.84666237,44.50057937
2016,Dayr_Az_Zor,Abu_Kamal,5,19615.40537,19615.40537,44133.66929,2249.949387,0.326690195,2.534252196,308.3518648,6.648033212,145.9024177,1.474952341,15.51213228,316.9541986,1,199.0450865,286.4409842,15969.30762,1,17.05196237,35.78191281,22.17959391,7.985962012,6.184395157,0.155884797,0.015056474,4637.241942,7.914785937,69.50713545,90.24082366,73.14701178,162.8479678,210.3167699,473.4703945,0.275403663,8.147721895,73.25946337,64.43444099
2016,Dayr_Az_Zor,Al_Mayadin,5,15277.99822,15277.99822,34376.48879,2250.064982,0.846879854,4.706853339,273.3093829,6.00108046,106.9848781,1.464284982,15.16950876,321.6518012,1,284.7469964,322.2993819,15473.90502,1,13.44925992,34.74999341,21.49153475,7.704403989,7.091323864,0.155959428,0.012289969,4553.336252,7.935538403,68.81538657,85.90691479,73.43073693,145.0089548,226.8776377,452.2255759,0.231444592,7.050522461,77.19123,65.76879408
2016,Dayr_Az_Zor,Dayr_Az_Zor,4,2620.976446,2620.976446,5897.197003,2250,1.527438458,6.266817637,309.266649,6.953276853,160.6562038,1.475571533,17.45613594,279.0580926,1,311.6110564,305.589111,15120.60097,1,24.94088817,34.24774776,21.00083468,6.750049454,6.88508469,0.176906999,0.022957321,4446.782758,7.945084905,68.49716985,87.08267692,76.31110414,161.4792323,267.81461,453.5383851,0.441646162,7.406680906,79.99523041,59.82997528
2016,Dayr_Az_Zor,Dayr_Az_Zor,5,31985.61996,31985.61996,71967.64491,2250,1.527438458,6.266817637,309.266649,6.953276853,160.6562038,1.475571533,17.45613594,279.0580926,1,311.6110564,305.589111,15120.60097,1,24.94088817,34.24774776,21.00083468,6.750049454,6.88508469,0.176906999,0.022957321,4446.782758,7.945084905,68.49716985,87.08267692,76.31110414,161.4792323,267.81461,453.5383851,0.441646162,7.406680906,79.99523041,59.82997528
2016,Hama,Al_Ghab,1,37098,37098,88166,2376.570166,0.049595436,1.643165164,1139.285298,32.78064409,139.7759455,1.347860465,28.59829587,349.5799349,1,352.189296,864.530309,12541.64871,1,139.7020723,27.32628762,17.41895654,6.614762474,24.8441061,0.708316508,0.127308671,3474.481736,6.782044179,92.73480597,93.17375927,109.0737474,457.9115259,280.5196852,361.9957542,4.508295663,42.21571718,99.53689449,35.28868661
2016,Hama,As_Salamiyeh,2,488,488,1234,2528.688525,0.504159747,4.926087865,307.1667861,8.470451297,191.2833095,1.455325727,20.3416433,317.9445519,1,514.8899545,369.4628366,13456.57571,1,39.708665,29.55926962,18.68968849,6.47145551,10.18856073,0.352021567,0.068267657,3625.333183,7.805379097,73.15403011,77.18394256,77.70733053,147.1642277,260.9011364,420.1232357,0.788382027,9.040582617,93.20178005,29.78971963
2016,Hama,As_Salamiyeh,3,135,135,420,3111.111111,0.504159747,4.926087865,307.1667861,8.470451297,191.2833095,1.455325727,20.3416433,317.9445519,1,514.8899545,369.4628366,13456.57571,1,39.708665,29.55926962,18.68968849,6.47145551,10.18856073,0.352021567,0.068267657,3625.333183,7.805379097,73.15403011,77.18394256,77.70733053,147.1642277,260.9011364,420.1232357,0.788382027,9.040582617,93.20178005,29.78971963
2016,Hama,As_Salamiyeh,4,3,3,11,3666.666667,0.504159747,4.926087865,307.1667861,8.470451297,191.2833095,1.455325727,20.3416433,317.9445519,1,514.8899545,369.4628366,13456.57571,1,39.708665,29.55926962,18.68968849,6.47145551,10.18856073,0.352021567,0.068267657,3625.333183,7.805379097,73.15403011,77.18394256,77.70733053,147.1642277,260.9011364,420.1232357,0.788382027,9.040582617,93.20178005,29.78971963
2016,Hama,Hama,1,5475,5475,13371,2442.191781,0.227677668,4.733216797,503.0170203,13.82836661,192.7904067,1.455316559,28.89107986,399.9433813,1,367.8882638,424.5910592,13634.85571,1,25.04294796,29.25385924,18.9372996,7.11782779,11.65822292,0.567707479,0.124138553,3636.573652,7.530149647,82.32834509,86.02261634,85.42365478,227.9904994,199.991121,385.7041579,0.890006436,18.48653952,91.78685944,22.43352601
2016,Hama,Hama,2,3268,3268,7415,2268.971848,0.227677668,4.733216797,503.0170203,13.82836661,192.7904067,1.455316559,28.89107986,399.9433813,1,367.8882638,424.5910592,13634.85571,1,25.04294796,29.25385924,18.9372996,7.11782779,11.65822292,0.567707479,0.124138553,3636.573652,7.530149647,82.32834509,86.02261634,85.42365478,227.9904994,199.991121,385.7041579,0.890006436,18.48653952,91.78685944,22.43352601
2016,Hama,Hama,3,12,12,29,2416.666667,0.227677668,4.733216797,503.0170203,13.82836661,192.7904067,1.455316559,28.89107986,399.9433813,1,367.8882638,424.5910592,13634.85571,1,25.04294796,29.25385924,18.9372996,7.11782779,11.65822292,0.567707479,0.124138553,3636.573652,7.530149647,82.32834509,86.02261634,85.42365478,227.9904994,199.991121,385.7041579,0.890006436,18.48653952,91.78685944,22.43352601
2016,Hama,Hama,4,106,106,265,2500,0.227677668,4.733216797,503.0170203,13.82836661,192.7904067,1.455316559,28.89107986,399.9433813,1,367.8882638,424.5910592,13634.85571,1,25.04294796,29.25385924,18.9372996,7.11782779,11.65822292,0.567707479,0.124138553,3636.573652,7.530149647,82.32834509,86.02261634,85.42365478,227.9904994,199.991121,385.7041579,0.890006436,18.48653952,91.78685944,22.43352601
2016,Hama,Masyaf,1,241,241,422,1751.037344,0.076403686,1.92474214,1097.194633,30.12183358,150.0452924,1.353623889,29.44578727,387.4121925,1,532.6863029,755.7378805,12376.99814,1,139.1245061,26.86040846,17.1902752,6.646550813,20.70862591,0.645667859,0.097974836,3641.522724,6.889563149,96.31877164,93.45127458,99.84097227,474.5510324,261.5816804,350.4100182,3.339515959,38.59856987,98.23014401,5.952755906
2016,Hama,Muhradah,1,2481,2481,6804,2742.442563,0.05125136,1.195215355,711.1587158,19.7451914,210.5076775,1.449025265,33.05226761,439.5914949,1,254.483542,604.7525558,13622.81486,1,22.9822089,28.94665674,18.92057619,7.519067722,16.81216459,0.69287347,0.159606451,3600.680538,7.358416593,88.05278024,92.04197577,97.0818051,299.8525455,196.6763121,347.9956241,0.787416154,25.49695415,91.88242178,10.50963597
2016,Idleb,Al_Jisr_Ash_Shu,1,1338,1338,10237.13181,7651.070109,0.061795348,1.387996783,1120.682013,32.85982634,177.540447,1.380476929,27.89801472,304.6574213,1,349.3955892,624.0980261,12688.16221,1,101.3142959,27.50289479,17.62244752,6.596529361,18.30224695,0.590596976,0.097655715,3409.492806,6.711311118,90.37703725,92.07082098,108.653479,427.4967901,309.262822,377.4719518,3.793157673,40.90641577,99.3002999,19.55376344
2016,Idleb,Al_Mara,2,54,54,2503.719131,46365.1691,0.219400577,2.789560748,625.0223043,17.45758107,161.5969773,1.44106543,30.50289991,387.8445436,1,426.7153644,411.5252849,13331.99805,1,29.05957912,29.10956956,18.51666395,6.399190636,11.5094564,0.560691388,0.119472659,3579.234293,7.422356298,85.92145674,88.30220642,93.09954836,257.942726,211.8633148,395.4624714,1.089096217,21.8826255,94.1904917,2.740740741
2016,Idleb,Al_Mara,3,94,94,2873.252008,30566.51073,0.219400577,2.789560748,625.0223043,17.45758107,161.5969773,1.44106543,30.50289991,387.8445436,1,426.7153644,411.5252849,13331.99805,1,29.05957912,29.10956956,18.51666395,6.399190636,11.5094564,0.560691388,0.119472659,3579.234293,7.422356298,85.92145674,88.30220642,93.09954836,257.942726,211.8633148,395.4624714,1.089096217,21.8826255,94.1904917,2.740740741
2016,Idleb,Harim,1,334,334,2570.663493,7696.597284,0.076955511,1.744823344,960.8137647,27.49494857,208.4698796,1.397594182,27.2782689,356.5012631,1,400.6489695,501.7776376,12871.59253,1,91.8753057,28.45561433,17.87721185,5.935264242,14.38160066,0.51063271,0.086813542,3493.510136,7.125463716,95.81787612,80.37109345,111.6699503,358.608651,243.3845318,396.2349649,3.52892128,34.93256475,97.8445037,7.104166667
2016,Idleb,Idleb,1,8327,8327,13637.90539,1637.793369,0.125820372,2.188331063,767.9977211,21.14720595,133.1604544,1.441830046,29.96636028,396.7139838,1,349.4829207,479.5724734,13335.67008,1,18.66965742,28.95661273,18.521764,6.406987806,13.20144175,0.603534748,0.124926343,3630.674666,7.363514149,87.8828617,84.54738735,102.9230285,297.3890157,201.4720497,378.6673336,0.928862474,24.86059375,94.16134856,24.08243728
2016,Idleb,Idleb,2,937,937,80.33323416,85.73450817,0.125820372,2.188331063,767.9977211,21.14720595,133.1604544,1.441830046,29.96636028,396.7139838,1,349.4829207,479.5724734,13335.67008,1,18.66965742,28.95661273,18.521764,6.406987806,13.20144175,0.603534748,0.124926343,3630.674666,7.363514149,87.8828617,84.54738735,102.9230285,297.3890157,201.4720497,378.6673336,0.928862474,24.86059375,94.16134856,24.08243728
2016,Idleb,Khan_Shakhon,1,2274,2274,2409.997025,1059.8052,0.125820372,2.188331063,767.9977211,21.14720595,133.1604544,1.441830046,29.96636028,396.7139838,1,349.4829207,479.5724734,13335.67008,1,18.66965742,28.95661273,18.521764,6.406987806,13.20144175,0.603534748,0.124926343,3630.674666,7.363514149,87.8828617,84.54738735,102.9230285,297.3890157,201.4720497,378.6673336,0.928862474,24.86059375,94.16134856,24.08243728
2016,Idleb,Khan_Shakhon,2,401,401,133.8887236,333.8870913,0.125820372,2.188331063,767.9977211,21.14720595,133.1604544,1.441830046,29.96636028,396.7139838,1,349.4829207,479.5724734,13335.67008,1,18.66965742,28.95661273,18.521764,6.406987806,13.20144175,0.603534748,0.124926343,3630.674666,7.363514149,87.8828617,84.54738735,102.9230285,297.3890157,201.4720497,378.6673336,0.928862474,24.86059375,94.16134856,24.08243728
2016,Raqqa,Al_Thawrah,3,761.5384615,761.5384615,2399.213096,3150.481843,0.166312937,1.915996577,317.7301826,7.985752286,159.7684893,1.190950364,17.04136252,252.4603217,1,365.9192606,309.9298191,14148.7208,1,14.81675015,31.40618476,19.65100111,6.390189612,7.795207857,0.432896979,0.095209964,3977.713228,7.560426275,81.31912416,74.81994495,87.94664053,146.0952055,193.9123706,366.1195327,0.562168467,8.629667024,87.70856506,97.73904029
2016,Raqqa,Al_Thawrah,4,524.0694789,524.0694789,1415.517809,2701.011728,0.166312937,1.915996577,317.7301826,7.985752286,159.7684893,1.190950364,17.04136252,252.4603217,1,365.9192606,309.9298191,14148.7208,1,14.81675015,31.40618476,19.65100111,6.390189612,7.795207857,0.432896979,0.095209964,3977.713228,7.560426275,81.31912416,74.81994495,87.94664053,146.0952055,193.9123706,366.1195327,0.562168467,8.629667024,87.70856506,97.73904029
2016,Raqqa,Al_Thawrah,5,12591.31514,12591.31514,37195.86606,2954.089042,0.166312937,1.915996577,317.7301826,7.985752286,159.7684893,1.190950364,17.04136252,252.4603217,1,365.9192606,309.9298191,14148.7208,1,14.81675015,31.40618476,19.65100111,6.390189612,7.795207857,0.432896979,0.095209964,3977.713228,7.560426275,81.31912416,74.81994495,87.94664053,146.0952055,193.9123706,366.1195327,0.562168467,8.629667024,87.70856506,97.73904029
2016,Raqqa,Raqqa,3,1195.533499,1195.533499,3768.144243,3151.85166,1.050201469,5.964680642,298.3937801,7.272352677,176.8215937,1.445777656,18.21052889,260.1565394,1,346.2123061,357.0882565,14449.26211,1,26.05879584,32.27622433,20.0684196,6.712204558,8.714344682,0.237673474,0.036007104,4102.125816,7.943602406,68.54658646,75.02256614,82.30779781,147.2560573,252.812006,466.2953785,0.418199141,7.517291598,85.32331658,89.8962532
2016,Raqqa,Raqqa,4,29631.76179,29631.76179,85586.86538,2888.34886,1.050201469,5.964680642,298.3937801,7.272352677,176.8215937,1.445777656,18.21052889,260.1565394,1,346.2123061,357.0882565,14449.26211,1,26.05879584,32.27622433,20.0684196,6.712204558,8.714344682,0.237673474,0.036007104,4102.125816,7.943602406,68.54658646,75.02256614,82.30779781,147.2560573,252.812006,466.2953785,0.418199141,7.517291598,85.32331658,89.8962532
2016,Raqqa,Raqqa,5,34498.51117,34498.51117,90585.97257,2625.79368,1.050201469,5.964680642,298.3937801,7.272352677,176.8215937,1.445777656,18.21052889,260.1565394,1,346.2123061,357.0882565,14449.26211,1,26.05879584,32.27622433,20.0684196,6.712204558,8.714344682,0.237673474,0.036007104,4102.125816,7.943602406,68.54658646,75.02256614,82.30779781,147.2560573,252.812006,466.2953785,0.418199141,7.517291598,85.32331658,89.8962532
2016,Raqqa,Tell_Abiad,2,25275.43424,25275.43424,82960.09435,3282.242099,0.478825179,3.735158564,478.0817342,11.74715436,188.9206138,1.450549568,27.03711738,400.1496788,1,371.821103,326.5012616,14386.56436,1,11.17783109,33.35914686,19.98133939,5.750354694,8.026723118,0.401744714,0.078776016,4068.766341,7.789701512,73.67661628,82.39496555,91.00629646,217.902523,163.0030389,436.503596,0.353533461,11.88417515,85.82091776,33.28514589
2016,Raqqa,Tell_Abiad,3,5521.836228,5521.836228,17398.32648,3150.822618,0.478825179,3.735158564,478.0817342,11.74715436,188.9206138,1.450549568,27.03711738,400.1496788,1,371.821103,326.5012616,14386.56436,1,11.17783109,33.35914686,19.98133939,5.750354694,8.026723118,0.401744714,0.078776016,4068.766341,7.789701512,73.67661628,82.39496555,91.00629646,217.902523,163.0030389,436.503596,0.353533461,11.88417515,85.82091776,33.28514589
2017,Al_Qunaytirah,Al_Qunaytirah,1,224,224,168,750,0.120668536,1.817203669,993.9564008,24.24449819,196.6396652,1.392797379,36.80800834,452.0421233,1,812.7813464,485.9435076,12104.72483,1,99.78962314,26.98653741,16.81211782,5.854209591,11.90625424,0.623032137,0.123577258,4098.719422,7.519971534,82.66761553,119.7341894,89.6969089,440.0290795,184.0334609,363.9594199,3.215624823,25.20123137,96.06924468,62.36754297
2017,Aleppo,Afrin,1,1500,1500,5250,3500,0.194810459,2.230856022,805.8792511,21.75576638,184.8305861,1.371035123,25.51170824,404.3181051,1,493.5760545,459.2896929,12658.80048,1,89.965976,29.70228461,17.58166733,4.795002485,12.40830067,0.425113381,0.056415157,3703.209896,7.198506433,93.3831189,85.23831156,104.3820711,404.2592088,192.8950466,401.4796676,3.206478872,32.26458622,99.53332954,72.67440361
2017,Aleppo,Ain_Al_Arab,2,1310,1310,2620.2,2000.152672,0.285146327,2.615456939,466.2733065,11.36534399,180.1352135,1.344070296,29.15984317,412.5287694,1,457.6511594,294.9322478,13872.55425,1,40.7417743,33.32412961,19.26743645,4.702163923,7.196976599,0.351433549,0.067542647,4101.588598,7.452704986,84.90983381,83.4122809,91.98365073,247.7003945,160.737883,374.9119357,1.026508894,16.80178945,89.90036312,86.06697787
2017,Aleppo,Ain_Al_Arab,3,349,349,697.4,1998.280802,0.285146327,2.615456939,466.2733065,11.36534399,180.1352135,1.344070296,29.15984317,412.5287694,1,457.6511594,294.9322478,13872.55425,1,40.7417743,33.32412961,19.26743645,4.702163923,7.196976599,0.351433549,0.067542647,4101.588598,7.452704986,84.90983381,83.4122809,91.98365073,247.7003945,160.737883,374.9119357,1.026508894,16.80178945,89.90036312,86.06697787
2017,Aleppo,Al_Atareb,1,2500,2500,6250,2500,0.320135248,3.90953411,478.6761908,12.78309247,185.7492815,1.399045613,26.85095306,367.0160671,1,348.6130778,387.1280012,13799.08857,1,24.0041333,31.00464418,19.1654008,5.996780041,10.33045719,0.405257798,0.07349412,3743.603991,7.511498758,82.95004141,88.50641205,88.13627148,242.5714848,183.2856532,401.209007,0.780531933,17.98196178,90.48342403,28.18423019
2017,Aleppo,Al_Bab,1,92,92,276,3000,0.223794265,2.70647827,409.032372,10.62149779,171.3158859,1.361738999,28.32570189,404.137529,1,440.5998951,360.997914,13619.11947,1,12.48017986,31.6086672,18.91544371,5.19195271,9.373968806,0.384380918,0.07180707,3849.985804,7.526863486,82.4378838,88.48264775,86.01735744,214.0650289,172.3288421,394.8106379,0.536196258,18.97472913,91.91175025,57.38811081
2017,Aleppo,Al_Bab,2,844,844,1815.03,2150.509479,0.223794265,2.70647827,409.032372,10.62149779,171.3158859,1.361738999,28.32570189,404.137529,1,440.5998951,360.997914,13619.11947,1,12.48017986,31.6086672,18.91544371,5.19195271,9.373968806,0.384380918,0.07180707,3849.985804,7.526863486,82.4378838,88.48264775,86.01735744,214.0650289,172.3288421,394.8106379,0.536196258,18.97472913,91.91175025,57.38811081
2017,Aleppo,As_Safira,2,627,627,1562.484,2492,0.226229514,2.727688396,333.4874851,8.737524628,194.0542344,1.456944439,23.81607607,339.9130212,1,386.7828001,324.9070116,14024.20249,1,58.56984464,31.55489717,19.47805901,6.165249136,8.506459117,0.307279933,0.049991446,3815.727269,7.634697244,78.8434252,88.55119977,76.60119267,168.6939215,209.796782,447.6738108,1.021027812,12.3940763,88.69680564,61.3127161
2017,Aleppo,As_Safira,3,3326,3326,7922.0556,2381.856765,0.226229514,2.727688396,333.4874851,8.737524628,194.0542344,1.456944439,23.81607607,339.9130212,1,386.7828001,324.9070116,14024.20249,1,58.56984464,31.55489717,19.47805901,6.165249136,8.506459117,0.307279933,0.049991446,3815.727269,7.634697244,78.8434252,88.55119977,76.60119267,168.6939215,209.796782,447.6738108,1.021027812,12.3940763,88.69680564,61.3127161
2017,Aleppo,As_Safira,4,72,72,72.3,1004.166667,0.226229514,2.727688396,333.4874851,8.737524628,194.0542344,1.456944439,23.81607607,339.9130212,1,386.7828001,324.9070116,14024.20249,1,58.56984464,31.55489717,19.47805901,6.165249136,8.506459117,0.307279933,0.049991446,3815.727269,7.634697244,78.8434252,88.55119977,76.60119267,168.6939215,209.796782,447.6738108,1.021027812,12.3940763,88.69680564,61.3127161
2017,Aleppo,Azaz,1,2800,2800,9800,3500,0.121728487,2.146811382,533.5452001,13.71644413,180.5676029,1.396196968,30.36538609,429.7996425,1,481.8095159,445.8335286,13118.75101,1,12.33630082,30.78934935,18.22048751,4.83242902,11.46688157,0.554917883,0.106540471,3888.821552,7.471901984,84.26993387,88.01514943,93.61588407,279.1852581,165.5478602,396.9674719,0.559398203,24.25735487,95.8829285,30.7875817
2017,Aleppo,Azaz,2,472,472,1180,2500,0.121728487,2.146811382,533.5452001,13.71644413,180.5676029,1.396196968,30.36538609,429.7996425,1,481.8095159,445.8335286,13118.75101,1,12.33630082,30.78934935,18.22048751,4.83242902,11.46688157,0.554917883,0.106540471,3888.821552,7.471901984,84.26993387,88.01514943,93.61588407,279.1852581,165.5478602,396.9674719,0.559398203,24.25735487,95.8829285,30.7875817
2017,Aleppo,Jarablus,2,70,70,280,4000,0.056313267,1.389591551,453.8857573,11.63741288,123.911363,1.374076188,31.59740814,433.9335195,1,453.0262094,329.7881786,13594.58949,1,19.54434174,32.98343954,18.8813743,4.449582343,8.462889068,0.369187908,0.062019859,3899.229046,7.473535251,84.21549162,83.65431282,89.12897259,235.8803656,151.8135123,395.6820817,0.731704106,17.89025411,92.10643258,86.86344794
2017,Aleppo,Jebel_Saman,1,2970,2970,5940,2000,0.320135248,3.90953411,478.6761908,12.78309247,185.7492815,1.399045613,26.85095306,367.0160671,1,348.6130778,387.1280012,13799.08857,1,24.0041333,31.00464418,19.1654008,5.996780041,10.33045719,0.405257798,0.07349412,3743.603991,7.511498758,82.95004141,88.50641205,88.13627148,242.5714848,183.2856532,401.209007,0.780531933,17.98196178,90.48342403,28.18423019
2017,Aleppo,Jebel_Saman,2,12210,12210,25885.2,2120,0.320135248,3.90953411,478.6761908,12.78309247,185.7492815,1.399045613,26.85095306,367.0160671,1,348.6130778,387.1280012,13799.08857,1,24.0041333,31.00464418,19.1654008,5.996780041,10.33045719,0.405257798,0.07349412,3743.603991,7.511498758,82.95004141,88.50641205,88.13627148,242.5714848,183.2856532,401.209007,0.780531933,17.98196178,90.48342403,28.18423019
2017,Aleppo,Jebel_Saman,3,1155,1155,1155,1000,0.320135248,3.90953411,478.6761908,12.78309247,185.7492815,1.399045613,26.85095306,367.0160671,1,348.6130778,387.1280012,13799.08857,1,24.0041333,31.00464418,19.1654008,5.996780041,10.33045719,0.405257798,0.07349412,3743.603991,7.511498758,82.95004141,88.50641205,88.13627148,242.5714848,183.2856532,401.209007,0.780531933,17.98196178,90.48342403,28.18423019
2017,Aleppo,Menbij,2,100,100,200,2000,0.476099108,4.018173677,344.9720028,8.798301028,173.279788,1.406754586,24.018397,332.4689528,1,397.1956572,312.2381767,14040.01848,1,17.60715977,32.24169433,19.50002566,5.759849843,7.964957172,0.291928666,0.048172673,3919.893382,7.618434657,79.38551142,84.39298649,82.22864442,180.6476239,198.2878033,437.4207931,0.49517755,12.11218955,88.57128192,92.68040719
2017,Aleppo,Menbij,4,405,405,810,2000,0.476099108,4.018173677,344.9720028,8.798301028,173.279788,1.406754586,24.018397,332.4689528,1,397.1956572,312.2381767,14040.01848,1,17.60715977,32.24169433,19.50002566,5.759849843,7.964957172,0.291928666,0.048172673,3919.893382,7.618434657,79.38551142,84.39298649,82.22864442,180.6476239,198.2878033,437.4207931,0.49517755,12.11218955,88.57128192,92.68040719
2017,As_Suweida,As_Suwayda,1,4,4,18,4500,0.245068348,2.898837435,366.4868657,8.117860169,164.7488635,1.44067499,22.83274428,379.7186382,1,936.6083153,282.7058698,12938.28814,1,132.549277,29.71377366,17.96984463,5.817911602,6.299689918,0.268791302,0.036719233,4513.574753,7.882238542,70.59204861,103.8823897,75.62101356,175.8203455,218.1895834,401.1968401,1.365785859,8.704768714,97.31517352,36.89205703
2017,As_Suweida,As_Suwayda,2,185,185,740,4000,0.245068348,2.898837435,366.4868657,8.117860169,164.7488635,1.44067499,22.83274428,379.7186382,1,936.6083153,282.7058698,12938.28814,1,132.549277,29.71377366,17.96984463,5.817911602,6.299689918,0.268791302,0.036719233,4513.574753,7.882238542,70.59204861,103.8823897,75.62101356,175.8203455,218.1895834,401.1968401,1.365785859,8.704768714,97.31517352,36.89205703
2017,As_Suweida,Shahba,2,3,3,12,4000,0.197527256,2.191659403,388.3833889,8.902878974,172.1533402,1.451189377,19.92857504,355.5120454,1,812.086703,275.5919273,13093.53296,1,62.52582608,29.74559103,18.18546245,5.942439154,6.324859388,0.235434345,0.03162045,4361.447137,7.921607895,69.27973685,104.5652251,76.68253602,175.2067952,217.4198839,427.8247932,0.996377189,7.542191094,96.08307171,8.194029851
2017,As_Suweida,Shahba,3,1,1,4,4000,0.197527256,2.191659403,388.3833889,8.902878974,172.1533402,1.451189377,19.92857504,355.5120454,1,812.086703,275.5919273,13093.53296,1,62.52582608,29.74559103,18.18546245,5.942439154,6.324859388,0.235434345,0.03162045,4361.447137,7.921607895,69.27973685,104.5652251,76.68253602,175.2067952,217.4198839,427.8247932,0.996377189,7.542191094,96.08307171,8.194029851
2017,Damascus,Al_Ghutta,3,1403,1403,3437.35,2450,0.011843117,0.558468679,390.9070563,9.729820535,106.1618312,1.291118521,15.97295861,315.6253218,1,651.6936639,391.5245615,13035.36805,1,6.349500264,30.16118241,18.10467784,5.175917758,9.79363631,0.47578725,0.074465448,4016.618361,7.702316985,76.58943385,108.0351335,76.63668661,172.1756938,178.6231764,388.861443,0.350493747,15.36100502,96.54469805,4.8
2017,Damascus,Al_Ghutta,4,96,96,192,2000,0.011843117,0.558468679,390.9070563,9.729820535,106.1618312,1.291118521,15.97295861,315.6253218,1,651.6936639,391.5245615,13035.36805,1,6.349500264,30.16118241,18.10467784,5.175917758,9.79363631,0.47578725,0.074465448,4016.618361,7.702316985,76.58943385,108.0351335,76.63668661,172.1756938,178.6231764,388.861443,0.350493747,15.36100502,96.54469805,4.8
2017,Damascus,Al_Ghutta,5,238,238,238,1000,0.011843117,0.558468679,390.9070563,9.729820535,106.1618312,1.291118521,15.97295861,315.6253218,1,651.6936639,391.5245615,13035.36805,1,6.349500264,30.16118241,18.10467784,5.175917758,9.79363631,0.47578725,0.074465448,4016.618361,7.702316985,76.58943385,108.0351335,76.63668661,172.1756938,178.6231764,388.861443,0.350493747,15.36100502,96.54469805,4.8
2017,Damascus,Al_Qutayfah,5,268,268,201,750,0.165290463,2.05625535,281.3128942,6.941210701,195.5281875,1.44431954,15.13843505,319.6985667,1,995.3053148,307.9966964,12201.57944,1,127.2432106,29.18118842,16.94663811,3.771726302,7.621983935,0.15831282,0.014636766,4051.792896,7.89758494,70.08050201,92.10770681,74.71501464,123.7539973,244.8824899,435.20357,2.859481548,8.87439493,96.83793205,2.858974359
2017,Damascus,An_Nabk,4,50,50,35,700,0.109668581,1.50691639,307.6816595,7.278557985,155.3219186,1.425568843,17.53600335,278.9022471,1,1377.627627,278.0495455,10757.47203,1,210.038337,26.86266964,14.93456718,2.058737018,6.581611758,0.145127644,0.012774308,4226.233747,7.786512673,73.78291091,84.61451,80.37176113,133.7777194,316.1138341,404.2577387,3.567828626,9.921132736,85.34038389,5.130434783
2017,Damascus,An_Nabk,5,42,42,31.5,750,0.109668581,1.50691639,307.6816595,7.278557985,155.3219186,1.425568843,17.53600335,278.9022471,1,1377.627627,278.0495455,10757.47203,1,210.038337,26.86266964,14.93456718,2.058737018,6.581611758,0.145127644,0.012774308,4226.233747,7.786512673,73.78291091,84.61451,80.37176113,133.7777194,316.1138341,404.2577387,3.567828626,9.921132736,85.34038389,5.130434783
2017,Damascus,Darayya,3,65,65,162.5,2500,0.012423869,0.610406653,424.7742006,10.36328605,92.7628682,1.315842328,23.5269942,377.8860652,1,680.7773842,330.5857885,12728.64938,1,9.388939721,29.60078394,17.6786797,4.937664479,8.091319577,0.401606534,0.062956663,4097.836977,7.775299427,74.15668578,107.6458745,76.70582089,190.5903339,142.5483663,397.8240084,0.699756804,11.61850321,98.97897314,3.25
2017,Damascus,Darayya,4,23,23,46,2000,0.012423869,0.610406653,424.7742006,10.36328605,92.7628682,1.315842328,23.5269942,377.8860652,1,680.7773842,330.5857885,12728.64938,1,9.388939721,29.60078394,17.6786797,4.937664479,8.091319577,0.401606534,0.062956663,4097.836977,7.775299427,74.15668578,107.6458745,76.70582089,190.5903339,142.5483663,397.8240084,0.699756804,11.61850321,98.97897314,3.25
2017,Damascus,Darayya,5,130,130,260,2000,0.012423869,0.610406653,424.7742006,10.36328605,92.7628682,1.315842328,23.5269942,377.8860652,1,680.7773842,330.5857885,12728.64938,1,9.388939721,29.60078394,17.6786797,4.937664479,8.091319577,0.401606534,0.062956663,4097.836977,7.775299427,74.15668578,107.6458745,76.70582089,190.5903339,142.5483663,397.8240084,0.699756804,11.61850321,98.97897314,3.25
2017,Damascus,Duma,5,1651,1651,4457.7,2700,1.143833319,5.36296028,257.9190377,5.749139618,183.2223843,1.439790063,15.24508473,435.0312031,1,671.3370843,239.1744682,13706.16496,1,24.50940844,31.52259907,19.03634022,5.905806709,5.471337705,0.141328046,0.012225218,4485.219761,7.9788694,67.37102002,115.5376126,66.39488922,122.9927976,156.4332399,408.6870532,0.494037748,7.515456491,91.220913,20.17542504
2017,Damascus,Qatana,1,453,453,711.21,1570,0.093841203,1.750152374,694.8629154,16.71003156,126.6999471,1.390187794,33.83029859,446.2725683,1,1076.168708,386.2817732,11355.40013,1,134.8032696,27.28722029,15.77138907,3.54620792,9.314851481,0.372917996,0.058784368,4157.357888,7.631263536,78.95788213,111.2843965,85.8555641,306.1114219,198.523565,355.7564594,3.240654984,17.95975534,90.12222324,10.25471698
2017,Damascus,Qatana,2,1273,1273,1171.16,920,0.093841203,1.750152374,694.8629154,16.71003156,126.6999471,1.390187794,33.83029859,446.2725683,1,1076.168708,386.2817732,11355.40013,1,134.8032696,27.28722029,15.77138907,3.54620792,9.314851481,0.372917996,0.058784368,4157.357888,7.631263536,78.95788213,111.2843965,85.8555641,306.1114219,198.523565,355.7564594,3.240654984,17.95975534,90.12222324,10.25471698
2017,Damascus,Qatana,3,359,359,470.29,1310,0.093841203,1.750152374,694.8629154,16.71003156,126.6999471,1.390187794,33.83029859,446.2725683,1,1076.168708,386.2817732,11355.40013,1,134.8032696,27.28722029,15.77138907,3.54620792,9.314851481,0.372917996,0.058784368,4157.357888,7.631263536,78.95788213,111.2843965,85.8555641,306.1114219,198.523565,355.7564594,3.240654984,17.95975534,90.12222324,10.25471698
2017,Damascus,Yabrud,2,10,10,5,500,0.055958524,1.256549001,646.8204922,16.43087734,151.1400992,1.388098698,24.46438451,298.4432339,1,1851.02324,400.075867,8983.122134,1,231.2609004,24.31802309,12.41103997,-0.1599339,10.16113428,0.183958393,0.035146433,3935.615671,7.507783175,83.07389417,101.956136,87.8668345,281.9892992,327.2389854,375.052399,3.28542421,18.12267988,70.92022838,3.666666667
2017,Dara,As_Sanamayn,1,300,300,810,2700,0.126365387,2.232014688,484.9401054,11.21536747,180.1350323,1.464749006,30.99856142,436.994746,1,676.2522372,310.1941856,12975.24731,1,14.37105451,29.01357915,18.02117682,6.069865709,7.167535568,0.402359698,0.066836031,4322.889581,7.860602751,71.31324164,111.6506812,77.26485269,220.5715572,132.4975201,430.6093861,0.669011199,10.00010737,97.02184673,28.32124352
2017,Dara,As_Sanamayn,2,516,516,1393.2,2700,0.126365387,2.232014688,484.9401054,11.21536747,180.1350323,1.464749006,30.99856142,436.994746,1,676.2522372,310.1941856,12975.24731,1,14.37105451,29.01357915,18.02117682,6.069865709,7.167535568,0.402359698,0.066836031,4322.889581,7.860602751,71.31324164,111.6506812,77.26485269,220.5715572,132.4975201,430.6093861,0.669011199,10.00010737,97.02184673,28.32124352
2017,Dara,As_Sanamayn,3,171,171,427.5,2500,0.126365387,2.232014688,484.9401054,11.21536747,180.1350323,1.464749006,30.99856142,436.994746,1,676.2522372,310.1941856,12975.24731,1,14.37105451,29.01357915,18.02117682,6.069865709,7.167535568,0.402359698,0.066836031,4322.889581,7.860602751,71.31324164,111.6506812,77.26485269,220.5715572,132.4975201,430.6093861,0.669011199,10.00010737,97.02184673,28.32124352
2017,Dara,Dara,1,700,700,1960,2800,0.151895403,2.467237111,480.0244507,11.6054107,247.890732,1.46774472,34.72026577,423.6944089,1,594.8481838,371.356605,13072.56595,1,31.20078753,28.15575594,18.1563416,7.178513238,8.980619334,0.4783493,0.082973974,4135.212522,7.877365296,70.75449014,120.1983976,73.4130986,222.8316886,127.803691,442.0431636,0.879878166,12.29504118,96.2494766,40.20714807
2017,Dara,Dara,2,2787,2787,7524.9,2700,0.151895403,2.467237111,480.0244507,11.6054107,247.890732,1.46774472,34.72026577,423.6944089,1,594.8481838,371.356605,13072.56595,1,31.20078753,28.15575594,18.1563416,7.178513238,8.980619334,0.4783493,0.082973974,4135.212522,7.877365296,70.75449014,120.1983976,73.4130986,222.8316886,127.803691,442.0431636,0.879878166,12.29504118,96.2494766,40.20714807
2017,Dara,Dara,3,43,43,86,2000,0.151895403,2.467237111,480.0244507,11.6054107,247.890732,1.46774472,34.72026577,423.6944089,1,594.8481838,371.356605,13072.56595,1,31.20078753,28.15575594,18.1563416,7.178513238,8.980619334,0.4783493,0.082973974,4135.212522,7.877365296,70.75449014,120.1983976,73.4130986,222.8316886,127.803691,442.0431636,0.879878166,12.29504118,96.2494766,40.20714807
2017,Dara,Izra,1,500,500,1350,2700,0.087018771,1.658654183,505.8758628,11.71690714,217.4263142,1.470306952,41.10287596,441.4595726,1,594.9833148,359.9789594,12995.45994,1,10.9531787,28.2973863,18.04924991,6.774082926,8.34369343,0.544587751,0.101846132,4316.486318,7.923266829,69.22443902,115.5212556,74.21607042,228.3181387,92.06481307,460.4442333,0.522892419,12.7609944,96.86142907,44.50057937
2017,Dara,Izra,2,1100,1100,2860,2600,0.087018771,1.658654183,505.8758628,11.71690714,217.4263142,1.470306952,41.10287596,441.4595726,1,594.9833148,359.9789594,12995.45994,1,10.9531787,28.2973863,18.04924991,6.774082926,8.34369343,0.544587751,0.101846132,4316.486318,7.923266829,69.22443902,115.5212556,74.21607042,228.3181387,92.06481307,460.4442333,0.522892419,12.7609944,96.86142907,44.50057937
2017,Dayr_Az_Zor,Dayr_Az_Zor,4,65000,65000,110500,1700,1.527438458,6.266817637,307.7688221,6.812869826,160.6562038,1.475571533,17.45613594,279.0580926,1,311.6110564,290.1124602,15193.76658,1,24.94088817,34.9330633,21.10245359,6.176250672,6.434525595,0.15890923,0.018257966,4516.462244,7.945084905,68.49716985,96.06308585,72.52393863,152.8980536,267.81461,453.5383851,0.441646162,7.406680906,79.41455093,59.82997528
2017,Hama,Al_Ghab,1,20285,20285,52624,2594.232191,0.049595436,1.643165164,1079.74481,30.52009952,139.7759455,1.347860465,28.59829587,349.5799349,1,352.189296,848.5657275,12643.14001,1,139.7020723,28.03588289,17.55991668,6.107155368,23.97590967,0.693589263,0.124332784,3536.815495,6.782044179,92.73480597,96.7970685,107.8779728,526.8466629,280.5196852,361.9957542,4.508295663,42.21571718,99.65761896,35.28868661
2017,Hama,As_Salamiyeh,2,503,503,1182.05,2350,0.504159747,4.926087865,311.6561322,8.434084392,191.2833095,1.455325727,20.3416433,317.9445519,1,514.8899545,350.5461097,13570.88514,1,39.708665,30.74190703,18.84845158,6.0540134,9.486467167,0.261317636,0.041746077,3694.198171,7.805379097,73.15403011,85.21770453,76.90719218,146.5208949,260.9011364,420.1232357,0.788382027,9.040582617,92.29456239,29.78971963
2017,Hama,As_Salamiyeh,3,123,123,193.11,1570,0.504159747,4.926087865,311.6561322,8.434084392,191.2833095,1.455325727,20.3416433,317.9445519,1,514.8899545,350.5461097,13570.88514,1,39.708665,30.74190703,18.84845158,6.0540134,9.486467167,0.261317636,0.041746077,3694.198171,7.805379097,73.15403011,85.21770453,76.90719218,146.5208949,260.9011364,420.1232357,0.788382027,9.040582617,92.29456239,29.78971963
2017,Hama,Hama,1,5543,5543,14799.81,2670,0.227677668,4.733216797,502.6978465,13.51443671,192.7904067,1.455316559,28.89107986,399.9433813,1,367.8882638,396.2237952,13744.87399,1,25.04294796,30.40777168,19.09010276,6.610034608,10.63778025,0.444197245,0.085558307,3718.709948,7.530149647,82.32834509,91.74489953,85.83655979,235.3119059,199.991121,385.7041579,0.890006436,18.48653952,90.91369853,22.43352601
2017,Hama,Hama,2,2503,2503,5213.749,2083,0.227677668,4.733216797,502.6978465,13.51443671,192.7904067,1.455316559,28.89107986,399.9433813,1,367.8882638,396.2237952,13744.87399,1,25.04294796,30.40777168,19.09010276,6.610034608,10.63778025,0.444197245,0.085558307,3718.709948,7.530149647,82.32834509,91.74489953,85.83655979,235.3119059,199.991121,385.7041579,0.890006436,18.48653952,90.91369853,22.43352601
2017,Hama,Hama,3,20,20,60,3000,0.227677668,4.733216797,502.6978465,13.51443671,192.7904067,1.455316559,28.89107986,399.9433813,1,367.8882638,396.2237952,13744.87399,1,25.04294796,30.40777168,19.09010276,6.610034608,10.63778025,0.444197245,0.085558307,3718.709948,7.530149647,82.32834509,91.74489953,85.83655979,235.3119059,199.991121,385.7041579,0.890006436,18.48653952,90.91369853,22.43352601
2017,Hama,Hama,4,8,8,12,1500,0.227677668,4.733216797,502.6978465,13.51443671,192.7904067,1.455316559,28.89107986,399.9433813,1,367.8882638,396.2237952,13744.87399,1,25.04294796,30.40777168,19.09010276,6.610034608,10.63778025,0.444197245,0.085558307,3718.709948,7.530149647,82.32834509,91.74489953,85.83655979,235.3119059,199.991121,385.7041579,0.890006436,18.48653952,90.91369853,22.43352601
2017,Hama,Masyaf,1,242,242,411,1698.347107,0.076403686,1.92474214,1065.027809,28.71322356,150.0452924,1.353623889,29.44578727,387.4121925,1,532.6863029,718.7954944,12472.96984,1,139.1245061,27.64105551,17.32356922,6.138692534,19.35255051,0.578657027,0.080021467,3708.189275,6.889563149,96.31877164,97.33910836,98.93558517,506.2526922,261.5816804,350.4100182,3.339515959,38.59856987,98.99182411,5.952755906
2017,Hama,Muhradah,1,4538,4538,9993,2202.071397,0.05125136,1.195215355,688.6626641,18.7057457,210.5076775,1.449025265,33.05226761,439.5914949,1,254.483542,586.0819438,13737.59675,1,22.9822089,30.09695144,19.07999548,7.027808982,15.94642446,0.662926858,0.135189723,3680.55686,7.358416593,88.05278024,95.85007966,96.71072966,329.2002242,196.6763121,347.9956241,0.787416154,25.49695415,90.97145439,10.50963597
2017,Hassakeh,Al_Malika,1,5650,5650,17303.125,3062.5,0.273788898,2.626098262,1029.865881,22.39948564,177.7179584,1.393407522,35.81191186,396.1542193,1,442.2589019,410.2791276,13960.53543,1,11.47143655,34.69045924,19.38963255,4.721658469,8.927509084,0.610726668,0.144392744,4596.721116,7.401004555,86.63318149,97.68044405,95.02900876,473.383242,182.2285639,417.2135132,0.627665989,23.0979689,89.20209973,71.48066457
2017,Hassakeh,Al_Malika,2,100,100,240,2400,0.273788898,2.626098262,1029.865881,22.39948564,177.7179584,1.393407522,35.81191186,396.1542193,1,442.2589019,410.2791276,13960.53543,1,11.47143655,34.69045924,19.38963255,4.721658469,8.927509084,0.610726668,0.144392744,4596.721116,7.401004555,86.63318149,97.68044405,95.02900876,473.383242,182.2285639,417.2135132,0.627665989,23.0979689,89.20209973,71.48066457
2017,Hassakeh,Al_Malika,3,50,50,105,2100,0.273788898,2.626098262,1029.865881,22.39948564,177.7179584,1.393407522,35.81191186,396.1542193,1,442.2589019,410.2791276,13960.53543,1,11.47143655,34.69045924,19.38963255,4.721658469,8.927509084,0.610726668,0.144392744,4596.721116,7.401004555,86.63318149,97.68044405,95.02900876,473.383242,182.2285639,417.2135132,0.627665989,23.0979689,89.20209973,71.48066457
2017,Hassakeh,Hassakeh,1,300,300,771,2570,1.234999017,5.292191536,505.8976836,11.38613215,179.2026918,1.453912692,22.75778998,312.1287676,1,352.2277754,291.2840379,15035.03125,1,19.1175947,35.3967448,20.88198784,5.870771411,6.560743505,0.289549195,0.04945112,4442.103917,7.76640865,74.453045,96.47748238,83.3574781,250.3479121,232.8497925,449.1236429,0.493960645,10.83503123,80.67435519,55.44769984
2017,Hassakeh,Hassakeh,2,2230,2230,4899.6222,2197.14,1.234999017,5.292191536,505.8976836,11.38613215,179.2026918,1.453912692,22.75778998,312.1287676,1,352.2277754,291.2840379,15035.03125,1,19.1175947,35.3967448,20.88198784,5.870771411,6.560743505,0.289549195,0.04945112,4442.103917,7.76640865,74.453045,96.47748238,83.3574781,250.3479121,232.8497925,449.1236429,0.493960645,10.83503123,80.67435519,55.44769984
2017,Hassakeh,Hassakeh,3,670,670,1289.75,1925,1.234999017,5.292191536,505.8976836,11.38613215,179.2026918,1.453912692,22.75778998,312.1287676,1,352.2277754,291.2840379,15035.03125,1,19.1175947,35.3967448,20.88198784,5.870771411,6.560743505,0.289549195,0.04945112,4442.103917,7.76640865,74.453045,96.47748238,83.3574781,250.3479121,232.8497925,449.1236429,0.493960645,10.83503123,80.67435519,55.44769984
2017,Hassakeh,Hassakeh,4,1450,1450,2682.5,1850,1.234999017,5.292191536,505.8976836,11.38613215,179.2026918,1.453912692,22.75778998,312.1287676,1,352.2277754,291.2840379,15035.03125,1,19.1175947,35.3967448,20.88198784,5.870771411,6.560743505,0.289549195,0.04945112,4442.103917,7.76640865,74.453045,96.47748238,83.3574781,250.3479121,232.8497925,449.1236429,0.493960645,10.83503123,80.67435519,55.44769984
2017,Hassakeh,Hassakeh,5,550,550,962.5,1750,1.234999017,5.292191536,505.8976836,11.38613215,179.2026918,1.453912692,22.75778998,312.1287676,1,352.2277754,291.2840379,15035.03125,1,19.1175947,35.3967448,20.88198784,5.870771411,6.560743505,0.289549195,0.04945112,4442.103917,7.76640865,74.453045,96.47748238,83.3574781,250.3479121,232.8497925,449.1236429,0.493960645,10.83503123,80.67435519,55.44769984
2017,Hassakeh,Quamishli,1,6950,6950,16564.1435,2383.33,0.384508781,3.376182941,819.4289095,18.28401005,189.6343908,1.4227755,32.71215887,381.6987929,1,387.3408823,370.1947529,14558.86174,1,4.224880292,35.3327915,20.2206413,5.39578904,8.275566082,0.570751575,0.127843608,4480.669541,7.499177245,83.3607585,94.11423151,94.34968929,395.0126981,188.6721752,424.1715544,0.236333983,15.93920513,84.45347828,2.151515152
2017,Hassakeh,Quamishli,2,1150,1150,2415,2100,0.384508781,3.376182941,819.4289095,18.28401005,189.6343908,1.4227755,32.71215887,381.6987929,1,387.3408823,370.1947529,14558.86174,1,4.224880292,35.3327915,20.2206413,5.39578904,8.275566082,0.570751575,0.127843608,4480.669541,7.499177245,83.3607585,94.11423151,94.34968929,395.0126981,188.6721752,424.1715544,0.236333983,15.93920513,84.45347828,2.151515152
2017,Hassakeh,Ras_Al_Ain,1,9900,9900,22770,2300,0.383012451,4.287075453,583.1515364,13.39965542,181.239228,1.436138441,29.13638552,428.1986409,1,428.0325777,369.6523591,14367.46024,1,10.62784115,34.65490354,19.95480588,5.079311835,8.484859368,0.487104047,0.098564985,4350.989048,7.607914063,79.7361979,87.98980685,90.05291833,299.3722223,158.4989891,413.1203426,0.413294717,15.5378662,85.97253781,3.258706468
2017,Hassakeh,Ras_Al_Ain,2,9400,9400,20915,2225,0.383012451,4.287075453,583.1515364,13.39965542,181.239228,1.436138441,29.13638552,428.1986409,1,428.0325777,369.6523591,14367.46024,1,10.62784115,34.65490354,19.95480588,5.079311835,8.484859368,0.487104047,0.098564985,4350.989048,7.607914063,79.7361979,87.98980685,90.05291833,299.3722223,158.4989891,413.1203426,0.413294717,15.5378662,85.97253781,3.258706468
2017,Hassakeh,Ras_Al_Ain,3,250,250,525,2100,0.383012451,4.287075453,583.1515364,13.39965542,181.239228,1.436138441,29.13638552,428.1986409,1,428.0325777,369.6523591,14367.46024,1,10.62784115,34.65490354,19.95480588,5.079311835,8.484859368,0.487104047,0.098564985,4350.989048,7.607914063,79.7361979,87.98980685,90.05291833,299.3722223,158.4989891,413.1203426,0.413294717,15.5378662,85.97253781,3.258706468
2017,Hassakeh,Ras_Al_Ain,4,100,100,200,2000,0.383012451,4.287075453,583.1515364,13.39965542,181.239228,1.436138441,29.13638552,428.1986409,1,428.0325777,369.6523591,14367.46024,1,10.62784115,34.65490354,19.95480588,5.079311835,8.484859368,0.487104047,0.098564985,4350.989048,7.607914063,79.7361979,87.98980685,90.05291833,299.3722223,158.4989891,413.1203426,0.413294717,15.5378662,85.97253781,3.258706468
2017,Homs,Al_Maghrim,2,41,41,83.7056,2041.6,0.306769432,2.913060825,275.4448853,7.301730466,218.2032013,1.457191708,18.26401052,311.7343597,1,797.1330828,342.6965443,12355.12849,1,104.0896137,28.87333706,17.15990069,4.592996284,9.086247043,0.226995277,0.027573406,3771.323377,7.836838992,72.10536695,85.14521186,78.514493,119.7221949,282.185961,406.7754786,1.39213165,8.706368852,98.05657535,23.70967742
2017,Homs,Al_Maghrim,3,4,4,8.3664,2091.6,0.306769432,2.913060825,275.4448853,7.301730466,218.2032013,1.457191708,18.26401052,311.7343597,1,797.1330828,342.6965443,12355.12849,1,104.0896137,28.87333706,17.15990069,4.592996284,9.086247043,0.226995277,0.027573406,3771.323377,7.836838992,72.10536695,85.14521186,78.514493,119.7221949,282.185961,406.7754786,1.39213165,8.706368852,98.05657535,23.70967742
2017,Homs,Al_Quasir,1,393,393,1061.1,2700,0.079506691,1.850323115,589.123999,15.14159457,228.7835016,1.423727806,26.81275048,398.4009405,1,596.8480096,416.7465244,12634.65211,1,19.08778159,28.31761095,17.54812793,5.774608209,10.74193192,0.466648393,0.079038939,3889.765905,7.575372583,80.8209139,99.52678247,90.03872213,251.3040041,214.1664714,361.619498,0.932790651,19.01649265,99.72498325,81.53370847
2017,Homs,Al_Quasir,2,2177,2177,6078.184,2792,0.079506691,1.850323115,589.123999,15.14159457,228.7835016,1.423727806,26.81275048,398.4009405,1,596.8480096,416.7465244,12634.65211,1,19.08778159,28.31761095,17.54812793,5.774608209,10.74193192,0.466648393,0.079038939,3889.765905,7.575372583,80.8209139,99.52678247,90.03872213,251.3040041,214.1664714,361.619498,0.932790651,19.01649265,99.72498325,81.53370847
2017,Homs,Al_Quasir,3,684,684,1812.6,2650,0.079506691,1.850323115,589.123999,15.14159457,228.7835016,1.423727806,26.81275048,398.4009405,1,596.8480096,416.7465244,12634.65211,1,19.08778159,28.31761095,17.54812793,5.774608209,10.74193192,0.466648393,0.079038939,3889.765905,7.575372583,80.8209139,99.52678247,90.03872213,251.3040041,214.1664714,361.619498,0.932790651,19.01649265,99.72498325,81.53370847
2017,Homs,Ar_Rastan,1,214,214,401.25,1875,0.023749721,0.879988685,492.8802557,12.86251149,217.7540281,1.490165194,31.51599766,455.9867872,1,435.4754306,405.413555,13396.90518,1,32.93536539,29.4506417,18.60681274,6.618800951,10.5604627,0.498858167,0.101186866,3830.913046,7.628313312,79.05622294,91.17705362,88.19242255,216.9426231,194.2140276,350.5086574,1.105333487,20.10500042,93.67535574,64.92877493
2017,Homs,Homs,1,1517,1517,2528.0055,1666.45056,0.661463232,5.466555194,321.3807359,8.198333451,170.4993423,1.454793713,18.39390553,334.3746299,1,749.4069726,381.0843376,12271.97333,1,42.53240625,28.45798934,17.04440741,4.64517824,9.741568672,0.235555992,0.033093051,3919.073974,7.822295424,72.59015253,91.81116999,77.99028475,138.8643398,262.3261291,400.8940442,1.265880206,10.65134129,97.39661377,61.8628226
2017,Homs,Homs,2,36,36,65.7,1825,0.661463232,5.466555194,321.3807359,8.198333451,170.4993423,1.454793713,18.39390553,334.3746299,1,749.4069726,381.0843376,12271.97333,1,42.53240625,28.45798934,17.04440741,4.64517824,9.741568672,0.235555992,0.033093051,3919.073974,7.822295424,72.59015253,91.81116999,77.99028475,138.8643398,262.3261291,400.8940442,1.265880206,10.65134129,97.39661377,61.8628226
2017,Homs,Homs,4,57,57,79.8,1400,0.661463232,5.466555194,321.3807359,8.198333451,170.4993423,1.454793713,18.39390553,334.3746299,1,749.4069726,381.0843376,12271.97333,1,42.53240625,28.45798934,17.04440741,4.64517824,9.741568672,0.235555992,0.033093051,3919.073974,7.822295424,72.59015253,91.81116999,77.99028475,138.8643398,262.3261291,400.8940442,1.265880206,10.65134129,97.39661377,61.8628226
2017,Homs,Tall_Kalakh,1,2175,2175,5790.9375,2662.5,0.061265386,1.382119937,1032.48493,27.41584346,213.4968276,1.371293035,28.50363662,371.8628808,1,462.9664108,731.0885938,12969.01022,1,86.9397267,27.77781,18.01251419,7.162801508,19.45254968,0.64264329,0.108790691,3765.015558,7.036198454,98.79338486,99.22077737,99.03297964,477.5920838,256.0800903,370.1287946,2.899572474,38.32373734,97.07134748,63.89144317
2017,Idleb,Al_Jisr_Ash_Shu,1,1200,1200,4178.729858,3482.274882,0.061795348,1.387996783,1012.122338,29.21148598,177.540447,1.380476929,27.89801472,304.6574213,1,349.3955892,584.1420856,12759.66216,1,101.3142959,28.03975952,17.721753,6.005570569,16.86286119,0.54668792,0.083235991,3463.809488,6.711311118,90.37703725,93.32480879,107.5192332,497.8067882,309.262822,377.4719518,3.793157673,40.90641577,98.73284,19.55376344
2017,Idleb,Al_Mara,1,2400,2400,8357.459716,3482.274882,0.219400577,2.789560748,597.5881948,16.33371239,161.5969773,1.44106543,30.50289991,387.8445436,1,426.7153644,398.7283549,13444.14409,1,29.05957912,30.13775519,18.67242235,5.921473039,10.90970961,0.483634117,0.087474128,3657.618326,7.422356298,85.92145674,94.28898897,91.87850598,291.4753592,211.8633148,395.4624714,1.089096217,21.8826255,93.30044374,2.740740741
2017,Idleb,Al_Mara,2,1190,1190,3501.081081,2942.084942,0.219400577,2.789560748,597.5881948,16.33371239,161.5969773,1.44106543,30.50289991,387.8445436,1,426.7153644,398.7283549,13444.14409,1,29.05957912,30.13775519,18.67242235,5.921473039,10.90970961,0.483634117,0.087474128,3657.618326,7.422356298,85.92145674,94.28898897,91.87850598,291.4753592,211.8633148,395.4624714,1.089096217,21.8826255,93.30044374,2.740740741
2017,Idleb,Al_Mara,3,370,370,979.8074866,2648.128342,0.219400577,2.789560748,597.5881948,16.33371239,161.5969773,1.44106543,30.50289991,387.8445436,1,426.7153644,398.7283549,13444.14409,1,29.05957912,30.13775519,18.67242235,5.921473039,10.90970961,0.483634117,0.087474128,3657.618326,7.422356298,85.92145674,94.28898897,91.87850598,291.4753592,211.8633148,395.4624714,1.089096217,21.8826255,93.30044374,2.740740741
2017,Idleb,Ariha,1,700,700,2437.592417,3482.274882,0.06189382,1.20144567,808.6157459,22.36020583,178.7756591,1.396585143,27.93576679,350.6523137,1,582.149967,454.2141576,12496.23267,1,87.67581128,28.37067888,17.35587871,5.124074158,12.57306268,0.410210616,0.062613605,3615.3162,7.15618642,94.79378601,97.12316556,102.7445699,403.6914824,264.1637633,380.2716742,2.592602428,31.56046909,99.1764498,35.35190616
2017,Idleb,Harim,1,250,250,870.5687204,3482.274882,0.076955511,1.744823344,849.0456405,23.74397938,208.4698796,1.397594182,27.2782689,356.5012631,1,400.6489695,478.5927023,12944.07632,1,91.8753057,29.14017067,17.97788378,5.603327071,13.41029625,0.464054265,0.072516677,3574.835487,7.125463716,95.81787612,85.25041958,110.5445179,419.4154683,243.3845318,396.2349649,3.52892128,34.93256475,97.26923557,7.104166667
2017,Idleb,Idleb,1,6000,6000,20893.64929,3482.274882,0.125820372,2.188331063,699.7883092,18.8519634,133.1604544,1.441830046,29.96636028,396.7139838,1,349.4829207,461.0293427,13442.13458,1,18.66965742,29.98230154,18.66963136,5.996925927,12.41262278,0.551505746,0.102885174,3711.018183,7.363514149,87.8828617,92.0940144,101.3297174,351.9420449,201.4720497,378.6673336,0.928862474,24.86059375,93.31639224,24.08243728
2017,Idleb,Idleb,2,1400,1400,4118.918919,2942.084942,0.125820372,2.188331063,699.7883092,18.8519634,133.1604544,1.441830046,29.96636028,396.7139838,1,349.4829207,461.0293427,13442.13458,1,18.66965742,29.98230154,18.66963136,5.996925927,12.41262278,0.551505746,0.102885174,3711.018183,7.363514149,87.8828617,92.0940144,101.3297174,351.9420449,201.4720497,378.6673336,0.928862474,24.86059375,93.31639224,24.08243728
2017,Idleb,Idleb,3,1500,1500,3972.192513,2648.128342,0.125820372,2.188331063,699.7883092,18.8519634,133.1604544,1.441830046,29.96636028,396.7139838,1,349.4829207,461.0293427,13442.13458,1,18.66965742,29.98230154,18.66963136,5.996925927,12.41262278,0.551505746,0.102885174,3711.018183,7.363514149,87.8828617,92.0940144,101.3297174,351.9420449,201.4720497,378.6673336,0.928862474,24.86059375,93.31639224,24.08243728
2017,Lattakia,Lattakia,1,55,55,100,1818.181818,0.097763298,1.762987067,1502.527653,41.27217349,209.5944837,1.261131142,24.7105126,304.2298707,1,231.7146206,1154.924439,13212.78121,1,104.336183,27.16992468,18.35108501,8.247498898,31.75963516,0.678646147,0.064928673,3639.534351,6.347943236,78.26477454,90.37060854,117.1218702,724.7946736,328.3346711,334.66475,3.391717815,52.37302557,95.13665708,87.11285641
2017,Raqqa,Tell_Abiad,3,92000,92000,307000,3336.956522,0.478825179,3.735158564,420.4467019,10.01944564,188.9206138,1.450549568,27.03711738,400.1496788,1,371.821103,277.905023,14502.55752,1,11.17783109,34.27168337,20.142441,5.362521939,6.628756766,0.265193546,0.042322033,4195.307033,7.789701512,73.67661628,83.27397216,86.66689292,215.9948752,163.0030389,436.503596,0.353533461,11.88417515,84.90033715,33.28514589
2017,Tartous,Banyas,1,25,25,45.54,1821.6,0.064347484,1.259569202,1385.413617,36.99853682,227.2029485,1.248880866,25.12215029,311.6023136,1,597.2024401,849.5937597,12089.20894,1,239.5189203,26.29028104,16.79056797,6.575398882,22.69503916,0.581284183,0.053441023,3743.509204,6.402940695,80.09802315,99.97659923,102.8920064,680.5744999,311.2379664,363.3411414,4.321198421,51.28226288,95.94610269,78.70526316
2017,Tartous,Safita,1,52,52,100,1923.076923,0.047070335,1.157636077,1384.653811,37.61045667,212.2246192,1.350786518,24.81991989,329.6296751,1,294.0703481,811.5213606,13427.40259,1,85.74052064,27.72325553,18.64917026,8.62756695,22.06293959,0.610954202,0.069576024,3680.56607,6.807968775,93.59895915,97.81065997,105.2194485,665.2769691,291.9812893,377.4132804,2.351750182,44.6094789,93.43331279,76.62715679
2017,Tartous,Tartous,1,1035,1035,2591,2503.381643,0.049162657,1.417978043,1204.997703,31.91767703,226.602822,1.337365278,24.38800112,328.0083572,1,151.3380759,891.9098431,13793.33979,1,85.26540945,27.44333477,19.15741637,9.890619045,23.65893448,0.600436279,0.07134132,3774.330211,6.801489796,93.38299321,96.96830669,103.8358892,577.3614551,293.3316743,364.969705,1.987711269,46.76351549,90.52904929,64.49344978
2018,Hama,Al_Ghab,1,41816,41816,91539,2189.0903,0.049595436,1.643165164,1416.643339,40.95558457,139.7759455,1.347860465,28.59829587,349.5799349,1,352.189296,886.6325997,12871.1216,1,139.7020723,28.03588289,17.87655778,6.107155368,25.61846877,0.713633276,0.128056118,3457.974774,6.782044179,92.73480597,88.79508677,108.6753239,705.8253522,280.5196852,361.9957542,4.508295663,42.21571718,97.84824127,35.28868661
2018,Hama,Masyaf,1,243,243,392,1613.168724,0.076403686,1.92474214,1453.68311,40.09089046,150.0452924,1.353623889,29.44578727,387.4121925,1,532.6863029,754.8974024,12681.26731,1,139.1245061,27.64105551,17.61287126,6.138692534,20.77820817,0.618815037,0.089464682,3624.968626,6.889563149,96.31877164,89.47497011,101.4160532,733.2213532,261.5816804,350.4100182,3.339515959,38.59856987,99.35502137,5.952755906
2018,Hama,Muhradah,1,5175,5175,12644,2443.285024,0.05125136,1.195215355,891.1432938,24.88609107,210.5076775,1.449025265,33.05226761,439.5914949,1,254.483542,618.2156521,13924.75055,1,22.9822089,30.09695144,19.33993132,7.027808982,17.2802385,0.682880693,0.15032655,3579.888984,7.358416593,88.05278024,85.25892856,100.3160652,455.5738828,196.6763121,347.9956241,0.787416154,25.49695415,89.48610674,10.50963597
2018,Raqqa,Raqqa,3,3000,3000,9000,3000,1.050201469,5.964680642,386.457048,9.654339596,176.8215937,1.445777656,18.21052889,260.1565394,1,346.2123061,367.1563415,14641.40818,1,26.05879584,33.28119687,20.33528914,6.130696197,9.18461194,0.263628194,0.036367864,4001.936132,7.943602406,68.54658646,73.27616149,86.58254686,176.2684477,252.812006,466.2953785,0.418199141,7.517291598,83.79834774,89.8962532
2018,Raqqa,Raqqa,4,12800,12800,38400,3000,1.050201469,5.964680642,386.457048,9.654339596,176.8215937,1.445777656,18.21052889,260.1565394,1,346.2123061,367.1563415,14641.40818,1,26.05879584,33.28119687,20.33528914,6.130696197,9.18461194,0.263628194,0.036367864,4001.936132,7.943602406,68.54658646,73.27616149,86.58254686,176.2684477,252.812006,466.2953785,0.418199141,7.517291598,83.79834774,89.8962532
2018,Raqqa,Raqqa,5,20000,20000,60000,3000,1.050201469,5.964680642,386.457048,9.654339596,176.8215937,1.445777656,18.21052889,260.1565394,1,346.2123061,367.1563415,14641.40818,1,26.05879584,33.28119687,20.33528914,6.130696197,9.18461194,0.263628194,0.036367864,4001.936132,7.943602406,68.54658646,73.27616149,86.58254686,176.2684477,252.812006,466.2953785,0.418199141,7.517291598,83.79834774,89.8962532
2018,Raqqa,Tell_Abiad,2,14000,14000,42000,3000,0.478825179,3.735158564,556.7492133,13.81268255,188.9206138,1.450549568,27.03711738,400.1496788,1,371.821103,314.7481921,14614.97255,1,11.17783109,34.27168337,20.29857298,5.362521939,7.816109227,0.389805507,0.06056328,4029.710264,7.789701512,73.67661628,72.85625449,91.42110157,253.8087326,163.0030389,436.503596,0.353533461,11.88417515,84.0081544,33.28514589
2019,Al_Qunaytirah,Al_Qunaytirah,1,1330,1330,751,564.6616541,0.120668536,1.817203669,1517.511538,39.27022051,196.6396652,1.392797379,36.80800834,452.0421233,1,812.7813464,564.5227897,12189.15319,1,99.78962314,24.87901077,16.92937943,6.863192294,14.65566106,0.659409681,0.139985309,3863.280665,7.519971534,82.66761553,115.7409985,96.18252607,801.8555316,184.0334609,363.9594199,3.215624823,25.20123137,96.73931101,62.36754297
2019,Dara,As_Sanamayn,1,185,185,642.875,3475,0.126365387,2.232014688,684.7081778,16.89543552,180.1350323,1.464749006,30.99856142,436.994746,1,676.2522372,388.4676132,12967.8472,1,14.37105451,26.64717145,18.01089889,7.031254707,9.574718803,0.491343964,0.098163796,4051.622242,7.860602751,71.31324164,96.28398486,90.72741071,359.8634011,132.4975201,430.6093861,0.669011199,10.00010737,97.0805778,28.32124352
2019,Dara,As_Sanamayn,2,629,629,2040.31875,3243.75,0.126365387,2.232014688,684.7081778,16.89543552,180.1350323,1.464749006,30.99856142,436.994746,1,676.2522372,388.4676132,12967.8472,1,14.37105451,26.64717145,18.01089889,7.031254707,9.574718803,0.491343964,0.098163796,4051.622242,7.860602751,71.31324164,96.28398486,90.72741071,359.8634011,132.4975201,430.6093861,0.669011199,10.00010737,97.0805778,28.32124352
2019,Dara,As_Sanamayn,3,223,223,708.025,3175,0.126365387,2.232014688,684.7081778,16.89543552,180.1350323,1.464749006,30.99856142,436.994746,1,676.2522372,388.4676132,12967.8472,1,14.37105451,26.64717145,18.01089889,7.031254707,9.574718803,0.491343964,0.098163796,4051.622242,7.860602751,71.31324164,96.28398486,90.72741071,359.8634011,132.4975201,430.6093861,0.669011199,10.00010737,97.0805778,28.32124352
2019,Dara,As_Sanamayn,4,17,17,45.33333333,2666.666667,0.126365387,2.232014688,684.7081778,16.89543552,180.1350323,1.464749006,30.99856142,436.994746,1,676.2522372,388.4676132,12967.8472,1,14.37105451,26.64717145,18.01089889,7.031254707,9.574718803,0.491343964,0.098163796,4051.622242,7.860602751,71.31324164,96.28398486,90.72741071,359.8634011,132.4975201,430.6093861,0.669011199,10.00010737,97.0805778,28.32124352
2019,Dara,Dara,1,1916,1916,8335,4350.208768,0.151895403,2.467237111,693.3298796,17.76556105,247.890732,1.46774472,34.72026577,423.6944089,1,594.8481838,431.7575467,13075.0106,1,31.20078753,25.94829233,18.15973694,8.065464355,11.06174819,0.560217245,0.110610695,3901.662446,7.877365296,70.75449014,108.8296472,88.81375578,361.9061384,127.803691,442.0431636,0.879878166,12.29504118,96.23007462,40.20714807
2019,Dara,Dara,2,3368,3368,13472,4000,0.151895403,2.467237111,693.3298796,17.76556105,247.890732,1.46774472,34.72026577,423.6944089,1,594.8481838,431.7575467,13075.0106,1,31.20078753,25.94829233,18.15973694,8.065464355,11.06174819,0.560217245,0.110610695,3901.662446,7.877365296,70.75449014,108.8296472,88.81375578,361.9061384,127.803691,442.0431636,0.879878166,12.29504118,96.23007462,40.20714807
2019,Dara,Dara,3,36,36,108,3000,0.151895403,2.467237111,693.3298796,17.76556105,247.890732,1.46774472,34.72026577,423.6944089,1,594.8481838,431.7575467,13075.0106,1,31.20078753,25.94829233,18.15973694,8.065464355,11.06174819,0.560217245,0.110610695,3901.662446,7.877365296,70.75449014,108.8296472,88.81375578,361.9061384,127.803691,442.0431636,0.879878166,12.29504118,96.23007462,40.20714807
2019,Dara,Izra,1,931,931,3805.4625,4087.5,0.087018771,1.658654183,730.5388323,17.9963845,217.4263142,1.470306952,41.10287596,441.4595726,1,594.9833148,434.2951604,13029.12015,1,10.9531787,26.1835146,18.09600021,7.646600856,10.70536181,0.598043791,0.126544613,4058.364436,7.923266829,69.22443902,105.2922455,89.93934125,378.7584282,92.06481307,460.4442333,0.522892419,12.7609944,96.59428451,44.50057937
2019,Dara,Izra,2,778,778,2991.41,3845,0.087018771,1.658654183,730.5388323,17.9963845,217.4263142,1.470306952,41.10287596,441.4595726,1,594.9833148,434.2951604,13029.12015,1,10.9531787,26.1835146,18.09600021,7.646600856,10.70536181,0.598043791,0.126544613,4058.364436,7.923266829,69.22443902,105.2922455,89.93934125,378.7584282,92.06481307,460.4442333,0.522892419,12.7609944,96.59428451,44.50057937
2019,Dayr_Az_Zor,Abu_Kamal,5,583,583,1865,3198.97084,0.326690195,2.534252196,456.6364081,10.19223752,145.9024177,1.474952341,15.51213228,316.9541986,1,199.0450865,312.2965701,16083.0899,1,17.05196237,34.95855495,22.33762486,8.903564387,6.976273982,0.285158663,0.051785141,4479.237114,7.914785937,69.50713545,91.93096613,82.70358551,278.1455563,210.3167699,473.4703945,0.275403663,8.147721895,72.35642936,64.43444099
2019,Dayr_Az_Zor,Al_Mayadin,5,3486,3486,11155,3199.942628,0.846879854,4.706853339,380.3783669,8.657949785,106.9848781,1.464284982,15.16950876,321.6518012,1,284.7469964,345.7629914,15591.15555,1,13.44925992,33.88324696,21.65438271,8.49931863,7.881927538,0.262594913,0.0383688,4392.400012,7.935538403,68.81538657,80.96491381,81.54364746,233.7218908,226.8776377,452.2255759,0.231444592,7.050522461,76.26067023,65.76879408
2019,Dayr_Az_Zor,Dayr_Az_Zor,4,800,800,2560,3200,1.527438458,6.266817637,450.5345961,10.6926883,160.6562038,1.475571533,17.45613594,279.0580926,1,311.6110564,375.1494493,15204.90764,1,24.94088817,33.4042485,21.11792727,7.632522522,8.934109866,0.34566879,0.068371014,4212.482929,7.945084905,68.49716985,78.20352332,82.54290125,272.2396402,267.81461,453.5383851,0.441646162,7.406680906,79.32612988,59.82997528
2019,Dayr_Az_Zor,Dayr_Az_Zor,5,21109,21109,67550,3200.056848,1.527438458,6.266817637,450.5345961,10.6926883,160.6562038,1.475571533,17.45613594,279.0580926,1,311.6110564,375.1494493,15204.90764,1,24.94088817,33.4042485,21.11792727,7.632522522,8.934109866,0.34566879,0.068371014,4212.482929,7.945084905,68.49716985,78.20352332,82.54290125,272.2396402,267.81461,453.5383851,0.441646162,7.406680906,79.32612988,59.82997528
2019,Hama,Al_Ghab,1,45767,45767,141262,3086.547075,0.049595436,1.643165164,1809.837733,53.52371729,139.7759455,1.347860465,28.59829587,349.5799349,1,352.189296,921.8680202,12871.37971,1,139.7020723,26.41515541,17.87691627,7.293097794,27.2378979,0.723227677,0.128946083,3380.375257,6.782044179,92.73480597,99.34443711,111.9221485,897.7995326,280.5196852,361.9957542,4.508295663,42.21571718,97.84619277,35.28868661
2019,Hama,As_Salamiyeh,2,575,575,2716.875,4725,0.504159747,4.926087865,464.0834974,13.34736832,191.2833095,1.455325727,20.3416433,317.9445519,1,514.8899545,428.8372006,13556.25303,1,39.708665,28.62811597,18.8281292,7.143940085,12.33435113,0.562100949,0.125299223,3475.966293,7.805379097,73.15403011,77.80476317,92.64851605,239.0412412,260.9011364,420.1232357,0.788382027,9.040582617,92.41069026,29.78971963
2019,Hama,As_Salamiyeh,3,173,173,651.6333333,3766.666667,0.504159747,4.926087865,464.0834974,13.34736832,191.2833095,1.455325727,20.3416433,317.9445519,1,514.8899545,428.8372006,13556.25303,1,39.708665,28.62811597,18.8281292,7.143940085,12.33435113,0.562100949,0.125299223,3475.966293,7.805379097,73.15403011,77.80476317,92.64851605,239.0412412,260.9011364,420.1232357,0.788382027,9.040582617,92.41069026,29.78971963
2019,Hama,As_Salamiyeh,4,208,208,1352,6500,0.504159747,4.926087865,464.0834974,13.34736832,191.2833095,1.455325727,20.3416433,317.9445519,1,514.8899545,428.8372006,13556.25303,1,39.708665,28.62811597,18.8281292,7.143940085,12.33435113,0.562100949,0.125299223,3475.966293,7.805379097,73.15403011,77.80476317,92.64851605,239.0412412,260.9011364,420.1232357,0.788382027,9.040582617,92.41069026,29.78971963
2019,Hama,Hama,1,5965,5965,29079.375,4875,0.227677668,4.733216797,813.5649518,23.20506401,192.7904067,1.455316559,28.89107986,399.9433813,1,367.8882638,465.4612209,13818.08184,1,25.04294796,28.38143635,19.19178034,7.830479314,13.26410854,0.616048756,0.141737013,3504.980209,7.530149647,82.32834509,87.98103966,97.56844935,418.6968933,199.991121,385.7041579,0.890006436,18.48653952,90.33268379,22.43352601
2019,Hama,Hama,2,4066,4066,21312.61667,5241.666667,0.227677668,4.733216797,813.5649518,23.20506401,192.7904067,1.455316559,28.89107986,399.9433813,1,367.8882638,465.4612209,13818.08184,1,25.04294796,28.38143635,19.19178034,7.830479314,13.26410854,0.616048756,0.141737013,3504.980209,7.530149647,82.32834509,87.98103966,97.56844935,418.6968933,199.991121,385.7041579,0.890006436,18.48653952,90.33268379,22.43352601
2019,Hama,Hama,3,175,175,875,5000,0.227677668,4.733216797,813.5649518,23.20506401,192.7904067,1.455316559,28.89107986,399.9433813,1,367.8882638,465.4612209,13818.08184,1,25.04294796,28.38143635,19.19178034,7.830479314,13.26410854,0.616048756,0.141737013,3504.980209,7.530149647,82.32834509,87.98103966,97.56844935,418.6968933,199.991121,385.7041579,0.890006436,18.48653952,90.33268379,22.43352601
2019,Hama,Masyaf,1,257,257,386,1501.945525,0.076403686,1.92474214,1899.183687,53.72969464,150.0452924,1.353623889,29.44578727,387.4121925,1,532.6863029,805.2433944,12695.6566,1,139.1245061,26.01529999,17.6328564,7.368657337,22.72558957,0.638933574,0.095587283,3533.700318,6.889563149,96.31877164,101.4368649,104.1488609,1039.305557,261.5816804,350.4100182,3.339515959,38.59856987,99.2408206,5.952755906
2019,Hama,Muhradah,1,5652,5652,11292,1997.876858,0.05125136,1.195215355,1126.06863,32.2343058,210.5076775,1.449025265,33.05226761,439.5914949,1,254.483542,638.21744,13880.94554,1,22.9822089,27.98414854,19.27909103,8.252486608,18.27766364,0.702738259,0.160921403,3492.385701,7.358416593,88.05278024,96.46744634,102.5197626,580.8612788,196.6763121,347.9956241,0.787416154,25.49695415,89.83376553,10.50963597
2019,Idleb,Al_Jisr_Ash_Shu,1,1200,1200,1660,1383.333333,0.061795348,1.387996783,1639.031668,49.68257613,177.540447,1.380476929,27.89801472,304.6574213,1,349.3955892,662.7802192,13011.57552,1,101.3142959,26.70563194,18.07163267,7.418783557,20.08831586,0.617983455,0.106410921,3298.007008,6.711311118,90.37703725,104.0058286,113.9571576,816.5203237,309.262822,377.4719518,3.793157673,40.90641577,96.7335276,19.55376344
2019,Idleb,Al_Mara,2,380,380,600,1578.947368,0.219400577,2.789560748,964.0705953,28.16866944,161.5969773,1.44106543,30.50289991,387.8445436,1,426.7153644,474.1626953,13519.765,1,29.05957912,28.26483244,18.77745139,7.194626078,13.85047638,0.601515219,0.138269059,3421.492487,7.422356298,85.92145674,91.15500663,102.7485232,470.4377188,211.8633148,395.4624714,1.089096217,21.8826255,92.70027775,2.740740741
2019,Idleb,Al_Mara,3,180,180,460,2555.555556,0.219400577,2.789560748,964.0705953,28.16866944,161.5969773,1.44106543,30.50289991,387.8445436,1,426.7153644,474.1626953,13519.765,1,29.05957912,28.26483244,18.77745139,7.194626078,13.85047638,0.601515219,0.138269059,3421.492487,7.422356298,85.92145674,91.15500663,102.7485232,470.4377188,211.8633148,395.4624714,1.089096217,21.8826255,92.70027775,2.740740741
2019,Idleb,Ariha,1,700,700,980,1400,0.06189382,1.20144567,1287.979378,37.92600075,178.7756591,1.396585143,27.93576679,350.6523137,1,582.149967,523.0896975,12658.66826,1,87.67581128,26.8399934,17.5814837,6.40529139,15.4063644,0.507109123,0.092523649,3395.032677,7.15618642,94.79378601,101.8028848,107.9944741,643.9730396,264.1637633,380.2716742,2.592602428,31.56046909,99.53437887,35.35190616
2019,Idleb,Harim,1,450,450,625,1388.888889,0.076955511,1.744823344,1326.920463,39.36426031,208.4698796,1.397594182,27.2782689,356.5012631,1,400.6489695,548.0693453,13159.13655,1,91.8753057,27.69773043,18.27657854,6.996927931,16.27037023,0.533481044,0.094834923,3369.876152,7.125463716,95.81787612,86.8186678,117.2060117,656.7739174,243.3845318,396.2349649,3.52892128,34.93256475,95.56240835,7.104166667
2019,Idleb,Idleb,1,6300,6300,8800,1396.825397,0.125820372,2.188331063,1093.018604,31.47421692,133.1604544,1.441830046,29.96636028,396.7139838,1,349.4829207,528.6637581,13543.7509,1,18.66965742,28.20795276,18.81076515,7.366924624,15.21124426,0.596039063,0.132100925,3471.742808,7.363514149,87.8828617,91.27240352,106.2780643,540.4956023,201.4720497,378.6673336,0.928862474,24.86059375,92.50991346,24.08243728
2019,Idleb,Idleb,2,3010,3010,4730,1571.428571,0.125820372,2.188331063,1093.018604,31.47421692,133.1604544,1.441830046,29.96636028,396.7139838,1,349.4829207,528.6637581,13543.7509,1,18.66965742,28.20795276,18.81076515,7.366924624,15.21124426,0.596039063,0.132100925,3471.742808,7.363514149,87.8828617,91.27240352,106.2780643,540.4956023,201.4720497,378.6673336,0.928862474,24.86059375,92.50991346,24.08243728
2019,Idleb,Idleb,3,260,260,340,1307.692308,0.125820372,2.188331063,1093.018604,31.47421692,133.1604544,1.441830046,29.96636028,396.7139838,1,349.4829207,528.6637581,13543.7509,1,18.66965742,28.20795276,18.81076515,7.366924624,15.21124426,0.596039063,0.132100925,3471.742808,7.363514149,87.8828617,91.27240352,106.2780643,540.4956023,201.4720497,378.6673336,0.928862474,24.86059375,92.50991346,24.08243728
2019,Idleb,Khan_Shakhon,1,2100,2100,2935,1397.619048,0.125820372,2.188331063,1093.018604,31.47421692,133.1604544,1.441830046,29.96636028,396.7139838,1,349.4829207,528.6637581,13543.7509,1,18.66965742,28.20795276,18.81076515,7.366924624,15.21124426,0.596039063,0.132100925,3471.742808,7.363514149,87.8828617,91.27240352,106.2780643,540.4956023,201.4720497,378.6673336,0.928862474,24.86059375,92.50991346,24.08243728
2019,Idleb,Khan_Shakhon,2,430,430,670,1558.139535,0.125820372,2.188331063,1093.018604,31.47421692,133.1604544,1.441830046,29.96636028,396.7139838,1,349.4829207,528.6637581,13543.7509,1,18.66965742,28.20795276,18.81076515,7.366924624,15.21124426,0.596039063,0.132100925,3471.742808,7.363514149,87.8828617,91.27240352,106.2780643,540.4956023,201.4720497,378.6673336,0.928862474,24.86059375,92.50991346,24.08243728
2019,Raqqa,Raqqa,3,6800,6800,22100,3250,1.050201469,5.964680642,435.8101978,11.27081143,176.8215937,1.445777656,18.21052889,260.1565394,1,346.2123061,454.5102989,14541.2107,1,26.05879584,31.4866392,20.19612598,7.471828369,11.769926,0.509869274,0.101025737,3865.715369,7.943602406,68.54658646,72.64190031,89.75325824,250.218062,252.812006,466.2953785,0.418199141,7.517291598,84.59356584,89.8962532
2019,Raqqa,Raqqa,4,30000,30000,97500,3250,1.050201469,5.964680642,435.8101978,11.27081143,176.8215937,1.445777656,18.21052889,260.1565394,1,346.2123061,454.5102989,14541.2107,1,26.05879584,31.4866392,20.19612598,7.471828369,11.769926,0.509869274,0.101025737,3865.715369,7.943602406,68.54658646,72.64190031,89.75325824,250.218062,252.812006,466.2953785,0.418199141,7.517291598,84.59356584,89.8962532
2019,Raqqa,Raqqa,5,42700,42700,138775,3250,1.050201469,5.964680642,435.8101978,11.27081143,176.8215937,1.445777656,18.21052889,260.1565394,1,346.2123061,454.5102989,14541.2107,1,26.05879584,31.4866392,20.19612598,7.471828369,11.769926,0.509869274,0.101025737,3865.715369,7.943602406,68.54658646,72.64190031,89.75325824,250.218062,252.812006,466.2953785,0.418199141,7.517291598,84.59356584,89.8962532
2019,Raqqa,Tell_Abiad,2,20500,20500,66625,3250,0.478825179,3.735158564,685.0985994,17.54699796,188.9206138,1.450549568,27.03711738,400.1496788,1,371.821103,410.584065,14503.541,1,11.17783109,32.77834829,20.14380694,6.955663809,10.51888009,0.660890941,0.152317996,3903.363589,7.789701512,73.67661628,77.52978124,94.15651007,403.1294832,163.0030389,436.503596,0.353533461,11.88417515,84.89253176,33.28514589
2021,Al_Qunaytirah,Al_Qunaytirah,1,1482,1482,1513.122,1021,0.120668536,1.817203669,1190.438399,60.51033155,196.6396652,1.392797379,36.80800834,452.0421233,1,812.7813464,306.3988685,12544.95818,1,99.78962314,27.06412506,17.42355303,6.827551778,15.60876139,0.688225175,0.156337353,1966.330815,7.519971534,82.66761553,117.6088925,91.84773714,521.750944,184.0334609,363.9594199,3.215624823,25.20123137,99.56316018,62.36754297
2021,Aleppo,Afrin,1,1500,1500,4500,3000,0.194810459,2.230856022,812.7801541,43.5068371,184.8305861,1.371035123,25.51170824,404.3181051,1,493.5760545,228.8836268,12827.81351,1,89.965976,28.99220221,17.81640766,5.925855933,12.26186942,0.457395755,0.068691389,1867.166496,7.198506433,93.3831189,96.81010336,103.4673816,410.4784793,192.8950466,401.4796676,3.206478872,32.26458622,98.19195623,72.67440361
2021,Aleppo,Ain_Al_Arab,2,4000,4000,8000,2000,0.285146327,2.615456939,548.8988398,26.72549994,180.1352135,1.344070296,29.15984317,412.5287694,1,457.6511594,146.3198511,14074.54156,1,40.7417743,32.89283826,19.54797439,6.423076992,7.136254745,0.546729786,0.10729501,2052.83937,7.452704986,84.90983381,98.36565352,88.17229603,240.8623842,160.737883,374.9119357,1.026508894,16.80178945,88.29728918,86.06697787
2021,Aleppo,Ain_Al_Arab,3,2000,2000,4000,2000,0.285146327,2.615456939,548.8988398,26.72549994,180.1352135,1.344070296,29.15984317,412.5287694,1,457.6511594,146.3198511,14074.54156,1,40.7417743,32.89283826,19.54797439,6.423076992,7.136254745,0.546729786,0.10729501,2052.83937,7.452704986,84.90983381,98.36565352,88.17229603,240.8623842,160.737883,374.9119357,1.026508894,16.80178945,88.29728918,86.06697787
2021,Aleppo,Al_Atareb,1,1260,1260,69.363,55.05,0.320135248,3.90953411,503.7984253,26.68756857,185.7492815,1.399045613,26.85095306,367.0160671,1,348.6130778,190.638697,13966.93195,1,24.0041333,30.2227558,19.3985166,7.387335479,10.1008622,0.498172321,0.100538479,1886.764425,7.511498758,82.95004141,101.0262096,86.36808829,241.7776998,183.2856532,401.209007,0.780531933,17.98196178,89.1513337,28.18423019
2021,Aleppo,Al_Bab,1,100,100,200,2000,0.223794265,2.70647827,456.1221997,23.65556273,171.3158859,1.361738999,28.32570189,404.137529,1,440.5998951,186.6692455,13803.20516,1,12.48017986,30.87920741,19.17111828,6.794029583,9.709641445,0.492798436,0.106069874,1927.181566,7.526863486,82.4378838,107.8694134,86.4284589,225.1725054,172.3288421,394.8106379,0.536196258,18.97472913,90.4507527,57.38811081
2021,Aleppo,Al_Bab,2,3380,3380,4921.28,1456,0.223794265,2.70647827,456.1221997,23.65556273,171.3158859,1.361738999,28.32570189,404.137529,1,440.5998951,186.6692455,13803.20516,1,12.48017986,30.87920741,19.17111828,6.794029583,9.709641445,0.492798436,0.106069874,1927.181566,7.526863486,82.4378838,107.8694134,86.4284589,225.1725054,172.3288421,394.8106379,0.536196258,18.97472913,90.4507527,57.38811081
2021,Aleppo,As_Safira,2,4000,4000,10500,2625,0.226229514,2.727688396,365.4364209,18.99467347,194.0542344,1.456944439,23.81607607,339.9130212,1,386.7828001,169.1879108,14136.27859,1,58.56984464,30.75788449,19.63372027,7.358905664,8.817437254,0.459965055,0.09129485,1922.888934,7.634697244,78.8434252,101.0504057,74.93125937,166.0503952,209.796782,447.6738108,1.021027812,12.3940763,87.80731274,61.3127161
2021,Aleppo,As_Safira,3,4054,4054,11655.25,2875,0.226229514,2.727688396,365.4364209,18.99467347,194.0542344,1.456944439,23.81607607,339.9130212,1,386.7828001,169.1879108,14136.27859,1,58.56984464,30.75788449,19.63372027,7.358905664,8.817437254,0.459965055,0.09129485,1922.888934,7.634697244,78.8434252,101.0504057,74.93125937,166.0503952,209.796782,447.6738108,1.021027812,12.3940763,87.80731274,61.3127161
2021,Aleppo,As_Safira,4,150,150,341.25,2275,0.226229514,2.727688396,365.4364209,18.99467347,194.0542344,1.456944439,23.81607607,339.9130212,1,386.7828001,169.1879108,14136.27859,1,58.56984464,30.75788449,19.63372027,7.358905664,8.817437254,0.459965055,0.09129485,1922.888934,7.634697244,78.8434252,101.0504057,74.93125937,166.0503952,209.796782,447.6738108,1.021027812,12.3940763,87.80731274,61.3127161
2021,Aleppo,Azaz,1,3670,3670,14985.83333,4083.333333,0.121728487,2.146811382,568.902204,29.15380091,180.5676029,1.396196968,30.36538609,429.7996425,1,481.8095159,230.310165,13343.3562,1,12.33630082,30.07535013,18.53243916,6.239893022,11.80937752,0.624811954,0.135857648,1950.38262,7.471901984,84.26993387,103.8573137,92.64218858,295.8411934,165.5478602,396.9674719,0.559398203,24.25735487,94.10034763,30.7875817
2021,Aleppo,Azaz,2,741,741,2778.75,3750,0.121728487,2.146811382,568.902204,29.15380091,180.5676029,1.396196968,30.36538609,429.7996425,1,481.8095159,230.310165,13343.3562,1,12.33630082,30.07535013,18.53243916,6.239893022,11.80937752,0.624811954,0.135857648,1950.38262,7.471901984,84.26993387,103.8573137,92.64218858,295.8411934,165.5478602,396.9674719,0.559398203,24.25735487,94.10034763,30.7875817
2021,Aleppo,Der_Hafer,2,280,280,711.2,2540,0.320135248,3.90953411,503.7984253,26.68756857,185.7492815,1.399045613,26.85095306,367.0160671,1,348.6130778,190.638697,13966.93195,1,24.0041333,30.2227558,19.3985166,7.387335479,10.1008622,0.498172321,0.100538479,1886.764425,7.511498758,82.95004141,101.0262096,86.36808829,241.7776998,183.2856532,401.209007,0.780531933,17.98196178,89.1513337,28.18423019
2021,Aleppo,Der_Hafer,3,9853,9853,23942.79,2430,0.320135248,3.90953411,503.7984253,26.68756857,185.7492815,1.399045613,26.85095306,367.0160671,1,348.6130778,190.638697,13966.93195,1,24.0041333,30.2227558,19.3985166,7.387335479,10.1008622,0.498172321,0.100538479,1886.764425,7.511498758,82.95004141,101.0262096,86.36808829,241.7776998,183.2856532,401.209007,0.780531933,17.98196178,89.1513337,28.18423019
2021,Aleppo,Der_Hafer,4,4220,4220,9769.3,2315,0.320135248,3.90953411,503.7984253,26.68756857,185.7492815,1.399045613,26.85095306,367.0160671,1,348.6130778,190.638697,13966.93195,1,24.0041333,30.2227558,19.3985166,7.387335479,10.1008622,0.498172321,0.100538479,1886.764425,7.511498758,82.95004141,101.0262096,86.36808829,241.7776998,183.2856532,401.209007,0.780531933,17.98196178,89.1513337,28.18423019
2021,Aleppo,Jarablus,2,89,89,356,4000,0.056313267,1.389591551,528.5313829,27.03855416,123.911363,1.374076188,31.59740814,433.9335195,1,453.0262094,165.4009336,13743.79891,1,19.54434174,32.37822764,19.0886096,6.109471132,8.470922933,0.477272887,0.092321221,1953.732416,7.473535251,84.21549162,102.281526,93.79377091,252.9893217,151.8135123,395.6820817,0.731704106,17.89025411,90.92223087,86.86344794
2021,Aleppo,Jebel_Saman,1,7195,7195,8644.7925,1201.5,0.320135248,3.90953411,503.7984253,26.68756857,185.7492815,1.399045613,26.85095306,367.0160671,1,348.6130778,190.638697,13966.93195,1,24.0041333,30.2227558,19.3985166,7.387335479,10.1008622,0.498172321,0.100538479,1886.764425,7.511498758,82.95004141,101.0262096,86.36808829,241.7776998,183.2856532,401.209007,0.780531933,17.98196178,89.1513337,28.18423019
2021,Aleppo,Jebel_Saman,2,24364,24364,67853.74,2785,0.320135248,3.90953411,503.7984253,26.68756857,185.7492815,1.399045613,26.85095306,367.0160671,1,348.6130778,190.638697,13966.93195,1,24.0041333,30.2227558,19.3985166,7.387335479,10.1008622,0.498172321,0.100538479,1886.764425,7.511498758,82.95004141,101.0262096,86.36808829,241.7776998,183.2856532,401.209007,0.780531933,17.98196178,89.1513337,28.18423019
2021,Aleppo,Jebel_Saman,3,4339,4339,5567.270769,1283.076923,0.320135248,3.90953411,503.7984253,26.68756857,185.7492815,1.399045613,26.85095306,367.0160671,1,348.6130778,190.638697,13966.93195,1,24.0041333,30.2227558,19.3985166,7.387335479,10.1008622,0.498172321,0.100538479,1886.764425,7.511498758,82.95004141,101.0262096,86.36808829,241.7776998,183.2856532,401.209007,0.780531933,17.98196178,89.1513337,28.18423019
2021,Aleppo,Jebel_Saman,4,810,810,951.75,1175,0.320135248,3.90953411,503.7984253,26.68756857,185.7492815,1.399045613,26.85095306,367.0160671,1,348.6130778,190.638697,13966.93195,1,24.0041333,30.2227558,19.3985166,7.387335479,10.1008622,0.498172321,0.100538479,1886.764425,7.511498758,82.95004141,101.0262096,86.36808829,241.7776998,183.2856532,401.209007,0.780531933,17.98196178,89.1513337,28.18423019
2021,Aleppo,Menbij,2,6163,6163,16177.875,2625,0.476099108,4.018173677,379.3977081,19.39792258,173.279788,1.406754586,24.018397,332.4689528,1,397.1956572,161.7771646,14207.50269,1,17.60715977,31.5975419,19.73264263,7.179223207,8.281374119,0.448284958,0.090014966,1954.86773,7.618434657,79.38551142,97.4232625,81.92265331,168.1178748,198.2878033,437.4207931,0.49517755,12.11218955,87.24204213,92.68040719
2021,Aleppo,Menbij,3,5470,5470,16136.5,2950,0.476099108,4.018173677,379.3977081,19.39792258,173.279788,1.406754586,24.018397,332.4689528,1,397.1956572,161.7771646,14207.50269,1,17.60715977,31.5975419,19.73264263,7.179223207,8.281374119,0.448284958,0.090014966,1954.86773,7.618434657,79.38551142,97.4232625,81.92265331,168.1178748,198.2878033,437.4207931,0.49517755,12.11218955,87.24204213,92.68040719
2021,Aleppo,Menbij,4,16318,16318,55036.16364,3372.727273,0.476099108,4.018173677,379.3977081,19.39792258,173.279788,1.406754586,24.018397,332.4689528,1,397.1956572,161.7771646,14207.50269,1,17.60715977,31.5975419,19.73264263,7.179223207,8.281374119,0.448284958,0.090014966,1954.86773,7.618434657,79.38551142,97.4232625,81.92265331,168.1178748,198.2878033,437.4207931,0.49517755,12.11218955,87.24204213,92.68040719
2021,Aleppo,Menbij,5,2065,2065,4336.5,2100,0.476099108,4.018173677,379.3977081,19.39792258,173.279788,1.406754586,24.018397,332.4689528,1,397.1956572,161.7771646,14207.50269,1,17.60715977,31.5975419,19.73264263,7.179223207,8.281374119,0.448284958,0.090014966,1954.86773,7.618434657,79.38551142,97.4232625,81.92265331,168.1178748,198.2878033,437.4207931,0.49517755,12.11218955,87.24204213,92.68040719
2021,As_Suweida,As_Suwayda,1,153.7,153.7,230.55,1500,0.245068348,2.898837435,357.8845721,16.01618795,164.7488635,1.44067499,22.83274428,379.7186382,1,936.6083153,145.8993242,13174.91368,1,132.549277,29.03096479,18.29849122,6.122346431,6.576652165,0.311242649,0.047667068,2233.517809,7.882238542,70.59204861,94.9815597,79.27144021,161.4338685,218.1895834,401.1968401,1.365785859,8.704768714,95.43719305,36.89205703
2021,As_Suweida,As_Suwayda,2,584.6,584.6,701.52,1200,0.245068348,2.898837435,357.8845721,16.01618795,164.7488635,1.44067499,22.83274428,379.7186382,1,936.6083153,145.8993242,13174.91368,1,132.549277,29.03096479,18.29849122,6.122346431,6.576652165,0.311242649,0.047667068,2233.517809,7.882238542,70.59204861,94.9815597,79.27144021,161.4338685,218.1895834,401.1968401,1.365785859,8.704768714,95.43719305,36.89205703
2021,As_Suweida,Salkhad,2,47,47,47,1000,0.19678529,2.476461818,358.307305,15.96140234,175.7154581,1.445399312,22.89129271,345.5826409,1,1096.653045,142.4051054,12872.9696,1,151.5089895,28.63397936,17.87912445,5.538857193,6.383277307,0.288903501,0.041562974,2243.835995,7.899676731,70.01077564,100.43967,76.65328899,159.480467,268.1481021,387.011929,1.285466681,8.340411369,97.83357457,38.32058288
2021,As_Suweida,Shahba,2,139,139,208.5,1500,0.197527256,2.191659403,375.7193434,17.42185961,172.1533402,1.451189377,19.92857504,355.5120454,1,812.086703,142.5659291,13361.44865,1,62.52582608,29.04907511,18.55756757,6.570690386,6.626621192,0.315640029,0.050838479,2155.59724,7.921607895,69.27973685,93.81938415,79.83092665,167.0795517,217.4198839,427.8247932,0.996377189,7.542191094,93.95675674,8.194029851
2021,As_Suweida,Shahba,3,21,21,31.5,1500,0.197527256,2.191659403,375.7193434,17.42185961,172.1533402,1.451189377,19.92857504,355.5120454,1,812.086703,142.5659291,13361.44865,1,62.52582608,29.04907511,18.55756757,6.570690386,6.626621192,0.315640029,0.050838479,2155.59724,7.921607895,69.27973685,93.81938415,79.83092665,167.0795517,217.4198839,427.8247932,0.996377189,7.542191094,93.95675674,8.194029851
2021,Damascus,Al_Ghutta,3,2005,2005,4786.9375,2387.5,0.011843117,0.558468679,450.0704485,22.94107336,106.1618312,1.291118521,15.97295861,315.6253218,1,651.6936639,202.6873932,13182.88537,1,6.349500264,29.3490235,18.30956301,6.153902153,10.35031856,0.479157044,0.070758799,1960.854362,7.702316985,76.58943385,99.72480524,79.56870392,214.9145319,178.6231764,388.861443,0.350493747,15.36100502,95.37392567,4.8
2021,Damascus,Al_Ghutta,4,114.8,114.8,537.838,4685,0.011843117,0.558468679,450.0704485,22.94107336,106.1618312,1.291118521,15.97295861,315.6253218,1,651.6936639,202.6873932,13182.88537,1,6.349500264,29.3490235,18.30956301,6.153902153,10.35031856,0.479157044,0.070758799,1960.854362,7.702316985,76.58943385,99.72480524,79.56870392,214.9145319,178.6231764,388.861443,0.350493747,15.36100502,95.37392567,4.8
2021,Damascus,Al_Ghutta,5,1224.05,1224.05,2723.51125,2225,0.011843117,0.558468679,450.0704485,22.94107336,106.1618312,1.291118521,15.97295861,315.6253218,1,651.6936639,202.6873932,13182.88537,1,6.349500264,29.3490235,18.30956301,6.153902153,10.35031856,0.479157044,0.070758799,1960.854362,7.702316985,76.58943385,99.72480524,79.56870392,214.9145319,178.6231764,388.861443,0.350493747,15.36100502,95.37392567,4.8
2021,Damascus,Al_Qutayfah,3,10,10,7.02,702,0.165290463,2.05625535,292.1667636,14.43255663,195.5281875,1.44431954,15.13843505,319.6985667,1,995.3053148,166.396816,12424.82394,1,127.2432106,28.71204466,17.25669992,4.348497993,8.243818626,0.242478119,0.036701264,2023.359032,7.89758494,70.08050201,79.94606087,74.42084102,134.0605824,244.8824899,435.20357,2.859481548,8.87439493,98.6097138,2.858974359
2021,Damascus,Al_Qutayfah,4,6.9,6.9,3.86055,559.5,0.165290463,2.05625535,292.1667636,14.43255663,195.5281875,1.44431954,15.13843505,319.6985667,1,995.3053148,166.396816,12424.82394,1,127.2432106,28.71204466,17.25669992,4.348497993,8.243818626,0.242478119,0.036701264,2023.359032,7.89758494,70.08050201,79.94606087,74.42084102,134.0605824,244.8824899,435.20357,2.859481548,8.87439493,98.6097138,2.858974359
2021,Damascus,Al_Qutayfah,5,321.5,321.5,347.7424375,1081.625,0.165290463,2.05625535,292.1667636,14.43255663,195.5281875,1.44431954,15.13843505,319.6985667,1,995.3053148,166.396816,12424.82394,1,127.2432106,28.71204466,17.25669992,4.348497993,8.243818626,0.242478119,0.036701264,2023.359032,7.89758494,70.08050201,79.94606087,74.42084102,134.0605824,244.8824899,435.20357,2.859481548,8.87439493,98.6097138,2.858974359
2021,Damascus,An_Nabk,2,2,2,5.265,2632.5,0.109668581,1.50691639,338.7021895,16.02105709,155.3219186,1.425568843,17.53600335,278.9022471,1,1377.627627,151.3066573,10989.93543,1,210.038337,26.33664115,15.26272149,2.472051417,7.160679239,0.22590007,0.03070304,2113.106376,7.786512673,73.78291091,83.74867138,80.70503385,145.0152337,316.1138341,404.2577387,3.567828626,9.921132736,87.21555139,5.130434783
2021,Damascus,An_Nabk,3,10,10,22.5,2250,0.109668581,1.50691639,338.7021895,16.02105709,155.3219186,1.425568843,17.53600335,278.9022471,1,1377.627627,151.3066573,10989.93543,1,210.038337,26.33664115,15.26272149,2.472051417,7.160679239,0.22590007,0.03070304,2113.106376,7.786512673,73.78291091,83.74867138,80.70503385,145.0152337,316.1138341,404.2577387,3.567828626,9.921132736,87.21555139,5.130434783
2021,Damascus,An_Nabk,4,31,31,131.75,4250,0.109668581,1.50691639,338.7021895,16.02105709,155.3219186,1.425568843,17.53600335,278.9022471,1,1377.627627,151.3066573,10989.93543,1,210.038337,26.33664115,15.26272149,2.472051417,7.160679239,0.22590007,0.03070304,2113.106376,7.786512673,73.78291091,83.74867138,80.70503385,145.0152337,316.1138341,404.2577387,3.567828626,9.921132736,87.21555139,5.130434783
2021,Damascus,At_Tall,2,4,4,2.985,746.25,0.044028509,1.064884239,666.2601559,33.6153169,162.1199029,1.40030382,25.61268638,363.9933535,1,1466.66102,194.7829215,10359.95888,1,145.3541383,25.40456568,14.38731994,2.355721228,9.831155914,0.281505772,0.048287323,1981.01361,7.636543834,78.78187219,94.4114144,86.72934942,312.066443,274.0306517,362.7005117,3.630504348,17.15543139,82.21325678,1.666666667
2021,Damascus,At_Tall,3,3,3,1.63125,543.75,0.044028509,1.064884239,666.2601559,33.6153169,162.1199029,1.40030382,25.61268638,363.9933535,1,1466.66102,194.7829215,10359.95888,1,145.3541383,25.40456568,14.38731994,2.355721228,9.831155914,0.281505772,0.048287323,1981.01361,7.636543834,78.78187219,94.4114144,86.72934942,312.066443,274.0306517,362.7005117,3.630504348,17.15543139,82.21325678,1.666666667
2021,Damascus,Az_Zabdani,1,204,204,576.3,2825,0.060455564,1.268423947,906.7605933,45.26033243,181.4811797,1.350758075,29.73442299,406.6926124,1,1549.684822,239.6921317,10199.002,1,364.1754447,24.70365635,14.16484872,2.454036244,12.00344619,0.346216023,0.060902902,2002.433348,7.486507827,83.78307244,104.7677555,92.08773161,415.6757188,271.265393,322.8236739,6.230150135,23.98346865,80.94199266,59.03225806
2021,Damascus,Darayya,3,108.4,108.4,201.624,1860,0.012423869,0.610406653,518.2156905,26.04040104,92.7628682,1.315842328,23.5269942,377.8860652,1,680.7773842,181.6026536,12882.98928,1,9.388939721,28.57844429,17.89304067,5.944187328,9.152159763,0.438538218,0.089669193,1989.044968,7.775299427,74.15668578,100.3638493,81.62156583,250.068904,142.5483663,397.8240084,0.699756804,11.61850321,97.75405331,3.25
2021,Damascus,Darayya,4,193.6,193.6,486.42,2512.5,0.012423869,0.610406653,518.2156905,26.04040104,92.7628682,1.315842328,23.5269942,377.8860652,1,680.7773842,181.6026536,12882.98928,1,9.388939721,28.57844429,17.89304067,5.944187328,9.152159763,0.438538218,0.089669193,1989.044968,7.775299427,74.15668578,100.3638493,81.62156583,250.068904,142.5483663,397.8240084,0.699756804,11.61850321,97.75405331,3.25
2021,Damascus,Darayya,5,325.3,325.3,716.2021667,2201.666667,0.012423869,0.610406653,518.2156905,26.04040104,92.7628682,1.315842328,23.5269942,377.8860652,1,680.7773842,181.6026536,12882.98928,1,9.388939721,28.57844429,17.89304067,5.944187328,9.152159763,0.438538218,0.089669193,1989.044968,7.775299427,74.15668578,100.3638493,81.62156583,250.068904,142.5483663,397.8240084,0.699756804,11.61850321,97.75405331,3.25
2021,Damascus,Duma,4,48.3,48.3,103.845,2150,1.143833319,5.36296028,251.4342722,11.31806849,183.2223843,1.439790063,15.24508473,435.0312031,1,671.3370843,132.843138,13979.46879,1,24.50940844,30.78660398,19.41592887,6.605203392,6.182849968,0.176654696,0.019146412,2220.529869,7.9788694,67.37102002,93.21595564,68.24465346,117.4614045,156.4332399,408.6870532,0.494037748,7.515456491,89.051835,20.17542504
2021,Damascus,Duma,5,10318.6,10318.6,22184.99,2150,1.143833319,5.36296028,251.4342722,11.31806849,183.2223843,1.439790063,15.24508473,435.0312031,1,671.3370843,132.843138,13979.46879,1,24.50940844,30.78660398,19.41592887,6.605203392,6.182849968,0.176654696,0.019146412,2220.529869,7.9788694,67.37102002,93.21595564,68.24465346,117.4614045,156.4332399,408.6870532,0.494037748,7.515456491,89.051835,20.17542504
2021,Damascus,Qatana,1,1028.9,1028.9,3902.6177,3793,0.093841203,1.750152374,843.1473921,41.81821222,126.6999471,1.390187794,33.83029859,446.2725683,1,1076.168708,220.1658608,11678.46861,1,134.8032696,26.56186007,16.22009529,4.846192159,10.94592807,0.452169658,0.088772793,2015.220559,7.631263536,78.95788213,106.9797628,88.51031589,383.2066397,198.523565,355.7564594,3.240654984,17.95975534,92.68625879,10.25471698
2021,Damascus,Qatana,2,2658.25,2658.25,11563.3875,4350,0.093841203,1.750152374,843.1473921,41.81821222,126.6999471,1.390187794,33.83029859,446.2725683,1,1076.168708,220.1658608,11678.46861,1,134.8032696,26.56186007,16.22009529,4.846192159,10.94592807,0.452169658,0.088772793,2015.220559,7.631263536,78.95788213,106.9797628,88.51031589,383.2066397,198.523565,355.7564594,3.240654984,17.95975534,92.68625879,10.25471698
2021,Damascus,Qatana,3,496.2,496.2,998.6025,2012.5,0.093841203,1.750152374,843.1473921,41.81821222,126.6999471,1.390187794,33.83029859,446.2725683,1,1076.168708,220.1658608,11678.46861,1,134.8032696,26.56186007,16.22009529,4.846192159,10.94592807,0.452169658,0.088772793,2015.220559,7.631263536,78.95788213,106.9797628,88.51031589,383.2066397,198.523565,355.7564594,3.240654984,17.95975534,92.68625879,10.25471698
2021,Damascus,Yabrud,2,13,13,40.1375,3087.5,0.055958524,1.256549001,725.6776807,37.13209004,151.1400992,1.388098698,24.46438451,298.4432339,1,1851.02324,212.4754149,9243.009178,1,231.2609004,23.89381824,12.82634904,0.405201621,10.87261278,0.233330689,0.044980183,1953.314125,7.507783175,83.07389417,100.9427245,86.47724946,330.1083178,327.2389854,375.052399,3.28542421,18.12267988,73.2934231,3.666666667
2021,Damascus,Yabrud,3,5,5,9.75,1950,0.055958524,1.256549001,725.6776807,37.13209004,151.1400992,1.388098698,24.46438451,298.4432339,1,1851.02324,212.4754149,9243.009178,1,231.2609004,23.89381824,12.82634904,0.405201621,10.87261278,0.233330689,0.044980183,1953.314125,7.507783175,83.07389417,100.9427245,86.47724946,330.1083178,327.2389854,375.052399,3.28542421,18.12267988,73.2934231,3.666666667
2021,Dara,As_Sanamayn,1,250,250,612.5,2450,0.126365387,2.232014688,522.0390591,24.7900969,180.1350323,1.464749006,30.99856142,436.994746,1,676.2522372,168.4373285,13227.11858,1,14.37105451,28.48524982,18.37099803,6.835711475,8.00135289,0.476744581,0.099930079,2104.837106,7.860602751,71.31324164,102.0790113,79.27293743,239.1011593,132.4975201,430.6093861,0.669011199,10.00010737,95.0228684,28.32124352
2021,Dara,As_Sanamayn,2,576,576,1360.8,2362.5,0.126365387,2.232014688,522.0390591,24.7900969,180.1350323,1.464749006,30.99856142,436.994746,1,676.2522372,168.4373285,13227.11858,1,14.37105451,28.48524982,18.37099803,6.835711475,8.00135289,0.476744581,0.099930079,2104.837106,7.860602751,71.31324164,102.0790113,79.27293743,239.1011593,132.4975201,430.6093861,0.669011199,10.00010737,95.0228684,28.32124352
2021,Dara,As_Sanamayn,3,259,259,473.97,1830,0.126365387,2.232014688,522.0390591,24.7900969,180.1350323,1.464749006,30.99856142,436.994746,1,676.2522372,168.4373285,13227.11858,1,14.37105451,28.48524982,18.37099803,6.835711475,8.00135289,0.476744581,0.099930079,2104.837106,7.860602751,71.31324164,102.0790113,79.27293743,239.1011593,132.4975201,430.6093861,0.669011199,10.00010737,95.0228684,28.32124352
2021,Dara,As_Sanamayn,4,54,54,85.725,1587.5,0.126365387,2.232014688,522.0390591,24.7900969,180.1350323,1.464749006,30.99856142,436.994746,1,676.2522372,168.4373285,13227.11858,1,14.37105451,28.48524982,18.37099803,6.835711475,8.00135289,0.476744581,0.099930079,2104.837106,7.860602751,71.31324164,102.0790113,79.27293743,239.1011593,132.4975201,430.6093861,0.669011199,10.00010737,95.0228684,28.32124352
2021,Dara,Dara,1,2706,2706,6880.005,2542.5,0.151895403,2.467237111,513.6262313,25.07472963,247.890732,1.46774472,34.72026577,423.6944089,1,594.8481838,195.210775,13256.05476,1,31.20078753,27.999984,18.41118717,7.556893503,9.550719714,0.533626971,0.098105657,2047.381932,7.877365296,70.75449014,110.3338401,77.34848071,223.3588478,127.803691,442.0431636,0.879878166,12.29504118,94.79321615,40.20714807
2021,Dara,Dara,2,3926,3926,9684.133333,2466.666667,0.151895403,2.467237111,513.6262313,25.07472963,247.890732,1.46774472,34.72026577,423.6944089,1,594.8481838,195.210775,13256.05476,1,31.20078753,27.999984,18.41118717,7.556893503,9.550719714,0.533626971,0.098105657,2047.381932,7.877365296,70.75449014,110.3338401,77.34848071,223.3588478,127.803691,442.0431636,0.879878166,12.29504118,94.79321615,40.20714807
2021,Dara,Dara,3,137,137,218.5424,1595.2,0.151895403,2.467237111,513.6262313,25.07472963,247.890732,1.46774472,34.72026577,423.6944089,1,594.8481838,195.210775,13256.05476,1,31.20078753,27.999984,18.41118717,7.556893503,9.550719714,0.533626971,0.098105657,2047.381932,7.877365296,70.75449014,110.3338401,77.34848071,223.3588478,127.803691,442.0431636,0.879878166,12.29504118,94.79321615,40.20714807
2021,Dara,Izra,1,1437,1437,3544.6,2466.666667,0.087018771,1.658654183,549.0307964,26.0767942,217.4263142,1.470306952,41.10287596,441.4595726,1,594.9833148,196.5817156,13220.7468,1,10.9531787,28.17714292,18.36214834,7.317419128,9.352082653,0.568913734,0.119901455,2104.438238,7.923266829,69.22443902,107.5445188,78.17238419,238.8742401,92.06481307,460.4442333,0.522892419,12.7609944,95.07343806,44.50057937
2021,Dara,Izra,2,1155,1155,2400.552,2078.4,0.087018771,1.658654183,549.0307964,26.0767942,217.4263142,1.470306952,41.10287596,441.4595726,1,594.9833148,196.5817156,13220.7468,1,10.9531787,28.17714292,18.36214834,7.317419128,9.352082653,0.568913734,0.119901455,2104.438238,7.923266829,69.22443902,107.5445188,78.17238419,238.8742401,92.06481307,460.4442333,0.522892419,12.7609944,95.07343806,44.50057937
2021,Dayr_Az_Zor,Abu_Kamal,5,8821,8821,23089,2617.503684,0.326690195,2.534252196,276.394693,11.45412038,145.9024177,1.474952341,15.51213228,316.9541986,1,199.0450865,128.1910468,16374.69623,1,17.05196237,35.93644626,22.74263365,8.625814176,5.336450965,0.193397299,0.022041255,2412.05909,7.914785937,69.50713545,98.58575263,67.45506507,123.7892744,210.3167699,473.4703945,0.275403663,8.147721895,70.04209343,64.43444099
2021,Dayr_Az_Zor,Al_Mayadin,5,9560,9560,27174,2842.468619,0.846879854,4.706853339,246.2035116,10.62078276,106.9848781,1.464284982,15.16950876,321.6518012,1,284.7469964,159.4289112,15893.91361,1,13.44925992,34.93612242,22.07488002,8.259148119,6.907091927,0.168682591,0.014840848,2317.129625,7.935538403,68.81538657,94.69725817,69.21531054,109.893155,226.8776377,452.2255759,0.231444592,7.050522461,73.85782847,65.76879408
2021,Dayr_Az_Zor,Dayr_Az_Zor,4,932,932,2717,2915.236052,1.527438458,6.266817637,293.1347627,12.99925726,160.6562038,1.475571533,17.45613594,279.0580926,1,311.6110564,154.4318194,15497.0282,1,24.94088817,34.55514746,21.52365028,7.699535994,6.882230133,0.246559985,0.034964535,2254.011628,7.945084905,68.49716985,93.10711365,72.83182114,114.8556782,267.81461,453.5383851,0.441646162,7.406680906,77.00771266,59.82997528
2021,Dayr_Az_Zor,Dayr_Az_Zor,5,37963,37963,110623,2913.968864,1.527438458,6.266817637,293.1347627,12.99925726,160.6562038,1.475571533,17.45613594,279.0580926,1,311.6110564,154.4318194,15497.0282,1,24.94088817,34.55514746,21.52365028,7.699535994,6.882230133,0.246559985,0.034964535,2254.011628,7.945084905,68.49716985,93.10711365,72.83182114,114.8556782,267.81461,453.5383851,0.441646162,7.406680906,77.00771266,59.82997528
2021,Hama,Al_Ghab,1,42170,42170,98060,2325.349775,0.049595436,1.643165164,1171.570073,66.54393537,139.7759455,1.347860465,28.59829587,349.5799349,1,352.189296,437.1415685,12895.66777,1,139.7020723,27.58696078,17.91064969,7.482278585,24.82553502,0.725737733,0.129095583,1759.596314,6.782044179,92.73480597,109.5506159,107.3347801,526.7130404,280.5196852,361.9957542,4.508295663,42.21571718,97.65343036,35.28868661
2021,Hama,As_Salamiyeh,2,1187,1187,943.665,795,0.504159747,4.926087865,325.8842034,17.58285217,191.2833095,1.455325727,20.3416433,317.9445519,1,514.8899545,175.5945845,13738.83769,1,39.708665,29.94045969,19.08171902,6.826047976,9.480063342,0.37743516,0.07328957,1852.420596,7.805379097,73.15403011,90.50766996,75.81872,145.018915,260.9011364,420.1232357,0.788382027,9.040582617,90.96160563,29.78971963
2021,Hama,As_Salamiyeh,3,516,516,580.285,1124.583333,0.504159747,4.926087865,325.8842034,17.58285217,191.2833095,1.455325727,20.3416433,317.9445519,1,514.8899545,175.5945845,13738.83769,1,39.708665,29.94045969,19.08171902,6.826047976,9.480063342,0.37743516,0.07328957,1852.420596,7.805379097,73.15403011,90.50766996,75.81872,145.018915,260.9011364,420.1232357,0.788382027,9.040582617,90.96160563,29.78971963
2021,Hama,As_Salamiyeh,4,400,400,378.8571429,947.1428571,0.504159747,4.926087865,325.8842034,17.58285217,191.2833095,1.455325727,20.3416433,317.9445519,1,514.8899545,175.5945845,13738.83769,1,39.708665,29.94045969,19.08171902,6.826047976,9.480063342,0.37743516,0.07328957,1852.420596,7.805379097,73.15403011,90.50766996,75.81872,145.018915,260.9011364,420.1232357,0.788382027,9.040582617,90.96160563,29.78971963
2021,Hama,Hama,1,5511,5511,10310.73656,1870.9375,0.227677668,4.733216797,546.9780881,29.34455114,192.7904067,1.455316559,28.89107986,399.9433813,1,367.8882638,200.067281,13854.9229,1,25.04294796,29.4398789,19.24294848,7.618016883,10.73038249,0.541037145,0.108649431,1862.985193,7.530149647,82.32834509,103.5102005,84.48039379,265.0023871,199.991121,385.7041579,0.890006436,18.48653952,90.04029441,22.43352601
2021,Hama,Hama,2,6147,6147,14225.91429,2314.285714,0.227677668,4.733216797,546.9780881,29.34455114,192.7904067,1.455316559,28.89107986,399.9433813,1,367.8882638,200.067281,13854.9229,1,25.04294796,29.4398789,19.24294848,7.618016883,10.73038249,0.541037145,0.108649431,1862.985193,7.530149647,82.32834509,103.5102005,84.48039379,265.0023871,199.991121,385.7041579,0.890006436,18.48653952,90.04029441,22.43352601
2021,Hama,Hama,3,275,275,253.3928571,921.4285714,0.227677668,4.733216797,546.9780881,29.34455114,192.7904067,1.455316559,28.89107986,399.9433813,1,367.8882638,200.067281,13854.9229,1,25.04294796,29.4398789,19.24294848,7.618016883,10.73038249,0.541037145,0.108649431,1862.985193,7.530149647,82.32834509,103.5102005,84.48039379,265.0023871,199.991121,385.7041579,0.890006436,18.48653952,90.04029441,22.43352601
2021,Hama,Hama,4,380,380,368.125,968.75,0.227677668,4.733216797,546.9780881,29.34455114,192.7904067,1.455316559,28.89107986,399.9433813,1,367.8882638,200.067281,13854.9229,1,25.04294796,29.4398789,19.24294848,7.618016883,10.73038249,0.541037145,0.108649431,1862.985193,7.530149647,82.32834509,103.5102005,84.48039379,265.0023871,199.991121,385.7041579,0.890006436,18.48653952,90.04029441,22.43352601
2021,Hama,Masyaf,1,273,273,436.8,1600,0.076403686,1.92474214,1215.898176,66.21808342,150.0452924,1.353623889,29.44578727,387.4121925,1,532.6863029,382.3518973,12768.13172,1,139.1245061,27.14823726,17.73351628,7.389162681,20.78207148,0.633408949,0.091795335,1835.20261,6.889563149,96.31877164,109.3707774,96.5873855,584.5125329,261.5816804,350.4100182,3.339515959,38.59856987,98.66562123,5.952755906
2021,Hama,Muhradah,1,7780,7780,10874.884,1397.8,0.05125136,1.195215355,750.9954799,41.09722708,210.5076775,1.449025265,33.05226761,439.5914949,1,254.483542,304.9030808,13858.63608,1,22.9822089,29.16665867,19.24810567,8.246980456,16.71575556,0.721838555,0.156703851,1826.362898,7.358416593,88.05278024,110.6504163,94.57658882,360.7739576,196.6763121,347.9956241,0.787416154,25.49695415,90.01082474,10.50963597
2021,Hassakeh,Al_Malika,1,4758,4758,12058.55625,2534.375,0.273788898,2.626098262,942.8898715,39.30330207,177.7179584,1.393407522,35.81191186,396.1542193,1,442.2589019,141.3216526,14462.18061,1,11.47143655,34.81196718,20.08636196,5.436268333,5.901714653,0.635813741,0.137095843,2398.009299,7.401004555,86.63318149,100.7150737,91.35444172,354.3684526,182.2285639,417.2135132,0.627665989,23.0979689,85.22078878,71.48066457
2021,Hassakeh,Al_Malika,2,25,25,58.125,2325,0.273788898,2.626098262,942.8898715,39.30330207,177.7179584,1.393407522,35.81191186,396.1542193,1,442.2589019,141.3216526,14462.18061,1,11.47143655,34.81196718,20.08636196,5.436268333,5.901714653,0.635813741,0.137095843,2398.009299,7.401004555,86.63318149,100.7150737,91.35444172,354.3684526,182.2285639,417.2135132,0.627665989,23.0979689,85.22078878,71.48066457
2021,Hassakeh,Hassakeh,1,225,225,568.125,2525,1.234999017,5.292191536,486.170098,21.24026775,179.2026918,1.453912692,22.75778998,312.1287676,1,352.2277754,121.1533144,15315.81236,1,19.1175947,35.1180914,21.27196161,7.154337463,5.297322677,0.459860828,0.086748808,2287.907578,7.76640865,74.453045,98.55794892,77.83036405,180.3539887,232.8497925,449.1236429,0.493960645,10.83503123,78.44593367,55.44769984
2021,Hassakeh,Hassakeh,2,5833,5833,14274.02404,2447.115385,1.234999017,5.292191536,486.170098,21.24026775,179.2026918,1.453912692,22.75778998,312.1287676,1,352.2277754,121.1533144,15315.81236,1,19.1175947,35.1180914,21.27196161,7.154337463,5.297322677,0.459860828,0.086748808,2287.907578,7.76640865,74.453045,98.55794892,77.83036405,180.3539887,232.8497925,449.1236429,0.493960645,10.83503123,78.44593367,55.44769984
2021,Hassakeh,Hassakeh,3,1782,1782,4214.43,2365,1.234999017,5.292191536,486.170098,21.24026775,179.2026918,1.453912692,22.75778998,312.1287676,1,352.2277754,121.1533144,15315.81236,1,19.1175947,35.1180914,21.27196161,7.154337463,5.297322677,0.459860828,0.086748808,2287.907578,7.76640865,74.453045,98.55794892,77.83036405,180.3539887,232.8497925,449.1236429,0.493960645,10.83503123,78.44593367,55.44769984
2021,Hassakeh,Hassakeh,4,1366,1366,3179.744444,2327.777778,1.234999017,5.292191536,486.170098,21.24026775,179.2026918,1.453912692,22.75778998,312.1287676,1,352.2277754,121.1533144,15315.81236,1,19.1175947,35.1180914,21.27196161,7.154337463,5.297322677,0.459860828,0.086748808,2287.907578,7.76640865,74.453045,98.55794892,77.83036405,180.3539887,232.8497925,449.1236429,0.493960645,10.83503123,78.44593367,55.44769984
2021,Hassakeh,Hassakeh,5,1700,1700,3910,2300,1.234999017,5.292191536,486.170098,21.24026775,179.2026918,1.453912692,22.75778998,312.1287676,1,352.2277754,121.1533144,15315.81236,1,19.1175947,35.1180914,21.27196161,7.154337463,5.297322677,0.459860828,0.086748808,2287.907578,7.76640865,74.453045,98.55794892,77.83036405,180.3539887,232.8497925,449.1236429,0.493960645,10.83503123,78.44593367,55.44769984
2021,Hassakeh,Quamishli,1,9316,9316,23290,2500,0.384508781,3.376182941,788.9420633,33.88655765,189.6343908,1.4227755,32.71215887,381.6987929,1,387.3408823,131.7962897,14941.39258,1,4.224880292,35.06370176,20.75193413,6.418903408,5.668281747,0.632565331,0.131057659,2327.185918,7.499177245,83.3607585,96.90333945,89.26610478,295.1030308,188.6721752,424.1715544,0.236333983,15.93920513,81.41751923,2.151515152
2021,Hassakeh,Quamishli,2,490,490,1200.5,2450,0.384508781,3.376182941,788.9420633,33.88655765,189.6343908,1.4227755,32.71215887,381.6987929,1,387.3408823,131.7962897,14941.39258,1,4.224880292,35.06370176,20.75193413,6.418903408,5.668281747,0.632565331,0.131057659,2327.185918,7.499177245,83.3607585,96.90333945,89.26610478,295.1030308,188.6721752,424.1715544,0.236333983,15.93920513,81.41751923,2.151515152
2021,Hassakeh,Ras_Al_Ain,1,5271,5271,13388.34,2540,0.383012451,4.287075453,596.0306356,26.71222797,181.239228,1.436138441,29.13638552,428.1986409,1,428.0325777,146.9372913,14632.02885,1,10.62784115,34.35430215,20.32226229,6.468240797,6.586521486,0.623422164,0.1282506,2230.302594,7.607914063,79.7361979,90.22779383,86.50230107,228.6699497,158.4989891,413.1203426,0.413294717,15.5378662,83.87278693,3.258706468
2021,Hassakeh,Ras_Al_Ain,2,9875,9875,24095,2440,0.383012451,4.287075453,596.0306356,26.71222797,181.239228,1.436138441,29.13638552,428.1986409,1,428.0325777,146.9372913,14632.02885,1,10.62784115,34.35430215,20.32226229,6.468240797,6.586521486,0.623422164,0.1282506,2230.302594,7.607914063,79.7361979,90.22779383,86.50230107,228.6699497,158.4989891,413.1203426,0.413294717,15.5378662,83.87278693,3.258706468
2021,Hassakeh,Ras_Al_Ain,3,880,880,2046,2325,0.383012451,4.287075453,596.0306356,26.71222797,181.239228,1.436138441,29.13638552,428.1986409,1,428.0325777,146.9372913,14632.02885,1,10.62784115,34.35430215,20.32226229,6.468240797,6.586521486,0.623422164,0.1282506,2230.302594,7.607914063,79.7361979,90.22779383,86.50230107,228.6699497,158.4989891,413.1203426,0.413294717,15.5378662,83.87278693,3.258706468
2021,Hassakeh,Ras_Al_Ain,4,190,190,432.25,2275,0.383012451,4.287075453,596.0306356,26.71222797,181.239228,1.436138441,29.13638552,428.1986409,1,428.0325777,146.9372913,14632.02885,1,10.62784115,34.35430215,20.32226229,6.468240797,6.586521486,0.623422164,0.1282506,2230.302594,7.607914063,79.7361979,90.22779383,86.50230107,228.6699497,158.4989891,413.1203426,0.413294717,15.5378662,83.87278693,3.258706468
2021,Homs,Al_Maghrim,2,56,56,107.8,1925,0.306769432,2.913060825,289.3918002,15.35429771,218.2032013,1.457191708,18.26401052,311.7343597,1,797.1330828,174.2308418,12643.39974,1,104.0896137,28.17622684,17.56027741,5.432457543,9.245738001,0.339700611,0.056980738,1883.760904,7.836838992,72.10536695,83.96886792,75.5087577,129.4537157,282.185961,406.7754786,1.39213165,8.706368852,99.65555764,23.70967742
2021,Homs,Al_Maghrim,3,27.2,27.2,51.34,1887.5,0.306769432,2.913060825,289.3918002,15.35429771,218.2032013,1.457191708,18.26401052,311.7343597,1,797.1330828,174.2308418,12643.39974,1,104.0896137,28.17622684,17.56027741,5.432457543,9.245738001,0.339700611,0.056980738,1883.760904,7.836838992,72.10536695,83.96886792,75.5087577,129.4537157,282.185961,406.7754786,1.39213165,8.706368852,99.65555764,23.70967742
2021,Homs,Al_Quasir,1,401,401,1864.65,4650,0.079506691,1.850323115,702.0543107,36.45118743,228.7835016,1.423727806,26.81275048,398.4009405,1,596.8480096,218.9601081,12813.69373,1,19.08778159,27.54447543,17.79679685,6.559874199,11.41273427,0.531438426,0.10622109,1925.012183,7.575372583,80.8209139,110.6823263,91.73326831,328.7066874,214.1664714,361.619498,0.932790651,19.01649265,98.30401799,81.53370847
2021,Homs,Al_Quasir,2,2360.7,2360.7,10534.62375,4462.5,0.079506691,1.850323115,702.0543107,36.45118743,228.7835016,1.423727806,26.81275048,398.4009405,1,596.8480096,218.9601081,12813.69373,1,19.08778159,27.54447543,17.79679685,6.559874199,11.41273427,0.531438426,0.10622109,1925.012183,7.575372583,80.8209139,110.6823263,91.73326831,328.7066874,214.1664714,361.619498,0.932790651,19.01649265,98.30401799,81.53370847
2021,Homs,Al_Quasir,3,785.1,785.1,2639.89875,3362.5,0.079506691,1.850323115,702.0543107,36.45118743,228.7835016,1.423727806,26.81275048,398.4009405,1,596.8480096,218.9601081,12813.69373,1,19.08778159,27.54447543,17.79679685,6.559874199,11.41273427,0.531438426,0.10622109,1925.012183,7.575372583,80.8209139,110.6823263,91.73326831,328.7066874,214.1664714,361.619498,0.932790651,19.01649265,98.30401799,81.53370847
2021,Homs,Al_Quasir,4,36,36,73.8,2050,0.079506691,1.850323115,702.0543107,36.45118743,228.7835016,1.423727806,26.81275048,398.4009405,1,596.8480096,218.9601081,12813.69373,1,19.08778159,27.54447543,17.79679685,6.559874199,11.41273427,0.531438426,0.10622109,1925.012183,7.575372583,80.8209139,110.6823263,91.73326831,328.7066874,214.1664714,361.619498,0.932790651,19.01649265,98.30401799,81.53370847
2021,Homs,Ar_Rastan,1,3792,3792,8721.6,2300,0.023749721,0.879988685,568.1532289,29.5446572,217.7540281,1.490165194,31.51599766,455.9867872,1,435.4754306,208.9620345,13411.8703,1,32.93536539,28.33700363,18.62759763,7.351736257,10.85117383,0.553914799,0.112128213,1922.032056,7.628313312,79.05622294,105.3971618,89.55171173,280.1593422,194.2140276,350.5086574,1.105333487,20.10500042,93.55658495,64.92877493
2021,Homs,Ar_Rastan,2,68,68,139.4,2050,0.023749721,0.879988685,568.1532289,29.5446572,217.7540281,1.490165194,31.51599766,455.9867872,1,435.4754306,208.9620345,13411.8703,1,32.93536539,28.33700363,18.62759763,7.351736257,10.85117383,0.553914799,0.112128213,1922.032056,7.628313312,79.05622294,105.3971618,89.55171173,280.1593422,194.2140276,350.5086574,1.105333487,20.10500042,93.55658495,64.92877493
2021,Homs,Homs,1,4657.1,4657.1,12773.26103,2742.75,0.661463232,5.466555194,365.7167093,18.87034646,170.4993423,1.454793713,18.39390553,334.3746299,1,749.4069726,204.2620738,12495.52446,1,42.53240625,27.82433559,17.35489508,5.37624765,10.61797985,0.300816493,0.051562349,1937.049787,7.822295424,72.59015253,89.62805954,78.85420473,165.5012092,262.3261291,400.8940442,1.265880206,10.65134129,99.17082901,61.8628226
2021,Homs,Homs,2,70,70,203,2900,0.661463232,5.466555194,365.7167093,18.87034646,170.4993423,1.454793713,18.39390553,334.3746299,1,749.4069726,204.2620738,12495.52446,1,42.53240625,27.82433559,17.35489508,5.37624765,10.61797985,0.300816493,0.051562349,1937.049787,7.822295424,72.59015253,89.62805954,78.85420473,165.5012092,262.3261291,400.8940442,1.265880206,10.65134129,99.17082901,61.8628226
2021,Homs,Homs,4,57,57,178.125,3125,0.661463232,5.466555194,365.7167093,18.87034646,170.4993423,1.454793713,18.39390553,334.3746299,1,749.4069726,204.2620738,12495.52446,1,42.53240625,27.82433559,17.35489508,5.37624765,10.61797985,0.300816493,0.051562349,1937.049787,7.822295424,72.59015253,89.62805954,78.85420473,165.5012092,262.3261291,400.8940442,1.265880206,10.65134129,99.17082901,61.8628226
2021,Homs,Homs,5,55,55,59.4,1080,0.661463232,5.466555194,365.7167093,18.87034646,170.4993423,1.454793713,18.39390553,334.3746299,1,749.4069726,204.2620738,12495.52446,1,42.53240625,27.82433559,17.35489508,5.37624765,10.61797985,0.300816493,0.051562349,1937.049787,7.822295424,72.59015253,89.62805954,78.85420473,165.5012092,262.3261291,400.8940442,1.265880206,10.65134129,99.17082901,61.8628226
2021,Homs,Tadmor,5,2640,2640,7603.2,2880,3.841744306,8.05403205,229.6218686,10.8732141,159.7105472,1.451686932,14.80853441,400.785848,1,615.4601233,111.0287891,14111.93547,1,66.07295238,31.45631804,19.59991037,6.467201434,5.271689339,0.17616281,0.016770912,2110.812263,7.963283185,67.8905605,91.86728856,69.73800796,101.0282556,192.9330692,406.9913066,0.714945106,6.814479757,88.00051216,12.93083756
2021,Homs,Tall_Kalakh,1,2077.5,2077.5,4303.346484,2071.40625,0.061265386,1.382119937,1197.706893,64.27406609,213.4968276,1.371293035,28.50363662,371.8628808,1,462.9664108,391.2997451,13264.00093,1,86.9397267,27.50831986,18.42222351,8.213751124,21.00262045,0.703892675,0.121125702,1862.437256,7.036198454,98.79338486,106.5742497,97.54382303,578.3493477,256.0800903,370.1287946,2.899572474,38.32373734,94.73015135,63.89144317
2021,Idleb,Al_Jisr_Ash_Shu,1,1154,1154,1303.718301,1129.738562,0.061795348,1.387996783,1054.624513,60.66616625,177.540447,1.380476929,27.89801472,304.6574213,1,349.3955892,297.1031941,12988.15026,1,101.3142959,27.90288643,18.03909758,7.509110562,17.08992119,0.615782273,0.106483514,1737.406394,6.711311118,90.37703725,104.8732084,106.2123316,470.4066867,309.262822,377.4719518,3.793157673,40.90641577,96.91944238,19.55376344
2021,Idleb,Al_Mara,1,2024,2024,2286.59085,1129.738562,0.219400577,2.789560748,622.1337177,33.94666872,161.5969773,1.44106543,30.50289991,387.8445436,1,426.7153644,201.1844715,13599.37506,1,29.05957912,29.3021438,18.88802092,7.141629147,10.99633263,0.565888919,0.115980914,1831.679733,7.422356298,85.92145674,105.6601441,90.05467873,290.9305852,211.8633148,395.4624714,1.089096217,21.8826255,92.06845188,2.740740741
2021,Idleb,Al_Mara,2,1187,1187,1340.999673,1129.738562,0.219400577,2.789560748,622.1337177,33.94666872,161.5969773,1.44106543,30.50289991,387.8445436,1,426.7153644,201.1844715,13599.37506,1,29.05957912,29.3021438,18.88802092,7.141629147,10.99633263,0.565888919,0.115980914,1831.679733,7.422356298,85.92145674,105.6601441,90.05467873,290.9305852,211.8633148,395.4624714,1.089096217,21.8826255,92.06845188,2.740740741
2021,Idleb,Al_Mara,3,175,175,197.7042484,1129.738562,0.219400577,2.789560748,622.1337177,33.94666872,161.5969773,1.44106543,30.50289991,387.8445436,1,426.7153644,201.1844715,13599.37506,1,29.05957912,29.3021438,18.88802092,7.141629147,10.99633263,0.565888919,0.115980914,1831.679733,7.422356298,85.92145674,105.6601441,90.05467873,290.9305852,211.8633148,395.4624714,1.089096217,21.8826255,92.06845188,2.740740741
2021,Idleb,Ariha,1,681,681,769.3519608,1129.738562,0.06189382,1.20144567,843.827153,46.42299821,178.7756591,1.396585143,27.93576679,350.6523137,1,582.149967,233.0294201,12735.42057,1,87.67581128,27.89596281,17.68808412,6.497693741,12.83238198,0.511903905,0.090131286,1816.692061,7.15618642,94.79378601,107.587015,99.89161295,386.1195501,264.1637633,380.2716742,2.592602428,31.56046909,98.9252336,35.35190616
2021,Idleb,Harim,1,459,459,518.55,1129.738562,0.076955511,1.744823344,868.687891,47.95536273,208.4698796,1.397594182,27.2782689,356.5012631,1,400.6489695,231.5127983,13122.34768,1,91.8753057,28.75388709,18.22548288,6.921718898,12.80847777,0.481201769,0.079195438,1810.450986,7.125463716,95.81787612,94.03072352,110.3529431,411.4468054,243.3845318,396.2349649,3.52892128,34.93256475,95.85438352,7.104166667
2021,Idleb,Idleb,1,6053,6053,6838.307516,1129.738562,0.125820372,2.188331063,716.0112494,38.07337761,133.1604544,1.441830046,29.96636028,396.7139838,1,349.4829207,217.7179913,13659.18928,1,18.66965742,29.4112918,18.97109623,7.456626615,11.57580973,0.587986035,0.120334238,1879.608694,7.363514149,87.8828617,100.3712487,97.60875275,337.9490304,201.4720497,378.6673336,0.928862474,24.86059375,91.59373584,24.08243728
2021,Idleb,Idleb,2,3297,3297,3724.748039,1129.738562,0.125820372,2.188331063,716.0112494,38.07337761,133.1604544,1.441830046,29.96636028,396.7139838,1,349.4829207,217.7179913,13659.18928,1,18.66965742,29.4112918,18.97109623,7.456626615,11.57580973,0.587986035,0.120334238,1879.608694,7.363514149,87.8828617,100.3712487,97.60875275,337.9490304,201.4720497,378.6673336,0.928862474,24.86059375,91.59373584,24.08243728
2021,Idleb,Idleb,3,270,270,305.0294118,1129.738562,0.125820372,2.188331063,716.0112494,38.07337761,133.1604544,1.441830046,29.96636028,396.7139838,1,349.4829207,217.7179913,13659.18928,1,18.66965742,29.4112918,18.97109623,7.456626615,11.57580973,0.587986035,0.120334238,1879.608694,7.363514149,87.8828617,100.3712487,97.60875275,337.9490304,201.4720497,378.6673336,0.928862474,24.86059375,91.59373584,24.08243728
2021,Raqqa,Raqqa,3,6800,6800,20400,3000,1.050201469,5.964680642,306.8285765,14.75783599,176.8215937,1.445777656,18.21052889,260.1565394,1,346.2123061,183.9146051,14769.31822,1,26.05879584,32.70616449,20.51294197,7.452181429,8.88012085,0.312034861,0.047379669,2078.089216,7.943602406,68.54658646,86.36040997,77.40420893,121.4238902,252.812006,466.2953785,0.418199141,7.517291598,82.78318872,89.8962532
2021,Raqqa,Raqqa,4,30000,30000,90000,3000,1.050201469,5.964680642,306.8285765,14.75783599,176.8215937,1.445777656,18.21052889,260.1565394,1,346.2123061,183.9146051,14769.31822,1,26.05879584,32.70616449,20.51294197,7.452181429,8.88012085,0.312034861,0.047379669,2078.089216,7.943602406,68.54658646,86.36040997,77.40420893,121.4238902,252.812006,466.2953785,0.418199141,7.517291598,82.78318872,89.8962532
2021,Raqqa,Raqqa,5,42700,42700,128100,3000,1.050201469,5.964680642,306.8285765,14.75783599,176.8215937,1.445777656,18.21052889,260.1565394,1,346.2123061,183.9146051,14769.31822,1,26.05879584,32.70616449,20.51294197,7.452181429,8.88012085,0.312034861,0.047379669,2078.089216,7.943602406,68.54658646,86.36040997,77.40420893,121.4238902,252.812006,466.2953785,0.418199141,7.517291598,82.78318872,89.8962532
2021,Raqqa,Tell_Abiad,2,20500,20500,61500,3000,0.478825179,3.735158564,470.2171109,22.43472836,188.9206138,1.450549568,27.03711738,400.1496788,1,371.821103,148.5655505,14690.8795,1,11.17783109,33.83745108,20.40399931,7.034058778,7.106257426,0.517056559,0.097694343,2094.934051,7.789701512,73.67661628,90.95778243,83.92505512,191.3545661,163.0030389,436.503596,0.353533461,11.88417515,83.40571825,33.28514589
2021,Tartous,Safita,1,50.7,50.7,105.2025,2075,0.047070335,1.157636077,1596.63031,86.22211343,212.2246192,1.350786518,24.81991989,329.6296751,1,294.0703481,418.0031801,13679.5594,1,85.74052064,27.64409373,18.99938805,9.616611047,22.59434591,0.64508756,0.074855104,1850.764294,6.807968775,93.59895915,104.8518998,105.5518443,761.9863429,291.9812893,377.4132804,2.351750182,44.6094789,91.43206827,76.62715679
2022,Al_Qunaytirah,Al_Qunaytirah,1,808,808,688.012,851.5,0.120668536,1.817203669,1035.017294,26.58662415,196.6396652,1.392797379,36.80800834,452.0421233,1,812.7813464,581.6313783,12402.19981,1,99.78962314,26.54787507,17.22527752,6.266516917,14.98012083,0.684585951,0.150237652,3892.000059,7.519971534,82.66761553,112.8967457,90.85349395,592.3970844,184.0334609,363.9594199,3.215624823,25.20123137,98.43015723,62.36754297
2022,Aleppo,Afrin,1,1800,1800,5400,3000,0.194810459,2.230856022,853.3964065,23.54942026,184.8305861,1.371035123,25.51170824,404.3181051,1,493.5760545,466.5485102,12780.06047,1,89.965976,28.97913821,17.75008399,5.447687467,12.87665216,0.435545174,0.060469808,3622.853144,7.198506433,93.3831189,105.8051539,105.3370426,398.9445126,192.8950466,401.4796676,3.206478872,32.26458622,98.57094865,72.67440361
2022,Aleppo,Ain_Al_Arab,2,3000,3000,9000,3000,0.285146327,2.615456939,522.426985,13.19467927,180.1352135,1.344070296,29.15984317,412.5287694,1,457.6511594,305.3832165,14101.6476,1,40.7417743,32.61294207,19.58562166,5.871829538,7.723247288,0.327896575,0.062319653,3958.376157,7.452704986,84.90983381,93.18281477,90.39463319,259.7738425,160.737883,374.9119357,1.026508894,16.80178945,88.08216194,86.06697787
2022,Aleppo,Ain_Al_Arab,3,550,550,1650,3000,0.285146327,2.615456939,522.426985,13.19467927,180.1352135,1.344070296,29.15984317,412.5287694,1,457.6511594,305.3832165,14101.6476,1,40.7417743,32.61294207,19.58562166,5.871829538,7.723247288,0.327896575,0.062319653,3958.376157,7.452704986,84.90983381,93.18281477,90.39463319,259.7738425,160.737883,374.9119357,1.026508894,16.80178945,88.08216194,86.06697787
2022,Aleppo,Al_Atareb,1,1145,1145,3435,3000,0.320135248,3.90953411,500.7580615,13.74065255,185.7492815,1.399045613,26.85095306,367.0160671,1,348.6130778,404.3217135,13916.59163,1,24.0041333,30.19814449,19.32859949,7.615348285,11.09240758,0.425266408,0.085012971,3643.354295,7.511498758,82.95004141,102.5131152,88.35499167,239.2942805,183.2856532,401.209007,0.780531933,17.98196178,89.55086008,28.18423019
2022,Aleppo,Al_Bab,1,100,100,300,3000,0.223794265,2.70647827,433.3192042,11.61714649,171.3158859,1.361738999,28.32570189,404.137529,1,440.5998951,399.5643494,13786.47616,1,12.48017986,30.74729324,19.14788356,6.543109381,10.74150676,0.420420752,0.089977718,3728.996903,7.526863486,82.4378838,111.1300964,87.9401314,200.4327169,172.3288421,394.8106379,0.536196258,18.97472913,90.58352253,57.38811081
2022,Aleppo,Al_Bab,2,3100,3100,7750,2500,0.223794265,2.70647827,433.3192042,11.61714649,171.3158859,1.361738999,28.32570189,404.137529,1,440.5998951,399.5643494,13786.47616,1,12.48017986,30.74729324,19.14788356,6.543109381,10.74150676,0.420420752,0.089977718,3728.996903,7.526863486,82.4378838,111.1300964,87.9401314,200.4327169,172.3288421,394.8106379,0.536196258,18.97472913,90.58352253,57.38811081
2022,Aleppo,Al_Bab,3,15,15,28.5,1900,0.223794265,2.70647827,433.3192042,11.61714649,171.3158859,1.361738999,28.32570189,404.137529,1,440.5998951,399.5643494,13786.47616,1,12.48017986,30.74729324,19.14788356,6.543109381,10.74150676,0.420420752,0.089977718,3728.996903,7.526863486,82.4378838,111.1300964,87.9401314,200.4327169,172.3288421,394.8106379,0.536196258,18.97472913,90.58352253,57.38811081
2022,Aleppo,As_Safira,2,3400,3400,10200,3000,0.226229514,2.727688396,357.9538717,9.632588541,194.0542344,1.456944439,23.81607607,339.9130212,1,386.7828001,357.4911841,14094.65752,1,58.56984464,30.64082889,19.57591323,7.660142031,9.641565494,0.393596902,0.074371812,3715.07144,7.634697244,78.8434252,101.8517632,74.96153636,172.9815025,209.796782,447.6738108,1.021027812,12.3940763,88.1376387,61.3127161
2022,Aleppo,As_Safira,3,3470,3470,10236.5,2950,0.226229514,2.727688396,357.9538717,9.632588541,194.0542344,1.456944439,23.81607607,339.9130212,1,386.7828001,357.4911841,14094.65752,1,58.56984464,30.64082889,19.57591323,7.660142031,9.641565494,0.393596902,0.074371812,3715.07144,7.634697244,78.8434252,101.8517632,74.96153636,172.9815025,209.796782,447.6738108,1.021027812,12.3940763,88.1376387,61.3127161
2022,Aleppo,As_Safira,4,130,130,364,2800,0.226229514,2.727688396,357.9538717,9.632588541,194.0542344,1.456944439,23.81607607,339.9130212,1,386.7828001,357.4911841,14094.65752,1,58.56984464,30.64082889,19.57591323,7.660142031,9.641565494,0.393596902,0.074371812,3715.07144,7.634697244,78.8434252,101.8517632,74.96153636,172.9815025,209.796782,447.6738108,1.021027812,12.3940763,88.1376387,61.3127161
2022,Aleppo,Azaz,1,1547,1547,4950.4,3200,0.121728487,2.146811382,564.5722897,14.89843566,180.5676029,1.396196968,30.36538609,429.7996425,1,481.8095159,484.9931372,13322.34444,1,12.33630082,30.04376691,18.50325617,5.93826393,12.80566099,0.560641803,0.122070171,3788.473623,7.471901984,84.26993387,114.1298058,93.82194035,263.6125837,165.5478602,396.9674719,0.559398203,24.25735487,94.2671076,30.7875817
2022,Aleppo,Azaz,2,508,508,1524,3000,0.121728487,2.146811382,564.5722897,14.89843566,180.5676029,1.396196968,30.36538609,429.7996425,1,481.8095159,484.9931372,13322.34444,1,12.33630082,30.04376691,18.50325617,5.93826393,12.80566099,0.560641803,0.122070171,3788.473623,7.471901984,84.26993387,114.1298058,93.82194035,263.6125837,165.5478602,396.9674719,0.559398203,24.25735487,94.2671076,30.7875817
2022,Aleppo,Der_Hafer,2,122,122,366,3000,0.320135248,3.90953411,500.7580615,13.74065255,185.7492815,1.399045613,26.85095306,367.0160671,1,348.6130778,404.3217135,13916.59163,1,24.0041333,30.19814449,19.32859949,7.615348285,11.09240758,0.425266408,0.085012971,3643.354295,7.511498758,82.95004141,102.5131152,88.35499167,239.2942805,183.2856532,401.209007,0.780531933,17.98196178,89.55086008,28.18423019
2022,Aleppo,Der_Hafer,3,4321,4321,12098.8,2800,0.320135248,3.90953411,500.7580615,13.74065255,185.7492815,1.399045613,26.85095306,367.0160671,1,348.6130778,404.3217135,13916.59163,1,24.0041333,30.19814449,19.32859949,7.615348285,11.09240758,0.425266408,0.085012971,3643.354295,7.511498758,82.95004141,102.5131152,88.35499167,239.2942805,183.2856532,401.209007,0.780531933,17.98196178,89.55086008,28.18423019
2022,Aleppo,Der_Hafer,4,1903,1903,5328.4,2800,0.320135248,3.90953411,500.7580615,13.74065255,185.7492815,1.399045613,26.85095306,367.0160671,1,348.6130778,404.3217135,13916.59163,1,24.0041333,30.19814449,19.32859949,7.615348285,11.09240758,0.425266408,0.085012971,3643.354295,7.511498758,82.95004141,102.5131152,88.35499167,239.2942805,183.2856532,401.209007,0.780531933,17.98196178,89.55086008,28.18423019
2022,Aleppo,Jarablus,2,160,160,480,3000,0.056313267,1.389591551,499.4674046,13.20832674,123.911363,1.374076188,31.59740814,433.9335195,1,453.0262094,345.3853226,13757.16469,1,19.54434174,32.14292478,19.10717318,5.293938518,9.142667965,0.38315179,0.071830134,3780.458578,7.473535251,84.21549162,102.4642535,95.02215601,238.6991481,151.8135123,395.6820817,0.731704106,17.89025411,90.81615328,86.86344794
2022,Aleppo,Jebel_Saman,1,2602,2602,7285.6,2800,0.320135248,3.90953411,500.7580615,13.74065255,185.7492815,1.399045613,26.85095306,367.0160671,1,348.6130778,404.3217135,13916.59163,1,24.0041333,30.19814449,19.32859949,7.615348285,11.09240758,0.425266408,0.085012971,3643.354295,7.511498758,82.95004141,102.5131152,88.35499167,239.2942805,183.2856532,401.209007,0.780531933,17.98196178,89.55086008,28.18423019
2022,Aleppo,Jebel_Saman,2,16664,16664,46659.2,2800,0.320135248,3.90953411,500.7580615,13.74065255,185.7492815,1.399045613,26.85095306,367.0160671,1,348.6130778,404.3217135,13916.59163,1,24.0041333,30.19814449,19.32859949,7.615348285,11.09240758,0.425266408,0.085012971,3643.354295,7.511498758,82.95004141,102.5131152,88.35499167,239.2942805,183.2856532,401.209007,0.780531933,17.98196178,89.55086008,28.18423019
2022,Aleppo,Jebel_Saman,3,2215,2215,6088.5,2748.758465,0.320135248,3.90953411,500.7580615,13.74065255,185.7492815,1.399045613,26.85095306,367.0160671,1,348.6130778,404.3217135,13916.59163,1,24.0041333,30.19814449,19.32859949,7.615348285,11.09240758,0.425266408,0.085012971,3643.354295,7.511498758,82.95004141,102.5131152,88.35499167,239.2942805,183.2856532,401.209007,0.780531933,17.98196178,89.55086008,28.18423019
2022,Aleppo,Jebel_Saman,4,33,33,66,2000,0.320135248,3.90953411,500.7580615,13.74065255,185.7492815,1.399045613,26.85095306,367.0160671,1,348.6130778,404.3217135,13916.59163,1,24.0041333,30.19814449,19.32859949,7.615348285,11.09240758,0.425266408,0.085012971,3643.354295,7.511498758,82.95004141,102.5131152,88.35499167,239.2942805,183.2856532,401.209007,0.780531933,17.98196178,89.55086008,28.18423019
2022,Aleppo,Menbij,2,1546,1546,4638,3000,0.476099108,4.018173677,361.6883296,9.590197247,173.279788,1.406754586,24.018397,332.4689528,1,397.1956572,339.8088584,14194.80616,1,17.60715977,31.40308545,19.71500856,7.173474921,9.01647333,0.376684383,0.071407023,3770.437858,7.618434657,79.38551142,95.98003733,83.50404945,176.5482633,198.2878033,437.4207931,0.49517755,12.11218955,87.34280823,92.68040719
2022,Aleppo,Menbij,3,1024,1024,2969.6,2900,0.476099108,4.018173677,361.6883296,9.590197247,173.279788,1.406754586,24.018397,332.4689528,1,397.1956572,339.8088584,14194.80616,1,17.60715977,31.40308545,19.71500856,7.173474921,9.01647333,0.376684383,0.071407023,3770.437858,7.618434657,79.38551142,95.98003733,83.50404945,176.5482633,198.2878033,437.4207931,0.49517755,12.11218955,87.34280823,92.68040719
2022,Aleppo,Menbij,4,7838,7838,21946.4,2800,0.476099108,4.018173677,361.6883296,9.590197247,173.279788,1.406754586,24.018397,332.4689528,1,397.1956572,339.8088584,14194.80616,1,17.60715977,31.40308545,19.71500856,7.173474921,9.01647333,0.376684383,0.071407023,3770.437858,7.618434657,79.38551142,95.98003733,83.50404945,176.5482633,198.2878033,437.4207931,0.49517755,12.11218955,87.34280823,92.68040719
2022,Aleppo,Menbij,5,3367,3367,4966.325,1475,0.476099108,4.018173677,361.6883296,9.590197247,173.279788,1.406754586,24.018397,332.4689528,1,397.1956572,339.8088584,14194.80616,1,17.60715977,31.40308545,19.71500856,7.173474921,9.01647333,0.376684383,0.071407023,3770.437858,7.618434657,79.38551142,95.98003733,83.50404945,176.5482633,198.2878033,437.4207931,0.49517755,12.11218955,87.34280823,92.68040719
2022,As_Suweida,As_Suwayda,1,97.7,97.7,219.825,2250,0.245068348,2.898837435,361.8739513,8.272999125,164.7488635,1.44067499,22.83274428,379.7186382,1,936.6083153,309.2761289,13096.29544,1,132.549277,28.32757142,18.18929922,5.797370419,7.115152235,0.28033439,0.043351987,4373.15677,7.882238542,70.59204861,97.45109992,76.97888622,194.6100847,218.1895834,401.1968401,1.365785859,8.704768714,96.06114731,36.89205703
2022,As_Suweida,As_Suwayda,2,894.7,894.7,2013.075,2250,0.245068348,2.898837435,361.8739513,8.272999125,164.7488635,1.44067499,22.83274428,379.7186382,1,936.6083153,309.2761289,13096.29544,1,132.549277,28.32757142,18.18929922,5.797370419,7.115152235,0.28033439,0.043351987,4373.15677,7.882238542,70.59204861,97.45109992,76.97888622,194.6100847,218.1895834,401.1968401,1.365785859,8.704768714,96.06114731,36.89205703
2022,As_Suweida,Salkhad,2,68.2,68.2,153.45,2250,0.19678529,2.476461818,360.9462608,8.216568101,175.7154581,1.445399312,22.89129271,345.5826409,1,1096.653045,306.0667012,12812.51087,1,151.5089895,27.95354414,17.79515399,5.307314344,7.006761904,0.219503315,0.029495652,4391.907798,7.899676731,70.01077564,102.5880374,74.55450186,189.3100264,268.1481021,387.011929,1.285466681,8.340411369,98.3134058,38.32058288
2022,As_Suweida,Shahba,2,85.7,85.7,192.825,2250,0.197527256,2.191659403,369.5895802,8.744455894,172.1533402,1.451189377,19.92857504,355.5120454,1,812.086703,296.6503708,13256.88681,1,62.52582608,28.50884178,18.41234279,6.248873618,7.029253383,0.235198197,0.035350831,4225.558915,7.921607895,69.27973685,96.25186243,74.27567874,204.5223374,217.4198839,427.8247932,0.996377189,7.542191094,94.78661261,8.194029851
2022,As_Suweida,Shahba,3,26.5,26.5,59.625,2250,0.197527256,2.191659403,369.5895802,8.744455894,172.1533402,1.451189377,19.92857504,355.5120454,1,812.086703,296.6503708,13256.88681,1,62.52582608,28.50884178,18.41234279,6.248873618,7.029253383,0.235198197,0.035350831,4225.558915,7.921607895,69.27973685,96.25186243,74.27567874,204.5223374,217.4198839,427.8247932,0.996377189,7.542191094,94.78661261,8.194029851
2022,Damascus,Al_Ghutta,3,1660,1660,7488.675,4511.25,0.011843117,0.558468679,397.2091539,10.34096285,106.1618312,1.291118521,15.97295861,315.6253218,1,651.6936639,408.131719,13091.3058,1,6.349500264,28.67345482,18.18236917,5.7229792,10.64553754,0.395480393,0.049573878,3840.123498,7.702316985,76.58943385,98.18534351,73.59672508,217.6358823,178.6231764,388.861443,0.350493747,15.36100502,96.10074759,4.8
2022,Damascus,Al_Ghutta,4,76.5,76.5,334.305,4370,0.011843117,0.558468679,397.2091539,10.34096285,106.1618312,1.291118521,15.97295861,315.6253218,1,651.6936639,408.131719,13091.3058,1,6.349500264,28.67345482,18.18236917,5.7229792,10.64553754,0.395480393,0.049573878,3840.123498,7.702316985,76.58943385,98.18534351,73.59672508,217.6358823,178.6231764,388.861443,0.350493747,15.36100502,96.10074759,4.8
2022,Damascus,Al_Ghutta,5,1068,1068,3268.08,3060,0.011843117,0.558468679,397.2091539,10.34096285,106.1618312,1.291118521,15.97295861,315.6253218,1,651.6936639,408.131719,13091.3058,1,6.349500264,28.67345482,18.18236917,5.7229792,10.64553754,0.395480393,0.049573878,3840.123498,7.702316985,76.58943385,98.18534351,73.59672508,217.6358823,178.6231764,388.861443,0.350493747,15.36100502,96.10074759,4.8
2022,Damascus,Al_Qutayfah,5,291,291,216.0675,742.5,0.165290463,2.05625535,273.8518555,6.907102181,195.5281875,1.44431954,15.13843505,319.6985667,1,995.3053148,332.2432594,12351.89592,1,127.2432106,28.04155813,17.155411,4.315588854,8.403750531,0.180677164,0.021784886,3963.78651,7.89758494,70.08050201,85.22819453,71.02458754,140.0117286,244.8824899,435.20357,2.859481548,8.87439493,98.03091997,2.858974359
2022,Damascus,An_Nabk,2,2,2,2.415,1207.5,0.109668581,1.50691639,317.5684657,7.646121353,155.3219186,1.425568843,17.53600335,278.9022471,1,1377.627627,303.0259506,10909.82186,1,210.038337,25.95236718,15.14857003,2.453756315,7.299240512,0.174714203,0.019965243,4152.327564,7.786512673,73.78291091,81.89392113,78.15853377,165.6367861,316.1138341,404.2577387,3.567828626,9.921132736,86.56325733,5.130434783
2022,Damascus,An_Nabk,3,8,8,9.1,1137.5,0.109668581,1.50691639,317.5684657,7.646121353,155.3219186,1.425568843,17.53600335,278.9022471,1,1377.627627,303.0259506,10909.82186,1,210.038337,25.95236718,15.14857003,2.453756315,7.299240512,0.174714203,0.019965243,4152.327564,7.786512673,73.78291091,81.89392113,78.15853377,165.6367861,316.1138341,404.2577387,3.567828626,9.921132736,86.56325733,5.130434783
2022,Damascus,An_Nabk,4,13,13,16.9,1300,0.109668581,1.50691639,317.5684657,7.646121353,155.3219186,1.425568843,17.53600335,278.9022471,1,1377.627627,303.0259506,10909.82186,1,210.038337,25.95236718,15.14857003,2.453756315,7.299240512,0.174714203,0.019965243,4152.327564,7.786512673,73.78291091,81.89392113,78.15853377,165.6367861,316.1138341,404.2577387,3.567828626,9.921132736,86.56325733,5.130434783
2022,Damascus,At_Tall,2,4,4,4.005,1001.25,0.044028509,1.064884239,593.863829,15.26198656,162.1199029,1.40030382,25.61268638,363.9933535,1,1466.66102,386.4704929,10271.22335,1,145.3541383,24.90669634,14.25990526,1.704328022,9.935619017,0.270785353,0.042377851,3890.130599,7.636543834,78.78187219,95.12440192,88.74163767,314.2800187,274.0306517,362.7005117,3.630504348,17.15543139,81.48517292,1.666666667
2022,Damascus,At_Tall,3,3,3,4.612125,1537.375,0.044028509,1.064884239,593.863829,15.26198656,162.1199029,1.40030382,25.61268638,363.9933535,1,1466.66102,386.4704929,10271.22335,1,145.3541383,24.90669634,14.25990526,1.704328022,9.935619017,0.270785353,0.042377851,3890.130599,7.636543834,78.78187219,95.12440192,88.74163767,314.2800187,274.0306517,362.7005117,3.630504348,17.15543139,81.48517292,1.666666667
2022,Damascus,Az_Zabdani,1,56,56,90.72,1620,0.060455564,1.268423947,796.4095064,20.19627935,181.4811797,1.350758075,29.73442299,406.6926124,1,1549.684822,466.6411517,10068.79405,1,364.1754447,24.2786167,13.9795288,1.684013342,11.86773131,0.338150975,0.063809541,3942.347646,7.486507827,83.78307244,102.2160498,93.33923027,433.4307756,271.265393,322.8236739,6.230150135,23.98346865,79.8830217,59.03225806
2022,Damascus,Darayya,3,40,40,89.49,2237.25,0.012423869,0.610406653,443.9391037,11.32827907,92.7628682,1.315842328,23.5269942,377.8860652,1,680.7773842,362.3412753,12788.46195,1,9.388939721,28.05669967,17.7617527,5.545954662,9.274860014,0.39758938,0.067177005,3917.857409,7.775299427,74.15668578,97.99025927,76.19017279,248.216548,142.5483663,397.8240084,0.699756804,11.61850321,98.50427026,3.25
2022,Damascus,Darayya,4,164.9,164.9,363.4396,2204,0.012423869,0.610406653,443.9391037,11.32827907,92.7628682,1.315842328,23.5269942,377.8860652,1,680.7773842,362.3412753,12788.46195,1,9.388939721,28.05669967,17.7617527,5.545954662,9.274860014,0.39758938,0.067177005,3917.857409,7.775299427,74.15668578,97.99025927,76.19017279,248.216548,142.5483663,397.8240084,0.699756804,11.61850321,98.50427026,3.25
2022,Damascus,Darayya,5,403.96,403.96,1243.38888,3078,0.012423869,0.610406653,443.9391037,11.32827907,92.7628682,1.315842328,23.5269942,377.8860652,1,680.7773842,362.3412753,12788.46195,1,9.388939721,28.05669967,17.7617527,5.545954662,9.274860014,0.39758938,0.067177005,3917.857409,7.775299427,74.15668578,97.99025927,76.19017279,248.216548,142.5483663,397.8240084,0.699756804,11.61850321,98.50427026,3.25
2022,Damascus,Duma,4,120,120,221.85,1848.75,1.143833319,5.36296028,237.1536686,5.45713123,183.2223843,1.439790063,15.24508473,435.0312031,1,671.3370843,275.9554617,13887.7208,1,24.50940844,30.09852605,19.28850111,6.537583421,6.546754127,0.153960775,0.014373946,4344.757113,7.9788694,67.37102002,95.33580603,65.82167619,122.685193,156.4332399,408.6870532,0.494037748,7.515456491,89.77999364,20.17542504
2022,Damascus,Duma,5,7348.9,7348.9,12737.48093,1733.25,1.143833319,5.36296028,237.1536686,5.45713123,183.2223843,1.439790063,15.24508473,435.0312031,1,671.3370843,275.9554617,13887.7208,1,24.50940844,30.09852605,19.28850111,6.537583421,6.546754127,0.153960775,0.014373946,4344.757113,7.9788694,67.37102002,95.33580603,65.82167619,122.685193,156.4332399,408.6870532,0.494037748,7.515456491,89.77999364,20.17542504
2022,Damascus,Qatana,1,941.3,941.3,2521.7427,2679,0.093841203,1.750152374,723.9745372,18.18888592,126.6999471,1.390187794,33.83029859,446.2725683,1,1076.168708,435.3771696,11546.93929,1,134.8032696,26.03497093,16.03741569,4.130600863,10.96339626,0.443269422,0.082441174,3979.312705,7.631263536,78.95788213,104.1098118,87.49771958,405.7407288,198.523565,355.7564594,3.240654984,17.95975534,91.64237535,10.25471698
2022,Damascus,Qatana,2,2598.9,2598.9,7107.1252,2734.666667,0.093841203,1.750152374,723.9745372,18.18888592,126.6999471,1.390187794,33.83029859,446.2725683,1,1076.168708,435.3771696,11546.93929,1,134.8032696,26.03497093,16.03741569,4.130600863,10.96339626,0.443269422,0.082441174,3979.312705,7.631263536,78.95788213,104.1098118,87.49771958,405.7407288,198.523565,355.7564594,3.240654984,17.95975534,91.64237535,10.25471698
2022,Damascus,Qatana,3,484.2,484.2,795.73428,1643.4,0.093841203,1.750152374,723.9745372,18.18888592,126.6999471,1.390187794,33.83029859,446.2725683,1,1076.168708,435.3771696,11546.93929,1,134.8032696,26.03497093,16.03741569,4.130600863,10.96339626,0.443269422,0.082441174,3979.312705,7.631263536,78.95788213,104.1098118,87.49771958,405.7407288,198.523565,355.7564594,3.240654984,17.95975534,91.64237535,10.25471698
2022,Damascus,Yabrud,2,10,10,25.65,2565,0.055958524,1.256549001,681.0384043,17.77621317,151.1400992,1.388098698,24.46438451,298.4432339,1,1851.02324,418.6340726,9154.172249,1,231.2609004,23.6061178,12.68761348,-0.074560951,10.92744116,0.21008691,0.038808505,3830.178204,7.507783175,83.07389417,102.2752168,88.43175402,372.0093344,327.2389854,375.052399,3.28542421,18.12267988,72.50064847,3.666666667
2022,Damascus,Yabrud,3,5,5,14.875,2975,0.055958524,1.256549001,681.0384043,17.77621317,151.1400992,1.388098698,24.46438451,298.4432339,1,1851.02324,418.6340726,9154.172249,1,231.2609004,23.6061178,12.68761348,-0.074560951,10.92744116,0.21008691,0.038808505,3830.178204,7.507783175,83.07389417,102.2752168,88.43175402,372.0093344,327.2389854,375.052399,3.28542421,18.12267988,72.50064847,3.666666667
2022,Dara,As_Sanamayn,1,161,161,462.875,2875,0.126365387,2.232014688,479.1948407,11.54617365,180.1350323,1.464749006,30.99856142,436.994746,1,676.2522372,345.0752876,13094.7626,1,14.37105451,27.96670687,18.18717028,6.4466912,8.309109457,0.406510648,0.082274889,4149.247998,7.860602751,71.31324164,101.7805098,74.59589352,273.0822907,132.4975201,430.6093861,0.669011199,10.00010737,96.07331266,28.32124352
2022,Dara,As_Sanamayn,2,424,424,1118.3,2637.5,0.126365387,2.232014688,479.1948407,11.54617365,180.1350323,1.464749006,30.99856142,436.994746,1,676.2522372,345.0752876,13094.7626,1,14.37105451,27.96670687,18.18717028,6.4466912,8.309109457,0.406510648,0.082274889,4149.247998,7.860602751,71.31324164,101.7805098,74.59589352,273.0822907,132.4975201,430.6093861,0.669011199,10.00010737,96.07331266,28.32124352
2022,Dara,As_Sanamayn,3,210,210,223.125,1062.5,0.126365387,2.232014688,479.1948407,11.54617365,180.1350323,1.464749006,30.99856142,436.994746,1,676.2522372,345.0752876,13094.7626,1,14.37105451,27.96670687,18.18717028,6.4466912,8.309109457,0.406510648,0.082274889,4149.247998,7.860602751,71.31324164,101.7805098,74.59589352,273.0822907,132.4975201,430.6093861,0.669011199,10.00010737,96.07331266,28.32124352
2022,Dara,As_Sanamayn,4,3,3,4.8375,1612.5,0.126365387,2.232014688,479.1948407,11.54617365,180.1350323,1.464749006,30.99856142,436.994746,1,676.2522372,345.0752876,13094.7626,1,14.37105451,27.96670687,18.18717028,6.4466912,8.309109457,0.406510648,0.082274889,4149.247998,7.860602751,71.31324164,101.7805098,74.59589352,273.0822907,132.4975201,430.6093861,0.669011199,10.00010737,96.07331266,28.32124352
2022,Dara,Dara,1,2741,2741,7709.0625,2812.5,0.151895403,2.467237111,486.1753179,12.11396814,247.890732,1.46774472,34.72026577,423.6944089,1,594.8481838,408.9501794,13168.47221,1,31.20078753,27.38510908,18.28954473,7.149631549,10.20241085,0.43887041,0.081150836,4012.344862,7.877365296,70.75449014,111.6979853,71.13074851,273.1880486,127.803691,442.0431636,0.879878166,12.29504118,95.48831583,40.20714807
2022,Dara,Dara,2,3495,3495,8533.625,2441.666667,0.151895403,2.467237111,486.1753179,12.11396814,247.890732,1.46774472,34.72026577,423.6944089,1,594.8481838,408.9501794,13168.47221,1,31.20078753,27.38510908,18.28954473,7.149631549,10.20241085,0.43887041,0.081150836,4012.344862,7.877365296,70.75449014,111.6979853,71.13074851,273.1880486,127.803691,442.0431636,0.879878166,12.29504118,95.48831583,40.20714807
2022,Dara,Dara,3,115,115,241.5,2100,0.151895403,2.467237111,486.1753179,12.11396814,247.890732,1.46774472,34.72026577,423.6944089,1,594.8481838,408.9501794,13168.47221,1,31.20078753,27.38510908,18.28954473,7.149631549,10.20241085,0.43887041,0.081150836,4012.344862,7.877365296,70.75449014,111.6979853,71.13074851,273.1880486,127.803691,442.0431636,0.879878166,12.29504118,95.48831583,40.20714807
2022,Dara,Izra,2,1185,1185,2919.05,2463.333333,0.087018771,1.658654183,519.9287325,12.57754002,217.4263142,1.470306952,41.10287596,441.4595726,1,594.9833148,410.1927499,13103.43702,1,10.9531787,27.52556668,18.19921808,6.839828742,9.934216079,0.549278537,0.117384735,4132.787146,7.923266829,69.22443902,108.2193813,72.82686649,299.9587052,92.06481307,460.4442333,0.522892419,12.7609944,96.00446812,44.50057937
2022,Dara,Nawa,1,2380,2380,6961.5,2925,0.151895403,2.467237111,486.1753179,12.11396814,247.890732,1.46774472,34.72026577,423.6944089,1,594.8481838,408.9501794,13168.47221,1,31.20078753,27.38510908,18.28954473,7.149631549,10.20241085,0.43887041,0.081150836,4012.344862,7.877365296,70.75449014,111.6979853,71.13074851,273.1880486,127.803691,442.0431636,0.879878166,12.29504118,95.48831583,40.20714807
2022,Dayr_Az_Zor,Abu_Kamal,5,8593,8593,18773,2184.685209,0.326690195,2.534252196,257.6242345,5.509759015,145.9024177,1.474952341,15.51213228,316.9541986,1,199.0450865,280.0051193,16453.33767,1,17.05196237,35.56587328,22.85185788,8.797239032,6.008735494,0.189567589,0.019720783,4674.780444,7.914785937,69.50713545,99.5615819,67.56458255,127.1424415,210.3167699,473.4703945,0.275403663,8.147721895,69.41795498,64.43444099
2022,Dayr_Az_Zor,Al_Mayadin,5,6780,6780,15200,2241.887906,0.846879854,4.706853339,236.1786815,5.246791967,106.9848781,1.464284982,15.16950876,321.6518012,1,284.7469964,342.3090463,15951.85046,1,13.44925992,34.577984,22.15534786,8.50229903,7.633411147,0.160308048,0.012746968,4500.392146,7.935538403,68.81538657,95.74471651,66.67223932,120.405364,226.8776377,452.2255759,0.231444592,7.050522461,73.39801221,65.76879408
2022,Dayr_Az_Zor,Dayr_Az_Zor,4,2100,2100,5250,2500,1.527438458,6.266817637,277.9716056,6.353719001,160.6562038,1.475571533,17.45613594,279.0580926,1,311.6110564,326.3119336,15570.08535,1,24.94088817,34.16104866,21.62511854,7.475826855,7.486188404,0.189812501,0.023255455,4373.943329,7.945084905,68.49716985,90.86092252,70.69086481,144.1595338,267.81461,453.5383851,0.441646162,7.406680906,76.42789404,59.82997528
2022,Dayr_Az_Zor,Dayr_Az_Zor,5,31353,31353,67440,2150.990336,1.527438458,6.266817637,277.9716056,6.353719001,160.6562038,1.475571533,17.45613594,279.0580926,1,311.6110564,326.3119336,15570.08535,1,24.94088817,34.16104866,21.62511854,7.475826855,7.486188404,0.189812501,0.023255455,4373.943329,7.945084905,68.49716985,90.86092252,70.69086481,144.1595338,267.81461,453.5383851,0.441646162,7.406680906,76.42789404,59.82997528
2022,Hama,Al_Ghab,1,43758,43758,102327.5,2338.486677,0.049595436,1.643165164,1223.789956,35.69799224,139.7759455,1.347860465,28.59829587,349.5799349,1,352.189296,864.8016158,12797.49309,1,139.7020723,27.58658361,17.77429595,7.279976001,25.19977332,0.703350588,0.125677891,3427.17587,6.782044179,92.73480597,105.4140121,108.1400587,625.3497565,280.5196852,361.9957542,4.508295663,42.21571718,98.43259455,35.28868661
2022,Hama,As_Salamiyeh,2,854,854,416.6808333,487.9166667,0.504159747,4.926087865,335.9338842,9.362384995,191.2833095,1.455325727,20.3416433,317.9445519,1,514.8899545,361.9292155,13655.70384,1,39.708665,29.6531363,18.96625533,7.169275802,10.09056022,0.359712764,0.068712584,3587.122946,7.805379097,73.15403011,91.79151895,77.53499548,167.1530621,260.9011364,420.1232357,0.788382027,9.040582617,91.62139811,29.78971963
2022,Hama,As_Salamiyeh,3,284,284,125.36825,441.4375,0.504159747,4.926087865,335.9338842,9.362384995,191.2833095,1.455325727,20.3416433,317.9445519,1,514.8899545,361.9292155,13655.70384,1,39.708665,29.6531363,18.96625533,7.169275802,10.09056022,0.359712764,0.068712584,3587.122946,7.805379097,73.15403011,91.79151895,77.53499548,167.1530621,260.9011364,420.1232357,0.788382027,9.040582617,91.62139811,29.78971963
2022,Hama,As_Salamiyeh,4,307,307,150.43,490,0.504159747,4.926087865,335.9338842,9.362384995,191.2833095,1.455325727,20.3416433,317.9445519,1,514.8899545,361.9292155,13655.70384,1,39.708665,29.6531363,18.96625533,7.169275802,10.09056022,0.359712764,0.068712584,3587.122946,7.805379097,73.15403011,91.79151895,77.53499548,167.1530621,260.9011364,420.1232357,0.788382027,9.040582617,91.62139811,29.78971963
2022,Hama,Hama,1,6297,6297,17021.57813,2703.125,0.227677668,4.733216797,583.9247844,16.18077257,192.7904067,1.455316559,28.89107986,399.9433813,1,367.8882638,414.0420209,13740.072,1,25.04294796,29.34120585,19.08343334,7.75339253,11.46316321,0.471853201,0.094265439,3607.757133,7.530149647,82.32834509,102.8093657,86.91760083,288.7229064,199.991121,385.7041579,0.890006436,18.48653952,90.95180951,22.43352601
2022,Hama,Hama,2,6327,6327,13998.4875,2212.5,0.227677668,4.733216797,583.9247844,16.18077257,192.7904067,1.455316559,28.89107986,399.9433813,1,367.8882638,414.0420209,13740.072,1,25.04294796,29.34120585,19.08343334,7.75339253,11.46316321,0.471853201,0.094265439,3607.757133,7.530149647,82.32834509,102.8093657,86.91760083,288.7229064,199.991121,385.7041579,0.890006436,18.48653952,90.95180951,22.43352601
2022,Hama,Hama,3,170,170,121.3375,713.75,0.227677668,4.733216797,583.9247844,16.18077257,192.7904067,1.455316559,28.89107986,399.9433813,1,367.8882638,414.0420209,13740.072,1,25.04294796,29.34120585,19.08343334,7.75339253,11.46316321,0.471853201,0.094265439,3607.757133,7.530149647,82.32834509,102.8093657,86.91760083,288.7229064,199.991121,385.7041579,0.890006436,18.48653952,90.95180951,22.43352601
2022,Hama,Hama,4,298,298,195.19,655,0.227677668,4.733216797,583.9247844,16.18077257,192.7904067,1.455316559,28.89107986,399.9433813,1,367.8882638,414.0420209,13740.072,1,25.04294796,29.34120585,19.08343334,7.75339253,11.46316321,0.471853201,0.094265439,3607.757133,7.530149647,82.32834509,102.8093657,86.91760083,288.7229064,199.991121,385.7041579,0.890006436,18.48653952,90.95180951,22.43352601
2022,Hama,Masyaf,1,278,278,667.2,2400,0.076403686,1.92474214,1285.524471,35.73126695,150.0452924,1.353623889,29.44578727,387.4121925,1,532.6863029,750.5301384,12624.78061,1,139.1245061,27.06538952,17.53441752,7.176448154,20.81514239,0.618079181,0.090162587,3596.757877,6.889563149,96.31877164,107.1504115,97.23537015,642.6036757,261.5816804,350.4100182,3.339515959,38.59856987,99.80332846,5.952755906
2022,Hama,Muhradah,1,6230,6230,14695.042,2358.754735,0.05125136,1.195215355,809.1031345,22.87903939,210.5076775,1.449025265,33.05226761,439.5914949,1,254.483542,620.8933805,13755.60639,1,22.9822089,29.16554001,19.10500888,8.261618643,17.58054855,0.6558648,0.145631868,3535.4384,7.358416593,88.05278024,108.0809854,94.94390878,398.6883129,196.6763121,347.9956241,0.787416154,25.49695415,90.82852068,10.50963597
2022,Hassakeh,Al_Malika,1,7220,7220,21058,2916.620499,0.273788898,2.626098262,818.6852951,17.54739628,177.7179584,1.393407522,35.81191186,396.1542193,1,442.2589019,302.1065869,14713.76807,1,11.47143655,34.81196718,20.43578899,5.012095812,6.482347978,0.423642656,0.074850495,4664.56566,7.401004555,86.63318149,93.84450649,92.67837407,454.1620752,182.2285639,417.2135132,0.627665989,23.0979689,83.22406293,71.48066457
2022,Hassakeh,Al_Malika,2,25,25,67.5,2700,0.273788898,2.626098262,818.6852951,17.54739628,177.7179584,1.393407522,35.81191186,396.1542193,1,442.2589019,302.1065869,14713.76807,1,11.47143655,34.81196718,20.43578899,5.012095812,6.482347978,0.423642656,0.074850495,4664.56566,7.401004555,86.63318149,93.84450649,92.67837407,454.1620752,182.2285639,417.2135132,0.627665989,23.0979689,83.22406293,71.48066457
2022,Hassakeh,Hassakeh,1,245,245,747,3048.979592,1.234999017,5.292191536,433.7473863,9.808065615,179.2026918,1.453912692,22.75778998,312.1287676,1,352.2277754,256.4968273,15453.47138,1,19.1175947,34.85050812,21.46315469,6.72688267,5.80346644,0.201110278,0.026851314,4421.354044,7.76640865,74.453045,92.0468608,80.08382336,230.3232279,232.8497925,449.1236429,0.493960645,10.83503123,77.35340178,55.44769984
2022,Hassakeh,Hassakeh,2,3684,3684,10845,2943.811075,1.234999017,5.292191536,433.7473863,9.808065615,179.2026918,1.453912692,22.75778998,312.1287676,1,352.2277754,256.4968273,15453.47138,1,19.1175947,34.85050812,21.46315469,6.72688267,5.80346644,0.201110278,0.026851314,4421.354044,7.76640865,74.453045,92.0468608,80.08382336,230.3232279,232.8497925,449.1236429,0.493960645,10.83503123,77.35340178,55.44769984
2022,Hassakeh,Hassakeh,3,680,680,1933,2842.647059,1.234999017,5.292191536,433.7473863,9.808065615,179.2026918,1.453912692,22.75778998,312.1287676,1,352.2277754,256.4968273,15453.47138,1,19.1175947,34.85050812,21.46315469,6.72688267,5.80346644,0.201110278,0.026851314,4421.354044,7.76640865,74.453045,92.0468608,80.08382336,230.3232279,232.8497925,449.1236429,0.493960645,10.83503123,77.35340178,55.44769984
2022,Hassakeh,Hassakeh,4,717,717,1889,2634.588563,1.234999017,5.292191536,433.7473863,9.808065615,179.2026918,1.453912692,22.75778998,312.1287676,1,352.2277754,256.4968273,15453.47138,1,19.1175947,34.85050812,21.46315469,6.72688267,5.80346644,0.201110278,0.026851314,4421.354044,7.76640865,74.453045,92.0468608,80.08382336,230.3232279,232.8497925,449.1236429,0.493960645,10.83503123,77.35340178,55.44769984
2022,Hassakeh,Hassakeh,5,1490,1490,3874,2600,1.234999017,5.292191536,433.7473863,9.808065615,179.2026918,1.453912692,22.75778998,312.1287676,1,352.2277754,256.4968273,15453.47138,1,19.1175947,34.85050812,21.46315469,6.72688267,5.80346644,0.201110278,0.026851314,4421.354044,7.76640865,74.453045,92.0468608,80.08382336,230.3232279,232.8497925,449.1236429,0.493960645,10.83503123,77.35340178,55.44769984
2022,Hassakeh,Quamishli,1,7168,7168,21146,2950.055804,0.384508781,3.376182941,687.2387848,15.24289909,189.6343908,1.4227755,32.71215887,381.6987929,1,387.3408823,287.7409778,15124.67677,1,4.224880292,35.06069318,21.00649552,5.936039841,6.390644645,0.338313256,0.055353182,4507.583182,7.499177245,83.3607585,91.40521057,91.06483641,367.7380977,188.6721752,424.1715544,0.236333983,15.93920513,79.96288274,2.151515152
2022,Hassakeh,Quamishli,2,25,25,67.5,2700,0.384508781,3.376182941,687.2387848,15.24289909,189.6343908,1.4227755,32.71215887,381.6987929,1,387.3408823,287.7409778,15124.67677,1,4.224880292,35.06069318,21.00649552,5.936039841,6.390644645,0.338313256,0.055353182,4507.583182,7.499177245,83.3607585,91.40521057,91.06483641,367.7380977,188.6721752,424.1715544,0.236333983,15.93920513,79.96288274,2.151515152
2022,Hassakeh,Ras_Al_Ain,1,6490,6490,19145,2949.922958,0.383012451,4.287075453,553.9880121,12.85810461,181.239228,1.436138441,29.13638552,428.1986409,1,428.0325777,315.6201443,14743.97555,1,10.62784115,34.23489984,20.47774382,6.001896001,7.323877608,0.295120469,0.04867221,4307.473364,7.607914063,79.7361979,87.06119395,88.2097834,288.9234952,158.4989891,413.1203426,0.413294717,15.5378662,82.98432103,3.258706468
2022,Hassakeh,Ras_Al_Ain,2,9360,9360,25974,2775,0.383012451,4.287075453,553.9880121,12.85810461,181.239228,1.436138441,29.13638552,428.1986409,1,428.0325777,315.6201443,14743.97555,1,10.62784115,34.23489984,20.47774382,6.001896001,7.323877608,0.295120469,0.04867221,4307.473364,7.607914063,79.7361979,87.06119395,88.2097834,288.9234952,158.4989891,413.1203426,0.413294717,15.5378662,82.98432103,3.258706468
2022,Hassakeh,Ras_Al_Ain,3,550,550,1518,2760,0.383012451,4.287075453,553.9880121,12.85810461,181.239228,1.436138441,29.13638552,428.1986409,1,428.0325777,315.6201443,14743.97555,1,10.62784115,34.23489984,20.47774382,6.001896001,7.323877608,0.295120469,0.04867221,4307.473364,7.607914063,79.7361979,87.06119395,88.2097834,288.9234952,158.4989891,413.1203426,0.413294717,15.5378662,82.98432103,3.258706468
2022,Homs,Al_Maghrim,2,58.8,58.8,111.72,1900,0.306769432,2.913060825,291.1081293,7.934032146,218.2032013,1.457191708,18.26401052,311.7343597,1,797.1330828,356.5555511,12526.60735,1,104.0896137,27.80876487,17.39806577,5.512352115,9.719633554,0.331643866,0.058542137,3668.107006,7.836838992,72.10536695,84.09789289,78.74568769,143.0698915,282.185961,406.7754786,1.39213165,8.706368852,99.41751867,23.70967742
2022,Homs,Al_Maghrim,3,28.7,28.7,48.31166667,1683.333333,0.306769432,2.913060825,291.1081293,7.934032146,218.2032013,1.457191708,18.26401052,311.7343597,1,797.1330828,356.5555511,12526.60735,1,104.0896137,27.80876487,17.39806577,5.512352115,9.719633554,0.331643866,0.058542137,3668.107006,7.836838992,72.10536695,84.09789289,78.74568769,143.0698915,282.185961,406.7754786,1.39213165,8.706368852,99.41751867,23.70967742
2022,Homs,Al_Quasir,1,431.4,431.4,1261.845,2925,0.079506691,1.850323115,660.5136539,17.52211988,228.7835016,1.423727806,26.81275048,398.4009405,1,596.8480096,440.3808628,12672.39573,1,19.08778159,27.41839866,17.60054962,6.489711782,11.72270907,0.521703163,0.102294717,3768.598989,7.575372583,80.8209139,102.7357249,93.28738455,336.1806677,214.1664714,361.619498,0.932790651,19.01649265,99.42543072,81.53370847
2022,Homs,Al_Quasir,2,2246,2246,5671.15,2525,0.079506691,1.850323115,660.5136539,17.52211988,228.7835016,1.423727806,26.81275048,398.4009405,1,596.8480096,440.3808628,12672.39573,1,19.08778159,27.41839866,17.60054962,6.489711782,11.72270907,0.521703163,0.102294717,3768.598989,7.575372583,80.8209139,102.7357249,93.28738455,336.1806677,214.1664714,361.619498,0.932790651,19.01649265,99.42543072,81.53370847
2022,Homs,Al_Quasir,3,619.5,619.5,1084.125,1750,0.079506691,1.850323115,660.5136539,17.52211988,228.7835016,1.423727806,26.81275048,398.4009405,1,596.8480096,440.3808628,12672.39573,1,19.08778159,27.41839866,17.60054962,6.489711782,11.72270907,0.521703163,0.102294717,3768.598989,7.575372583,80.8209139,102.7357249,93.28738455,336.1806677,214.1664714,361.619498,0.932790651,19.01649265,99.42543072,81.53370847
2022,Homs,Al_Quasir,4,36,36,35.1,975,0.079506691,1.850323115,660.5136539,17.52211988,228.7835016,1.423727806,26.81275048,398.4009405,1,596.8480096,440.3808628,12672.39573,1,19.08778159,27.41839866,17.60054962,6.489711782,11.72270907,0.521703163,0.102294717,3768.598989,7.575372583,80.8209139,102.7357249,93.28738455,336.1806677,214.1664714,361.619498,0.932790651,19.01649265,99.42543072,81.53370847
2022,Homs,Ar_Rastan,1,1088.2,1088.2,3128.575,2875,0.023749721,0.879988685,578.845352,15.50477635,217.7540281,1.490165194,31.51599766,455.9867872,1,435.4754306,430.6613868,13271.61236,1,32.93536539,28.25609975,18.43279495,7.264819891,11.51778561,0.532132236,0.10779243,3732.335708,7.628313312,79.05622294,104.1102127,91.54371301,286.7034816,194.2140276,350.5086574,1.105333487,20.10500042,94.66974315,64.92877493
2022,Homs,Ar_Rastan,2,18,18,48.375,2687.5,0.023749721,0.879988685,578.845352,15.50477635,217.7540281,1.490165194,31.51599766,455.9867872,1,435.4754306,430.6613868,13271.61236,1,32.93536539,28.25609975,18.43279495,7.264819891,11.51778561,0.532132236,0.10779243,3732.335708,7.628313312,79.05622294,104.1102127,91.54371301,286.7034816,194.2140276,350.5086574,1.105333487,20.10500042,94.66974315,64.92877493
2022,Homs,Homs,1,3748.2,3748.2,11137.50857,2971.428571,0.661463232,5.466555194,351.8575689,9.269842652,170.4993423,1.454793713,18.39390553,334.3746299,1,749.4069726,405.5389844,12390.66871,1,42.53240625,27.48742739,17.2092621,5.42494515,10.74220797,0.296350145,0.049940393,3794.723208,7.822295424,72.59015253,88.04184477,78.73668298,176.3405597,262.3261291,400.8940442,1.265880206,10.65134129,98.33864057,61.8628226
2022,Homs,Homs,2,20,20,50.5,2525,0.661463232,5.466555194,351.8575689,9.269842652,170.4993423,1.454793713,18.39390553,334.3746299,1,749.4069726,405.5389844,12390.66871,1,42.53240625,27.48742739,17.2092621,5.42494515,10.74220797,0.296350145,0.049940393,3794.723208,7.822295424,72.59015253,88.04184477,78.73668298,176.3405597,262.3261291,400.8940442,1.265880206,10.65134129,98.33864057,61.8628226
2022,Homs,Homs,4,44,44,64.108,1457,0.661463232,5.466555194,351.8575689,9.269842652,170.4993423,1.454793713,18.39390553,334.3746299,1,749.4069726,405.5389844,12390.66871,1,42.53240625,27.48742739,17.2092621,5.42494515,10.74220797,0.296350145,0.049940393,3794.723208,7.822295424,72.59015253,88.04184477,78.73668298,176.3405597,262.3261291,400.8940442,1.265880206,10.65134129,98.33864057,61.8628226
2022,Homs,Homs,5,68.3,68.3,114.4025,1675,0.661463232,5.466555194,351.8575689,9.269842652,170.4993423,1.454793713,18.39390553,334.3746299,1,749.4069726,405.5389844,12390.66871,1,42.53240625,27.48742739,17.2092621,5.42494515,10.74220797,0.296350145,0.049940393,3794.723208,7.822295424,72.59015253,88.04184477,78.73668298,176.3405597,262.3261291,400.8940442,1.265880206,10.65134129,98.33864057,61.8628226
2022,Homs,Tadmor,5,2818,2818,7562.8075,2683.75,3.841744306,8.05403205,222.9187252,5.440694101,159.7105472,1.451686932,14.80853441,400.785848,1,615.4601233,241.8961516,14062.60242,1,66.07295238,30.95783086,19.53139225,6.77914081,5.915323071,0.178037601,0.01649498,4096.247907,7.963283185,67.8905605,95.72038619,68.02053101,112.9832216,192.9330692,406.9913066,0.714945106,6.814479757,88.3920443,12.93083756
2022,Homs,Tall_Kalakh,1,1715.9,1715.9,4514.246917,2630.833333,0.061265386,1.382119937,1153.071534,31.45173532,213.4968276,1.371293035,28.50363662,371.8628808,1,462.9664108,761.1095818,13123.07951,1,86.9397267,27.44946527,18.22649931,8.001789979,20.7688995,0.687587866,0.117282972,3665.161889,7.036198454,98.79338486,101.3991589,97.7612076,578.3977037,256.0800903,370.1287946,2.899572474,38.32373734,95.84857535,63.89144317
2022,Idleb,Al_Jisr_Ash_Shu,1,519,519,1297.5,2500,0.061795348,1.387996783,1121.746992,33.14919992,177.540447,1.380476929,27.89801472,304.6574213,1,349.3955892,602.9970332,12885.64669,1,101.3142959,27.90288643,17.89673152,7.457486603,17.81703239,0.581575797,0.102641034,3382.933833,6.711311118,90.37703725,102.5470365,107.9906383,579.5172627,309.262822,377.4719518,3.793157673,40.90641577,97.73296275,19.55376344
2022,Idleb,Al_Mara,1,431,431,992.91625,2303.75,0.219400577,2.789560748,655.0525405,18.48878414,161.5969773,1.44106543,30.50289991,387.8445436,1,426.7153644,410.8023332,13517.11592,1,29.05957912,29.25537727,18.77377211,7.334007666,11.61134089,0.49383131,0.104936026,3541.972515,7.422356298,85.92145674,103.2131462,93.02894103,327.8371544,211.8633148,395.4624714,1.089096217,21.8826255,92.72130223,2.740740741
2022,Idleb,Al_Mara,2,178,178,354.7391667,1992.916667,0.219400577,2.789560748,655.0525405,18.48878414,161.5969773,1.44106543,30.50289991,387.8445436,1,426.7153644,410.8023332,13517.11592,1,29.05957912,29.25537727,18.77377211,7.334007666,11.61134089,0.49383131,0.104936026,3541.972515,7.422356298,85.92145674,103.2131462,93.02894103,327.8371544,211.8633148,395.4624714,1.089096217,21.8826255,92.72130223,2.740740741
2022,Idleb,Al_Mara,3,104,104,208.26,2002.5,0.219400577,2.789560748,655.0525405,18.48878414,161.5969773,1.44106543,30.50289991,387.8445436,1,426.7153644,410.8023332,13517.11592,1,29.05957912,29.25537727,18.77377211,7.334007666,11.61134089,0.49383131,0.104936026,3541.972515,7.422356298,85.92145674,103.2131462,93.02894103,327.8371544,211.8633148,395.4624714,1.089096217,21.8826255,92.72130223,2.740740741
2022,Idleb,Ariha,1,540,540,1404,2600,0.06189382,1.20144567,869.2456133,24.66070536,178.7756591,1.396585143,27.93576679,350.6523137,1,582.149967,476.5201676,12649.29008,1,87.67581128,27.89596281,17.56845844,6.446228428,13.52773068,0.469293125,0.082213084,3523.820562,7.15618642,94.79378601,104.9871024,102.7359002,442.7462716,264.1637633,380.2716742,2.592602428,31.56046909,99.60880892,35.35190616
2022,Idleb,Harim,1,500,500,1250,2500,0.076955511,1.744823344,929.1755501,26.49947784,208.4698796,1.397594182,27.2782689,356.5012631,1,400.6489695,478.0288437,13047.01632,1,91.8753057,28.75388709,18.12085601,6.964360673,13.65377356,0.457862903,0.073605665,3505.391921,7.125463716,95.81787612,96.44264775,112.3868225,450.1950582,243.3845318,396.2349649,3.52892128,34.93256475,96.45225139,7.104166667
2022,Idleb,Idleb,1,24,24,62.4,2600,0.125820372,2.188331063,736.8357759,20.35138109,133.1604544,1.441830046,29.96636028,396.7139838,1,349.4829207,464.6152731,13583.43372,1,18.66965742,29.40992897,18.86588016,7.611267152,12.82347284,0.549219495,0.111500102,3619.568907,7.363514149,87.8828617,100.6294314,100.7540969,363.2821691,201.4720497,378.6673336,0.928862474,24.86059375,92.1949705,24.08243728
2022,Idleb,Idleb,2,45,45,104.625,2325,0.125820372,2.188331063,736.8357759,20.35138109,133.1604544,1.441830046,29.96636028,396.7139838,1,349.4829207,464.6152731,13583.43372,1,18.66965742,29.40992897,18.86588016,7.611267152,12.82347284,0.549219495,0.111500102,3619.568907,7.363514149,87.8828617,100.6294314,100.7540969,363.2821691,201.4720497,378.6673336,0.928862474,24.86059375,92.1949705,24.08243728
2022,Idleb,Idleb,3,961,961,2404.9025,2502.5,0.125820372,2.188331063,736.8357759,20.35138109,133.1604544,1.441830046,29.96636028,396.7139838,1,349.4829207,464.6152731,13583.43372,1,18.66965742,29.40992897,18.86588016,7.611267152,12.82347284,0.549219495,0.111500102,3619.568907,7.363514149,87.8828617,100.6294314,100.7540969,363.2821691,201.4720497,378.6673336,0.928862474,24.86059375,92.1949705,24.08243728
2022,Raqqa,Al_Thawrah,5,11350,11350,30908,2723.171806,0.166312937,1.915996577,322.4079906,8.220368199,159.7684893,1.190950364,17.04136252,252.4603217,1,365.9192606,296.1494315,14461.93092,1,14.81675015,31.70220099,20.08601517,7.497222461,7.555463093,0.277066442,0.056127357,3921.062647,7.560426275,81.31912416,87.74859706,84.49662626,165.5372817,193.9123706,366.1195327,0.562168467,8.629667024,85.22277044,97.73904029
2022,Raqqa,Raqqa,5,30900,30900,83737.06229,2709.937291,1.050201469,5.964680642,299.3546828,7.422462539,176.8215937,1.445777656,18.21052889,260.1565394,1,346.2123061,385.861235,14787.21978,1,26.05879584,32.45543228,20.53780524,7.611718501,9.598224844,0.251824626,0.035853945,4032.09119,7.943602406,68.54658646,87.96378861,76.95057016,151.379183,252.812006,466.2953785,0.418199141,7.517291598,82.64111289,89.8962532
2022,Tartous,Banyas,1,56.4,56.4,131.835,2337.5,0.064347484,1.259569202,1600.041879,43.47580487,227.2029485,1.248880866,25.12215029,311.6023136,1,597.2024401,860.8231151,12307.8453,1,239.5189203,26.24215039,17.09422958,7.41669145,23.39843272,0.578945447,0.050511003,3679.304215,6.402940695,80.09802315,103.512899,103.4128924,818.2044495,311.2379664,363.3411414,4.321198421,51.28226288,97.6813119,78.70526316
2022,Tartous,Safita,1,19,19,34.83333333,1833.333333,0.047070335,1.157636077,1575.960496,43.49984396,212.2246192,1.350786518,24.81991989,329.6296751,1,294.0703481,822.9134052,13547.73694,1,85.74052064,27.61686522,18.81630131,9.381133197,22.73011332,0.62362998,0.072556166,3621.910688,6.807968775,93.59895915,101.6287439,105.7738295,782.1864919,291.9812893,377.4132804,2.351750182,44.6094789,92.47827826,76.62715679
2022,Tartous,Tartous,1,692.43,692.43,1523.346,2200,0.049162657,1.417978043,1366.825727,36.89833734,226.602822,1.337365278,24.38800112,328.0083572,1,151.3380759,901.3059714,13938.54812,1,85.26540945,27.73256599,19.35909462,10.67286308,24.36600935,0.610771263,0.072700278,3703.301672,6.801489796,93.38299321,101.4685892,102.3350745,681.2216925,293.3316743,364.969705,1.987711269,46.76351549,89.37660219,64.49344978
2023,Al_Qunaytirah,Al_Qunaytirah,1,1905,1905,2709.45,1422.283465,0.120668536,1.817203669,1170.587643,29.8746253,196.6396652,1.392797379,36.80800834,452.0421233,1,812.7813464,576.6009436,12411.67068,1,99.78962314,26.54696253,17.2384315,6.266516917,14.75889472,0.644202178,0.135859044,3917.334141,7.519971534,82.66761553,104.6453026,92.66985061,512.6087601,184.0334609,363.9594199,3.215624823,25.20123137,98.50532285,62.36754297
2023,Aleppo,Afrin,1,2030,2030,6902,3400,0.194810459,2.230856022,822.0640289,23.33418372,184.8305861,1.371035123,25.51170824,404.3181051,1,493.5760545,488.927268,12833.84281,1,89.965976,29.56130984,17.82478169,5.447687467,13.87727261,0.433506745,0.061712543,3522.003157,7.198506433,93.3831189,80.59402456,106.6335174,342.1858688,192.8950466,401.4796676,3.206478872,32.26458622,98.14410465,72.67440361
2023,Aleppo,Ain_Al_Arab,2,6822,6822,24559.2,3600,0.285146327,2.615456939,563.7385286,14.77282765,180.1352135,1.344070296,29.15984317,412.5287694,1,457.6511594,380.733672,14039.3435,1,40.7417743,33.13139378,19.4990882,5.871829538,9.98038138,0.56486627,0.1175264,3815.050264,7.452704986,84.90983381,86.86222377,94.27879656,262.6337321,160.737883,374.9119357,1.026508894,16.80178945,88.57663887,86.06697787
2023,Aleppo,Ain_Al_Arab,3,1350,1350,4590,3400,0.285146327,2.615456939,563.7385286,14.77282765,180.1352135,1.344070296,29.15984317,412.5287694,1,457.6511594,380.733672,14039.3435,1,40.7417743,33.13139378,19.4990882,5.871829538,9.98038138,0.56486627,0.1175264,3815.050264,7.452704986,84.90983381,86.86222377,94.27879656,262.6337321,160.737883,374.9119357,1.026508894,16.80178945,88.57663887,86.06697787
2023,Aleppo,Al_Atareb,1,1484,1484,5111.524,3444.423181,0.320135248,3.90953411,477.117923,13.45078449,185.7492815,1.399045613,26.85095306,367.0160671,1,348.6130778,438.5213268,13892.91797,1,24.0041333,30.37215203,19.2957194,7.615348285,12.3543548,0.48276746,0.096477001,3546.138261,7.511498758,82.95004141,79.83937935,91.4496434,209.7386212,183.2856532,401.209007,0.780531933,17.98196178,89.7387463,28.18423019
2023,Aleppo,Al_Bab,1,520,520,1300,2500,0.223794265,2.70647827,417.3772107,11.51314798,171.3158859,1.361738999,28.32570189,404.137529,1,440.5998951,447.5752104,13771.92222,1,12.48017986,31.13088671,19.12766976,6.540947347,12.36484598,0.476067645,0.095547945,3624.222323,7.526863486,82.4378838,81.40047051,87.78339829,189.2529982,172.3288421,394.8106379,0.536196258,18.97472913,90.69902997,57.38811081
2023,Aleppo,Al_Bab,2,1772,1772,3723.075,2101.058126,0.223794265,2.70647827,417.3772107,11.51314798,171.3158859,1.361738999,28.32570189,404.137529,1,440.5998951,447.5752104,13771.92222,1,12.48017986,31.13088671,19.12766976,6.540947347,12.36484598,0.476067645,0.095547945,3624.222323,7.526863486,82.4378838,81.40047051,87.78339829,189.2529982,172.3288421,394.8106379,0.536196258,18.97472913,90.69902997,57.38811081
2023,Aleppo,Al_Bab,3,8,8,23.6,2950,0.223794265,2.70647827,417.3772107,11.51314798,171.3158859,1.361738999,28.32570189,404.137529,1,440.5998951,447.5752104,13771.92222,1,12.48017986,31.13088671,19.12766976,6.540947347,12.36484598,0.476067645,0.095547945,3624.222323,7.526863486,82.4378838,81.40047051,87.78339829,189.2529982,172.3288421,394.8106379,0.536196258,18.97472913,90.69902997,57.38811081
2023,Aleppo,As_Safira,2,3550,3550,13046.25,3675,0.226229514,2.727688396,345.265284,9.544454062,194.0542344,1.456944439,23.81607607,339.9130212,1,386.7828001,393.9807874,14075.21585,1,58.56984464,30.88501245,19.5489109,7.606831907,10.90526901,0.413365635,0.074354707,3616.444033,7.634697244,78.8434252,79.210341,79.4979355,154.8323411,209.796782,447.6738108,1.021027812,12.3940763,88.29193769,61.3127161
2023,Aleppo,As_Safira,3,3570,3570,12450.375,3487.5,0.226229514,2.727688396,345.265284,9.544454062,194.0542344,1.456944439,23.81607607,339.9130212,1,386.7828001,393.9807874,14075.21585,1,58.56984464,30.88501245,19.5489109,7.606831907,10.90526901,0.413365635,0.074354707,3616.444033,7.634697244,78.8434252,79.210341,79.4979355,154.8323411,209.796782,447.6738108,1.021027812,12.3940763,88.29193769,61.3127161
2023,Aleppo,As_Safira,4,130,130,422.5,3250,0.226229514,2.727688396,345.265284,9.544454062,194.0542344,1.456944439,23.81607607,339.9130212,1,386.7828001,393.9807874,14075.21585,1,58.56984464,30.88501245,19.5489109,7.606831907,10.90526901,0.413365635,0.074354707,3616.444033,7.634697244,78.8434252,79.210341,79.4979355,154.8323411,209.796782,447.6738108,1.021027812,12.3940763,88.29193769,61.3127161
2023,Aleppo,Azaz,1,3075,3075,10433.16667,3392.899729,0.121728487,2.146811382,540.7581258,14.64919,180.5676029,1.396196968,30.36538609,429.7996425,1,481.8095159,519.2226114,13318.31547,1,12.33630082,30.51117574,18.49766038,5.93826393,14.07247682,0.599463856,0.126602448,3690.385844,7.471901984,84.26993387,82.65251994,94.86080707,233.0498727,165.5478602,396.9674719,0.559398203,24.25735487,94.29908357,30.7875817
2023,Aleppo,Azaz,2,1536,1536,4952.4,3224.21875,0.121728487,2.146811382,540.7581258,14.64919,180.5676029,1.396196968,30.36538609,429.7996425,1,481.8095159,519.2226114,13318.31547,1,12.33630082,30.51117574,18.49766038,5.93826393,14.07247682,0.599463856,0.126602448,3690.385844,7.471901984,84.26993387,82.65251994,94.86080707,233.0498727,165.5478602,396.9674719,0.559398203,24.25735487,94.29908357,30.7875817
2023,Aleppo,Der_Hafer,2,98,98,222.95,2275,0.320135248,3.90953411,477.117923,13.45078449,185.7492815,1.399045613,26.85095306,367.0160671,1,348.6130778,438.5213268,13892.91797,1,24.0041333,30.37215203,19.2957194,7.615348285,12.3543548,0.48276746,0.096477001,3546.138261,7.511498758,82.95004141,79.83937935,91.4496434,209.7386212,183.2856532,401.209007,0.780531933,17.98196178,89.7387463,28.18423019
2023,Aleppo,Der_Hafer,3,5205,5205,13402.875,2575,0.320135248,3.90953411,477.117923,13.45078449,185.7492815,1.399045613,26.85095306,367.0160671,1,348.6130778,438.5213268,13892.91797,1,24.0041333,30.37215203,19.2957194,7.615348285,12.3543548,0.48276746,0.096477001,3546.138261,7.511498758,82.95004141,79.83937935,91.4496434,209.7386212,183.2856532,401.209007,0.780531933,17.98196178,89.7387463,28.18423019
2023,Aleppo,Der_Hafer,4,2237,2237,5340.8375,2387.5,0.320135248,3.90953411,477.117923,13.45078449,185.7492815,1.399045613,26.85095306,367.0160671,1,348.6130778,438.5213268,13892.91797,1,24.0041333,30.37215203,19.2957194,7.615348285,12.3543548,0.48276746,0.096477001,3546.138261,7.511498758,82.95004141,79.83937935,91.4496434,209.7386212,183.2856532,401.209007,0.780531933,17.98196178,89.7387463,28.18423019
2023,Aleppo,Jarablus,2,160,160,496,3100,0.056313267,1.389591551,501.2307231,13.6545585,123.911363,1.374076188,31.59740814,433.9335195,1,453.0262094,390.4735632,13737.76701,1,19.54434174,32.85381442,19.08023197,5.293938518,10.64448735,0.452815997,0.080552849,3669.794064,7.473535251,84.21549162,84.77801527,91.64897259,225.846961,151.8135123,395.6820817,0.731704106,17.89025411,90.97010306,86.86344794
2023,Aleppo,Jebel_Saman,1,2680,2680,8408.5,3137.5,0.320135248,3.90953411,477.117923,13.45078449,185.7492815,1.399045613,26.85095306,367.0160671,1,348.6130778,438.5213268,13892.91797,1,24.0041333,30.37215203,19.2957194,7.615348285,12.3543548,0.48276746,0.096477001,3546.138261,7.511498758,82.95004141,79.83937935,91.4496434,209.7386212,183.2856532,401.209007,0.780531933,17.98196178,89.7387463,28.18423019
2023,Aleppo,Jebel_Saman,2,13609,13609,44626.17917,3279.166667,0.320135248,3.90953411,477.117923,13.45078449,185.7492815,1.399045613,26.85095306,367.0160671,1,348.6130778,438.5213268,13892.91797,1,24.0041333,30.37215203,19.2957194,7.615348285,12.3543548,0.48276746,0.096477001,3546.138261,7.511498758,82.95004141,79.83937935,91.4496434,209.7386212,183.2856532,401.209007,0.780531933,17.98196178,89.7387463,28.18423019
2023,Aleppo,Jebel_Saman,3,1866,1866,5171.485714,2771.428571,0.320135248,3.90953411,477.117923,13.45078449,185.7492815,1.399045613,26.85095306,367.0160671,1,348.6130778,438.5213268,13892.91797,1,24.0041333,30.37215203,19.2957194,7.615348285,12.3543548,0.48276746,0.096477001,3546.138261,7.511498758,82.95004141,79.83937935,91.4496434,209.7386212,183.2856532,401.209007,0.780531933,17.98196178,89.7387463,28.18423019
2023,Aleppo,Menbij,2,1546,1546,5565.6,3600,0.476099108,4.018173677,373.9696713,10.20802512,173.279788,1.406754586,24.018397,332.4689528,1,397.1956572,396.3335132,14164.86613,1,17.60715977,31.67905544,19.67342518,7.114548279,10.81780349,0.467570877,0.086720175,3662.48698,7.618434657,79.38551142,83.05291979,85.72676478,175.381185,198.2878033,437.4207931,0.49517755,12.11218955,87.58042752,92.68040719
2023,Aleppo,Menbij,3,1445,1445,4503.583333,3116.666667,0.476099108,4.018173677,373.9696713,10.20802512,173.279788,1.406754586,24.018397,332.4689528,1,397.1956572,396.3335132,14164.86613,1,17.60715977,31.67905544,19.67342518,7.114548279,10.81780349,0.467570877,0.086720175,3662.48698,7.618434657,79.38551142,83.05291979,85.72676478,175.381185,198.2878033,437.4207931,0.49517755,12.11218955,87.58042752,92.68040719
2023,Aleppo,Menbij,4,12178,12178,28072.825,2305.208162,0.476099108,4.018173677,373.9696713,10.20802512,173.279788,1.406754586,24.018397,332.4689528,1,397.1956572,396.3335132,14164.86613,1,17.60715977,31.67905544,19.67342518,7.114548279,10.81780349,0.467570877,0.086720175,3662.48698,7.618434657,79.38551142,83.05291979,85.72676478,175.381185,198.2878033,437.4207931,0.49517755,12.11218955,87.58042752,92.68040719
2023,As_Suweida,As_Suwayda,1,127.47,127.47,401.5305,3150,0.245068348,2.898837435,432.1414814,9.972006214,164.7488635,1.44067499,22.83274428,379.7186382,1,936.6083153,331.1227894,13068.0811,1,132.549277,28.98940975,18.15011264,5.797370419,7.683076121,0.27323915,0.041083331,4332.54605,7.882238542,70.59204861,93.4266923,84.14505199,206.0377431,218.1895834,401.1968401,1.365785859,8.704768714,96.28507061,36.89205703
2023,As_Suweida,As_Suwayda,2,1431.5,1431.5,4437.65,3100,0.245068348,2.898837435,432.1414814,9.972006214,164.7488635,1.44067499,22.83274428,379.7186382,1,936.6083153,331.1227894,13068.0811,1,132.549277,28.98940975,18.15011264,5.797370419,7.683076121,0.27323915,0.041083331,4332.54605,7.882238542,70.59204861,93.4266923,84.14505199,206.0377431,218.1895834,401.1968401,1.365785859,8.704768714,96.28507061,36.89205703
2023,As_Suweida,Salkhad,2,53.6,53.6,128.64,2400,0.19678529,2.476461818,434.0202069,10.00996406,175.7154581,1.445399312,22.89129271,345.5826409,1,1096.653045,332.5487715,12769.2258,1,151.5089895,28.73412864,17.73503583,5.307314344,7.710083577,0.22103102,0.030436813,4334.881772,7.899676731,70.01077564,94.39552341,83.43078195,213.1209977,268.1481021,387.011929,1.285466681,8.340411369,98.65693811,38.32058288
2023,As_Suweida,Shahba,2,188.03,188.03,470.075,2500,0.197527256,2.191659403,466.2322477,11.1183706,172.1533402,1.451189377,19.92857504,355.5120454,1,812.086703,313.8802348,13260.72304,1,62.52582608,29.17716225,18.41767088,6.248873618,7.49035914,0.212950687,0.028984423,4192.350486,7.921607895,69.27973685,97.6232317,80.0445941,206.7045536,217.4198839,427.8247932,0.996377189,7.542191094,94.75616639,8.194029851
2023,As_Suweida,Shahba,3,49,49,122.5,2500,0.197527256,2.191659403,466.2322477,11.1183706,172.1533402,1.451189377,19.92857504,355.5120454,1,812.086703,313.8802348,13260.72304,1,62.52582608,29.17716225,18.41767088,6.248873618,7.49035914,0.212950687,0.028984423,4192.350486,7.921607895,69.27973685,97.6232317,80.0445941,206.7045536,217.4198839,427.8247932,0.996377189,7.542191094,94.75616639,8.194029851
2023,Damascus,Al_Ghutta,3,1851,1851,5900.0625,3187.5,0.011843117,0.558468679,506.7437975,13.34030607,106.1618312,1.291118521,15.97295861,315.6253218,1,651.6936639,437.7739285,13154.4016,1,6.349500264,29.80289902,18.27000222,5.7229792,11.55060322,0.448627102,0.056707229,3797.591988,7.702316985,76.58943385,106.0715958,76.70961107,205.4849643,178.6231764,388.861443,0.350493747,15.36100502,95.59998732,4.8
2023,Damascus,Al_Ghutta,4,95.3,95.3,295.43,3100,0.011843117,0.558468679,506.7437975,13.34030607,106.1618312,1.291118521,15.97295861,315.6253218,1,651.6936639,437.7739285,13154.4016,1,6.349500264,29.80289902,18.27000222,5.7229792,11.55060322,0.448627102,0.056707229,3797.591988,7.702316985,76.58943385,106.0715958,76.70961107,205.4849643,178.6231764,388.861443,0.350493747,15.36100502,95.59998732,4.8
2023,Damascus,Al_Ghutta,5,1493.8,1493.8,3921.225,2625,0.011843117,0.558468679,506.7437975,13.34030607,106.1618312,1.291118521,15.97295861,315.6253218,1,651.6936639,437.7739285,13154.4016,1,6.349500264,29.80289902,18.27000222,5.7229792,11.55060322,0.448627102,0.056707229,3797.591988,7.702316985,76.58943385,106.0715958,76.70961107,205.4849643,178.6231764,388.861443,0.350493747,15.36100502,95.59998732,4.8
2023,Damascus,Al_Qutayfah,4,1,1,1,1000,0.165290463,2.05625535,362.9635239,9.286754628,195.5281875,1.44431954,15.13843505,319.6985667,1,995.3053148,350.0490752,12360.23589,1,127.2432106,29.31850543,17.16699429,4.315588854,8.980595249,0.161174914,0.016936135,3907.400064,7.89758494,70.08050201,104.5551506,78.07203373,156.0735711,244.8824899,435.20357,2.859481548,8.87439493,98.0971102,2.858974359
2023,Damascus,Al_Qutayfah,5,417.24,417.24,882.4626,2115,0.165290463,2.05625535,362.9635239,9.286754628,195.5281875,1.44431954,15.13843505,319.6985667,1,995.3053148,350.0490752,12360.23589,1,127.2432106,29.31850543,17.16699429,4.315588854,8.980595249,0.161174914,0.016936135,3907.400064,7.89758494,70.08050201,104.5551506,78.07203373,156.0735711,244.8824899,435.20357,2.859481548,8.87439493,98.0971102,2.858974359
2023,Damascus,An_Nabk,3,2,2,4.05,2025,0.109668581,1.50691639,372.5167169,9.084393695,155.3219186,1.425568843,17.53600335,278.9022471,1,1377.627627,323.195724,10836.28236,1,210.038337,27.09161924,15.04390821,2.453756315,7.88449127,0.171659351,0.019436867,4099.622776,7.786512673,73.78291091,88.32984239,84.64601407,161.5020405,316.1138341,404.2577387,3.567828626,9.921132736,85.96518979,5.130434783
2023,Damascus,An_Nabk,5,33,33,70,2121.212121,0.109668581,1.50691639,372.5167169,9.084393695,155.3219186,1.425568843,17.53600335,278.9022471,1,1377.627627,323.195724,10836.28236,1,210.038337,27.09161924,15.04390821,2.453756315,7.88449127,0.171659351,0.019436867,4099.622776,7.786512673,73.78291091,88.32984239,84.64601407,161.5020405,316.1138341,404.2577387,3.567828626,9.921132736,85.96518979,5.130434783
2023,Damascus,At_Tall,2,4,4,4.845,1211.25,0.044028509,1.064884239,748.3528749,19.47369851,162.1199029,1.40030382,25.61268638,363.9933535,1,1466.66102,403.8556839,10272.67439,1,145.3541383,26.01187793,14.25836837,1.704328022,10.51318109,0.271684769,0.042909259,3841.89032,7.636543834,78.78187219,101.8272441,93.1458555,320.5095768,274.0306517,362.7005117,3.630504348,17.15543139,81.47639069,1.666666667
2023,Damascus,At_Tall,3,3,3,3,1000,0.044028509,1.064884239,748.3528749,19.47369851,162.1199029,1.40030382,25.61268638,363.9933535,1,1466.66102,403.8556839,10272.67439,1,145.3541383,26.01187793,14.25836837,1.704328022,10.51318109,0.271684769,0.042909259,3841.89032,7.636543834,78.78187219,101.8272441,93.1458555,320.5095768,274.0306517,362.7005117,3.630504348,17.15543139,81.47639069,1.666666667
2023,Damascus,Az_Zabdani,1,60,60,149,2483.333333,0.060455564,1.268423947,942.2969714,24.14415417,181.4811797,1.350758075,29.73442299,406.6926124,1,1549.684822,485.4946888,10071.23704,1,364.1754447,25.22766428,13.98017678,1.684013342,12.47464977,0.361701226,0.072798347,3901.795537,7.486507827,83.78307244,100.065856,96.04651236,402.4731576,271.265393,322.8236739,6.230150135,23.98346865,79.88672448,59.03225806
2023,Damascus,Darayya,3,18.4,18.4,39.123,2126.25,0.012423869,0.610406653,570.2680775,14.65123251,92.7628682,1.315842328,23.5269942,377.8860652,1,680.7773842,382.6199429,12857.037,1,9.388939721,29.06494103,17.85699584,5.545954662,9.864383695,0.389426959,0.056876367,3891.287403,7.775299427,74.15668578,105.1594384,79.76902492,226.9553165,142.5483663,397.8240084,0.699756804,11.61850321,97.96002378,3.25
2023,Damascus,Darayya,4,186.75,186.75,406.7415,2178,0.012423869,0.610406653,570.2680775,14.65123251,92.7628682,1.315842328,23.5269942,377.8860652,1,680.7773842,382.6199429,12857.037,1,9.388939721,29.06494103,17.85699584,5.545954662,9.864383695,0.389426959,0.056876367,3891.287403,7.775299427,74.15668578,105.1594384,79.76902492,226.9553165,142.5483663,397.8240084,0.699756804,11.61850321,97.96002378,3.25
2023,Damascus,Darayya,5,467.49,467.49,1066.578435,2281.5,0.012423869,0.610406653,570.2680775,14.65123251,92.7628682,1.315842328,23.5269942,377.8860652,1,680.7773842,382.6199429,12857.037,1,9.388939721,29.06494103,17.85699584,5.545954662,9.864383695,0.389426959,0.056876367,3891.287403,7.775299427,74.15668578,105.1594384,79.76902492,226.9553165,142.5483663,397.8240084,0.699756804,11.61850321,97.96002378,3.25
2023,Damascus,Duma,4,244.7,244.7,685.16,2800,1.143833319,5.36296028,310.9312331,7.237802058,183.2223843,1.439790063,15.24508473,435.0312031,1,671.3370843,299.9053797,13881.05583,1,24.50940844,31.075112,19.2792442,6.537583421,7.200904234,0.15168653,0.014134294,4294.934465,7.9788694,67.37102002,112.8867119,71.55552561,136.7438885,156.4332399,408.6870532,0.494037748,7.515456491,89.83289027,20.17542504
2023,Damascus,Duma,5,9282.45,9282.45,25932.84469,2793.75,1.143833319,5.36296028,310.9312331,7.237802058,183.2223843,1.439790063,15.24508473,435.0312031,1,671.3370843,299.9053797,13881.05583,1,24.50940844,31.075112,19.2792442,6.537583421,7.200904234,0.15168653,0.014134294,4294.934465,7.9788694,67.37102002,112.8867119,71.55552561,136.7438885,156.4332399,408.6870532,0.494037748,7.515456491,89.83289027,20.17542504
2023,Damascus,Qatana,1,1129.45,1129.45,3402.468125,3012.5,0.093841203,1.750152374,854.6848095,21.4786724,126.6999471,1.390187794,33.83029859,446.2725683,1,1076.168708,445.8809324,11556.75024,1,134.8032696,26.7173476,16.05104199,4.130600863,11.23335126,0.408146241,0.068272307,3978.225501,7.631263536,78.95788213,103.2435495,90.79511935,369.3888728,198.523565,355.7564594,3.240654984,17.95975534,91.72023997,10.25471698
2023,Damascus,Qatana,2,2840,2840,8543.666667,3008.333333,0.093841203,1.750152374,854.6848095,21.4786724,126.6999471,1.390187794,33.83029859,446.2725683,1,1076.168708,445.8809324,11556.75024,1,134.8032696,26.7173476,16.05104199,4.130600863,11.23335126,0.408146241,0.068272307,3978.225501,7.631263536,78.95788213,103.2435495,90.79511935,369.3888728,198.523565,355.7564594,3.240654984,17.95975534,91.72023997,10.25471698
2023,Damascus,Qatana,3,555,555,1588.41,2862,0.093841203,1.750152374,854.6848095,21.4786724,126.6999471,1.390187794,33.83029859,446.2725683,1,1076.168708,445.8809324,11556.75024,1,134.8032696,26.7173476,16.05104199,4.130600863,11.23335126,0.408146241,0.068272307,3978.225501,7.631263536,78.95788213,103.2435495,90.79511935,369.3888728,198.523565,355.7564594,3.240654984,17.95975534,91.72023997,10.25471698
2023,Damascus,Qudsaya,1,22,22,54,2454.545455,,,,,,,,,,,,,,,,,,,,,,,,,,,,,,,,
2023,Damascus,Yabrud,2,20,20,60.515,3025.75,0.055958524,1.256549001,793.0533936,20.96523583,151.1400992,1.388098698,24.46438451,298.4432339,1,1851.02324,434.7708606,9085.844259,1,231.2609004,24.59061737,12.57302723,-0.074560951,11.49288863,0.218095823,0.043278415,3781.706762,7.507783175,83.07389417,102.8876969,92.59292281,352.3059906,327.2389854,375.052399,3.28542421,18.12267988,71.84586988,3.666666667
2023,Damascus,Yabrud,3,18,18,18.468,1026,0.055958524,1.256549001,793.0533936,20.96523583,151.1400992,1.388098698,24.46438451,298.4432339,1,1851.02324,434.7708606,9085.844259,1,231.2609004,24.59061737,12.57302723,-0.074560951,11.49288863,0.218095823,0.043278415,3781.706762,7.507783175,83.07389417,102.8876969,92.59292281,352.3059906,327.2389854,375.052399,3.28542421,18.12267988,71.84586988,3.666666667
2023,Dara,As_Sanamayn,1,220,220,902,4100,0.126365387,2.232014688,590.9660737,14.29123692,180.1350323,1.464749006,30.99856142,436.994746,1,676.2522372,362.8623396,13134.53398,1,14.37105451,28.37470422,18.2424083,6.4466912,8.764499015,0.377278307,0.069249601,4134.163926,7.860602751,71.31324164,101.884787,78.9584618,247.8605846,132.4975201,430.6093861,0.669011199,10.00010737,95.75766683,28.32124352
2023,Dara,As_Sanamayn,2,556,556,2064.15,3712.5,0.126365387,2.232014688,590.9660737,14.29123692,180.1350323,1.464749006,30.99856142,436.994746,1,676.2522372,362.8623396,13134.53398,1,14.37105451,28.37470422,18.2424083,6.4466912,8.764499015,0.377278307,0.069249601,4134.163926,7.860602751,71.31324164,101.884787,78.9584618,247.8605846,132.4975201,430.6093861,0.669011199,10.00010737,95.75766683,28.32124352
2023,Dara,As_Sanamayn,3,352,352,1210,3437.5,0.126365387,2.232014688,590.9660737,14.29123692,180.1350323,1.464749006,30.99856142,436.994746,1,676.2522372,362.8623396,13134.53398,1,14.37105451,28.37470422,18.2424083,6.4466912,8.764499015,0.377278307,0.069249601,4134.163926,7.860602751,71.31324164,101.884787,78.9584618,247.8605846,132.4975201,430.6093861,0.669011199,10.00010737,95.75766683,28.32124352
2023,Dara,As_Sanamayn,4,51,51,160.65,3150,0.126365387,2.232014688,590.9660737,14.29123692,180.1350323,1.464749006,30.99856142,436.994746,1,676.2522372,362.8623396,13134.53398,1,14.37105451,28.37470422,18.2424083,6.4466912,8.764499015,0.377278307,0.069249601,4134.163926,7.860602751,71.31324164,101.884787,78.9584618,247.8605846,132.4975201,430.6093861,0.669011199,10.00010737,95.75766683,28.32124352
2023,Dara,Dara,1,3330,3330,13653,4100,0.151895403,2.467237111,569.1544434,14.28671625,247.890732,1.46774472,34.72026577,423.6944089,1,594.8481838,424.5868995,13220.93896,1,31.20078753,27.37132533,18.36241522,7.149631549,10.66192349,0.435854823,0.075327966,3982.801691,7.877365296,70.75449014,98.56835398,79.66603602,256.5568768,127.803691,442.0431636,0.879878166,12.29504118,95.07191301,40.20714807
2023,Dara,Dara,2,4200,4200,15925,3791.666667,0.151895403,2.467237111,569.1544434,14.28671625,247.890732,1.46774472,34.72026577,423.6944089,1,594.8481838,424.5868995,13220.93896,1,31.20078753,27.37132533,18.36241522,7.149631549,10.66192349,0.435854823,0.075327966,3982.801691,7.877365296,70.75449014,98.56835398,79.66603602,256.5568768,127.803691,442.0431636,0.879878166,12.29504118,95.07191301,40.20714807
2023,Dara,Dara,3,111,111,389.8875,3512.5,0.151895403,2.467237111,569.1544434,14.28671625,247.890732,1.46774472,34.72026577,423.6944089,1,594.8481838,424.5868995,13220.93896,1,31.20078753,27.37132533,18.36241522,7.149631549,10.66192349,0.435854823,0.075327966,3982.801691,7.877365296,70.75449014,98.56835398,79.66603602,256.5568768,127.803691,442.0431636,0.879878166,12.29504118,95.07191301,40.20714807
2023,Dara,Izra,2,1285,1285,4915.125,3825,0.087018771,1.658654183,617.6753856,14.98435757,217.4263142,1.470306952,41.10287596,441.4595726,1,594.9833148,425.1973028,13159.72962,1,10.9531787,27.62571643,18.27740226,6.839828742,10.32485713,0.534484916,0.104478804,4121.134585,7.923266829,69.22443902,100.3416002,76.60226979,265.2243496,92.06481307,460.4442333,0.522892419,12.7609944,95.5577014,44.50057937
2023,Dara,Nawa,1,1133,1133,4654.741667,4108.333333,0.151895403,2.467237111,569.1544434,14.28671625,247.890732,1.46774472,34.72026577,423.6944089,1,594.8481838,424.5868995,13220.93896,1,31.20078753,27.37132533,18.36241522,7.149631549,10.66192349,0.435854823,0.075327966,3982.801691,7.877365296,70.75449014,98.56835398,79.66603602,256.5568768,127.803691,442.0431636,0.879878166,12.29504118,95.07191301,40.20714807
2023,Dayr_Az_Zor,Abu_Kamal,5,12818.7,12818.7,35729,2787.256118,0.326690195,2.534252196,317.110598,6.982192764,145.9024177,1.474952341,15.51213228,316.9541986,1,199.0450865,320.0002854,16336.64847,1,17.05196237,35.79134445,22.68978954,8.619180373,7.064927508,0.225829326,0.033700817,4540.705001,7.914785937,69.50713545,95.65065228,74.74443466,163.3299197,210.3167699,473.4703945,0.275403663,8.147721895,70.3440598,64.43444099
2023,Dayr_Az_Zor,Al_Mayadin,5,7573.8,7573.8,20615.8836,2722,0.846879854,4.706853339,284.7454856,6.476007681,106.9848781,1.464284982,15.16950876,321.6518012,1,284.7469964,379.9487465,15834.34554,1,13.44925992,34.82288958,21.99214658,8.318649275,8.669600104,0.212170433,0.026796119,4395.9294,7.935538403,68.81538657,94.10397262,74.12107201,143.7493306,226.8776377,452.2255759,0.231444592,7.050522461,74.33059096,65.76879408
2023,Dayr_Az_Zor,Dayr_Az_Zor,4,2100,2100,6300,3000,1.527438458,6.266817637,326.7886237,7.65373548,160.6562038,1.475571533,17.45613594,279.0580926,1,311.6110564,367.5313887,15436.41814,1,24.94088817,34.36678588,21.43946963,7.475690378,8.635666667,0.275201282,0.045130016,4268.661848,7.945084905,68.49716985,93.87922563,74.87514268,159.0287057,267.81461,453.5383851,0.441646162,7.406680906,77.48874495,59.82997528
2023,Dayr_Az_Zor,Dayr_Az_Zor,5,33939.85,33939.85,100888.029,2972.553767,1.527438458,6.266817637,326.7886237,7.65373548,160.6562038,1.475571533,17.45613594,279.0580926,1,311.6110564,367.5313887,15436.41814,1,24.94088817,34.36678588,21.43946963,7.475690378,8.635666667,0.275201282,0.045130016,4268.661848,7.945084905,68.49716985,93.87922563,74.87514268,159.0287057,267.81461,453.5383851,0.441646162,7.406680906,77.48874495,59.82997528
2023,Hama,Al_Ghab,1,44558,44558,144284,3238.116612,0.049595436,1.643165164,1160.485857,34.36033469,139.7759455,1.347860465,28.59829587,349.5799349,1,352.189296,873.9496901,12791.87691,1,139.7020723,27.63260823,17.76649571,7.279976001,25.83983103,0.717495735,0.127998166,3376.399746,6.782044179,92.73480597,86.72626648,108.4255186,526.2543907,280.5196852,361.9957542,4.508295663,42.21571718,98.47716734,35.28868661
2023,Hama,As_Salamiyeh,2,898,898,2820.7,3141.091314,0.504159747,4.926087865,329.6986228,9.390574332,191.2833095,1.455325727,20.3416433,317.9445519,1,514.8899545,388.487141,13604.80673,1,39.708665,30.09878007,18.8955649,7.157737966,11.06891039,0.420422676,0.079387276,3509.952697,7.805379097,73.15403011,82.32676085,81.29697121,145.7837626,260.9011364,420.1232357,0.788382027,9.040582617,92.02534345,29.78971963
2023,Hama,As_Salamiyeh,3,309,309,695.529,2250.902913,0.504159747,4.926087865,329.6986228,9.390574332,191.2833095,1.455325727,20.3416433,317.9445519,1,514.8899545,388.487141,13604.80673,1,39.708665,30.09878007,18.8955649,7.157737966,11.06891039,0.420422676,0.079387276,3509.952697,7.805379097,73.15403011,82.32676085,81.29697121,145.7837626,260.9011364,420.1232357,0.788382027,9.040582617,92.02534345,29.78971963
2023,Hama,As_Salamiyeh,4,115,115,223.24,1941.217391,0.504159747,4.926087865,329.6986228,9.390574332,191.2833095,1.455325727,20.3416433,317.9445519,1,514.8899545,388.487141,13604.80673,1,39.708665,30.09878007,18.8955649,7.157737966,11.06891039,0.420422676,0.079387276,3509.952697,7.805379097,73.15403011,82.32676085,81.29697121,145.7837626,260.9011364,420.1232357,0.788382027,9.040582617,92.02534345,29.78971963
2023,Hama,Hama,1,7469,7469,30100,4029.990628,0.227677668,4.733216797,548.6403936,15.49774467,192.7904067,1.455316559,28.89107986,399.9433813,1,367.8882638,439.3072189,13724.01401,1,25.04294796,29.63410386,19.06113056,7.75339253,12.39057115,0.528248425,0.106224894,3539.13055,7.530149647,82.32834509,84.13475451,91.48770998,243.9134161,199.991121,385.7041579,0.890006436,18.48653952,91.07925392,22.43352601
2023,Hama,Hama,2,7557,7557,24696.7,3268.056107,0.227677668,4.733216797,548.6403936,15.49774467,192.7904067,1.455316559,28.89107986,399.9433813,1,367.8882638,439.3072189,13724.01401,1,25.04294796,29.63410386,19.06113056,7.75339253,12.39057115,0.528248425,0.106224894,3539.13055,7.530149647,82.32834509,84.13475451,91.48770998,243.9134161,199.991121,385.7041579,0.890006436,18.48653952,91.07925392,22.43352601
2023,Hama,Hama,3,269,269,677.88,2520,0.227677668,4.733216797,548.6403936,15.49774467,192.7904067,1.455316559,28.89107986,399.9433813,1,367.8882638,439.3072189,13724.01401,1,25.04294796,29.63410386,19.06113056,7.75339253,12.39057115,0.528248425,0.106224894,3539.13055,7.530149647,82.32834509,84.13475451,91.48770998,243.9134161,199.991121,385.7041579,0.890006436,18.48653952,91.07925392,22.43352601
2023,Hama,Hama,4,765,765,1574.9,2058.69281,0.227677668,4.733216797,548.6403936,15.49774467,192.7904067,1.455316559,28.89107986,399.9433813,1,367.8882638,439.3072189,13724.01401,1,25.04294796,29.63410386,19.06113056,7.75339253,12.39057115,0.528248425,0.106224894,3539.13055,7.530149647,82.32834509,84.13475451,91.48770998,243.9134161,199.991121,385.7041579,0.890006436,18.48653952,91.07925392,22.43352601
2023,Hama,Masyaf,1,261,261,784.31,3005.019157,0.076403686,1.92474214,1228.688951,34.52152005,150.0452924,1.353623889,29.44578727,387.4121925,1,532.6863029,766.6347625,12615.3024,1,139.1245061,27.25154414,17.52125334,7.176238871,21.49299004,0.625510783,0.092063828,3558.19713,6.889563149,96.31877164,91.01108303,99.16288483,578.4234649,261.5816804,350.4100182,3.339515959,38.59856987,99.87855235,5.952755906
2023,Hama,Muhradah,1,7410,7410,23194.3,3130.134953,0.05125136,1.195215355,745.589736,21.52498672,210.5076775,1.449025265,33.05226761,439.5914949,1,254.483542,656.684768,13749.79875,1,22.9822089,29.08227224,19.0969427,8.261618643,18.97504014,0.70315865,0.155847117,3462.833663,7.358416593,88.05278024,88.24338527,97.29974613,340.9595179,196.6763121,347.9956241,0.787416154,25.49695415,90.87461313,10.50963597
2023,Hassakeh,Al_Malika,1,9294,9294,37178,4000.215193,0.273788898,2.626098262,905.3490159,20.13068377,177.7179584,1.393407522,35.81191186,396.1542193,1,442.2589019,358.8112597,14526.49241,1,11.47143655,34.84650697,20.1756839,5.012095812,7.983959474,0.52055537,0.100928985,4496.358492,7.401004555,86.63318149,93.7292737,94.82277741,377.9081951,182.2285639,417.2135132,0.627665989,23.0979689,84.71037773,71.48066457
2023,Hassakeh,Al_Malika,2,370,370,1474,3983.783784,0.273788898,2.626098262,905.3490159,20.13068377,177.7179584,1.393407522,35.81191186,396.1542193,1,442.2589019,358.8112597,14526.49241,1,11.47143655,34.84650697,20.1756839,5.012095812,7.983959474,0.52055537,0.100928985,4496.358492,7.401004555,86.63318149,93.7292737,94.82277741,377.9081951,182.2285639,417.2135132,0.627665989,23.0979689,84.71037773,71.48066457
2023,Hassakeh,Hassakeh,1,199,199,800,4020.100503,1.234999017,5.292191536,504.2815118,11.7798694,179.2026918,1.453912692,22.75778998,312.1287676,1,352.2277754,288.9371515,15312.78944,1,19.1175947,35.19031775,21.26776311,6.72688267,6.75610179,0.265011239,0.040978092,4279.875235,7.76640865,74.453045,91.45603774,85.68708648,236.8345199,232.8497925,449.1236429,0.493960645,10.83503123,78.46992511,55.44769984
2023,Hassakeh,Hassakeh,2,3787,3787,15017,3965.407975,1.234999017,5.292191536,504.2815118,11.7798694,179.2026918,1.453912692,22.75778998,312.1287676,1,352.2277754,288.9371515,15312.78944,1,19.1175947,35.19031775,21.26776311,6.72688267,6.75610179,0.265011239,0.040978092,4279.875235,7.76640865,74.453045,91.45603774,85.68708648,236.8345199,232.8497925,449.1236429,0.493960645,10.83503123,78.46992511,55.44769984
2023,Hassakeh,Hassakeh,3,925,925,3554,3842.162162,1.234999017,5.292191536,504.2815118,11.7798694,179.2026918,1.453912692,22.75778998,312.1287676,1,352.2277754,288.9371515,15312.78944,1,19.1175947,35.19031775,21.26776311,6.72688267,6.75610179,0.265011239,0.040978092,4279.875235,7.76640865,74.453045,91.45603774,85.68708648,236.8345199,232.8497925,449.1236429,0.493960645,10.83503123,78.46992511,55.44769984
2023,Hassakeh,Hassakeh,4,451,451,1679,3722.838137,1.234999017,5.292191536,504.2815118,11.7798694,179.2026918,1.453912692,22.75778998,312.1287676,1,352.2277754,288.9371515,15312.78944,1,19.1175947,35.19031775,21.26776311,6.72688267,6.75610179,0.265011239,0.040978092,4279.875235,7.76640865,74.453045,91.45603774,85.68708648,236.8345199,232.8497925,449.1236429,0.493960645,10.83503123,78.46992511,55.44769984
2023,Hassakeh,Hassakeh,5,356,356,1252,3516.853933,1.234999017,5.292191536,504.2815118,11.7798694,179.2026918,1.453912692,22.75778998,312.1287676,1,352.2277754,288.9371515,15312.78944,1,19.1175947,35.19031775,21.26776311,6.72688267,6.75610179,0.265011239,0.040978092,4279.875235,7.76640865,74.453045,91.45603774,85.68708648,236.8345199,232.8497925,449.1236429,0.493960645,10.83503123,78.46992511,55.44769984
2023,Hassakeh,Quamishli,1,7570.4,7570.4,29750.2476,3929.811846,0.384508781,3.376182941,765.397089,17.60841325,189.6343908,1.4227755,32.71215887,381.6987929,1,387.3408823,330.484018,14966.42638,1,4.224880292,35.34919465,20.78670331,5.936039841,7.616567233,0.421185097,0.074978711,4345.769231,7.499177245,83.3607585,88.53818626,94.00267995,340.6697583,188.6721752,424.1715544,0.236333983,15.93920513,81.21883822,2.151515152
2023,Hassakeh,Quamishli,2,102,102,395.556,3878,0.384508781,3.376182941,765.397089,17.60841325,189.6343908,1.4227755,32.71215887,381.6987929,1,387.3408823,330.484018,14966.42638,1,4.224880292,35.34919465,20.78670331,5.936039841,7.616567233,0.421185097,0.074978711,4345.769231,7.499177245,83.3607585,88.53818626,94.00267995,340.6697583,188.6721752,424.1715544,0.236333983,15.93920513,81.21883822,2.151515152
2023,Hassakeh,Ras_Al_Ain,1,4004.4,4004.4,16017.6,4000,0.383012451,4.287075453,655.5566381,15.80884114,181.239228,1.436138441,29.13638552,428.1986409,1,428.0325777,384.0671705,14630.85461,1,10.62784115,34.50269313,20.3206314,6.001896001,9.258524646,0.488070087,0.087070865,4145.772254,7.607914063,79.7361979,87.0285395,91.85301436,309.2243112,158.4989891,413.1203426,0.413294717,15.5378662,83.88210629,3.258706468
2023,Hassakeh,Ras_Al_Ain,2,16545.4,16545.4,66181.6,4000,0.383012451,4.287075453,655.5566381,15.80884114,181.239228,1.436138441,29.13638552,428.1986409,1,428.0325777,384.0671705,14630.85461,1,10.62784115,34.50269313,20.3206314,6.001896001,9.258524646,0.488070087,0.087070865,4145.772254,7.607914063,79.7361979,87.0285395,91.85301436,309.2243112,158.4989891,413.1203426,0.413294717,15.5378662,83.88210629,3.258706468
2023,Hassakeh,Ras_Al_Ain,3,753.3,753.3,3013.2,4000,0.383012451,4.287075453,655.5566381,15.80884114,181.239228,1.436138441,29.13638552,428.1986409,1,428.0325777,384.0671705,14630.85461,1,10.62784115,34.50269313,20.3206314,6.001896001,9.258524646,0.488070087,0.087070865,4145.772254,7.607914063,79.7361979,87.0285395,91.85301436,309.2243112,158.4989891,413.1203426,0.413294717,15.5378662,83.88210629,3.258706468
2023,Hassakeh,Ras_Al_Ain,4,1428,1428,5712,4000,0.383012451,4.287075453,655.5566381,15.80884114,181.239228,1.436138441,29.13638552,428.1986409,1,428.0325777,384.0671705,14630.85461,1,10.62784115,34.50269313,20.3206314,6.001896001,9.258524646,0.488070087,0.087070865,4145.772254,7.607914063,79.7361979,87.0285395,91.85301436,309.2243112,158.4989891,413.1203426,0.413294717,15.5378662,83.88210629,3.258706468
2023,Homs,Al_Maghrim,2,47.9,47.9,95.8,2000,0.306769432,2.913060825,288.0805231,8.018771237,218.2032013,1.457191708,18.26401052,311.7343597,1,797.1330828,382.8833339,12454.5342,1,104.0896137,28.24346168,17.29796416,5.512352115,10.66245801,0.37060103,0.061720243,3591.5769,7.836838992,72.10536695,81.45796411,82.61076738,123.9497205,282.185961,406.7754786,1.39213165,8.706368852,98.84550951,23.70967742
2023,Homs,Al_Maghrim,3,27.7,27.7,64.4025,2325,0.306769432,2.913060825,288.0805231,8.018771237,218.2032013,1.457191708,18.26401052,311.7343597,1,797.1330828,382.8833339,12454.5342,1,104.0896137,28.24346168,17.29796416,5.512352115,10.66245801,0.37060103,0.061720243,3591.5769,7.836838992,72.10536695,81.45796411,82.61076738,123.9497205,282.185961,406.7754786,1.39213165,8.706368852,98.84550951,23.70967742
2023,Homs,Al_Quasir,1,482.3,482.3,1796.5675,3725,0.079506691,1.850323115,657.3471708,17.5685254,228.7835016,1.423727806,26.81275048,398.4009405,1,596.8480096,453.2848876,12655.24562,1,19.08778159,27.92996782,17.57673003,6.459820595,12.14635213,0.495536318,0.091556615,3740.618354,7.575372583,80.8209139,89.07321764,95.47637341,287.0287786,214.1664714,361.619498,0.932790651,19.01649265,99.5615427,81.53370847
2023,Homs,Al_Quasir,2,2687.7,2687.7,8466.255,3150,0.079506691,1.850323115,657.3471708,17.5685254,228.7835016,1.423727806,26.81275048,398.4009405,1,596.8480096,453.2848876,12655.24562,1,19.08778159,27.92996782,17.57673003,6.459820595,12.14635213,0.495536318,0.091556615,3740.618354,7.575372583,80.8209139,89.07321764,95.47637341,287.0287786,214.1664714,361.619498,0.932790651,19.01649265,99.5615427,81.53370847
2023,Homs,Al_Quasir,3,1167.1,1167.1,2917.75,2500,0.079506691,1.850323115,657.3471708,17.5685254,228.7835016,1.423727806,26.81275048,398.4009405,1,596.8480096,453.2848876,12655.24562,1,19.08778159,27.92996782,17.57673003,6.459820595,12.14635213,0.495536318,0.091556615,3740.618354,7.575372583,80.8209139,89.07321764,95.47637341,287.0287786,214.1664714,361.619498,0.932790651,19.01649265,99.5615427,81.53370847
2023,Homs,Al_Quasir,4,97.7,97.7,194.17875,1987.5,0.079506691,1.850323115,657.3471708,17.5685254,228.7835016,1.423727806,26.81275048,398.4009405,1,596.8480096,453.2848876,12655.24562,1,19.08778159,27.92996782,17.57673003,6.459820595,12.14635213,0.495536318,0.091556615,3740.618354,7.575372583,80.8209139,89.07321764,95.47637341,287.0287786,214.1664714,361.619498,0.932790651,19.01649265,99.5615427,81.53370847
2023,Homs,Ar_Rastan,1,3801.7,3801.7,14256.375,3750,0.023749721,0.879988685,538.2756909,14.68133486,217.7540281,1.490165194,31.51599766,455.9867872,1,435.4754306,459.0115616,13270.25923,1,32.93536539,28.57957279,18.4309156,7.264819891,12.499192,0.54907005,0.112446865,3665.394753,7.628313312,79.05622294,83.72095811,94.55937717,240.0627872,194.2140276,350.5086574,1.105333487,20.10500042,94.68048227,64.92877493
2023,Homs,Ar_Rastan,2,143,143,536.25,3750,0.023749721,0.879988685,538.2756909,14.68133486,217.7540281,1.490165194,31.51599766,455.9867872,1,435.4754306,459.0115616,13270.25923,1,32.93536539,28.57957279,18.4309156,7.264819891,12.499192,0.54907005,0.112446865,3665.394753,7.628313312,79.05622294,83.72095811,94.55937717,240.0627872,194.2140276,350.5086574,1.105333487,20.10500042,94.68048227,64.92877493
2023,Homs,Homs,1,4975,4975,14753.63889,2965.555556,0.661463232,5.466555194,363.4922302,9.685659791,170.4993423,1.454793713,18.39390553,334.3746299,1,749.4069726,421.8831989,12372.29484,1,42.53240625,28.16633307,17.18374283,5.422923132,11.29723969,0.278229039,0.044357165,3751.890749,7.822295424,72.59015253,88.75634195,81.57041511,158.4941367,262.3261291,400.8940442,1.265880206,10.65134129,98.19281619,61.8628226
2023,Homs,Homs,2,31,31,75.95,2450,0.661463232,5.466555194,363.4922302,9.685659791,170.4993423,1.454793713,18.39390553,334.3746299,1,749.4069726,421.8831989,12372.29484,1,42.53240625,28.16633307,17.18374283,5.422923132,11.29723969,0.278229039,0.044357165,3751.890749,7.822295424,72.59015253,88.75634195,81.57041511,158.4941367,262.3261291,400.8940442,1.265880206,10.65134129,98.19281619,61.8628226
2023,Homs,Tadmor,5,3309,3309,12574.2,3800,3.841744306,8.05403205,263.2860803,6.560149686,159.7105472,1.451686932,14.80853441,400.785848,1,615.4601233,274.0391603,13991.59477,1,66.07295238,31.55839212,19.43277051,6.772361073,6.843501172,0.241723145,0.035683036,4012.415744,7.963283185,67.8905605,99.53288452,73.50585515,125.0180516,192.9330692,406.9913066,0.714945106,6.814479757,88.95559706,12.93083756
2023,Homs,Tall_Kalakh,1,2354.3,2354.3,6764.271759,2873.15625,0.061265386,1.382119937,1162.007335,32.11416705,213.4968276,1.371293035,28.50363662,371.8628808,1,462.9664108,792.7120297,13163.31895,1,86.9397267,27.44821989,18.28238743,8.001789979,21.93076513,0.698475953,0.121368939,3617.363612,7.036198454,98.79338486,91.15852066,99.20772418,527.858406,256.0800903,370.1287946,2.899572474,38.32373734,95.52921469,63.89144317
2023,Idleb,Al_Jisr_Ash_Shu,1,500,500,1275,2550,0.061795348,1.387996783,1061.74161,32.05053441,177.540447,1.380476929,27.89801472,304.6574213,1,349.3955892,618.904803,12858.49766,1,101.3142959,27.73785601,17.85902453,7.457486603,18.67697197,0.598284523,0.10624792,3311.711097,6.711311118,90.37703725,85.51059219,111.419698,470.8489151,309.262822,377.4719518,3.793157673,40.90641577,97.94843125,19.55376344
2023,Idleb,Al_Mara,1,167,167,490.5625,2937.5,0.219400577,2.789560748,599.8657654,17.37096887,161.5969773,1.44106543,30.50289991,387.8445436,1,426.7153644,435.0355745,13501.17845,1,29.05957912,29.52073911,18.75163673,7.334007666,12.61294934,0.556413994,0.117735319,3452.266021,7.422356298,85.92145674,82.27702422,95.74820282,262.3009034,211.8633148,395.4624714,1.089096217,21.8826255,92.8477901,2.740740741
2023,Idleb,Al_Mara,2,372,372,1018.35,2737.5,0.219400577,2.789560748,599.8657654,17.37096887,161.5969773,1.44106543,30.50289991,387.8445436,1,426.7153644,435.0355745,13501.17845,1,29.05957912,29.52073911,18.75163673,7.334007666,12.61294934,0.556413994,0.117735319,3452.266021,7.422356298,85.92145674,82.27702422,95.74820282,262.3009034,211.8633148,395.4624714,1.089096217,21.8826255,92.8477901,2.740740741
2023,Idleb,Al_Mara,3,166,166,456.5,2750,0.219400577,2.789560748,599.8657654,17.37096887,161.5969773,1.44106543,30.50289991,387.8445436,1,426.7153644,435.0355745,13501.17845,1,29.05957912,29.52073911,18.75163673,7.334007666,12.61294934,0.556413994,0.117735319,3452.266021,7.422356298,85.92145674,82.27702422,95.74820282,262.3009034,211.8633148,395.4624714,1.089096217,21.8826255,92.8477901,2.740740741
2023,Idleb,Ariha,1,450,450,1147.5,2550,0.06189382,1.20144567,785.3671995,22.83590439,178.7756591,1.396585143,27.93576679,350.6523137,1,582.149967,491.5557915,12651.33798,1,87.67581128,28.20269481,17.57130274,6.446228428,14.3008083,0.465239823,0.081527812,3438.177122,7.15618642,94.79378601,84.37023014,102.721592,341.1090674,264.1637633,380.2716742,2.592602428,31.56046909,99.59255575,35.35190616
2023,Idleb,Harim,1,500,500,1275,2550,0.076955511,1.744823344,884.272408,25.92426001,208.4698796,1.397594182,27.2782689,356.5012631,1,400.6489695,498.1062098,13057.53523,1,91.8753057,28.92379205,18.13546559,6.964360673,14.61773836,0.47109117,0.079555166,3409.984181,7.125463716,95.81787612,77.61240766,116.1778042,371.0598494,243.3845318,396.2349649,3.52892128,34.93256475,96.36876805,7.104166667
2023,Idleb,Idleb,1,627,627,1605.225,2560.167464,0.125820372,2.188331063,682.7478459,19.4353295,133.1604544,1.441830046,29.96636028,396.7139838,1,349.4829207,502.8977547,13551.43279,1,18.66965742,29.45196242,18.82143443,7.611267152,14.30311203,0.59183116,0.124687545,3511.921382,7.363514149,87.8828617,78.78809827,102.3620874,292.3668351,201.4720497,378.6673336,0.928862474,24.86059375,92.44894609,24.08243728
2023,Idleb,Idleb,2,220,220,654.5,2975,0.125820372,2.188331063,682.7478459,19.4353295,133.1604544,1.441830046,29.96636028,396.7139838,1,349.4829207,502.8977547,13551.43279,1,18.66965742,29.45196242,18.82143443,7.611267152,14.30311203,0.59183116,0.124687545,3511.921382,7.363514149,87.8828617,78.78809827,102.3620874,292.3668351,201.4720497,378.6673336,0.928862474,24.86059375,92.44894609,24.08243728
2023,Idleb,Idleb,3,730,730,2281.25,3125,0.125820372,2.188331063,682.7478459,19.4353295,133.1604544,1.441830046,29.96636028,396.7139838,1,349.4829207,502.8977547,13551.43279,1,18.66965742,29.45196242,18.82143443,7.611267152,14.30311203,0.59183116,0.124687545,3511.921382,7.363514149,87.8828617,78.78809827,102.3620874,292.3668351,201.4720497,378.6673336,0.928862474,24.86059375,92.44894609,24.08243728
2023,Raqqa,Al_Thawrah,3,1100,1100,3960,3600,0.166312937,1.915996577,353.0544386,9.303509936,159.7684893,1.190950364,17.04136252,252.4603217,1,365.9192606,348.5356614,14415.08747,1,14.81675015,31.91136187,20.02095481,7.471055942,9.188781066,0.489998024,0.101994315,3793.852062,7.560426275,81.31912416,84.48291199,88.47190836,170.1670632,193.9123706,366.1195327,0.562168467,8.629667024,85.59454392,97.73904029
2023,Raqqa,Al_Thawrah,4,1050,1050,3780,3600,0.166312937,1.915996577,353.0544386,9.303509936,159.7684893,1.190950364,17.04136252,252.4603217,1,365.9192606,348.5356614,14415.08747,1,14.81675015,31.91136187,20.02095481,7.471055942,9.188781066,0.489998024,0.101994315,3793.852062,7.560426275,81.31912416,84.48291199,88.47190836,170.1670632,193.9123706,366.1195327,0.562168467,8.629667024,85.59454392,97.73904029
2023,Raqqa,Al_Thawrah,5,15592,15592,51616,3310.415598,0.166312937,1.915996577,353.0544386,9.303509936,159.7684893,1.190950364,17.04136252,252.4603217,1,365.9192606,348.5356614,14415.08747,1,14.81675015,31.91136187,20.02095481,7.471055942,9.188781066,0.489998024,0.101994315,3793.852062,7.560426275,81.31912416,84.48291199,88.47190836,170.1670632,193.9123706,366.1195327,0.562168467,8.629667024,85.59454392,97.73904029
2023,Raqqa,Raqqa,3,1200,1200,4320,3600,1.050201469,5.964680642,331.7728843,8.426989827,176.8215937,1.445777656,18.21052889,260.1565394,1,346.2123061,438.9991523,14692.17591,1,26.05879584,32.59318612,20.40579988,7.554922282,11.17152197,0.437196325,0.078022608,3936.027232,7.943602406,68.54658646,88.18407201,80.44932087,159.8468785,252.812006,466.2953785,0.418199141,7.517291598,83.39542927,89.8962532
2023,Raqqa,Raqqa,4,29508,29508,102008.5,3456.977769,1.050201469,5.964680642,331.7728843,8.426989827,176.8215937,1.445777656,18.21052889,260.1565394,1,346.2123061,438.9991523,14692.17591,1,26.05879584,32.59318612,20.40579988,7.554922282,11.17152197,0.437196325,0.078022608,3936.027232,7.943602406,68.54658646,88.18407201,80.44932087,159.8468785,252.812006,466.2953785,0.418199141,7.517291598,83.39542927,89.8962532
2023,Raqqa,Raqqa,5,30700,30700,122273,3982.833876,1.050201469,5.964680642,331.7728843,8.426989827,176.8215937,1.445777656,18.21052889,260.1565394,1,346.2123061,438.9991523,14692.17591,1,26.05879584,32.59318612,20.40579988,7.554922282,11.17152197,0.437196325,0.078022608,3936.027232,7.943602406,68.54658646,88.18407201,80.44932087,159.8468785,252.812006,466.2953785,0.418199141,7.517291598,83.39542927,89.8962532
2023,Raqqa,Tell_Abiad,2,16000,16000,57600,3600,0.478825179,3.735158564,525.2487905,13.4699064,188.9206138,1.450549568,27.03711738,400.1496788,1,371.821103,378.4019688,14652.62766,1,11.17783109,33.8523338,20.35087176,6.619878668,9.713598115,0.459369666,0.081526874,3898.424205,7.789701512,73.67661628,88.06062179,86.65600513,249.2888155,163.0030389,436.503596,0.353533461,11.88417515,83.70930426,33.28514589
2023,Raqqa,Tell_Abiad,3,10400,10400,29153,2803.173077,0.478825179,3.735158564,525.2487905,13.4699064,188.9206138,1.450549568,27.03711738,400.1496788,1,371.821103,378.4019688,14652.62766,1,11.17783109,33.8523338,20.35087176,6.619878668,9.713598115,0.459369666,0.081526874,3898.424205,7.789701512,73.67661628,88.06062179,86.65600513,249.2888155,163.0030389,436.503596,0.353533461,11.88417515,83.70930426,33.28514589
2023,Raqqa,Tell_Abiad,4,450,450,1620,3600,0.478825179,3.735158564,525.2487905,13.4699064,188.9206138,1.450549568,27.03711738,400.1496788,1,371.821103,378.4019688,14652.62766,1,11.17783109,33.8523338,20.35087176,6.619878668,9.713598115,0.459369666,0.081526874,3898.424205,7.789701512,73.67661628,88.06062179,86.65600513,249.2888155,163.0030389,436.503596,0.353533461,11.88417515,83.70930426,33.28514589
2023,Tartous,Banyas,1,54,54,150.255,2782.5,0.064347484,1.259569202,1559.738451,43.03827578,227.2029485,1.248880866,25.12215029,311.6023136,1,597.2024401,904.4728226,12296.5558,1,239.5189203,26.55994156,17.07854973,7.377450055,24.95951471,0.619430511,0.058702029,3623.072811,6.402940695,80.09802315,88.9596275,103.2985873,752.2900715,311.2379664,363.3411414,4.321198421,51.28226288,97.59171273,78.70526316
2023,Tartous,Safita,1,69,69,128.5125,1862.5,0.047070335,1.157636077,1588.401122,44.51372928,212.2246192,1.350786518,24.81991989,329.6296751,1,294.0703481,847.8352684,13561.00726,1,85.74052064,27.35197363,18.83473231,9.376704269,23.77529033,0.645573162,0.076258908,3567.339809,6.807968775,93.59895915,90.14801677,107.7751282,753.0972895,291.9812893,377.4132804,2.351750182,44.6094789,92.37295822,76.62715679
2023,Tartous,Tartous,1,374.08,374.08,830.7693333,2220.833333,0.049162657,1.417978043,1351.284443,37.10154739,226.602822,1.337365278,24.38800112,328.0083572,1,151.3380759,950.3251094,13935.52276,1,85.26540945,27.31854687,19.35489272,10.53082335,26.14147612,0.629634063,0.075151729,3641.124218,6.801489796,93.38299321,88.00640943,103.3863366,654.3553806,293.3316743,364.969705,1.987711269,46.76351549,89.40061304,64.49344978
