year,ADM1_NAME,ADM2_NAME,Stability_Zone,Area_Sleikh,Area_Total,Production,Yield_kg_ha,Shape_Area,Shape_Leng,annual_rain_mm,aridity_index,aspect_deg,bulk_dens,cec_cmol_kg,clay_pct,cropland,elevation_m,et_mm,gdd_annual,grassland,gwt_depth_m,max_temp_c,mean_temp_c,min_temp_c,moisture_pct,ndvi_peak,ndvi_std,pet_mm,ph,ph_quality,rain_cv_pct,rainy_days,rainy_rain_mm,sand_pct,silt_pct,slope_deg,soc_g_kg,thermal_suit,water_occurrence
2004,Homs,Tall_Kalakh,1,2909,2909,9076,3120,0.061265386,1.382119937,1763.371248,48.6760063,213.4968276,1.371293035,28.50363662,371.8628808,1,462.9664108,693.8983642,12168.11012,1,86.9397267,25.74826823,16.90015294,7.249091974,19.19852908,0.646014747,0.116854407,3621.67035,7.036198454,98.79338486,102.8467833,99.11400291,758.9369258,256.0800903,370.1287946,2.899572474,38.32373734,96.57230253,63.89144317
2004,Hama,Hama,4,381,381,1959,5141.732283,0.227677668,4.733216797,854.2153212,24.39982953,192.7904067,1.455316559,28.89107986,399.9433813,1,367.8882638,472.4507038,12784.69935,1,25.04294796,28.15932693,17.75652687,6.176370229,13.48218522,0.513190554,0.104672225,3499.906923,7.530149647,82.32834509,100.6526403,91.74939391,394.5803469,199.991121,385.7041579,0.890006436,18.48653952,98.53413217,22.43352601
2004,Hama,Al_Ghab,1,4784,4784,22628,4729.93311,0.049595436,1.643165164,1619.44551,48.79831691,139.7759455,1.347860465,28.59829587,349.5799349,1,352.189296,956.2618512,11850.64189,1,139.7020723,26.11561902,16.45922485,6.155916022,28.75971485,0.667755042,0.109289703,3317.650339,6.782044179,92.73480597,102.7148366,107.8420566,687.3904254,280.5196852,361.9957542,4.508295663,42.21571718,94.05271344,35.28868661
2004,Idleb,Idleb,1,4370,4370,21894,5010.06865,0.125820372,2.188331063,1102.585467,32.06712398,133.1604544,1.441830046,29.96636028,396.7139838,1,349.4829207,579.1314183,12484.21588,1,18.66965742,28.00408697,17.33918873,5.897763851,16.82364932,0.591957344,0.120681925,3437.367181,7.363514149,87.8828617,100.2852302,96.06875003,493.5158649,201.4720497,378.6673336,0.928862474,24.86059375,99.08107844,24.08243728
2004,Idleb,Idleb,2,1057,1057,5773,5461.684011,0.125820372,2.188331063,1102.585467,32.06712398,133.1604544,1.441830046,29.96636028,396.7139838,1,349.4829207,579.1314183,12484.21588,1,18.66965742,28.00408697,17.33918873,5.897763851,16.82364932,0.591957344,0.120681925,3437.367181,7.363514149,87.8828617,100.2852302,96.06875003,493.5158649,201.4720497,378.6673336,0.928862474,24.86059375,99.08107844,24.08243728
2004,Idleb,Idleb,3,1253,1253,6534,5214.684757,0.125820372,2.188331063,1102.585467,32.06712398,133.1604544,1.441830046,29.96636028,396.7139838,1,349.4829207,579.1314183,12484.21588,1,18.66965742,28.00408697,17.33918873,5.897763851,16.82364932,0.591957344,0.120681925,3437.367181,7.363514149,87.8828617,100.2852302,96.06875003,493.5158649,201.4720497,378.6673336,0.928862474,24.86059375,99.08107844,24.08243728
2004,Idleb,Harim,1,647,647,3209,4959.814529,0.076955511,1.744823344,1262.438648,37.61273307,208.4698796,1.397594182,27.2782689,356.5012631,1,400.6489695,547.1849605,12100.58401,1,91.8753057,27.51901264,16.80636669,5.719943248,16.3228571,0.497392113,0.080009999,3355.412962,7.125463716,95.81787612,93.33899435,108.7440432,570.9437331,243.3845318,396.2349649,3.52892128,34.93256475,96.03638107,7.104166667
2004,Idleb,Al_Ma'ra,1,741,741,4947,6676.11336,0.219400577,2.789560748,981.1078451,28.88280248,161.5969773,1.44106543,30.50289991,387.8445436,1,426.7153644,495.1245461,12463.44268,1,29.05957912,27.99098124,17.31033705,5.735174544,14.58409446,0.563325132,0.121696039,3395.858203,7.422356298,85.92145674,103.6446441,93.40441828,435.9463525,211.8633148,395.4624714,1.089096217,21.8826255,98.91621171,2.740740741
2004,Idleb,Al_Ma'ra,2,210,210,869,4138.095238,0.219400577,2.789560748,981.1078451,28.88280248,161.5969773,1.44106543,30.50289991,387.8445436,1,426.7153644,495.1245461,12463.44268,1,29.05957912,27.99098124,17.31033705,5.735174544,14.58409446,0.563325132,0.121696039,3395.858203,7.422356298,85.92145674,103.6446441,93.40441828,435.9463525,211.8633148,395.4624714,1.089096217,21.8826255,98.91621171,2.740740741
2004,Idleb,Ariha,1,345,345,1515,4391.304348,0.06189382,1.20144567,1222.21157,36.22747012,178.7756591,1.396585143,27.93576679,350.6523137,1,582.149967,521.4364215,11593.55664,1,87.67581128,26.46915931,16.102162,5.380374414,15.46343596,0.4576139,0.075758543,3372.714934,7.15618642,94.79378601,106.311357,97.34530193,547.7594113,264.1637633,380.2716742,2.592602428,31.56046909,92.01235429,35.35190616
2004,Tartous,Tartous,1,6032,6032,25274,4190,0.049162657,1.417978043,1946.719812,53.72719261,226.602822,1.337365278,24.38800112,328.0083572,1,151.3380759,870.9635257,13307.05593,1,85.26540945,26.43344388,18.48202212,9.988166645,24.06022446,0.579063973,0.073570849,3622.341771,6.801489796,93.38299321,102.470699,101.4075782,785.2004058,293.3316743,364.969705,1.987711269,46.76351549,94.38844502,64.49344978
2004,Tartous,Banyas,1,22,22,54,2454.545455,0.064347484,1.259569202,2146.772586,60.57879057,227.2029485,1.248880866,25.12215029,311.6023136,1,597.2024401,815.615671,11522.57927,1,239.5189203,25.15813268,16.00358232,6.684955758,23.01293579,0.555566792,0.068353139,3542.769305,6.402940695,80.09802315,101.9273229,103.1564506,886.1705899,311.2379664,363.3411414,4.321198421,51.28226288,91.44904185,78.70526316
2004,Tartous,Safita,1,28,28,84,3000,0.047070335,1.157636077,2328.41008,65.97336377,212.2246192,1.350786518,24.81991989,329.6296751,1,294.0703481,767.8302862,12793.64333,1,85.74052064,26.16255977,17.76894907,8.788427803,21.77356463,0.606889907,0.076809727,3528.31842,6.807968775,93.59895915,102.3953471,106.1658278,955.5768453,291.9812893,377.4132804,2.351750182,44.6094789,98.46314814,76.62715679
2004,Aleppo,A'zaz,1,1319,1319,4308,3266.110691,0.121728487,2.146811382,916.5460818,25.40616673,180.5676029,1.396196968,30.36538609,429.7996425,1,481.8095159,588.5443126,12193.92719,1,12.33630082,29.12048446,16.93600999,4.840201807,16.31296237,0.653378307,0.140118104,3606.573277,7.471901984,84.26993387,97.94279803,94.4319319,440.1574596,165.5478602,396.9674719,0.559398203,24.25735487,96.77719993,30.7875817
2004,Aleppo,A'zaz,2,239,239,835,3493.723849,0.121728487,2.146811382,916.5460818,25.40616673,180.5676029,1.396196968,30.36538609,429.7996425,1,481.8095159,588.5443126,12193.92719,1,12.33630082,29.12048446,16.93600999,4.840201807,16.31296237,0.653378307,0.140118104,3606.573277,7.471901984,84.26993387,97.94279803,94.4319319,440.1574596,165.5478602,396.9674719,0.559398203,24.25735487,96.77719993,30.7875817
2004,Aleppo,Afrin,1,438,438,2006,4580,0.194810459,2.230856022,1215.203869,35.09691131,184.8305861,1.371035123,25.51170824,404.3181051,1,493.5760545,527.5228424,11752.31477,1,89.965976,27.97670649,16.3226594,4.572773084,15.23720541,0.443035704,0.062292004,3461.423967,7.198506433,93.3831189,93.89885033,102.9610652,580.9413006,192.8950466,401.4796676,3.206478872,32.26458622,93.27233944,72.67440361
2004,Aleppo,Jarablus,2,842,842,2140,2541.567696,0.056313267,1.389591551,773.1243408,21.46206858,123.911363,1.374076188,31.59740814,433.9335195,1,453.0262094,430.4851015,12744.43247,1,19.54434174,31.57849837,17.70060065,4.657554645,11.9561035,0.5211062,0.120310253,3601.2825,7.473535251,84.21549162,96.63975041,93.97130007,395.3812805,151.8135123,395.6820817,0.731704106,17.89025411,98.85371056,86.86344794
2004,Aleppo,Al_Bab,2,351,351,1516,4319.088319,0.223794265,2.70647827,698.8912923,19.7525318,171.3158859,1.361738999,28.32570189,404.137529,1,440.5998951,466.9869808,12728.84679,1,12.48017986,29.9933792,17.67895387,5.250335065,13.1995361,0.491892137,0.111135082,3537.236513,7.526863486,82.4378838,102.705158,90.88160485,345.5234258,172.3288421,394.8106379,0.536196258,18.97472913,98.97740645,57.38811081
2004,Aleppo,Al_Bab,3,6880,6880,30685,4460.02907,0.223794265,2.70647827,698.8912923,19.7525318,171.3158859,1.361738999,28.32570189,404.137529,1,440.5998951,466.9869808,12728.84679,1,12.48017986,29.9933792,17.67895387,5.250335065,13.1995361,0.491892137,0.111135082,3537.236513,7.526863486,82.4378838,102.705158,90.88160485,345.5234258,172.3288421,394.8106379,0.536196258,18.97472913,98.97740645,57.38811081
2004,Aleppo,Al_Bab,4,2355,2355,9632,4090,0.223794265,2.70647827,698.8912923,19.7525318,171.3158859,1.361738999,28.32570189,404.137529,1,440.5998951,466.9869808,12728.84679,1,12.48017986,29.9933792,17.67895387,5.250335065,13.1995361,0.491892137,0.111135082,3537.236513,7.526863486,82.4378838,102.705158,90.88160485,345.5234258,172.3288421,394.8106379,0.536196258,18.97472913,98.97740645,57.38811081
2004,Aleppo,Menbij,2,4170,4170,16000,3836.930456,0.476099108,4.018173677,526.3073967,14.58861708,173.279788,1.406754586,24.018397,332.4689528,1,397.1956572,423.0331693,13128.65303,1,17.60715977,30.57663824,18.23424031,5.59956174,11.73174705,0.452788836,0.098308579,3606.6579,7.618434657,79.38551142,90.89114713,88.31711405,267.2592926,198.2878033,437.4207931,0.49517755,12.11218955,95.80434107,92.68040719
2004,Aleppo,Menbij,3,3522,3522,16730,4749,0.476099108,4.018173677,526.3073967,14.58861708,173.279788,1.406754586,24.018397,332.4689528,1,397.1956572,423.0331693,13128.65303,1,17.60715977,30.57663824,18.23424031,5.59956174,11.73174705,0.452788836,0.098308579,3606.6579,7.618434657,79.38551142,90.89114713,88.31711405,267.2592926,198.2878033,437.4207931,0.49517755,12.11218955,95.80434107,92.68040719
2004,Aleppo,Menbij,4,18132,18132,90079,4968,0.476099108,4.018173677,526.3073967,14.58861708,173.279788,1.406754586,24.018397,332.4689528,1,397.1956572,423.0331693,13128.65303,1,17.60715977,30.57663824,18.23424031,5.59956174,11.73174705,0.452788836,0.098308579,3606.6579,7.618434657,79.38551142,90.89114713,88.31711405,267.2592926,198.2878033,437.4207931,0.49517755,12.11218955,95.80434107,92.68040719
2004,Aleppo,Menbij,5,4670,4670,26059,5580,0.476099108,4.018173677,526.3073967,14.58861708,173.279788,1.406754586,24.018397,332.4689528,1,397.1956572,423.0331693,13128.65303,1,17.60715977,30.57663824,18.23424031,5.59956174,11.73174705,0.452788836,0.098308579,3606.6579,7.618434657,79.38551142,90.89114713,88.31711405,267.2592926,198.2878033,437.4207931,0.49517755,12.11218955,95.80434107,92.68040719
2004,Aleppo,Ain_Al_Arab,2,12015,12015,43662,3633,0.285146327,2.615456939,657.5827111,17.37959342,180.1352135,1.344070296,29.15984317,412.5287694,1,457.6511594,398.3664481,12989.92906,1,40.7417743,31.91385425,18.04156814,4.936338851,10.5437128,0.500793283,0.118242596,3782.648415,7.452704986,84.90983381,86.84747447,92.2530546,324.9056551,160.737883,374.9119357,1.026508894,16.80178945,96.9053249,86.06697787
2004,Aleppo,Ain_Al_Arab,3,3322,3322,12192,3669,0.285146327,2.615456939,657.5827111,17.37959342,180.1352135,1.344070296,29.15984317,412.5287694,1,457.6511594,398.3664481,12989.92906,1,40.7417743,31.91385425,18.04156814,4.936338851,10.5437128,0.500793283,0.118242596,3782.648415,7.452704986,84.90983381,86.84747447,92.2530546,324.9056551,160.737883,374.9119357,1.026508894,16.80178945,96.9053249,86.06697787
2004,Aleppo,Jebel_Saman,1,523,523,2740,5239,0.320135248,3.90953411,826.5507606,23.85379342,185.7492815,1.399045613,26.85095306,367.0160671,1,348.6130778,509.4159087,12833.21129,1,24.0041333,29.12980012,17.82390457,5.763825072,14.69717461,0.511132177,0.105151362,3464.070507,7.511498758,82.95004141,98.56663565,91.64755569,374.181011,183.2856532,401.209007,0.780531933,17.98196178,98.14911672,28.18423019
2004,Aleppo,Jebel_Saman,2,1861,1861,9804,5267,0.320135248,3.90953411,826.5507606,23.85379342,185.7492815,1.399045613,26.85095306,367.0160671,1,348.6130778,509.4159087,12833.21129,1,24.0041333,29.12980012,17.82390457,5.763825072,14.69717461,0.511132177,0.105151362,3464.070507,7.511498758,82.95004141,98.56663565,91.64755569,374.181011,183.2856532,401.209007,0.780531933,17.98196178,98.14911672,28.18423019
2004,Aleppo,Jebel_Saman,3,271,271,975,3598,0.320135248,3.90953411,826.5507606,23.85379342,185.7492815,1.399045613,26.85095306,367.0160671,1,348.6130778,509.4159087,12833.21129,1,24.0041333,29.12980012,17.82390457,5.763825072,14.69717461,0.511132177,0.105151362,3464.070507,7.511498758,82.95004141,98.56663565,91.64755569,374.181011,183.2856532,401.209007,0.780531933,17.98196178,98.14911672,28.18423019
2004,Aleppo,Jebel_Saman,4,108,108,447,4138.888889,0.320135248,3.90953411,826.5507606,23.85379342,185.7492815,1.399045613,26.85095306,367.0160671,1,348.6130778,509.4159087,12833.21129,1,24.0041333,29.12980012,17.82390457,5.763825072,14.69717461,0.511132177,0.105151362,3464.070507,7.511498758,82.95004141,98.56663565,91.64755569,374.181011,183.2856532,401.209007,0.780531933,17.98196178,98.14911672,28.18423019
2004,Aleppo,As_Safira,2,3019,3019,13525,4480,0.226229514,2.727688396,582.2826115,16.53952985,194.0542344,1.456944439,23.81607607,339.9130212,1,386.7828001,432.6432281,13058.15538,1,58.56984464,29.67338519,18.13632691,5.767509616,12.29327035,0.43730669,0.091350434,3519.551169,7.634697244,78.8434252,102.9774751,87.6107645,280.9751616,209.796782,447.6738108,1.021027812,12.3940763,96.3638462,61.3127161
2004,Aleppo,As_Safira,3,3096,3096,13932,4500,0.226229514,2.727688396,582.2826115,16.53952985,194.0542344,1.456944439,23.81607607,339.9130212,1,386.7828001,432.6432281,13058.15538,1,58.56984464,29.67338519,18.13632691,5.767509616,12.29327035,0.43730669,0.091350434,3519.551169,7.634697244,78.8434252,102.9774751,87.6107645,280.9751616,209.796782,447.6738108,1.021027812,12.3940763,96.3638462,61.3127161
2004,Aleppo,As_Safira,4,590,590,2640,4474.576271,0.226229514,2.727688396,582.2826115,16.53952985,194.0542344,1.456944439,23.81607607,339.9130212,1,386.7828001,432.6432281,13058.15538,1,58.56984464,29.67338519,18.13632691,5.767509616,12.29327035,0.43730669,0.091350434,3519.551169,7.634697244,78.8434252,102.9774751,87.6107645,280.9751616,209.796782,447.6738108,1.021027812,12.3940763,96.3638462,61.3127161
2004,Raqqa,Raqqa,3,258,258,877,3399.224806,1.050201469,5.964680642,366.4462295,9.46091926,176.8215937,1.445777656,18.21052889,260.1565394,1,346.2123061,432.388088,13624.17705,1,26.05879584,31.59770822,18.92246813,5.636662574,11.19011253,0.31182605,0.057420077,3872.262412,7.943602406,68.54658646,81.60740859,83.41071803,187.1682397,252.812006,466.2953785,0.418199141,7.517291598,91.87161068,89.8962532
2004,Raqqa,Raqqa,4,12151,12151,59212,4872,1.050201469,5.964680642,366.4462295,9.46091926,176.8215937,1.445777656,18.21052889,260.1565394,1,346.2123061,432.388088,13624.17705,1,26.05879584,31.59770822,18.92246813,5.636662574,11.19011253,0.31182605,0.057420077,3872.262412,7.943602406,68.54658646,81.60740859,83.41071803,187.1682397,252.812006,466.2953785,0.418199141,7.517291598,91.87161068,89.8962532
2004,Raqqa,Raqqa,5,16744,16744,93448,5581,1.050201469,5.964680642,366.4462295,9.46091926,176.8215937,1.445777656,18.21052889,260.1565394,1,346.2123061,432.388088,13624.17705,1,26.05879584,31.59770822,18.92246813,5.636662574,11.19011253,0.31182605,0.057420077,3872.262412,7.943602406,68.54658646,81.60740859,83.41071803,187.1682397,252.812006,466.2953785,0.418199141,7.517291598,91.87161068,89.8962532
2004,Raqqa,Tell_Abiad,2,22444,22444,94736,4220,0.478825179,3.735158564,522.4332391,13.47531981,188.9206138,1.450549568,27.03711738,400.1496788,1,371.821103,384.8257953,13577.9887,1,11.17783109,32.83786378,18.85831764,5.278616146,9.942940494,0.387628408,0.073127305,3875.963564,7.789701512,73.67661628,87.54519569,87.89689453,261.4067156,163.0030389,436.503596,0.353533461,11.88417515,92.23818491,33.28514589
2004,Raqqa,Tell_Abiad,3,2783,2783,11171,4014,0.478825179,3.735158564,522.4332391,13.47531981,188.9206138,1.450549568,27.03711738,400.1496788,1,371.821103,384.8257953,13577.9887,1,11.17783109,32.83786378,18.85831764,5.278616146,9.942940494,0.387628408,0.073127305,3875.963564,7.789701512,73.67661628,87.54519569,87.89689453,261.4067156,163.0030389,436.503596,0.353533461,11.88417515,92.23818491,33.28514589
2004,Raqqa,Tell_Abiad,4,255,255,1012,3968.627451,0.478825179,3.735158564,522.4332391,13.47531981,188.9206138,1.450549568,27.03711738,400.1496788,1,371.821103,384.8257953,13577.9887,1,11.17783109,32.83786378,18.85831764,5.278616146,9.942940494,0.387628408,0.073127305,3875.963564,7.789701512,73.67661628,87.54519569,87.89689453,261.4067156,163.0030389,436.503596,0.353533461,11.88417515,92.23818491,33.28514589
2004,Raqqa,Tabqat,3,1772,1772,8816,4975,0.166312937,1.915996577,427.4300795,11.39688604,159.7684893,1.190950364,17.04136252,252.4603217,1,365.9192606,369.2454283,13360.36089,1,14.81675015,30.92719859,18.55605679,5.927438048,9.850994961,0.434367952,0.101685834,3749.411102,7.560426275,81.31912416,84.77903408,87.595515,207.4099383,193.9123706,366.1195327,0.562168467,8.629667024,93.96538978,97.73904029
2004,Raqqa,Tabqat,4,3443,3443,14667,4259,0.166312937,1.915996577,427.4300795,11.39688604,159.7684893,1.190950364,17.04136252,252.4603217,1,365.9192606,369.2454283,13360.36089,1,14.81675015,30.92719859,18.55605679,5.927438048,9.850994961,0.434367952,0.101685834,3749.411102,7.560426275,81.31912416,84.77903408,87.595515,207.4099383,193.9123706,366.1195327,0.562168467,8.629667024,93.96538978,97.73904029
2004,Raqqa,Tabqat,5,17753,17753,74883,4218,0.166312937,1.915996577,427.4300795,11.39688604,159.7684893,1.190950364,17.04136252,252.4603217,1,365.9192606,369.2454283,13360.36089,1,14.81675015,30.92719859,18.55605679,5.927438048,9.850994961,0.434367952,0.101685834,3749.411102,7.560426275,81.31912416,84.77903408,87.595515,207.4099383,193.9123706,366.1195327,0.562168467,8.629667024,93.96538978,97.73904029
2004,Dayr_Az_Zor,Dayr_Az_Zor,4,1954,1954,8832,4519,1.527438458,6.266817637,335.7728952,8.066682621,160.6562038,1.475571533,17.45613594,279.0580926,1,311.6110564,414.4570488,14310.56027,1,24.94088817,33.27569599,19.87577815,5.614436651,9.989824057,0.265822622,0.047177951,4161.465674,7.945084905,68.49716985,87.03533554,77.28925534,173.7542917,267.81461,453.5383851,0.441646162,7.406680906,86.42412487,59.82997528
2004,Dayr_Az_Zor,Dayr_Az_Zor,5,26519,26519,110664,4172,1.527438458,6.266817637,335.7728952,8.066682621,160.6562038,1.475571533,17.45613594,279.0580926,1,311.6110564,414.4570488,14310.56027,1,24.94088817,33.27569599,19.87577815,5.614436651,9.989824057,0.265822622,0.047177951,4161.465674,7.945084905,68.49716985,87.03533554,77.28925534,173.7542917,267.81461,453.5383851,0.441646162,7.406680906,86.42412487,59.82997528
2004,Dayr_Az_Zor,Al_Mayadin,5,9101,9101,40636,4465,0.846879854,4.706853339,308.0396537,7.13313517,106.9848781,1.464284982,15.16950876,321.6518012,1,284.7469964,415.4741643,14714.59226,1,13.44925992,33.55745803,20.43693369,6.015156346,9.642679007,0.203571821,0.026441566,4317.432868,7.935538403,68.81538657,90.02224887,75.92293682,164.844201,226.8776377,452.2255759,0.231444592,7.050522461,83.21752175,65.76879408
2004,Dayr_Az_Zor,Abu_Kamal,5,11459,11459,50465,4404,0.326690195,2.534252196,338.0626294,7.609903486,145.9024177,1.474952341,15.51213228,316.9541986,1,199.0450865,384.5147357,15236.56518,1,17.05196237,34.54651428,21.16189609,6.382905392,8.684882833,0.251309523,0.038689424,4441.403639,7.914785937,69.50713545,97.62786349,74.92928756,189.9851141,210.3167699,473.4703945,0.275403663,8.147721895,79.07487951,64.43444099
2004,Hassakeh,Hassakeh,2,29665,29665,90004,3034,1.234999017,5.292191536,556.6485078,13.41586041,179.2026918,1.453912692,22.75778998,312.1287676,1,352.2277754,371.0257892,14185.18109,1,19.1175947,33.97463499,19.70164041,5.469777574,8.964459639,0.368618961,0.071220593,4148.182316,7.76640865,74.453045,89.13112145,85.56433542,281.8678814,232.8497925,449.1236429,0.493960645,10.83503123,87.41919767,55.44769984
2004,Hassakeh,Hassakeh,3,12713,12713,43898,3453,1.234999017,5.292191536,556.6485078,13.41586041,179.2026918,1.453912692,22.75778998,312.1287676,1,352.2277754,371.0257892,14185.18109,1,19.1175947,33.97463499,19.70164041,5.469777574,8.964459639,0.368618961,0.071220593,4148.182316,7.76640865,74.453045,89.13112145,85.56433542,281.8678814,232.8497925,449.1236429,0.493960645,10.83503123,87.41919767,55.44769984
2004,Hassakeh,Hassakeh,4,11478,11478,35579,3099,1.234999017,5.292191536,556.6485078,13.41586041,179.2026918,1.453912692,22.75778998,312.1287676,1,352.2277754,371.0257892,14185.18109,1,19.1175947,33.97463499,19.70164041,5.469777574,8.964459639,0.368618961,0.071220593,4148.182316,7.76640865,74.453045,89.13112145,85.56433542,281.8678814,232.8497925,449.1236429,0.493960645,10.83503123,87.41919767,55.44769984
2004,Hassakeh,Hassakeh,5,11685,11685,45186,3867,1.234999017,5.292191536,556.6485078,13.41586041,179.2026918,1.453912692,22.75778998,312.1287676,1,352.2277754,371.0257892,14185.18109,1,19.1175947,33.97463499,19.70164041,5.469777574,8.964459639,0.368618961,0.071220593,4148.182316,7.76640865,74.453045,89.13112145,85.56433542,281.8678814,232.8497925,449.1236429,0.493960645,10.83503123,87.41919767,55.44769984
2004,Hassakeh,Quamishli,1,19117,19117,53295,2788,0.384508781,3.376182941,921.7399403,21.94856308,189.6343908,1.4227755,32.71215887,381.6987929,1,387.3408823,439.2062933,13689.70088,1,4.224880292,33.62868311,19.01347345,5.171298083,10.47570032,0.655323095,0.142240128,4198.545714,7.499177245,83.3607585,86.22519576,92.96184617,470.5476877,188.6721752,424.1715544,0.236333983,15.93920513,91.35158031,2.151515152
2004,Hassakeh,Quamishli,2,14507,14507,48062,3312,0.384508781,3.376182941,921.7399403,21.94856308,189.6343908,1.4227755,32.71215887,381.6987929,1,387.3408823,439.2062933,13689.70088,1,4.224880292,33.62868311,19.01347345,5.171298083,10.47570032,0.655323095,0.142240128,4198.545714,7.499177245,83.3607585,86.22519576,92.96184617,470.5476877,188.6721752,424.1715544,0.236333983,15.93920513,91.35158031,2.151515152
2004,Hassakeh,Quamishli,3,5453,5453,16561,3037,0.384508781,3.376182941,921.7399403,21.94856308,189.6343908,1.4227755,32.71215887,381.6987929,1,387.3408823,439.2062933,13689.70088,1,4.224880292,33.62868311,19.01347345,5.171298083,10.47570032,0.655323095,0.142240128,4198.545714,7.499177245,83.3607585,86.22519576,92.96184617,470.5476877,188.6721752,424.1715544,0.236333983,15.93920513,91.35158031,2.151515152
2004,Hassakeh,Al_Malika,1,26846,26846,104270,3884,0.273788898,2.626098262,1152.073845,26.6486605,177.7179584,1.393407522,35.81191186,396.1542193,1,442.2589019,474.1345723,13141.8264,1,11.47143655,32.9108448,18.25253667,4.463664118,10.98188085,0.666948607,0.146867996,4322.196076,7.401004555,86.63318149,84.76396938,95.87159356,580.3412606,182.2285639,417.2135132,0.627665989,23.0979689,95.69979046,71.48066457
2004,Hassakeh,Al_Malika,2,955,955,3343,3500,0.273788898,2.626098262,1152.073845,26.6486605,177.7179584,1.393407522,35.81191186,396.1542193,1,442.2589019,474.1345723,13141.8264,1,11.47143655,32.9108448,18.25253667,4.463664118,10.98188085,0.666948607,0.146867996,4322.196076,7.401004555,86.63318149,84.76396938,95.87159356,580.3412606,182.2285639,417.2135132,0.627665989,23.0979689,95.69979046,71.48066457
2004,Hassakeh,Ras_Al_Ain,1,20052,20052,86645,4321,0.383012451,4.287075453,671.52675,16.78523,181.239228,1.436138441,29.13638552,428.1986409,1,428.0325777,501.1308912,13508.12645,1,10.62784115,33.16590373,18.76128674,4.962238261,12.54271608,0.51289681,0.101571124,3999.700319,7.607914063,79.7361979,89.03775221,90.13674178,330.3802676,158.4989891,413.1203426,0.413294717,15.5378662,92.79264719,3.258706468
2004,Hassakeh,Ras_Al_Ain,2,62153,62153,231395,3723,0.383012451,4.287075453,671.52675,16.78523,181.239228,1.436138441,29.13638552,428.1986409,1,428.0325777,501.1308912,13508.12645,1,10.62784115,33.16590373,18.76128674,4.962238261,12.54271608,0.51289681,0.101571124,3999.700319,7.607914063,79.7361979,89.03775221,90.13674178,330.3802676,158.4989891,413.1203426,0.413294717,15.5378662,92.79264719,3.258706468
2004,Hassakeh,Ras_Al_Ain,4,350,350,1215,3471.428571,0.383012451,4.287075453,671.52675,16.78523,181.239228,1.436138441,29.13638552,428.1986409,1,428.0325777,501.1308912,13508.12645,1,10.62784115,33.16590373,18.76128674,4.962238261,12.54271608,0.51289681,0.101571124,3999.700319,7.607914063,79.7361979,89.03775221,90.13674178,330.3802676,158.4989891,413.1203426,0.413294717,15.5378662,92.79264719,3.258706468
2005,Homs,Tall_Kalakh,1,2950,2950,11741,3980,0.061265386,1.382119937,1386.854324,37.43090727,213.4968276,1.371293035,28.50363662,371.8628808,1,462.9664108,678.6183409,12110.96213,1,86.9397267,25.70009656,16.82078073,7.255059326,18.3663518,0.64611559,0.113854254,3704.104753,7.036198454,98.79338486,99.10971467,102.0519388,675.6643895,256.0800903,370.1287946,2.899572474,38.32373734,96.11874705,63.89144317
2005,Hama,Hama,2,108,108,536,4962.962963,0.227677668,4.733216797,702.6382185,19.65224645,192.7904067,1.455316559,28.89107986,399.9433813,1,367.8882638,446.229428,12757.15688,1,25.04294796,28.13759198,17.71827345,6.176370229,12.46416433,0.489216425,0.097889025,3574.358268,7.530149647,82.32834509,94.7944868,95.23549274,324.6623823,199.991121,385.7041579,0.890006436,18.48653952,98.75272314,22.43352601
2005,Hama,Hama,3,715,715,3546,4959.440559,0.227677668,4.733216797,702.6382185,19.65224645,192.7904067,1.455316559,28.89107986,399.9433813,1,367.8882638,446.229428,12757.15688,1,25.04294796,28.13759198,17.71827345,6.176370229,12.46416433,0.489216425,0.097889025,3574.358268,7.530149647,82.32834509,94.7944868,95.23549274,324.6623823,199.991121,385.7041579,0.890006436,18.48653952,98.75272314,22.43352601
2005,Hama,Hama,4,1712,1712,7961,4649,0.227677668,4.733216797,702.6382185,19.65224645,192.7904067,1.455316559,28.89107986,399.9433813,1,367.8882638,446.229428,12757.15688,1,25.04294796,28.13759198,17.71827345,6.176370229,12.46416433,0.489216425,0.097889025,3574.358268,7.530149647,82.32834509,94.7944868,95.23549274,324.6623823,199.991121,385.7041579,0.890006436,18.48653952,98.75272314,22.43352601
2005,Hama,Al_Ghab,1,3791,3791,21912,5780,0.049595436,1.643165164,1217.401728,35.97145907,139.7759455,1.347860465,28.59829587,349.5799349,1,352.189296,961.2583444,11751.19801,1,139.7020723,25.85796371,16.32110835,6.197685815,28.35510695,0.666671114,0.109356372,3383.354595,6.782044179,92.73480597,90.08900751,108.8496904,568.5290453,280.5196852,361.9957542,4.508295663,42.21571718,93.26347626,35.28868661
2005,Idleb,Idleb,1,4551,4551,21344,4690,0.125820372,2.188331063,893.8843943,25.51304497,133.1604544,1.441830046,29.96636028,396.7139838,1,349.4829207,561.6391003,12456.42401,1,18.66965742,27.99355581,17.3005889,5.897763851,16.01224745,0.582960136,0.118214139,3502.636651,7.363514149,87.8828617,87.82826421,99.54429205,431.787239,201.4720497,378.6673336,0.928862474,24.86059375,98.86050803,24.08243728
2005,Idleb,Idleb,2,1478,1478,6932,4690,0.125820372,2.188331063,893.8843943,25.51304497,133.1604544,1.441830046,29.96636028,396.7139838,1,349.4829207,561.6391003,12456.42401,1,18.66965742,27.99355581,17.3005889,5.897763851,16.01224745,0.582960136,0.118214139,3502.636651,7.363514149,87.8828617,87.82826421,99.54429205,431.787239,201.4720497,378.6673336,0.928862474,24.86059375,98.86050803,24.08243728
2005,Idleb,Idleb,3,1878,1878,10330,5500,0.125820372,2.188331063,893.8843943,25.51304497,133.1604544,1.441830046,29.96636028,396.7139838,1,349.4829207,561.6391003,12456.42401,1,18.66965742,27.99355581,17.3005889,5.897763851,16.01224745,0.582960136,0.118214139,3502.636651,7.363514149,87.8828617,87.82826421,99.54429205,431.787239,201.4720497,378.6673336,0.928862474,24.86059375,98.86050803,24.08243728
2005,Idleb,Harim,1,733,733,2961,4040,0.076955511,1.744823344,1088.088314,31.85413691,208.4698796,1.397594182,27.2782689,356.5012631,1,400.6489695,532.5100558,12062.926,1,91.8753057,27.43763584,16.75406388,5.719943248,15.60607079,0.480118202,0.072577179,3414.846165,7.125463716,95.81787612,82.61239746,111.1390014,517.8115205,243.3845318,396.2349649,3.52892128,34.93256475,95.73750791,7.104166667
2005,Idleb,Al_Jisr_Ash_Shu,1,18,18,72,4000,0.061795348,1.387996783,1135.982435,34.00458085,177.540447,1.380476929,27.89801472,304.6574213,1,349.3955892,649.7394312,11924.5799,1,101.3142959,26.35052956,16.56191653,6.169062647,19.44102556,0.557474697,0.077515117,3339.674716,6.711311118,90.37703725,88.07900038,106.6338384,539.9979646,309.262822,377.4719518,3.793157673,40.90641577,94.63952305,19.55376344
2005,Idleb,Al_Ma'ra,1,485,485,2333,4810,0.219400577,2.789560748,774.4699855,22.35929197,161.5969773,1.44106543,30.50289991,387.8445436,1,426.7153644,477.7839043,12429.47212,1,29.05957912,27.91015995,17.26315572,5.735243558,13.80365117,0.549057733,0.115661017,3462.750044,7.422356298,85.92145674,89.25624019,97.44037488,367.1924374,211.8633148,395.4624714,1.089096217,21.8826255,98.64660412,2.740740741
2005,Idleb,Al_Ma'ra,2,214,214,1530,7150,0.219400577,2.789560748,774.4699855,22.35929197,161.5969773,1.44106543,30.50289991,387.8445436,1,426.7153644,477.7839043,12429.47212,1,29.05957912,27.91015995,17.26315572,5.735243558,13.80365117,0.549057733,0.115661017,3462.750044,7.422356298,85.92145674,89.25624019,97.44037488,367.1924374,211.8633148,395.4624714,1.089096217,21.8826255,98.64660412,2.740740741
2005,Idleb,Ariha,1,717,717,3405,4750,0.06189382,1.20144567,946.2230839,27.5164989,178.7756591,1.396585143,27.93576679,350.6523137,1,582.149967,509.5418148,11533.97437,1,87.67581128,26.34664832,16.01940885,5.38383156,14.82601189,0.447885987,0.066242542,3437.748103,7.15618642,94.79378601,91.14395114,100.093624,452.8738904,264.1637633,380.2716742,2.592602428,31.56046909,91.53947916,35.35190616
2005,Tartous,Tartous,1,4921,4921,22637,4600,0.049162657,1.417978043,1538.260025,41.85656638,226.602822,1.337365278,24.38800112,328.0083572,1,151.3380759,852.2478894,13240.94932,1,85.26540945,26.15424475,18.39020739,10.26789158,23.21788763,0.594556921,0.0755546,3674.074564,6.801489796,93.38299321,94.41288904,103.6838871,784.4365526,293.3316743,364.969705,1.987711269,46.76351549,94.91310061,64.49344978
2005,Tartous,Banyas,1,29,29,134,4620,0.064347484,1.259569202,1631.033592,45.14830433,227.2029485,1.248880866,25.12215029,311.6023136,1,597.2024401,802.0542577,11440.26865,1,239.5189203,24.66375573,15.88926201,6.99788211,22.20302713,0.550959397,0.064387984,3611.613178,6.402940695,80.09802315,87.48995762,103.9000678,803.8425679,311.2379664,363.3411414,4.321198421,51.28226288,90.79578291,78.70526316
2005,Tartous,Safita,1,71,71,328,4620,0.047070335,1.157636077,1814.022805,50.39490905,212.2246192,1.350786518,24.81991989,329.6296751,1,294.0703481,742.5625409,12730.56803,1,85.74052064,26.01547367,17.68134449,8.883909339,20.64584823,0.606738062,0.074643962,3598.615198,6.807968775,93.59895915,95.46621563,106.7475272,910.9236901,291.9812893,377.4132804,2.351750182,44.6094789,98.96374577,76.62715679
2005,Aleppo,A'zaz,1,2085,2085,10675,5120,0.121728487,2.146811382,782.8524743,21.43226121,180.5676029,1.396196968,30.36538609,429.7996425,1,481.8095159,571.6433919,12204.21367,1,12.33630082,29.10573304,16.95029677,4.879821791,15.65498421,0.636550173,0.140571882,3651.682593,7.471901984,84.26993387,93.76116346,97.11618169,358.7064237,165.5478602,396.9674719,0.559398203,24.25735487,96.85883867,30.7875817
2005,Aleppo,A'zaz,2,418,418,2070,4950,0.121728487,2.146811382,782.8524743,21.43226121,180.5676029,1.396196968,30.36538609,429.7996425,1,481.8095159,571.6433919,12204.21367,1,12.33630082,29.10573304,16.95029677,4.879821791,15.65498421,0.636550173,0.140571882,3651.682593,7.471901984,84.26993387,93.76116346,97.11618169,358.7064237,165.5478602,396.9674719,0.559398203,24.25735487,96.85883867,30.7875817
2005,Aleppo,Afrin,1,1135,1135,4790,4220,0.194810459,2.230856022,1056.723174,30.10027131,184.8305861,1.371035123,25.51170824,404.3181051,1,493.5760545,511.2885721,11743.14835,1,89.965976,27.91138205,16.30992827,4.944976592,14.5672483,0.434509972,0.05694293,3509.676577,7.198506433,93.3831189,89.27565968,103.1621822,485.4051563,192.8950466,401.4796676,3.206478872,32.26458622,93.19959012,72.67440361
2005,Aleppo,Jarablus,2,802,802,4115,5130,0.056313267,1.389591551,654.0767778,17.98500175,123.911363,1.374076188,31.59740814,433.9335195,1,453.0262094,410.6756808,12758.54879,1,19.54434174,31.40185807,17.72020665,4.689403647,11.29711513,0.508575409,0.114776675,3635.790181,7.473535251,84.21549162,95.34513895,94.97812509,294.5269454,151.8135123,395.6820817,0.731704106,17.89025411,98.7416763,86.86344794
2005,Aleppo,Al_Bab,2,321,321,1278,3980,0.223794265,2.70647827,578.0268676,16.07999899,171.3158859,1.361738999,28.32570189,404.137529,1,440.5998951,451.1382437,12731.50934,1,12.48017986,29.98305495,17.68265186,5.263491695,12.55034228,0.472660219,0.105432138,3593.694675,7.526863486,82.4378838,97.41907259,93.24614075,256.7035962,172.3288421,394.8106379,0.536196258,18.97472913,98.9562751,57.38811081
2005,Aleppo,Al_Bab,3,7012,7012,27978,3990,0.223794265,2.70647827,578.0268676,16.07999899,171.3158859,1.361738999,28.32570189,404.137529,1,440.5998951,451.1382437,12731.50934,1,12.48017986,29.98305495,17.68265186,5.263491695,12.55034228,0.472660219,0.105432138,3593.694675,7.526863486,82.4378838,97.41907259,93.24614075,256.7035962,172.3288421,394.8106379,0.536196258,18.97472913,98.9562751,57.38811081
2005,Aleppo,Al_Bab,4,2623,2623,10492,4000,0.223794265,2.70647827,578.0268676,16.07999899,171.3158859,1.361738999,28.32570189,404.137529,1,440.5998951,451.1382437,12731.50934,1,12.48017986,29.98305495,17.68265186,5.263491695,12.55034228,0.472660219,0.105432138,3593.694675,7.526863486,82.4378838,97.41907259,93.24614075,256.7035962,172.3288421,394.8106379,0.536196258,18.97472913,98.9562751,57.38811081
2005,Aleppo,Menbij,2,4668,4668,16618,3560,0.476099108,4.018173677,453.6744579,12.41617724,173.279788,1.406754586,24.018397,332.4689528,1,397.1956572,405.5563337,13129.23498,1,17.60715977,30.56875842,18.23504858,5.59956174,11.10208144,0.438241559,0.093818959,3652.898049,7.618434657,79.38551142,92.6352749,87.68904306,210.4364443,198.2878033,437.4207931,0.49517755,12.11218955,95.79972238,92.68040719
2005,Aleppo,Menbij,3,3698,3698,14311,3870,0.476099108,4.018173677,453.6744579,12.41617724,173.279788,1.406754586,24.018397,332.4689528,1,397.1956572,405.5563337,13129.23498,1,17.60715977,30.56875842,18.23504858,5.59956174,11.10208144,0.438241559,0.093818959,3652.898049,7.618434657,79.38551142,92.6352749,87.68904306,210.4364443,198.2878033,437.4207931,0.49517755,12.11218955,95.79972238,92.68040719
2005,Aleppo,Menbij,4,21763,21763,95757,4400,0.476099108,4.018173677,453.6744579,12.41617724,173.279788,1.406754586,24.018397,332.4689528,1,397.1956572,405.5563337,13129.23498,1,17.60715977,30.56875842,18.23504858,5.59956174,11.10208144,0.438241559,0.093818959,3652.898049,7.618434657,79.38551142,92.6352749,87.68904306,210.4364443,198.2878033,437.4207931,0.49517755,12.11218955,95.79972238,92.68040719
2005,Aleppo,Menbij,5,5580,5580,30796,5520,0.476099108,4.018173677,453.6744579,12.41617724,173.279788,1.406754586,24.018397,332.4689528,1,397.1956572,405.5563337,13129.23498,1,17.60715977,30.56875842,18.23504858,5.59956174,11.10208144,0.438241559,0.093818959,3652.898049,7.618434657,79.38551142,92.6352749,87.68904306,210.4364443,198.2878033,437.4207931,0.49517755,12.11218955,95.79972238,92.68040719
2005,Aleppo,Ain_Al_Arab,2,13170,13170,51495,3910,0.285146327,2.615456939,576.1182107,15.14039765,180.1352135,1.344070296,29.15984317,412.5287694,1,457.6511594,385.9140817,13004.60463,1,40.7417743,31.76817907,18.06195087,4.946558722,10.15648322,0.506459952,0.120122417,3804.172256,7.452704986,84.90983381,91.86890064,92.91382979,274.7301049,160.737883,374.9119357,1.026508894,16.80178945,96.78885218,86.06697787
2005,Aleppo,Ain_Al_Arab,3,3322,3322,11428,3440,0.285146327,2.615456939,576.1182107,15.14039765,180.1352135,1.344070296,29.15984317,412.5287694,1,457.6511594,385.9140817,13004.60463,1,40.7417743,31.76817907,18.06195087,4.946558722,10.15648322,0.506459952,0.120122417,3804.172256,7.452704986,84.90983381,91.86890064,92.91382979,274.7301049,160.737883,374.9119357,1.026508894,16.80178945,96.78885218,86.06697787
2005,Aleppo,Jebel_Saman,1,566,566,1947,3440,0.320135248,3.90953411,680.9241387,19.30349788,185.7492815,1.399045613,26.85095306,367.0160671,1,348.6130778,485.921619,12825.42231,1,24.0041333,29.12975226,17.81308654,5.763825072,13.77339204,0.490559459,0.101372302,3526.465037,7.511498758,82.95004141,89.49335598,94.1545251,324.3345388,183.2856532,401.209007,0.780531933,17.98196178,98.21093407,28.18423019
2005,Aleppo,Jebel_Saman,2,1820,1820,7353,4040,0.320135248,3.90953411,680.9241387,19.30349788,185.7492815,1.399045613,26.85095306,367.0160671,1,348.6130778,485.921619,12825.42231,1,24.0041333,29.12975226,17.81308654,5.763825072,13.77339204,0.490559459,0.101372302,3526.465037,7.511498758,82.95004141,89.49335598,94.1545251,324.3345388,183.2856532,401.209007,0.780531933,17.98196178,98.21093407,28.18423019
2005,Aleppo,Jebel_Saman,3,263,263,863,3280,0.320135248,3.90953411,680.9241387,19.30349788,185.7492815,1.399045613,26.85095306,367.0160671,1,348.6130778,485.921619,12825.42231,1,24.0041333,29.12975226,17.81308654,5.763825072,13.77339204,0.490559459,0.101372302,3526.465037,7.511498758,82.95004141,89.49335598,94.1545251,324.3345388,183.2856532,401.209007,0.780531933,17.98196178,98.21093407,28.18423019
2005,Aleppo,Jebel_Saman,4,70,70,219,3130,0.320135248,3.90953411,680.9241387,19.30349788,185.7492815,1.399045613,26.85095306,367.0160671,1,348.6130778,485.921619,12825.42231,1,24.0041333,29.12975226,17.81308654,5.763825072,13.77339204,0.490559459,0.101372302,3526.465037,7.511498758,82.95004141,89.49335598,94.1545251,324.3345388,183.2856532,401.209007,0.780531933,17.98196178,98.21093407,28.18423019
2005,Aleppo,As_Safira,2,2423,2423,12479,5150,0.226229514,2.727688396,481.3966191,13.39676206,194.0542344,1.456944439,23.81607607,339.9130212,1,386.7828001,407.6633703,13068.01604,1,58.56984464,29.67338519,18.15002228,5.767509616,11.3481158,0.410501965,0.084687367,3592.380377,7.634697244,78.8434252,96.2352179,86.8956053,218.7092924,209.796782,447.6738108,1.021027812,12.3940763,96.28558697,61.3127161
2005,Aleppo,As_Safira,3,1959,1959,9991,5100,0.226229514,2.727688396,481.3966191,13.39676206,194.0542344,1.456944439,23.81607607,339.9130212,1,386.7828001,407.6633703,13068.01604,1,58.56984464,29.67338519,18.15002228,5.767509616,11.3481158,0.410501965,0.084687367,3592.380377,7.634697244,78.8434252,96.2352179,86.8956053,218.7092924,209.796782,447.6738108,1.021027812,12.3940763,96.28558697,61.3127161
2005,Aleppo,As_Safira,4,464,464,2069,4460,0.226229514,2.727688396,481.3966191,13.39676206,194.0542344,1.456944439,23.81607607,339.9130212,1,386.7828001,407.6633703,13068.01604,1,58.56984464,29.67338519,18.15002228,5.767509616,11.3481158,0.410501965,0.084687367,3592.380377,7.634697244,78.8434252,96.2352179,86.8956053,218.7092924,209.796782,447.6738108,1.021027812,12.3940763,96.28558697,61.3127161
2005,Aleppo,As_Safira,5,600,600,3306,5510,0.226229514,2.727688396,481.3966191,13.39676206,194.0542344,1.456944439,23.81607607,339.9130212,1,386.7828001,407.6633703,13068.01604,1,58.56984464,29.67338519,18.15002228,5.767509616,11.3481158,0.410501965,0.084687367,3592.380377,7.634697244,78.8434252,96.2352179,86.8956053,218.7092924,209.796782,447.6738108,1.021027812,12.3940763,96.28558697,61.3127161
2005,Raqqa,Raqqa,3,364,364,1991,5470,1.050201469,5.964680642,331.6601556,8.432983077,176.8215937,1.445777656,18.21052889,260.1565394,1,346.2123061,408.4892946,13620.28152,1,26.05879584,31.59770822,18.91705767,5.636662574,10.40954233,0.304906078,0.055494147,3931.89246,7.943602406,68.54658646,85.19171152,84.13916039,158.6823558,252.812006,466.2953785,0.418199141,7.517291598,91.9025276,89.8962532
2005,Raqqa,Raqqa,4,21798,21798,99835,4580,1.050201469,5.964680642,331.6601556,8.432983077,176.8215937,1.445777656,18.21052889,260.1565394,1,346.2123061,408.4892946,13620.28152,1,26.05879584,31.59770822,18.91705767,5.636662574,10.40954233,0.304906078,0.055494147,3931.89246,7.943602406,68.54658646,85.19171152,84.13916039,158.6823558,252.812006,466.2953785,0.418199141,7.517291598,91.9025276,89.8962532
2005,Raqqa,Raqqa,5,20708,20708,107889,5210,1.050201469,5.964680642,331.6601556,8.432983077,176.8215937,1.445777656,18.21052889,260.1565394,1,346.2123061,408.4892946,13620.28152,1,26.05879584,31.59770822,18.91705767,5.636662574,10.40954233,0.304906078,0.055494147,3931.89246,7.943602406,68.54658646,85.19171152,84.13916039,158.6823558,252.812006,466.2953785,0.418199141,7.517291598,91.9025276,89.8962532
2005,Raqqa,Tell_Abiad,2,20386,20386,94387,4630,0.478825179,3.735158564,466.9389514,11.93904253,188.9206138,1.450549568,27.03711738,400.1496788,1,371.821103,368.8760447,13609.48249,1,11.17783109,32.77697004,18.90205902,5.278616146,9.44830582,0.38224754,0.073010368,3910.025112,7.789701512,73.67661628,91.35716098,87.53817862,218.1333799,163.0030389,436.503596,0.353533461,11.88417515,91.98823419,33.28514589
2005,Raqqa,Tell_Abiad,3,2500,2500,10000,4000,0.478825179,3.735158564,466.9389514,11.93904253,188.9206138,1.450549568,27.03711738,400.1496788,1,371.821103,368.8760447,13609.48249,1,11.17783109,32.77697004,18.90205902,5.278616146,9.44830582,0.38224754,0.073010368,3910.025112,7.789701512,73.67661628,91.35716098,87.53817862,218.1333799,163.0030389,436.503596,0.353533461,11.88417515,91.98823419,33.28514589
2005,Raqqa,Tell_Abiad,4,255,255,842,3300,0.478825179,3.735158564,466.9389514,11.93904253,188.9206138,1.450549568,27.03711738,400.1496788,1,371.821103,368.8760447,13609.48249,1,11.17783109,32.77697004,18.90205902,5.278616146,9.44830582,0.38224754,0.073010368,3910.025112,7.789701512,73.67661628,91.35716098,87.53817862,218.1333799,163.0030389,436.503596,0.353533461,11.88417515,91.98823419,33.28514589
2005,Raqqa,Tabqat,3,1527,1527,8399,5500,0.166312937,1.915996577,373.674695,9.827563089,159.7684893,1.190950364,17.04136252,252.4603217,1,365.9192606,351.5692078,13361.78003,1,14.81675015,30.92719859,18.55802781,5.927438048,9.253826777,0.420438564,0.101322263,3801.312859,7.560426275,81.31912416,88.88409375,86.21897513,187.8574546,193.9123706,366.1195327,0.562168467,8.629667024,93.95412678,97.73904029
2005,Raqqa,Tabqat,4,1858,1858,8528,4590,0.166312937,1.915996577,373.674695,9.827563089,159.7684893,1.190950364,17.04136252,252.4603217,1,365.9192606,351.5692078,13361.78003,1,14.81675015,30.92719859,18.55802781,5.927438048,9.253826777,0.420438564,0.101322263,3801.312859,7.560426275,81.31912416,88.88409375,86.21897513,187.8574546,193.9123706,366.1195327,0.562168467,8.629667024,93.95412678,97.73904029
2005,Raqqa,Tabqat,5,16618,16618,73950,4450,0.166312937,1.915996577,373.674695,9.827563089,159.7684893,1.190950364,17.04136252,252.4603217,1,365.9192606,351.5692078,13361.78003,1,14.81675015,30.92719859,18.55802781,5.927438048,9.253826777,0.420438564,0.101322263,3801.312859,7.560426275,81.31912416,88.88409375,86.21897513,187.8574546,193.9123706,366.1195327,0.562168467,8.629667024,93.95412678,97.73904029
2005,Dayr_Az_Zor,Dayr_Az_Zor,4,2250,2250,9923,4410,1.527438458,6.266817637,303.9631923,7.202838348,160.6562038,1.475571533,17.45613594,279.0580926,1,311.6110564,401.8035916,14319.3464,1,24.94088817,33.27568188,19.8879811,5.614436651,9.556883727,0.259090074,0.044918761,4219.047398,7.945084905,68.49716985,90.38311385,76.36491724,142.2289063,267.81461,453.5383851,0.441646162,7.406680906,86.35439369,59.82997528
2005,Dayr_Az_Zor,Dayr_Az_Zor,5,35955,35955,165754,4610,1.527438458,6.266817637,303.9631923,7.202838348,160.6562038,1.475571533,17.45613594,279.0580926,1,311.6110564,401.8035916,14319.3464,1,24.94088817,33.27568188,19.8879811,5.614436651,9.556883727,0.259090074,0.044918761,4219.047398,7.945084905,68.49716985,90.38311385,76.36491724,142.2289063,267.81461,453.5383851,0.441646162,7.406680906,86.35439369,59.82997528
2005,Dayr_Az_Zor,Al_Mayadin,5,9288,9288,34923,3760,0.846879854,4.706853339,280.6634964,6.392686834,106.9848781,1.464284982,15.16950876,321.6518012,1,284.7469964,393.3776559,14710.1372,1,13.44925992,33.55745803,20.43074611,6.015156346,8.980964281,0.203413302,0.027202355,4389.383944,7.935538403,68.81538657,93.01937001,74.70586655,134.4117839,226.8776377,452.2255759,0.231444592,7.050522461,83.25287937,65.76879408
2005,Dayr_Az_Zor,Abu_Kamal,5,16165,16165,67246,4160,0.326690195,2.534252196,316.7796441,7.004061446,145.9024177,1.474952341,15.51213228,316.9541986,1,199.0450865,360.2068075,15258.52136,1,17.05196237,34.54651428,21.19239078,6.382905392,7.994409978,0.249316406,0.038710843,4521.799329,7.914785937,69.50713545,105.0187638,70.94094283,148.848191,210.3167699,473.4703945,0.275403663,8.147721895,78.90062412,64.43444099
2005,Hassakeh,Hassakeh,2,21905,21905,79734,3640,1.234999017,5.292191536,494.420644,11.69336607,179.2026918,1.453912692,22.75778998,312.1287676,1,352.2277754,341.7955319,14228.40702,1,19.1175947,33.97736607,19.76167642,5.469777574,8.107330651,0.361648613,0.069270679,4227.21488,7.76640865,74.453045,89.54287749,88.86838568,233.6532255,232.8497925,449.1236429,0.493960645,10.83503123,87.07613473,55.44769984
2005,Hassakeh,Hassakeh,3,11692,11692,44664,3820,1.234999017,5.292191536,494.420644,11.69336607,179.2026918,1.453912692,22.75778998,312.1287676,1,352.2277754,341.7955319,14228.40702,1,19.1175947,33.97736607,19.76167642,5.469777574,8.107330651,0.361648613,0.069270679,4227.21488,7.76640865,74.453045,89.54287749,88.86838568,233.6532255,232.8497925,449.1236429,0.493960645,10.83503123,87.07613473,55.44769984
2005,Hassakeh,Hassakeh,4,11820,11820,45389,3840,1.234999017,5.292191536,494.420644,11.69336607,179.2026918,1.453912692,22.75778998,312.1287676,1,352.2277754,341.7955319,14228.40702,1,19.1175947,33.97736607,19.76167642,5.469777574,8.107330651,0.361648613,0.069270679,4227.21488,7.76640865,74.453045,89.54287749,88.86838568,233.6532255,232.8497925,449.1236429,0.493960645,10.83503123,87.07613473,55.44769984
2005,Hassakeh,Hassakeh,5,13371,13371,47600,3560,1.234999017,5.292191536,494.420644,11.69336607,179.2026918,1.453912692,22.75778998,312.1287676,1,352.2277754,341.7955319,14228.40702,1,19.1175947,33.97736607,19.76167642,5.469777574,8.107330651,0.361648613,0.069270679,4227.21488,7.76640865,74.453045,89.54287749,88.86838568,233.6532255,232.8497925,449.1236429,0.493960645,10.83503123,87.07613473,55.44769984
2005,Hassakeh,Quamishli,1,21312,21312,78642,3690,0.384508781,3.376182941,808.4358262,18.79303897,189.6343908,1.4227755,32.71215887,381.6987929,1,387.3408823,401.9466259,13809.261,1,4.224880292,33.88592289,19.17952917,5.171298083,9.365464372,0.599920442,0.13218101,4300.783376,7.499177245,83.3607585,90.12007658,95.51523273,381.9407367,188.6721752,424.1715544,0.236333983,15.93920513,90.40269048,2.151515152
2005,Hassakeh,Quamishli,2,12372,12372,47756,3860,0.384508781,3.376182941,808.4358262,18.79303897,189.6343908,1.4227755,32.71215887,381.6987929,1,387.3408823,401.9466259,13809.261,1,4.224880292,33.88592289,19.17952917,5.171298083,9.365464372,0.599920442,0.13218101,4300.783376,7.499177245,83.3607585,90.12007658,95.51523273,381.9407367,188.6721752,424.1715544,0.236333983,15.93920513,90.40269048,2.151515152
2005,Hassakeh,Quamishli,3,3806,3806,13322,3500,0.384508781,3.376182941,808.4358262,18.79303897,189.6343908,1.4227755,32.71215887,381.6987929,1,387.3408823,401.9466259,13809.261,1,4.224880292,33.88592289,19.17952917,5.171298083,9.365464372,0.599920442,0.13218101,4300.783376,7.499177245,83.3607585,90.12007658,95.51523273,381.9407367,188.6721752,424.1715544,0.236333983,15.93920513,90.40269048,2.151515152
2005,Hassakeh,Al_Malika,1,31671,31671,124150,3920,0.273788898,2.626098262,1004.390536,22.55414892,177.7179584,1.393407522,35.81191186,396.1542193,1,442.2589019,432.956548,13304.23833,1,11.47143655,33.34086531,18.47810879,4.463634958,9.734654249,0.637121723,0.142469785,4452.240686,7.401004555,86.63318149,88.26017084,96.50155148,475.5179169,182.2285639,417.2135132,0.627665989,23.0979689,94.4108069,71.48066457
2005,Hassakeh,Al_Malika,2,1095,1095,4238,3870,0.273788898,2.626098262,1004.390536,22.55414892,177.7179584,1.393407522,35.81191186,396.1542193,1,442.2589019,432.956548,13304.23833,1,11.47143655,33.34086531,18.47810879,4.463634958,9.734654249,0.637121723,0.142469785,4452.240686,7.401004555,86.63318149,88.26017084,96.50155148,475.5179169,182.2285639,417.2135132,0.627665989,23.0979689,94.4108069,71.48066457
2005,Hassakeh,Al_Malika,3,140,140,490,3500,0.273788898,2.626098262,1004.390536,22.55414892,177.7179584,1.393407522,35.81191186,396.1542193,1,442.2589019,432.956548,13304.23833,1,11.47143655,33.34086531,18.47810879,4.463634958,9.734654249,0.637121723,0.142469785,4452.240686,7.401004555,86.63318149,88.26017084,96.50155148,475.5179169,182.2285639,417.2135132,0.627665989,23.0979689,94.4108069,71.48066457
2005,Hassakeh,Ras_Al_Ain,1,18882,18882,84592,4480,0.383012451,4.287075453,598.8060553,14.80484114,181.239228,1.436138441,29.13638552,428.1986409,1,428.0325777,471.7607384,13552.07229,1,10.62784115,33.22326523,18.82232262,4.962238261,11.68198831,0.488336252,0.098797732,4043.663833,7.607914063,79.7361979,89.67698486,92.63093106,283.0723903,158.4989891,413.1203426,0.413294717,15.5378662,92.44387073,3.258706468
2005,Hassakeh,Ras_Al_Ain,2,62214,62214,237035,3810,0.383012451,4.287075453,598.8060553,14.80484114,181.239228,1.436138441,29.13638552,428.1986409,1,428.0325777,471.7607384,13552.07229,1,10.62784115,33.22326523,18.82232262,4.962238261,11.68198831,0.488336252,0.098797732,4043.663833,7.607914063,79.7361979,89.67698486,92.63093106,283.0723903,158.4989891,413.1203426,0.413294717,15.5378662,92.44387073,3.258706468
2005,Hassakeh,Ras_Al_Ain,3,730,730,2197,3010,0.383012451,4.287075453,598.8060553,14.80484114,181.239228,1.436138441,29.13638552,428.1986409,1,428.0325777,471.7607384,13552.07229,1,10.62784115,33.22326523,18.82232262,4.962238261,11.68198831,0.488336252,0.098797732,4043.663833,7.607914063,79.7361979,89.67698486,92.63093106,283.0723903,158.4989891,413.1203426,0.413294717,15.5378662,92.44387073,3.258706468
2005,Hassakeh,Ras_Al_Ain,4,495,495,1733,3500,0.383012451,4.287075453,598.8060553,14.80484114,181.239228,1.436138441,29.13638552,428.1986409,1,428.0325777,471.7607384,13552.07229,1,10.62784115,33.22326523,18.82232262,4.962238261,11.68198831,0.488336252,0.098797732,4043.663833,7.607914063,79.7361979,89.67698486,92.63093106,283.0723903,158.4989891,413.1203426,0.413294717,15.5378662,92.44387073,3.258706468
2007,Homs,Tall_Kalakh,1,2834,2834,8998,3175,0.061265386,1.382119937,1272.500735,34.84347315,213.4968276,1.371293035,28.50363662,371.8628808,1,462.9664108,710.9073213,12178.34761,1,86.9397267,26.12142373,16.91437168,6.979911135,19.51170217,0.663295845,0.115507754,3651.049064,7.036198454,98.79338486,83.35580699,100.5181481,619.9467607,256.0800903,370.1287946,2.899572474,38.32373734,96.65355246,63.89144317
2007,Hama,Hama,2,71,71,293,4126,0.227677668,4.733216797,653.7140147,18.34094918,192.7904067,1.455316559,28.89107986,399.9433813,1,367.8882638,440.0542885,12881.6882,1,25.04294796,28.66779653,17.89123361,6.232395661,12.33200658,0.472408141,0.096188637,3563.23219,7.530149647,82.32834509,74.0828691,91.37799779,323.5896355,199.991121,385.7041579,0.890006436,18.48653952,97.76437937,22.43352601
2007,Hama,Hama,3,334,334,1319,3949,0.227677668,4.733216797,653.7140147,18.34094918,192.7904067,1.455316559,28.89107986,399.9433813,1,367.8882638,440.0542885,12881.6882,1,25.04294796,28.66779653,17.89123361,6.232395661,12.33200658,0.472408141,0.096188637,3563.23219,7.530149647,82.32834509,74.0828691,91.37799779,323.5896355,199.991121,385.7041579,0.890006436,18.48653952,97.76437937,22.43352601
2007,Hama,Hama,4,970,970,3613,3725,0.227677668,4.733216797,653.7140147,18.34094918,192.7904067,1.455316559,28.89107986,399.9433813,1,367.8882638,440.0542885,12881.6882,1,25.04294796,28.66779653,17.89123361,6.232395661,12.33200658,0.472408141,0.096188637,3563.23219,7.530149647,82.32834509,74.0828691,91.37799779,323.5896355,199.991121,385.7041579,0.890006436,18.48653952,97.76437937,22.43352601
2007,Hama,Al_Ghab,1,7009,7009,34975,4990,0.049595436,1.643165164,1245.377594,37.3078176,139.7759455,1.347860465,28.59829587,349.5799349,1,352.189296,904.8575358,11848.50444,1,139.7020723,26.2665459,16.45625617,5.727106143,27.05156548,0.723841319,0.127098025,3337.114298,6.782044179,92.73480597,76.35516097,107.6308291,605.274147,280.5196852,361.9957542,4.508295663,42.21571718,94.03574954,35.28868661
2007,Idleb,Idleb,1,4850,4850,21748,4484,0.125820372,2.188331063,872.6529941,24.65116242,133.1604544,1.441830046,29.96636028,396.7139838,1,349.4829207,530.0742607,12580.63703,1,18.66965742,28.70785961,17.47310699,5.452744198,14.96072781,0.583313902,0.117897144,3539.007483,7.363514149,87.8828617,76.50249874,97.90903602,400.8943867,201.4720497,378.6673336,0.928862474,24.86059375,99.84632564,24.08243728
2007,Idleb,Idleb,2,1650,1650,8027,4865,0.125820372,2.188331063,872.6529941,24.65116242,133.1604544,1.441830046,29.96636028,396.7139838,1,349.4829207,530.0742607,12580.63703,1,18.66965742,28.70785961,17.47310699,5.452744198,14.96072781,0.583313902,0.117897144,3539.007483,7.363514149,87.8828617,76.50249874,97.90903602,400.8943867,201.4720497,378.6673336,0.928862474,24.86059375,99.84632564,24.08243728
2007,Idleb,Idleb,3,1934,1934,7341,3796,0.125820372,2.188331063,872.6529941,24.65116242,133.1604544,1.441830046,29.96636028,396.7139838,1,349.4829207,530.0742607,12580.63703,1,18.66965742,28.70785961,17.47310699,5.452744198,14.96072781,0.583313902,0.117897144,3539.007483,7.363514149,87.8828617,76.50249874,97.90903602,400.8943867,201.4720497,378.6673336,0.928862474,24.86059375,99.84632564,24.08243728
2007,Idleb,Harim,1,1004,1004,2134,2125,0.076955511,1.744823344,1026.818016,30.0580398,208.4698796,1.397594182,27.2782689,356.5012631,1,400.6489695,516.7556142,12178.38946,1,91.8753057,27.9768217,16.91442981,4.769658689,15.16385976,0.500768999,0.079018078,3415.117693,7.125463716,95.81787612,73.20561954,111.9005787,460.4930206,243.3845318,396.2349649,3.52892128,34.93256475,96.65388463,7.104166667
2007,Idleb,Al_Jisr_Ash_Shu,1,53,53,170,3208,0.061795348,1.387996783,1136.571303,34.38658307,177.540447,1.380476929,27.89801472,304.6574213,1,349.3955892,643.9983281,12005.44391,1,101.3142959,26.74049093,16.67422766,5.459496395,19.46933862,0.579739059,0.091073268,3304.275493,6.711311118,90.37703725,81.04965385,105.9759834,521.268625,309.262822,377.4719518,3.793157673,40.90641577,95.2813009,19.55376344
2007,Idleb,Al_Ma'ra,1,537,537,1803,3358,0.219400577,2.789560748,763.7852246,21.97074738,161.5969773,1.44106543,30.50289991,387.8445436,1,426.7153644,461.2784282,12575.526,1,29.05957912,28.58499453,17.46600833,5.628497968,13.29732195,0.543119789,0.118740826,3475.373431,7.422356298,85.92145674,73.89392659,94.65793689,368.9814646,211.8633148,395.4624714,1.089096217,21.8826255,99.80576191,2.740740741
2007,Idleb,Al_Ma'ra,2,216,216,1024,4741,0.219400577,2.789560748,763.7852246,21.97074738,161.5969773,1.44106543,30.50289991,387.8445436,1,426.7153644,461.2784282,12575.526,1,29.05957912,28.58499453,17.46600833,5.628497968,13.29732195,0.543119789,0.118740826,3475.373431,7.422356298,85.92145674,73.89392659,94.65793689,368.9814646,211.8633148,395.4624714,1.089096217,21.8826255,99.80576191,2.740740741
2007,Idleb,Ariha,1,671,671,3187,4749,0.06189382,1.20144567,953.2886537,27.7987132,178.7756591,1.396585143,27.93576679,350.6523137,1,582.149967,507.8930049,11676.00397,1,87.67581128,27.03246052,16.21667218,4.816561107,14.83170158,0.45354512,0.071767736,3428.254609,7.15618642,94.79378601,81.58515532,98.76144421,439.7575664,264.1637633,380.2716742,2.592602428,31.56046909,92.6666982,35.35190616
2007,Tartous,Tartous,1,4739,4739,13838,2920,0.049162657,1.417978043,1482.440954,40.79483134,226.602822,1.337365278,24.38800112,328.0083572,1,151.3380759,893.240947,13213.59154,1,85.26540945,26.26920854,18.35221047,9.700307552,24.61868483,0.596492029,0.075910589,3632.894064,6.801489796,93.38299321,82.94611762,102.8045291,724.9834629,293.3316743,364.969705,1.987711269,46.76351549,95.1302259,64.49344978
2007,Tartous,Banyas,1,9,9,23,2556,0.064347484,1.259569202,1619.260374,45.16770635,227.2029485,1.248880866,25.12215029,311.6023136,1,597.2024401,821.9897049,11492.22683,1,239.5189203,25.01593729,15.96142615,6.529279729,22.92723497,0.563251503,0.057309178,3583.995796,6.402940695,80.09802315,79.2003232,103.512972,798.2381015,311.2379664,363.3411414,4.321198421,51.28226288,91.20814944,78.70526316
2007,Tartous,Safita,1,142,142,355,2500,0.047070335,1.157636077,1728.700329,48.50740426,212.2246192,1.350786518,24.81991989,329.6296751,1,294.0703481,776.8085309,12743.07818,1,85.74052064,26.21214527,17.6987197,8.474461955,21.81764205,0.610070283,0.07392368,3562.78651,6.807968775,93.59895915,82.63623157,106.6051151,822.1837973,291.9812893,377.4132804,2.351750182,44.6094789,98.86445886,76.62715679
2007,Aleppo,A'zaz,1,1139,1139,3987,3500,0.121728487,2.146811382,689.2035742,18.58520782,180.5676029,1.396196968,30.36538609,429.7996425,1,481.8095159,545.7112373,12331.34245,1,12.33630082,29.84623108,17.12686451,4.032263728,14.72099854,0.657211515,0.143902225,3707.344726,7.471901984,84.26993387,76.64265539,95.28963026,327.6101433,165.5478602,396.9674719,0.559398203,24.25735487,97.8677972,30.7875817
2007,Aleppo,A'zaz,2,299,299,1047,3500,0.121728487,2.146811382,689.2035742,18.58520782,180.5676029,1.396196968,30.36538609,429.7996425,1,481.8095159,545.7112373,12331.34245,1,12.33630082,29.84623108,17.12686451,4.032263728,14.72099854,0.657211515,0.143902225,3707.344726,7.471901984,84.26993387,76.64265539,95.28963026,327.6101433,165.5478602,396.9674719,0.559398203,24.25735487,97.8677972,30.7875817
2007,Aleppo,Afrin,1,1300,1300,5707,4390,0.194810459,2.230856022,966.0789633,27.29067257,184.8305861,1.371035123,25.51170824,404.3181051,1,493.5760545,498.5457474,11903.50514,1,89.965976,28.72187309,16.53264603,3.705459482,14.08736407,0.446509891,0.062119542,3538.960258,7.198506433,93.3831189,73.85060648,104.6905968,449.8173243,192.8950466,401.4796676,3.206478872,32.26458622,94.47226302,72.67440361
2007,Aleppo,Jarablus,2,1334,1334,4611,3456,0.056313267,1.389591551,556.2533961,14.93497183,123.911363,1.374076188,31.59740814,433.9335195,1,453.0262094,396.0397108,12900.13001,1,19.54434174,32.00957298,17.91684724,3.311987098,10.64037379,0.50430863,0.108251415,3723.502479,7.473535251,84.21549162,78.46507467,94.33377934,272.5773875,151.8135123,395.6820817,0.731704106,17.89025411,97.61801579,86.86344794
2007,Aleppo,Al_Bab,2,404,404,1770,4381,0.223794265,2.70647827,512.0387987,13.97281419,171.3158859,1.361738999,28.32570189,404.137529,1,440.5998951,435.2180142,12843.77561,1,12.48017986,30.62110254,17.83857724,4.46253577,11.87997076,0.478289106,0.101808548,3663.535947,7.526863486,82.4378838,80.40894307,89.13862475,251.8358122,172.3288421,394.8106379,0.536196258,18.97472913,98.06527293,57.38811081
2007,Aleppo,Al_Bab,3,7915,7915,44102,5572,0.223794265,2.70647827,512.0387987,13.97281419,171.3158859,1.361738999,28.32570189,404.137529,1,440.5998951,435.2180142,12843.77561,1,12.48017986,30.62110254,17.83857724,4.46253577,11.87997076,0.478289106,0.101808548,3663.535947,7.526863486,82.4378838,80.40894307,89.13862475,251.8358122,172.3288421,394.8106379,0.536196258,18.97472913,98.06527293,57.38811081
2007,Aleppo,Al_Bab,4,2977,2977,12950,4350,0.223794265,2.70647827,512.0387987,13.97281419,171.3158859,1.361738999,28.32570189,404.137529,1,440.5998951,435.2180142,12843.77561,1,12.48017986,30.62110254,17.83857724,4.46253577,11.87997076,0.478289106,0.101808548,3663.535947,7.526863486,82.4378838,80.40894307,89.13862475,251.8358122,172.3288421,394.8106379,0.536196258,18.97472913,98.06527293,57.38811081
2007,Aleppo,Menbij,2,3612,3612,14654,4057,0.476099108,4.018173677,420.5468864,11.21492787,173.279788,1.406754586,24.018397,332.4689528,1,397.1956572,375.3720158,13257.36338,1,17.60715977,31.13608958,18.4130047,4.904236411,10.01575685,0.352870943,0.067495232,3748.884898,7.618434657,79.38551142,77.71749873,85.85549489,217.2221057,198.2878033,437.4207931,0.49517755,12.11218955,94.7828303,92.68040719
2007,Aleppo,Menbij,3,2911,2911,12581,4322,0.476099108,4.018173677,420.5468864,11.21492787,173.279788,1.406754586,24.018397,332.4689528,1,397.1956572,375.3720158,13257.36338,1,17.60715977,31.13608958,18.4130047,4.904236411,10.01575685,0.352870943,0.067495232,3748.884898,7.618434657,79.38551142,77.71749873,85.85549489,217.2221057,198.2878033,437.4207931,0.49517755,12.11218955,94.7828303,92.68040719
2007,Aleppo,Menbij,4,18912,18912,85672,4530,0.476099108,4.018173677,420.5468864,11.21492787,173.279788,1.406754586,24.018397,332.4689528,1,397.1956572,375.3720158,13257.36338,1,17.60715977,31.13608958,18.4130047,4.904236411,10.01575685,0.352870943,0.067495232,3748.884898,7.618434657,79.38551142,77.71749873,85.85549489,217.2221057,198.2878033,437.4207931,0.49517755,12.11218955,94.7828303,92.68040719
2007,Aleppo,Menbij,5,8237,8237,48087,5838,0.476099108,4.018173677,420.5468864,11.21492787,173.279788,1.406754586,24.018397,332.4689528,1,397.1956572,375.3720158,13257.36338,1,17.60715977,31.13608958,18.4130047,4.904236411,10.01575685,0.352870943,0.067495232,3748.884898,7.618434657,79.38551142,77.71749873,85.85549489,217.2221057,198.2878033,437.4207931,0.49517755,12.11218955,94.7828303,92.68040719
2007,Aleppo,Ain_Al_Arab,2,14203,14203,50975,3589,0.285146327,2.615456939,534.2513081,13.62390233,180.1352135,1.344070296,29.15984317,412.5287694,1,457.6511594,358.1093037,13170.50782,1,40.7417743,32.35736164,18.29237198,3.810319605,9.14420361,0.468275307,0.10030094,3920.42644,7.452704986,84.90983381,77.34841952,93.62283037,272.6113147,160.737883,374.9119357,1.026508894,16.80178945,95.47216013,86.06697787
2007,Aleppo,Ain_Al_Arab,3,3509,3509,12702,3620,0.285146327,2.615456939,534.2513081,13.62390233,180.1352135,1.344070296,29.15984317,412.5287694,1,457.6511594,358.1093037,13170.50782,1,40.7417743,32.35736164,18.29237198,3.810319605,9.14420361,0.468275307,0.10030094,3920.42644,7.452704986,84.90983381,77.34841952,93.62283037,272.6113147,160.737883,374.9119357,1.026508894,16.80178945,95.47216013,86.06697787
2007,Aleppo,Jebel_Saman,1,531,531,2124,4000,0.320135248,3.90953411,636.1562011,17.79380047,185.7492815,1.399045613,26.85095306,367.0160671,1,348.6130778,453.3305249,12937.51534,1,24.0041333,29.82169878,17.9687713,5.329610052,12.67583751,0.463034267,0.090503266,3574.156427,7.511498758,82.95004141,74.98280623,90.6511904,302.5689137,183.2856532,401.209007,0.780531933,17.98196178,97.32130686,28.18423019
2007,Aleppo,Jebel_Saman,2,1654,1654,6616,4000,0.320135248,3.90953411,636.1562011,17.79380047,185.7492815,1.399045613,26.85095306,367.0160671,1,348.6130778,453.3305249,12937.51534,1,24.0041333,29.82169878,17.9687713,5.329610052,12.67583751,0.463034267,0.090503266,3574.156427,7.511498758,82.95004141,74.98280623,90.6511904,302.5689137,183.2856532,401.209007,0.780531933,17.98196178,97.32130686,28.18423019
2007,Aleppo,Jebel_Saman,3,229,229,916,4000,0.320135248,3.90953411,636.1562011,17.79380047,185.7492815,1.399045613,26.85095306,367.0160671,1,348.6130778,453.3305249,12937.51534,1,24.0041333,29.82169878,17.9687713,5.329610052,12.67583751,0.463034267,0.090503266,3574.156427,7.511498758,82.95004141,74.98280623,90.6511904,302.5689137,183.2856532,401.209007,0.780531933,17.98196178,97.32130686,28.18423019
2007,Aleppo,Jebel_Saman,4,73,73,292,4000,0.320135248,3.90953411,636.1562011,17.79380047,185.7492815,1.399045613,26.85095306,367.0160671,1,348.6130778,453.3305249,12937.51534,1,24.0041333,29.82169878,17.9687713,5.329610052,12.67583751,0.463034267,0.090503266,3574.156427,7.511498758,82.95004141,74.98280623,90.6511904,302.5689137,183.2856532,401.209007,0.780531933,17.98196178,97.32130686,28.18423019
2007,Aleppo,As_Safira,2,1916,1916,8509,4441,0.226229514,2.727688396,456.299557,12.50202521,194.0542344,1.456944439,23.81607607,339.9130212,1,386.7828001,382.3177388,13180.31056,1,58.56984464,30.3292621,18.30598688,5.414454643,10.47411383,0.340847961,0.060963917,3648.805126,7.634697244,78.8434252,77.9617139,82.03534485,234.5414825,209.796782,447.6738108,1.021027812,12.3940763,95.39436066,61.3127161
2007,Aleppo,As_Safira,3,2321,2321,7165,3087,0.226229514,2.727688396,456.299557,12.50202521,194.0542344,1.456944439,23.81607607,339.9130212,1,386.7828001,382.3177388,13180.31056,1,58.56984464,30.3292621,18.30598688,5.414454643,10.47411383,0.340847961,0.060963917,3648.805126,7.634697244,78.8434252,77.9617139,82.03534485,234.5414825,209.796782,447.6738108,1.021027812,12.3940763,95.39436066,61.3127161
2007,Aleppo,As_Safira,4,334,334,1159,3470,0.226229514,2.727688396,456.299557,12.50202521,194.0542344,1.456944439,23.81607607,339.9130212,1,386.7828001,382.3177388,13180.31056,1,58.56984464,30.3292621,18.30598688,5.414454643,10.47411383,0.340847961,0.060963917,3648.805126,7.634697244,78.8434252,77.9617139,82.03534485,234.5414825,209.796782,447.6738108,1.021027812,12.3940763,95.39436066,61.3127161
2007,Aleppo,As_Safira,5,700,700,2450,3500,0.226229514,2.727688396,456.299557,12.50202521,194.0542344,1.456944439,23.81607607,339.9130212,1,386.7828001,382.3177388,13180.31056,1,58.56984464,30.3292621,18.30598688,5.414454643,10.47411383,0.340847961,0.060963917,3648.805126,7.634697244,78.8434252,77.9617139,82.03534485,234.5414825,209.796782,447.6738108,1.021027812,12.3940763,95.39436066,61.3127161
2007,Raqqa,Raqqa,3,180,180,713,3961,1.050201469,5.964680642,333.5750505,8.294308239,176.8215937,1.445777656,18.21052889,260.1565394,1,346.2123061,381.4028869,13786.16951,1,26.05879584,32.01229776,19.14745766,5.308875711,9.499100077,0.217286393,0.031327564,4020.734434,7.943602406,68.54658646,77.44139965,84.26097052,184.5041121,252.812006,466.2953785,0.418199141,7.517291598,90.58595625,89.8962532
2007,Raqqa,Raqqa,4,18841,18841,96071,5099,1.050201469,5.964680642,333.5750505,8.294308239,176.8215937,1.445777656,18.21052889,260.1565394,1,346.2123061,381.4028869,13786.16951,1,26.05879584,32.01229776,19.14745766,5.308875711,9.499100077,0.217286393,0.031327564,4020.734434,7.943602406,68.54658646,77.44139965,84.26097052,184.5041121,252.812006,466.2953785,0.418199141,7.517291598,90.58595625,89.8962532
2007,Raqqa,Raqqa,5,15863,15863,83629,5272,1.050201469,5.964680642,333.5750505,8.294308239,176.8215937,1.445777656,18.21052889,260.1565394,1,346.2123061,381.4028869,13786.16951,1,26.05879584,32.01229776,19.14745766,5.308875711,9.499100077,0.217286393,0.031327564,4020.734434,7.943602406,68.54658646,77.44139965,84.26097052,184.5041121,252.812006,466.2953785,0.418199141,7.517291598,90.58595625,89.8962532
2007,Raqqa,Tell_Abiad,2,22232,22232,97799,4399,0.478825179,3.735158564,460.605813,11.43120755,188.9206138,1.450549568,27.03711738,400.1496788,1,371.821103,333.9294394,13773.44105,1,11.17783109,33.25059878,19.12977923,4.489144035,8.302525047,0.296320883,0.046453725,4028.371446,7.789701512,73.67661628,79.33258294,90.77306235,244.4782305,163.0030389,436.503596,0.353533461,11.88417515,90.68697581,33.28514589
2007,Raqqa,Tell_Abiad,3,3470,3470,9282,2675,0.478825179,3.735158564,460.605813,11.43120755,188.9206138,1.450549568,27.03711738,400.1496788,1,371.821103,333.9294394,13773.44105,1,11.17783109,33.25059878,19.12977923,4.489144035,8.302525047,0.296320883,0.046453725,4028.371446,7.789701512,73.67661628,79.33258294,90.77306235,244.4782305,163.0030389,436.503596,0.353533461,11.88417515,90.68697581,33.28514589
2007,Raqqa,Tell_Abiad,4,1117,1117,2709,2425,0.478825179,3.735158564,460.605813,11.43120755,188.9206138,1.450549568,27.03711738,400.1496788,1,371.821103,333.9294394,13773.44105,1,11.17783109,33.25059878,19.12977923,4.489144035,8.302525047,0.296320883,0.046453725,4028.371446,7.789701512,73.67661628,79.33258294,90.77306235,244.4782305,163.0030389,436.503596,0.353533461,11.88417515,90.68697581,33.28514589
2007,Raqqa,Tabqat,3,2395,2395,10011,4180,0.166312937,1.915996577,363.2672467,9.303147366,159.7684893,1.190950364,17.04136252,252.4603217,1,365.9192606,315.7105319,13523.01713,1,14.81675015,31.46106726,18.78196824,5.196997851,8.088424478,0.284584001,0.056095601,3903.777947,7.560426275,81.31912416,78.45973854,85.06345975,190.4755312,193.9123706,366.1195327,0.562168467,8.629667024,92.6744672,97.73904029
2007,Raqqa,Tabqat,4,3025,3025,13622,4503,0.166312937,1.915996577,363.2672467,9.303147366,159.7684893,1.190950364,17.04136252,252.4603217,1,365.9192606,315.7105319,13523.01713,1,14.81675015,31.46106726,18.78196824,5.196997851,8.088424478,0.284584001,0.056095601,3903.777947,7.560426275,81.31912416,78.45973854,85.06345975,190.4755312,193.9123706,366.1195327,0.562168467,8.629667024,92.6744672,97.73904029
2007,Raqqa,Tabqat,5,16188,16188,69609,4300,0.166312937,1.915996577,363.2672467,9.303147366,159.7684893,1.190950364,17.04136252,252.4603217,1,365.9192606,315.7105319,13523.01713,1,14.81675015,31.46106726,18.78196824,5.196997851,8.088424478,0.284584001,0.056095601,3903.777947,7.560426275,81.31912416,78.45973854,85.06345975,190.4755312,193.9123706,366.1195327,0.562168467,8.629667024,92.6744672,97.73904029
2007,Dayr_Az_Zor,Dayr_Az_Zor,4,2680,2680,10184,3800,1.527438458,6.266817637,336.5240054,7.777664144,160.6562038,1.475571533,17.45613594,279.0580926,1,311.6110564,350.5415221,14516.84215,1,24.94088817,33.47158026,20.16228076,5.650701827,8.135405301,0.188379616,0.02476865,4325.800427,7.945084905,68.49716985,87.39853142,81.95767319,170.6842754,267.81461,453.5383851,0.441646162,7.406680906,84.78696708,59.82997528
2007,Dayr_Az_Zor,Dayr_Az_Zor,5,32312,32312,129507,4008,1.527438458,6.266817637,336.5240054,7.777664144,160.6562038,1.475571533,17.45613594,279.0580926,1,311.6110564,350.5415221,14516.84215,1,24.94088817,33.47158026,20.16228076,5.650701827,8.135405301,0.188379616,0.02476865,4325.800427,7.945084905,68.49716985,87.39853142,81.95767319,170.6842754,267.81461,453.5383851,0.441646162,7.406680906,84.78696708,59.82997528
2007,Dayr_Az_Zor,Al_Mayadin,5,6194,6194,25940,4188,0.846879854,4.706853339,306.8067,6.8330012,106.9848781,1.464284982,15.16950876,321.6518012,1,284.7469964,342.0697265,14907.16222,1,13.44925992,33.66391704,20.70439197,6.10854458,7.642677282,0.158206221,0.013074769,4489.072385,7.935538403,68.81538657,94.60665979,74.55179549,155.4417755,226.8776377,452.2255759,0.231444592,7.050522461,81.68918876,65.76879408
2007,Dayr_Az_Zor,Abu_Kamal,5,15846,15846,56919,3592,0.326690195,2.534252196,369.2400614,8.047724088,145.9024177,1.474952341,15.51213228,316.9541986,1,199.0450865,326.4202275,15427.72853,1,17.05196237,34.63589799,21.42740074,6.311871265,7.138183671,0.20384278,0.026821602,4587.130226,7.914785937,69.50713545,108.565922,76.49222417,177.1624444,210.3167699,473.4703945,0.275403663,8.147721895,77.55771008,64.43444099
2007,Hassakeh,Hassakeh,1,222,222,552,2486,1.234999017,5.292191536,551.2765435,12.70697042,179.2026918,1.453912692,22.75778998,312.1287676,1,352.2277754,300.6162007,14323.12764,1,19.1175947,34.14789318,19.89323284,4.751904919,6.951056889,0.273837244,0.04295389,4337.379058,7.76640865,74.453045,88.43511336,91.63044482,284.2048548,232.8497925,449.1236429,0.493960645,10.83503123,86.3243838,55.44769984
2007,Hassakeh,Hassakeh,2,26905,26905,88571,3292,1.234999017,5.292191536,551.2765435,12.70697042,179.2026918,1.453912692,22.75778998,312.1287676,1,352.2277754,300.6162007,14323.12764,1,19.1175947,34.14789318,19.89323284,4.751904919,6.951056889,0.273837244,0.04295389,4337.379058,7.76640865,74.453045,88.43511336,91.63044482,284.2048548,232.8497925,449.1236429,0.493960645,10.83503123,86.3243838,55.44769984
2007,Hassakeh,Hassakeh,3,10479,10479,34141,3258,1.234999017,5.292191536,551.2765435,12.70697042,179.2026918,1.453912692,22.75778998,312.1287676,1,352.2277754,300.6162007,14323.12764,1,19.1175947,34.14789318,19.89323284,4.751904919,6.951056889,0.273837244,0.04295389,4337.379058,7.76640865,74.453045,88.43511336,91.63044482,284.2048548,232.8497925,449.1236429,0.493960645,10.83503123,86.3243838,55.44769984
2007,Hassakeh,Hassakeh,4,11722,11722,36267,3094,1.234999017,5.292191536,551.2765435,12.70697042,179.2026918,1.453912692,22.75778998,312.1287676,1,352.2277754,300.6162007,14323.12764,1,19.1175947,34.14789318,19.89323284,4.751904919,6.951056889,0.273837244,0.04295389,4337.379058,7.76640865,74.453045,88.43511336,91.63044482,284.2048548,232.8497925,449.1236429,0.493960645,10.83503123,86.3243838,55.44769984
2007,Hassakeh,Hassakeh,5,8762,8762,28949,3304,1.234999017,5.292191536,551.2765435,12.70697042,179.2026918,1.453912692,22.75778998,312.1287676,1,352.2277754,300.6162007,14323.12764,1,19.1175947,34.14789318,19.89323284,4.751904919,6.951056889,0.273837244,0.04295389,4337.379058,7.76640865,74.453045,88.43511336,91.63044482,284.2048548,232.8497925,449.1236429,0.493960645,10.83503123,86.3243838,55.44769984
2007,Hassakeh,Quamishli,1,25549,25549,92206,3609,0.384508781,3.376182941,850.3153288,19.32562456,189.6343908,1.4227755,32.71215887,381.6987929,1,387.3408823,372.9633276,13752.8998,1,4.224880292,34.24491754,19.10124972,3.329027071,8.499245581,0.627903736,0.130428877,4398.93712,7.499177245,83.3607585,85.6736499,93.75242356,432.7353746,188.6721752,424.1715544,0.236333983,15.93920513,90.85000161,2.151515152
2007,Hassakeh,Quamishli,2,11282,11282,34421,3051,0.384508781,3.376182941,850.3153288,19.32562456,189.6343908,1.4227755,32.71215887,381.6987929,1,387.3408823,372.9633276,13752.8998,1,4.224880292,34.24491754,19.10124972,3.329027071,8.499245581,0.627903736,0.130428877,4398.93712,7.499177245,83.3607585,85.6736499,93.75242356,432.7353746,188.6721752,424.1715544,0.236333983,15.93920513,90.85000161,2.151515152
2007,Hassakeh,Quamishli,3,4615,4615,12922,2800,0.384508781,3.376182941,850.3153288,19.32562456,189.6343908,1.4227755,32.71215887,381.6987929,1,387.3408823,372.9633276,13752.8998,1,4.224880292,34.24491754,19.10124972,3.329027071,8.499245581,0.627903736,0.130428877,4398.93712,7.499177245,83.3607585,85.6736499,93.75242356,432.7353746,188.6721752,424.1715544,0.236333983,15.93920513,90.85000161,2.151515152
2007,Hassakeh,Al_Malika,1,29205,29205,100057,3426,0.273788898,2.626098262,1054.311668,23.40294949,177.7179584,1.393407522,35.81191186,396.1542193,1,442.2589019,415.5652977,13253.5204,1,11.47143655,33.91081287,18.40766722,2.359439492,9.239683812,0.692210858,0.154705117,4504.037575,7.401004555,86.63318149,87.03392106,94.65819672,549.0247466,182.2285639,417.2135132,0.627665989,23.0979689,94.81333019,71.48066457
2007,Hassakeh,Al_Malika,2,1315,1315,4142,3150,0.273788898,2.626098262,1054.311668,23.40294949,177.7179584,1.393407522,35.81191186,396.1542193,1,442.2589019,415.5652977,13253.5204,1,11.47143655,33.91081287,18.40766722,2.359439492,9.239683812,0.692210858,0.154705117,4504.037575,7.401004555,86.63318149,87.03392106,94.65819672,549.0247466,182.2285639,417.2135132,0.627665989,23.0979689,94.81333019,71.48066457
2007,Hassakeh,Al_Malika,3,140,140,364,2600,0.273788898,2.626098262,1054.311668,23.40294949,177.7179584,1.393407522,35.81191186,396.1542193,1,442.2589019,415.5652977,13253.5204,1,11.47143655,33.91081287,18.40766722,2.359439492,9.239683812,0.692210858,0.154705117,4504.037575,7.401004555,86.63318149,87.03392106,94.65819672,549.0247466,182.2285639,417.2135132,0.627665989,23.0979689,94.81333019,71.48066457
2007,Hassakeh,Ras_Al_Ain,1,14635,14635,55247,3775,0.383012451,4.287075453,624.2563751,15.03405944,181.239228,1.436138441,29.13638552,428.1986409,1,428.0325777,456.3052861,13607.32949,1,10.62784115,33.47848567,18.89906873,3.647773868,11.00493612,0.501818743,0.096453865,4151.280877,7.607914063,79.7361979,86.26520062,92.95071445,325.1500737,158.4989891,413.1203426,0.413294717,15.5378662,92.00532154,3.258706468
2007,Hassakeh,Ras_Al_Ain,2,50967,50967,191585,3759,0.383012451,4.287075453,624.2563751,15.03405944,181.239228,1.436138441,29.13638552,428.1986409,1,428.0325777,456.3052861,13607.32949,1,10.62784115,33.47848567,18.89906873,3.647773868,11.00493612,0.501818743,0.096453865,4151.280877,7.607914063,79.7361979,86.26520062,92.95071445,325.1500737,158.4989891,413.1203426,0.413294717,15.5378662,92.00532154,3.258706468
2007,Hassakeh,Ras_Al_Ain,3,520,520,1695,3259,0.383012451,4.287075453,624.2563751,15.03405944,181.239228,1.436138441,29.13638552,428.1986409,1,428.0325777,456.3052861,13607.32949,1,10.62784115,33.47848567,18.89906873,3.647773868,11.00493612,0.501818743,0.096453865,4151.280877,7.607914063,79.7361979,86.26520062,92.95071445,325.1500737,158.4989891,413.1203426,0.413294717,15.5378662,92.00532154,3.258706468
2007,Hassakeh,Ras_Al_Ain,4,150,150,393,2620,0.383012451,4.287075453,624.2563751,15.03405944,181.239228,1.436138441,29.13638552,428.1986409,1,428.0325777,456.3052861,13607.32949,1,10.62784115,33.47848567,18.89906873,3.647773868,11.00493612,0.501818743,0.096453865,4151.280877,7.607914063,79.7361979,86.26520062,92.95071445,325.1500737,158.4989891,413.1203426,0.413294717,15.5378662,92.00532154,3.258706468
2008,Homs,Tall_Kalakh,1,2439,2439,6799,2788,0.061265386,1.382119937,1083.851663,29.0421224,213.4968276,1.371293035,28.50363662,371.8628808,1,462.9664108,684.1552991,12382.33323,1,86.9397267,26.44077569,17.19768504,4.796191811,18.39367097,0.646880142,0.106873635,3730.998812,7.036198454,98.79338486,86.71018351,103.3473504,480.917455,256.0800903,370.1287946,2.899572474,38.32373734,98.27248594,63.89144317
2008,Hama,Al_Ghab,1,7024,7024,25342,3608,0.049595436,1.643165164,1109.933742,32.339314,139.7759455,1.347860465,28.59829587,349.5799349,1,352.189296,859.4142185,11984.57872,1,139.7020723,26.79968617,16.64524822,3.695596862,25.03845032,0.708032627,0.112971194,3431.149929,6.782044179,92.73480597,82.34600957,109.8900236,500.575626,280.5196852,361.9957542,4.508295663,42.21571718,95.11570414,35.28868661
2008,Idleb,Idleb,1,3051,3051,12603,4131,0.125820372,2.188331063,798.9432958,21.82516386,133.1604544,1.441830046,29.96636028,396.7139838,1,349.4829207,471.5708438,12800.69179,1,18.66965742,28.85260626,17.77873859,3.728531167,12.86856803,0.540770482,0.106691452,3659.651992,7.363514149,87.8828617,74.7129235,104.585452,377.1078523,201.4720497,378.6673336,0.928862474,24.86059375,98.40720805,24.08243728
2008,Idleb,Idleb,2,563,563,1962,3485,0.125820372,2.188331063,798.9432958,21.82516386,133.1604544,1.441830046,29.96636028,396.7139838,1,349.4829207,471.5708438,12800.69179,1,18.66965742,28.85260626,17.77873859,3.728531167,12.86856803,0.540770482,0.106691452,3659.651992,7.363514149,87.8828617,74.7129235,104.585452,377.1078523,201.4720497,378.6673336,0.928862474,24.86059375,98.40720805,24.08243728
2008,Idleb,Idleb,3,534,534,1744,3266,0.125820372,2.188331063,798.9432958,21.82516386,133.1604544,1.441830046,29.96636028,396.7139838,1,349.4829207,471.5708438,12800.69179,1,18.66965742,28.85260626,17.77873859,3.728531167,12.86856803,0.540770482,0.106691452,3659.651992,7.363514149,87.8828617,74.7129235,104.585452,377.1078523,201.4720497,378.6673336,0.928862474,24.86059375,98.40720805,24.08243728
2008,Idleb,Harim,1,88,88,367,4170,0.076955511,1.744823344,965.5811837,27.29156453,208.4698796,1.397594182,27.2782689,356.5012631,1,400.6489695,462.8813461,12318.76263,1,91.8753057,28.37074389,17.10939254,3.011567931,13.11840936,0.450313878,0.06497908,3537.020631,7.125463716,95.81787612,69.86963963,114.7801602,459.1516008,243.3845318,396.2349649,3.52892128,34.93256475,97.76795736,7.104166667
2008,Idleb,Al_Jisr_Ash_Shu,1,44,44,201,4568,0.061795348,1.387996783,1093.38796,32.00243441,177.540447,1.380476929,27.89801472,304.6574213,1,349.3955892,594.3599764,12137.96385,1,101.3142959,27.24412221,16.85828313,3.717724666,17.39872975,0.557812447,0.079290888,3415.577458,6.711311118,90.37703725,82.45255681,110.3635227,528.4324462,309.262822,377.4719518,3.793157673,40.90641577,96.33304645,19.55376344
2008,Idleb,Al_Ma'ra,1,818,818,2936,3589,0.219400577,2.789560748,673.212619,18.72091082,161.5969773,1.44106543,30.50289991,387.8445436,1,426.7153644,408.6185192,12782.90069,1,29.05957912,28.69803014,17.75402873,3.730682873,11.38833031,0.513402548,0.103824639,3595.04629,7.422356298,85.92145674,74.39087857,100.7635081,304.3677876,211.8633148,395.4624714,1.089096217,21.8826255,98.54840725,2.740740741
2008,Idleb,Al_Ma'ra,2,864,864,3348,3875,0.219400577,2.789560748,673.212619,18.72091082,161.5969773,1.44106543,30.50289991,387.8445436,1,426.7153644,408.6185192,12782.90069,1,29.05957912,28.69803014,17.75402873,3.730682873,11.38833031,0.513402548,0.103824639,3595.04629,7.422356298,85.92145674,74.39087857,100.7635081,304.3677876,211.8633148,395.4624714,1.089096217,21.8826255,98.54840725,2.740740741
2008,Idleb,Ariha,1,295,295,1319,4471,0.06189382,1.20144567,879.9066319,24.75985047,178.7756591,1.396585143,27.93576679,350.6523137,1,582.149967,454.6128973,11867.95457,1,87.67581128,27.37809647,16.48327023,2.881420264,12.81127333,0.415433123,0.057897755,3552.763917,7.15618642,94.79378601,82.73688586,104.6924697,414.381739,264.1637633,380.2716742,2.592602428,31.56046909,94.19011563,35.35190616
2008,Tartous,Tartous,1,4698,4698,14717,3132,0.049162657,1.417978043,1236.897597,33.46298917,226.602822,1.337365278,24.38800112,328.0083572,1,151.3380759,855.5258419,13388.19715,1,85.26540945,26.82983642,18.59471827,8.057045889,23.18566854,0.586112751,0.070595025,3695.315326,6.801489796,93.38299321,86.23225431,106.0927406,539.1951599,293.3316743,364.969705,1.987711269,46.76351549,93.74446704,64.49344978
2008,Tartous,Banyas,1,9,9,9,1000,0.064347484,1.259569202,1403.712592,38.46442036,227.2029485,1.248880866,25.12215029,311.6023136,1,597.2024401,784.9347297,11621.40811,1,239.5189203,25.56937044,16.1408446,4.429619276,21.5128595,0.561522811,0.056660557,3648.379292,6.402940695,80.09802315,86.91097141,105.8022788,633.2039508,311.2379664,363.3411414,4.321198421,51.28226288,92.2333977,78.70526316
2008,Tartous,Safita,1,154,154,185,1201,0.047070335,1.157636077,1445.356711,39.95246947,212.2246192,1.350786518,24.81991989,329.6296751,1,294.0703481,754.3109993,12929.67992,1,85.74052064,26.66944825,17.95788878,6.553456258,20.876174,0.610121531,0.072041841,3616.690546,6.807968775,93.59895915,87.20558423,108.3392523,640.6691938,291.9812893,377.4132804,2.351750182,44.6094789,97.3834927,76.62715679
2008,Aleppo,A'zaz,1,1912,1912,5736,3000,0.121728487,2.146811382,606.0977506,15.77779506,180.5676029,1.396196968,30.36538609,429.7996425,1,481.8095159,483.9276811,12539.83531,1,12.33630082,29.84623108,17.41643793,2.378211902,12.59842818,0.609253487,0.125363542,3840.460409,7.471901984,84.26993387,73.57182929,98.32148158,272.5093511,165.5478602,396.9674719,0.559398203,24.25735487,99.52250248,30.7875817
2008,Aleppo,A'zaz,2,402,402,1085,2699,0.121728487,2.146811382,606.0977506,15.77779506,180.5676029,1.396196968,30.36538609,429.7996425,1,481.8095159,483.9276811,12539.83531,1,12.33630082,29.84623108,17.41643793,2.378211902,12.59842818,0.609253487,0.125363542,3840.460409,7.471901984,84.26993387,73.57182929,98.32148158,272.5093511,165.5478602,396.9674719,0.559398203,24.25735487,99.52250248,30.7875817
2008,Aleppo,Afrin,1,1830,1830,6837,3736,0.194810459,2.230856022,892.757391,24.39297158,184.8305861,1.371035123,25.51170824,404.3181051,1,493.5760545,447.1996194,12067.54025,1,89.965976,28.81125808,16.76047257,2.101971654,12.2248604,0.434965405,0.057165389,3658.896,7.198506433,93.3831189,68.76098445,108.0192773,408.1562316,192.8950466,401.4796676,3.206478872,32.26458622,95.77412895,72.67440361
2008,Aleppo,Jarablus,2,2224,2224,7624,3428,0.056313267,1.389591551,475.9214865,12.39953568,123.911363,1.374076188,31.59740814,433.9335195,1,453.0262094,349.5942374,13058.90308,1,19.54434174,32.00957298,18.1373654,1.999407362,9.114316431,0.487011143,0.09601617,3837.220227,7.473535251,84.21549162,74.9261695,94.62601827,198.2310084,151.8135123,395.6820817,0.731704106,17.89025411,96.35791203,86.86344794
2008,Aleppo,Al_Bab,2,515,515,1049,2037,0.223794265,2.70647827,438.6290622,11.59732461,171.3158859,1.361738999,28.32570189,404.137529,1,440.5998951,386.324174,13043.62221,1,12.48017986,30.62110254,18.11614196,2.937482164,10.22187216,0.451073073,0.091961523,3781.157324,7.526863486,82.4378838,76.25738223,91.66230633,183.9661442,172.3288421,394.8106379,0.536196258,18.97472913,96.47918878,57.38811081
2008,Aleppo,Al_Bab,3,9380,9380,21237,2264,0.223794265,2.70647827,438.6290622,11.59732461,171.3158859,1.361738999,28.32570189,404.137529,1,440.5998951,386.324174,13043.62221,1,12.48017986,30.62110254,18.11614196,2.937482164,10.22187216,0.451073073,0.091961523,3781.157324,7.526863486,82.4378838,76.25738223,91.66230633,183.9661442,172.3288421,394.8106379,0.536196258,18.97472913,96.47918878,57.38811081
2008,Aleppo,Al_Bab,4,2976,2976,7532,2531,0.223794265,2.70647827,438.6290622,11.59732461,171.3158859,1.361738999,28.32570189,404.137529,1,440.5998951,386.324174,13043.62221,1,12.48017986,30.62110254,18.11614196,2.937482164,10.22187216,0.451073073,0.091961523,3781.157324,7.526863486,82.4378838,76.25738223,91.66230633,183.9661442,172.3288421,394.8106379,0.536196258,18.97472913,96.47918878,57.38811081
2008,Aleppo,Menbij,2,3065,3065,9679,3158,0.476099108,4.018173677,366.7399525,9.458943393,173.279788,1.406754586,24.018397,332.4689528,1,397.1956572,330.5553373,13448.43652,1,17.60715977,31.13608958,18.67838405,3.47421197,8.530872643,0.333422471,0.061258733,3876.176734,7.618434657,79.38551142,73.72222793,87.21448016,146.0688501,198.2878033,437.4207931,0.49517755,12.11218955,93.26637686,92.68040719
2008,Aleppo,Menbij,3,1362,1362,2167,1591,0.476099108,4.018173677,366.7399525,9.458943393,173.279788,1.406754586,24.018397,332.4689528,1,397.1956572,330.5553373,13448.43652,1,17.60715977,31.13608958,18.67838405,3.47421197,8.530872643,0.333422471,0.061258733,3876.176734,7.618434657,79.38551142,73.72222793,87.21448016,146.0688501,198.2878033,437.4207931,0.49517755,12.11218955,93.26637686,92.68040719
2008,Aleppo,Menbij,4,21307,21307,81073,3805,0.476099108,4.018173677,366.7399525,9.458943393,173.279788,1.406754586,24.018397,332.4689528,1,397.1956572,330.5553373,13448.43652,1,17.60715977,31.13608958,18.67838405,3.47421197,8.530872643,0.333422471,0.061258733,3876.176734,7.618434657,79.38551142,73.72222793,87.21448016,146.0688501,198.2878033,437.4207931,0.49517755,12.11218955,93.26637686,92.68040719
2008,Aleppo,Menbij,5,9024,9024,38993,4321,0.476099108,4.018173677,366.7399525,9.458943393,173.279788,1.406754586,24.018397,332.4689528,1,397.1956572,330.5553373,13448.43652,1,17.60715977,31.13608958,18.67838405,3.47421197,8.530872643,0.333422471,0.061258733,3876.176734,7.618434657,79.38551142,73.72222793,87.21448016,146.0688501,198.2878033,437.4207931,0.49517755,12.11218955,93.26637686,92.68040719
2008,Aleppo,Ain_Al_Arab,2,14337,14337,28459,1985,0.285146327,2.615456939,461.2798051,11.3543916,180.1352135,1.344070296,29.15984317,412.5287694,1,457.6511594,306.7550933,13331.0097,1,40.7417743,32.36383392,18.51529125,2.328470361,7.571505578,0.440304826,0.088676688,4061.567341,7.452704986,84.90983381,73.0186073,93.97419699,186.0623782,160.737883,374.9119357,1.026508894,16.80178945,94.19833573,86.06697787
2008,Aleppo,Ain_Al_Arab,3,3465,3465,8316,2400,0.285146327,2.615456939,461.2798051,11.3543916,180.1352135,1.344070296,29.15984317,412.5287694,1,457.6511594,306.7550933,13331.0097,1,40.7417743,32.36383392,18.51529125,2.328470361,7.571505578,0.440304826,0.088676688,4061.567341,7.452704986,84.90983381,73.0186073,93.97419699,186.0623782,160.737883,374.9119357,1.026508894,16.80178945,94.19833573,86.06697787
2008,Aleppo,Jebel_Saman,1,803,803,2767,3446,0.320135248,3.90953411,557.3634326,15.09227798,185.7492815,1.399045613,26.85095306,367.0160671,1,348.6130778,402.2289216,13156.99759,1,24.0041333,29.83124918,18.27360776,3.701136249,10.88891582,0.430266008,0.08038453,3692.03715,7.511498758,82.95004141,71.53332603,96.15512018,251.2134416,183.2856532,401.209007,0.780531933,17.98196178,95.57938421,28.18423019
2008,Aleppo,Jebel_Saman,2,1708,1708,4807,2814,0.320135248,3.90953411,557.3634326,15.09227798,185.7492815,1.399045613,26.85095306,367.0160671,1,348.6130778,402.2289216,13156.99759,1,24.0041333,29.83124918,18.27360776,3.701136249,10.88891582,0.430266008,0.08038453,3692.03715,7.511498758,82.95004141,71.53332603,96.15512018,251.2134416,183.2856532,401.209007,0.780531933,17.98196178,95.57938421,28.18423019
2008,Aleppo,Jebel_Saman,3,146,146,140,959,0.320135248,3.90953411,557.3634326,15.09227798,185.7492815,1.399045613,26.85095306,367.0160671,1,348.6130778,402.2289216,13156.99759,1,24.0041333,29.83124918,18.27360776,3.701136249,10.88891582,0.430266008,0.08038453,3692.03715,7.511498758,82.95004141,71.53332603,96.15512018,251.2134416,183.2856532,401.209007,0.780531933,17.98196178,95.57938421,28.18423019
2008,Aleppo,Jebel_Saman,4,43,43,35,814,0.320135248,3.90953411,557.3634326,15.09227798,185.7492815,1.399045613,26.85095306,367.0160671,1,348.6130778,402.2289216,13156.99759,1,24.0041333,29.83124918,18.27360776,3.701136249,10.88891582,0.430266008,0.08038453,3692.03715,7.511498758,82.95004141,71.53332603,96.15512018,251.2134416,183.2856532,401.209007,0.780531933,17.98196178,95.57938421,28.18423019
2008,Aleppo,As_Safira,2,2494,2494,12435,4986,0.226229514,2.727688396,391.5268909,10.40317545,194.0542344,1.456944439,23.81607607,339.9130212,1,386.7828001,339.0435771,13387.19512,1,58.56984464,30.3292621,18.59332656,3.954551983,9.008992333,0.305020256,0.051399653,3762.532517,7.634697244,78.8434252,74.32281882,84.5670833,160.2152191,209.796782,447.6738108,1.021027812,12.3940763,93.75241968,61.3127161
2008,Aleppo,As_Safira,3,2995,2995,8266,2760,0.226229514,2.727688396,391.5268909,10.40317545,194.0542344,1.456944439,23.81607607,339.9130212,1,386.7828001,339.0435771,13387.19512,1,58.56984464,30.3292621,18.59332656,3.954551983,9.008992333,0.305020256,0.051399653,3762.532517,7.634697244,78.8434252,74.32281882,84.5670833,160.2152191,209.796782,447.6738108,1.021027812,12.3940763,93.75241968,61.3127161
2008,Aleppo,As_Safira,4,328,328,739,2253,0.226229514,2.727688396,391.5268909,10.40317545,194.0542344,1.456944439,23.81607607,339.9130212,1,386.7828001,339.0435771,13387.19512,1,58.56984464,30.3292621,18.59332656,3.954551983,9.008992333,0.305020256,0.051399653,3762.532517,7.634697244,78.8434252,74.32281882,84.5670833,160.2152191,209.796782,447.6738108,1.021027812,12.3940763,93.75241968,61.3127161
2008,Aleppo,As_Safira,5,700,700,1540,2200,0.226229514,2.727688396,391.5268909,10.40317545,194.0542344,1.456944439,23.81607607,339.9130212,1,386.7828001,339.0435771,13387.19512,1,58.56984464,30.3292621,18.59332656,3.954551983,9.008992333,0.305020256,0.051399653,3762.532517,7.634697244,78.8434252,74.32281882,84.5670833,160.2152191,209.796782,447.6738108,1.021027812,12.3940763,93.75241968,61.3127161
2008,Raqqa,Raqqa,3,1775,1775,7136,4020,1.050201469,5.964680642,282.3343377,6.763170904,176.8215937,1.445777656,18.21052889,260.1565394,1,346.2123061,319.9735424,13981.72304,1,26.05879584,32.01339583,19.41905978,3.838626197,7.682941057,0.201827571,0.028401061,4173.58529,7.943602406,68.54658646,75.43232946,84.25281901,104.2972046,252.812006,466.2953785,0.418199141,7.517291598,89.03394414,89.8962532
2008,Raqqa,Raqqa,4,17220,17220,57084,3315,1.050201469,5.964680642,282.3343377,6.763170904,176.8215937,1.445777656,18.21052889,260.1565394,1,346.2123061,319.9735424,13981.72304,1,26.05879584,32.01339583,19.41905978,3.838626197,7.682941057,0.201827571,0.028401061,4173.58529,7.943602406,68.54658646,75.43232946,84.25281901,104.2972046,252.812006,466.2953785,0.418199141,7.517291598,89.03394414,89.8962532
2008,Raqqa,Raqqa,5,20227,20227,78825,3897,1.050201469,5.964680642,282.3343377,6.763170904,176.8215937,1.445777656,18.21052889,260.1565394,1,346.2123061,319.9735424,13981.72304,1,26.05879584,32.01339583,19.41905978,3.838626197,7.682941057,0.201827571,0.028401061,4173.58529,7.943602406,68.54658646,75.43232946,84.25281901,104.2972046,252.812006,466.2953785,0.418199141,7.517291598,89.03394414,89.8962532
2008,Raqqa,Tell_Abiad,2,20807,20807,56928,2736,0.478825179,3.735158564,386.6242159,9.23944041,188.9206138,1.450549568,27.03711738,400.1496788,1,371.821103,269.858339,13965.62358,1,11.17783109,33.25059878,19.39669942,3.044257997,6.46381665,0.259665031,0.03967432,4183.498181,7.789701512,73.67661628,74.90318649,90.07145926,152.4090234,163.0030389,436.503596,0.353533461,11.88417515,89.16171762,33.28514589
2008,Raqqa,Tell_Abiad,3,4397,4397,7695,1750,0.478825179,3.735158564,386.6242159,9.23944041,188.9206138,1.450549568,27.03711738,400.1496788,1,371.821103,269.858339,13965.62358,1,11.17783109,33.25059878,19.39669942,3.044257997,6.46381665,0.259665031,0.03967432,4183.498181,7.789701512,73.67661628,74.90318649,90.07145926,152.4090234,163.0030389,436.503596,0.353533461,11.88417515,89.16171762,33.28514589
2008,Raqqa,Tell_Abiad,4,525,525,248,472,0.478825179,3.735158564,386.6242159,9.23944041,188.9206138,1.450549568,27.03711738,400.1496788,1,371.821103,269.858339,13965.62358,1,11.17783109,33.25059878,19.39669942,3.044257997,6.46381665,0.259665031,0.03967432,4183.498181,7.789701512,73.67661628,74.90318649,90.07145926,152.4090234,163.0030389,436.503596,0.353533461,11.88417515,89.16171762,33.28514589
2008,Raqqa,Tabqat,3,950,950,2237,2355,0.166312937,1.915996577,317.0366611,7.837425083,159.7684893,1.190950364,17.04136252,252.4603217,1,365.9192606,265.5788213,13704.9384,1,14.81675015,31.46106726,19.03463666,3.859084086,6.569442047,0.248038203,0.050734147,4044.163529,7.560426275,81.31912416,72.73603066,85.42584058,125.0736607,193.9123706,366.1195327,0.562168467,8.629667024,91.23064765,97.73904029
2008,Raqqa,Tabqat,4,1364,1364,3455,2533,0.166312937,1.915996577,317.0366611,7.837425083,159.7684893,1.190950364,17.04136252,252.4603217,1,365.9192606,265.5788213,13704.9384,1,14.81675015,31.46106726,19.03463666,3.859084086,6.569442047,0.248038203,0.050734147,4044.163529,7.560426275,81.31912416,72.73603066,85.42584058,125.0736607,193.9123706,366.1195327,0.562168467,8.629667024,91.23064765,97.73904029
2008,Raqqa,Tabqat,5,9886,9886,35846,3626,0.166312937,1.915996577,317.0366611,7.837425083,159.7684893,1.190950364,17.04136252,252.4603217,1,365.9192606,265.5788213,13704.9384,1,14.81675015,31.46106726,19.03463666,3.859084086,6.569442047,0.248038203,0.050734147,4044.163529,7.560426275,81.31912416,72.73603066,85.42584058,125.0736607,193.9123706,366.1195327,0.562168467,8.629667024,91.23064765,97.73904029
2008,Dayr_Az_Zor,Dayr_Az_Zor,5,17983,17983,51503,2864,1.527438458,6.266817637,255.1758111,5.687331475,160.6562038,1.475571533,17.45613594,279.0580926,1,311.6110564,286.6070491,14702.14855,1,24.94088817,33.47733119,20.41965076,4.000274024,6.415578249,0.179137475,0.022431124,4485.740613,7.945084905,68.49716985,78.83570896,77.96111631,90.14992479,267.81461,453.5383851,0.441646162,7.406680906,83.31628138,59.82997528
2008,Dayr_Az_Zor,Al_Mayadin,5,8628,8628,23701,2747,0.846879854,4.706853339,232.2320854,5.020679504,106.9848781,1.464284982,15.16950876,321.6518012,1,284.7469964,285.6014189,15005.58593,1,13.44925992,33.694202,20.84109158,3.964844925,6.194033454,0.156887985,0.012854728,4624.511054,7.935538403,68.81538657,83.59472163,73.7094342,79.96980493,226.8776377,452.2255759,0.231444592,7.050522461,80.90804814,65.76879408
2008,Dayr_Az_Zor,Abu_Kamal,5,15556,15556,44288,2847,0.326690195,2.534252196,264.8706229,5.635603078,145.9024177,1.474952341,15.51213228,316.9541986,1,199.0450865,274.2124956,15524.15494,1,17.05196237,34.64011332,21.5613263,4.328638096,5.853220072,0.199764172,0.025060777,4698.951704,7.914785937,69.50713545,93.67335388,76.7187671,93.43649892,210.3167699,473.4703945,0.275403663,8.147721895,76.79242114,64.43444099
2008,Hassakeh,Hassakeh,1,184,184,405,2201,1.234999017,5.292191536,420.3277358,9.317850862,179.2026918,1.453912692,22.75778998,312.1287676,1,352.2277754,229.6362192,14531.68098,1,19.1175947,34.13365372,20.18289025,3.452961385,5.1048598,0.247320619,0.03637977,4509.994456,7.76640865,74.453045,79.13168286,90.575161,147.422937,232.8497925,449.1236429,0.493960645,10.83503123,84.66919859,55.44769984
2008,Hassakeh,Hassakeh,2,24510,24510,39192,1599,1.234999017,5.292191536,420.3277358,9.317850862,179.2026918,1.453912692,22.75778998,312.1287676,1,352.2277754,229.6362192,14531.68098,1,19.1175947,34.13365372,20.18289025,3.452961385,5.1048598,0.247320619,0.03637977,4509.994456,7.76640865,74.453045,79.13168286,90.575161,147.422937,232.8497925,449.1236429,0.493960645,10.83503123,84.66919859,55.44769984
2008,Hassakeh,Hassakeh,3,10445,10445,17349,1661,1.234999017,5.292191536,420.3277358,9.317850862,179.2026918,1.453912692,22.75778998,312.1287676,1,352.2277754,229.6362192,14531.68098,1,19.1175947,34.13365372,20.18289025,3.452961385,5.1048598,0.247320619,0.03637977,4509.994456,7.76640865,74.453045,79.13168286,90.575161,147.422937,232.8497925,449.1236429,0.493960645,10.83503123,84.66919859,55.44769984
2008,Hassakeh,Hassakeh,4,12231,12231,18689,1528,1.234999017,5.292191536,420.3277358,9.317850862,179.2026918,1.453912692,22.75778998,312.1287676,1,352.2277754,229.6362192,14531.68098,1,19.1175947,34.13365372,20.18289025,3.452961385,5.1048598,0.247320619,0.03637977,4509.994456,7.76640865,74.453045,79.13168286,90.575161,147.422937,232.8497925,449.1236429,0.493960645,10.83503123,84.66919859,55.44769984
2008,Hassakeh,Hassakeh,5,11382,11382,19372,1702,1.234999017,5.292191536,420.3277358,9.317850862,179.2026918,1.453912692,22.75778998,312.1287676,1,352.2277754,229.6362192,14531.68098,1,19.1175947,34.13365372,20.18289025,3.452961385,5.1048598,0.247320619,0.03637977,4509.994456,7.76640865,74.453045,79.13168286,90.575161,147.422937,232.8497925,449.1236429,0.493960645,10.83503123,84.66919859,55.44769984
2008,Hassakeh,Quamishli,1,22676,22676,43538,1920,0.384508781,3.376182941,647.4056674,14.08633768,189.6343908,1.4227755,32.71215887,381.6987929,1,387.3408823,266.8960925,13920.75623,1,4.224880292,34.02000612,19.33438365,2.447491195,5.821838815,0.603598904,0.103728272,4594.982875,7.499177245,83.3607585,76.286257,94.59531174,232.7095101,188.6721752,424.1715544,0.236333983,15.93920513,89.51780771,2.151515152
2008,Hassakeh,Quamishli,2,10330,10330,15030,1455,0.384508781,3.376182941,647.4056674,14.08633768,189.6343908,1.4227755,32.71215887,381.6987929,1,387.3408823,266.8960925,13920.75623,1,4.224880292,34.02000612,19.33438365,2.447491195,5.821838815,0.603598904,0.103728272,4594.982875,7.499177245,83.3607585,76.286257,94.59531174,232.7095101,188.6721752,424.1715544,0.236333983,15.93920513,89.51780771,2.151515152
2008,Hassakeh,Quamishli,3,6308,6308,11815,1873,0.384508781,3.376182941,647.4056674,14.08633768,189.6343908,1.4227755,32.71215887,381.6987929,1,387.3408823,266.8960925,13920.75623,1,4.224880292,34.02000612,19.33438365,2.447491195,5.821838815,0.603598904,0.103728272,4594.982875,7.499177245,83.3607585,76.286257,94.59531174,232.7095101,188.6721752,424.1715544,0.236333983,15.93920513,89.51780771,2.151515152
2008,Hassakeh,Al_Malika,1,25921,25921,33023,1274,0.273788898,2.626098262,792.879962,16.79090102,177.7179584,1.393407522,35.81191186,396.1542193,1,442.2589019,289.3530688,13423.80017,1,11.47143655,33.54190359,18.6441669,1.582791476,6.136688562,0.666427873,0.12666013,4721.081091,7.401004555,86.63318149,80.12390358,95.83024001,281.5667495,182.2285639,417.2135132,0.627665989,23.0979689,93.46190342,71.48066457
2008,Hassakeh,Al_Malika,2,1175,1175,248,211,0.273788898,2.626098262,792.879962,16.79090102,177.7179584,1.393407522,35.81191186,396.1542193,1,442.2589019,289.3530688,13423.80017,1,11.47143655,33.54190359,18.6441669,1.582791476,6.136688562,0.666427873,0.12666013,4721.081091,7.401004555,86.63318149,80.12390358,95.83024001,281.5667495,182.2285639,417.2135132,0.627665989,23.0979689,93.46190342,71.48066457
2008,Hassakeh,Ras_Al_Ain,1,15940,15940,63760,4000,0.383012451,4.287075453,498.104815,11.54425893,181.239228,1.436138441,29.13638552,428.1986409,1,428.0325777,360.6050858,13824.74349,1,10.62784115,33.47861156,19.20103263,2.638289289,8.381608776,0.48289482,0.085653506,4313.740496,7.607914063,79.7361979,77.58064,93.00953399,185.7780483,158.4989891,413.1203426,0.413294717,15.5378662,90.27981357,3.258706468
2008,Hassakeh,Ras_Al_Ain,2,67429,67429,187116,2775,0.383012451,4.287075453,498.104815,11.54425893,181.239228,1.436138441,29.13638552,428.1986409,1,428.0325777,360.6050858,13824.74349,1,10.62784115,33.47861156,19.20103263,2.638289289,8.381608776,0.48289482,0.085653506,4313.740496,7.607914063,79.7361979,77.58064,93.00953399,185.7780483,158.4989891,413.1203426,0.413294717,15.5378662,90.27981357,3.258706468
2008,Hassakeh,Ras_Al_Ain,3,516,516,921,1785,0.383012451,4.287075453,498.104815,11.54425893,181.239228,1.436138441,29.13638552,428.1986409,1,428.0325777,360.6050858,13824.74349,1,10.62784115,33.47861156,19.20103263,2.638289289,8.381608776,0.48289482,0.085653506,4313.740496,7.607914063,79.7361979,77.58064,93.00953399,185.7780483,158.4989891,413.1203426,0.413294717,15.5378662,90.27981357,3.258706468
2008,Hassakeh,Ras_Al_Ain,4,135,135,314,2326,0.383012451,4.287075453,498.104815,11.54425893,181.239228,1.436138441,29.13638552,428.1986409,1,428.0325777,360.6050858,13824.74349,1,10.62784115,33.47861156,19.20103263,2.638289289,8.381608776,0.48289482,0.085653506,4313.740496,7.607914063,79.7361979,77.58064,93.00953399,185.7780483,158.4989891,413.1203426,0.413294717,15.5378662,90.27981357,3.258706468
2009,Homs,Tall_Kalakh,1,2699,2699,11689,4331,0.061265386,1.382119937,1267.62531,34.4141156,213.4968276,1.371293035,28.50363662,371.8628808,1,462.9664108,707.8477003,12464.44258,1,86.9397267,26.44077569,17.3117258,4.796191811,19.27720104,0.675776131,0.115665603,3682.445842,7.036198454,98.79338486,91.65003723,106.2023206,632.7840435,256.0800903,370.1287946,2.899572474,38.32373734,98.92414744,63.89144317
2009,Hama,Hama,2,59,59,215,3644,0.227677668,4.733216797,654.8874094,18.01641388,192.7904067,1.455316559,28.89107986,399.9433813,1,367.8882638,417.9595156,13165.98935,1,25.04294796,28.6796763,18.28609632,4.275100785,11.47925107,0.489089345,0.095670193,3633.948741,7.530149647,82.32834509,83.99794072,97.64709104,320.1907377,199.991121,385.7041579,0.890006436,18.48653952,95.50802103,22.43352601
2009,Hama,Hama,3,432,432,1318,3051,0.227677668,4.733216797,654.8874094,18.01641388,192.7904067,1.455316559,28.89107986,399.9433813,1,367.8882638,417.9595156,13165.98935,1,25.04294796,28.6796763,18.28609632,4.275100785,11.47925107,0.489089345,0.095670193,3633.948741,7.530149647,82.32834509,83.99794072,97.64709104,320.1907377,199.991121,385.7041579,0.890006436,18.48653952,95.50802103,22.43352601
2009,Hama,Hama,4,665,665,2328,3501,0.227677668,4.733216797,654.8874094,18.01641388,192.7904067,1.455316559,28.89107986,399.9433813,1,367.8882638,417.9595156,13165.98935,1,25.04294796,28.6796763,18.28609632,4.275100785,11.47925107,0.489089345,0.095670193,3633.948741,7.530149647,82.32834509,83.99794072,97.64709104,320.1907377,199.991121,385.7041579,0.890006436,18.48653952,95.50802103,22.43352601
2009,Hama,Al_Ghab,1,8832,8832,47136,5337,0.049595436,1.643165164,1255.275305,36.85189511,139.7759455,1.347860465,28.59829587,349.5799349,1,352.189296,903.7794585,12053.74713,1,139.7020723,26.79968617,16.74131546,3.695596862,26.52034698,0.733693503,0.124156464,3405.270699,6.782044179,92.73480597,87.6535716,112.0248356,605.6322395,280.5196852,361.9957542,4.508295663,42.21571718,95.66465975,35.28868661
2009,Idleb,Idleb,1,5954,5954,29145,4895,0.125820372,2.188331063,871.6967846,24.35753872,133.1604544,1.441830046,29.96636028,396.7139838,1,349.4829207,516.3347001,12930.75053,1,18.66965742,28.81927168,17.95937574,3.728531167,14.40612525,0.615032639,0.122000957,3577.755615,7.363514149,87.8828617,80.86179575,109.2656189,422.3891372,201.4720497,378.6673336,0.928862474,24.86059375,97.37499576,24.08243728
2009,Idleb,Idleb,2,1709,1709,8162,4776,0.125820372,2.188331063,871.6967846,24.35753872,133.1604544,1.441830046,29.96636028,396.7139838,1,349.4829207,516.3347001,12930.75053,1,18.66965742,28.81927168,17.95937574,3.728531167,14.40612525,0.615032639,0.122000957,3577.755615,7.363514149,87.8828617,80.86179575,109.2656189,422.3891372,201.4720497,378.6673336,0.928862474,24.86059375,97.37499576,24.08243728
2009,Idleb,Idleb,3,1240,1240,5232,4219,0.125820372,2.188331063,871.6967846,24.35753872,133.1604544,1.441830046,29.96636028,396.7139838,1,349.4829207,516.3347001,12930.75053,1,18.66965742,28.81927168,17.95937574,3.728531167,14.40612525,0.615032639,0.122000957,3577.755615,7.363514149,87.8828617,80.86179575,109.2656189,422.3891372,201.4720497,378.6673336,0.928862474,24.86059375,97.37499576,24.08243728
2009,Idleb,Harim,1,494,494,2361,4779,0.076955511,1.744823344,1056.958639,30.45094148,208.4698796,1.397594182,27.2782689,356.5012631,1,400.6489695,499.9459245,12445.58854,1,91.8753057,28.37074389,17.28553964,3.011567931,14.43006905,0.498807285,0.075607885,3470.021214,7.125463716,95.81787612,74.356541,115.0879787,494.4040133,243.3845318,396.2349649,3.52892128,34.93256475,98.77451221,7.104166667
2009,Idleb,Al_Jisr_Ash_Shu,1,78,78,356,4564,0.061795348,1.387996783,1220.156655,36.27551628,177.540447,1.380476929,27.89801472,304.6574213,1,349.3955892,632.3586972,12243.48407,1,101.3142959,27.24412221,17.00483899,3.717724666,18.80059876,0.596123445,0.089416849,3362.581776,6.711311118,90.37703725,87.11414744,110.7355206,572.5426266,309.262822,377.4719518,3.793157673,40.90641577,97.1705085,19.55376344
2009,Idleb,Al_Ma'ra,1,1173,1173,5490,4680,0.219400577,2.789560748,755.4915464,21.37354734,161.5969773,1.44106543,30.50289991,387.8445436,1,426.7153644,432.7299923,12876.73287,1,29.05957912,28.67185981,17.8843512,3.730682873,12.26473594,0.543444649,0.113177263,3533.703596,7.422356298,85.92145674,82.6749824,105.4327749,364.0574913,211.8633148,395.4624714,1.089096217,21.8826255,97.80370741,2.740740741
2009,Idleb,Al_Ma'ra,2,62,62,272,4387,0.219400577,2.789560748,755.4915464,21.37354734,161.5969773,1.44106543,30.50289991,387.8445436,1,426.7153644,432.7299923,12876.73287,1,29.05957912,28.67185981,17.8843512,3.730682873,12.26473594,0.543444649,0.113177263,3533.703596,7.422356298,85.92145674,82.6749824,105.4327749,364.0574913,211.8633148,395.4624714,1.089096217,21.8826255,97.80370741,2.740740741
2009,Idleb,Al_Ma'ra,3,8,8,14,1750,0.219400577,2.789560748,755.4915464,21.37354734,161.5969773,1.44106543,30.50289991,387.8445436,1,426.7153644,432.7299923,12876.73287,1,29.05957912,28.67185981,17.8843512,3.730682873,12.26473594,0.543444649,0.113177263,3533.703596,7.422356298,85.92145674,82.6749824,105.4327749,364.0574913,211.8633148,395.4624714,1.089096217,21.8826255,97.80370741,2.740740741
2009,Idleb,Ariha,1,981,981,4601,4690,0.06189382,1.20144567,970.2670254,27.75104888,178.7756591,1.396585143,27.93576679,350.6523137,1,582.149967,480.0836285,11953.86688,1,87.67581128,27.37809647,16.60259289,2.881420264,13.74923299,0.460815503,0.067824149,3495.325597,7.15618642,94.79378601,88.690252,109.6869744,471.7660703,264.1637633,380.2716742,2.592602428,31.56046909,94.87195936,35.35190616
2009,Tartous,Tartous,1,4534,4534,23259,5130,0.049162657,1.417978043,1423.059656,38.67412514,226.602822,1.337365278,24.38800112,328.0083572,1,151.3380759,860.6293009,13474.0594,1,85.26540945,26.82983642,18.71397138,8.057045889,23.4264742,0.613834382,0.078338615,3678.61693,6.801489796,93.38299321,88.80489957,106.7028745,689.2767472,293.3316743,364.969705,1.987711269,46.76351549,93.06302066,64.49344978
2009,Tartous,Banyas,1,10,10,44,4400,0.064347484,1.259569202,1595.476217,44.04066881,227.2029485,1.248880866,25.12215029,311.6023136,1,597.2024401,815.1918023,11640.28121,1,239.5189203,25.56937044,16.16705723,4.429619276,22.50931898,0.575056214,0.058883759,3621.733851,6.402940695,80.09802315,90.10829699,108.3632163,773.375162,311.2379664,363.3411414,4.321198421,51.28226288,92.3831842,78.70526316
2009,Tartous,Safita,1,191,191,592,3100,0.047070335,1.157636077,1669.056218,46.51805631,212.2246192,1.350786518,24.81991989,329.6296751,1,294.0703481,775.9892647,13009.49259,1,85.74052064,26.66944825,18.06873971,6.553456258,21.65475085,0.637536979,0.080896444,3586.974973,6.807968775,93.59895915,89.34921883,108.4893754,825.2695973,291.9812893,377.4132804,2.351750182,44.6094789,96.75005883,76.62715679
2009,Aleppo,A'zaz,1,1684,1684,7980,4739,0.121728487,2.146811382,682.7766581,18.18043962,180.5676029,1.396196968,30.36538609,429.7996425,1,481.8095159,521.0781718,12628.18086,1,12.33630082,29.57342955,17.53914008,2.378211902,13.87795533,0.672926965,0.143202435,3754.556368,7.471901984,84.26993387,78.22008826,103.8130795,324.2961633,165.5478602,396.9674719,0.559398203,24.25735487,99.7763424,30.7875817
2009,Aleppo,A'zaz,2,384,384,1395,3633,0.121728487,2.146811382,682.7766581,18.18043962,180.5676029,1.396196968,30.36538609,429.7996425,1,481.8095159,521.0781718,12628.18086,1,12.33630082,29.57342955,17.53914008,2.378211902,13.87795533,0.672926965,0.143202435,3754.556368,7.471901984,84.26993387,78.22008826,103.8130795,324.2961633,165.5478602,396.9674719,0.559398203,24.25735487,99.7763424,30.7875817
2009,Aleppo,Afrin,1,992,992,4702,4740,0.194810459,2.230856022,1010.631633,28.21024321,184.8305861,1.371035123,25.51170824,404.3181051,1,493.5760545,480.3144191,12142.4345,1,89.965976,28.76749017,16.86449237,2.101971654,13.41174295,0.477366096,0.072729556,3581.49883,7.198506433,93.3831189,73.85343583,112.1555523,472.0130771,192.8950466,401.4796676,3.206478872,32.26458622,96.3685278,72.67440361
2009,Aleppo,Jarablus,2,1579,1579,8116,5140,0.056313267,1.389591551,541.390295,14.37436171,123.911363,1.374076188,31.59740814,433.9335195,1,453.0262094,357.6647919,13125.81666,1,19.54434174,31.7589775,18.23030092,1.999407362,9.499991007,0.53728041,0.105846917,3765.360593,7.473535251,84.21549162,80.74613571,97.61455517,255.4214612,151.8135123,395.6820817,0.731704106,17.89025411,95.8268519,86.86344794
2009,Aleppo,Al_Bab,2,274,274,1557,5682,0.223794265,2.70647827,491.1160613,13.22495656,171.3158859,1.361738999,28.32570189,404.137529,1,440.5998951,402.3733995,13155.08301,1,12.48017986,30.22738393,18.27094862,2.937482164,10.84549892,0.471589475,0.096575307,3712.555193,7.526863486,82.4378838,81.00786685,95.1927872,231.9910007,172.3288421,394.8106379,0.536196258,18.97472913,95.5945793,57.38811081
2009,Aleppo,Al_Bab,3,8424,8424,46762,5551,0.223794265,2.70647827,491.1160613,13.22495656,171.3158859,1.361738999,28.32570189,404.137529,1,440.5998951,402.3733995,13155.08301,1,12.48017986,30.22738393,18.27094862,2.937482164,10.84549892,0.471589475,0.096575307,3712.555193,7.526863486,82.4378838,81.00786685,95.1927872,231.9910007,172.3288421,394.8106379,0.536196258,18.97472913,95.5945793,57.38811081
2009,Aleppo,Al_Bab,4,3610,3610,19397,5373,0.223794265,2.70647827,491.1160613,13.22495656,171.3158859,1.361738999,28.32570189,404.137529,1,440.5998951,402.3733995,13155.08301,1,12.48017986,30.22738393,18.27094862,2.937482164,10.84549892,0.471589475,0.096575307,3712.555193,7.526863486,82.4378838,81.00786685,95.1927872,231.9910007,172.3288421,394.8106379,0.536196258,18.97472913,95.5945793,57.38811081
2009,Aleppo,Menbij,2,2625,2625,15304,5830,0.476099108,4.018173677,380.7492567,9.978023557,173.279788,1.406754586,24.018397,332.4689528,1,397.1956572,336.3675467,13572.66727,1,17.60715977,30.77441878,18.85092677,3.47421197,8.818388877,0.33341859,0.060979784,3814.878511,7.618434657,79.38551142,78.86642006,87.93725233,178.3210617,198.2878033,437.4207931,0.49517755,12.11218955,92.28041848,92.68040719
2009,Aleppo,Menbij,3,686,686,3260,4752,0.476099108,4.018173677,380.7492567,9.978023557,173.279788,1.406754586,24.018397,332.4689528,1,397.1956572,336.3675467,13572.66727,1,17.60715977,30.77441878,18.85092677,3.47421197,8.818388877,0.33341859,0.060979784,3814.878511,7.618434657,79.38551142,78.86642006,87.93725233,178.3210617,198.2878033,437.4207931,0.49517755,12.11218955,92.28041848,92.68040719
2009,Aleppo,Menbij,4,20480,20480,94310,4605,0.476099108,4.018173677,380.7492567,9.978023557,173.279788,1.406754586,24.018397,332.4689528,1,397.1956572,336.3675467,13572.66727,1,17.60715977,30.77441878,18.85092677,3.47421197,8.818388877,0.33341859,0.060979784,3814.878511,7.618434657,79.38551142,78.86642006,87.93725233,178.3210617,198.2878033,437.4207931,0.49517755,12.11218955,92.28041848,92.68040719
2009,Aleppo,Menbij,5,8776,8776,26942,3069,0.476099108,4.018173677,380.7492567,9.978023557,173.279788,1.406754586,24.018397,332.4689528,1,397.1956572,336.3675467,13572.66727,1,17.60715977,30.77441878,18.85092677,3.47421197,8.818388877,0.33341859,0.060979784,3814.878511,7.618434657,79.38551142,78.86642006,87.93725233,178.3210617,198.2878033,437.4207931,0.49517755,12.11218955,92.28041848,92.68040719
2009,Aleppo,Ain_Al_Arab,2,13895,13895,66793,4807,0.285146327,2.615456939,475.340816,11.93126231,180.1352135,1.344070296,29.15984317,412.5287694,1,457.6511594,317.3089526,13398.61622,1,40.7417743,32.08399682,18.60918919,2.328470361,7.990764905,0.447790087,0.091290208,3982.994349,7.452704986,84.90983381,75.56697603,97.17598075,223.7300575,160.737883,374.9119357,1.026508894,16.80178945,93.66177605,86.06697787
2009,Aleppo,Ain_Al_Arab,3,3575,3575,15111,4227,0.285146327,2.615456939,475.340816,11.93126231,180.1352135,1.344070296,29.15984317,412.5287694,1,457.6511594,317.3089526,13398.61622,1,40.7417743,32.08399682,18.60918919,2.328470361,7.990764905,0.447790087,0.091290208,3982.994349,7.452704986,84.90983381,75.56697603,97.17598075,223.7300575,160.737883,374.9119357,1.026508894,16.80178945,93.66177605,86.06697787
2009,Aleppo,Jebel_Saman,1,1063,1063,6299,5925,0.320135248,3.90953411,614.6536455,16.98914949,185.7492815,1.399045613,26.85095306,367.0160671,1,348.6130778,433.3799165,13293.78747,1,24.0041333,29.64488741,18.4635937,3.701136249,11.98103263,0.474956637,0.090276828,3616.918871,7.511498758,82.95004141,77.19780485,98.25535989,296.1742883,183.2856532,401.209007,0.780531933,17.98196178,94.49375027,28.18423019
2009,Aleppo,Jebel_Saman,2,1820,1820,8906,4893,0.320135248,3.90953411,614.6536455,16.98914949,185.7492815,1.399045613,26.85095306,367.0160671,1,348.6130778,433.3799165,13293.78747,1,24.0041333,29.64488741,18.4635937,3.701136249,11.98103263,0.474956637,0.090276828,3616.918871,7.511498758,82.95004141,77.19780485,98.25535989,296.1742883,183.2856532,401.209007,0.780531933,17.98196178,94.49375027,28.18423019
2009,Aleppo,Jebel_Saman,3,448,448,1577,3520,0.320135248,3.90953411,614.6536455,16.98914949,185.7492815,1.399045613,26.85095306,367.0160671,1,348.6130778,433.3799165,13293.78747,1,24.0041333,29.64488741,18.4635937,3.701136249,11.98103263,0.474956637,0.090276828,3616.918871,7.511498758,82.95004141,77.19780485,98.25535989,296.1742883,183.2856532,401.209007,0.780531933,17.98196178,94.49375027,28.18423019
2009,Aleppo,Jebel_Saman,4,79,79,261,3304,0.320135248,3.90953411,614.6536455,16.98914949,185.7492815,1.399045613,26.85095306,367.0160671,1,348.6130778,433.3799165,13293.78747,1,24.0041333,29.64488741,18.4635937,3.701136249,11.98103263,0.474956637,0.090276828,3616.918871,7.511498758,82.95004141,77.19780485,98.25535989,296.1742883,183.2856532,401.209007,0.780531933,17.98196178,94.49375027,28.18423019
2009,Aleppo,As_Safira,2,3068,3068,20464,6670,0.226229514,2.727688396,405.0432668,10.93005333,194.0542344,1.456944439,23.81607607,339.9130212,1,386.7828001,352.3993715,13519.6931,1,58.56984464,30.09649926,18.77735152,3.954551983,9.511246641,0.323666996,0.056255953,3704.775759,7.634697244,78.8434252,80.98253587,84.55449901,194.8920677,209.796782,447.6738108,1.021027812,12.3940763,92.70084845,61.3127161
2009,Aleppo,As_Safira,3,3443,3443,16709,4853,0.226229514,2.727688396,405.0432668,10.93005333,194.0542344,1.456944439,23.81607607,339.9130212,1,386.7828001,352.3993715,13519.6931,1,58.56984464,30.09649926,18.77735152,3.954551983,9.511246641,0.323666996,0.056255953,3704.775759,7.634697244,78.8434252,80.98253587,84.55449901,194.8920677,209.796782,447.6738108,1.021027812,12.3940763,92.70084845,61.3127161
2009,Aleppo,As_Safira,4,416,416,1752,4212,0.226229514,2.727688396,405.0432668,10.93005333,194.0542344,1.456944439,23.81607607,339.9130212,1,386.7828001,352.3993715,13519.6931,1,58.56984464,30.09649926,18.77735152,3.954551983,9.511246641,0.323666996,0.056255953,3704.775759,7.634697244,78.8434252,80.98253587,84.55449901,194.8920677,209.796782,447.6738108,1.021027812,12.3940763,92.70084845,61.3127161
2009,Aleppo,As_Safira,5,634,634,2540,4006,0.226229514,2.727688396,405.0432668,10.93005333,194.0542344,1.456944439,23.81607607,339.9130212,1,386.7828001,352.3993715,13519.6931,1,58.56984464,30.09649926,18.77735152,3.954551983,9.511246641,0.323666996,0.056255953,3704.775759,7.634697244,78.8434252,80.98253587,84.55449901,194.8920677,209.796782,447.6738108,1.021027812,12.3940763,92.70084845,61.3127161
2009,Raqqa,Raqqa,3,275,275,1845,6709,1.050201469,5.964680642,280.41902,6.798774633,176.8215937,1.445777656,18.21052889,260.1565394,1,346.2123061,334.1951969,14075.94684,1,26.05879584,31.70571175,19.54992617,3.838626197,8.120099693,0.181031354,0.0234511,4123.552366,7.943602406,68.54658646,75.29863243,82.80640808,129.2257646,252.812006,466.2953785,0.418199141,7.517291598,88.28613618,89.8962532
2009,Raqqa,Raqqa,4,20825,20825,135591,6511,1.050201469,5.964680642,280.41902,6.798774633,176.8215937,1.445777656,18.21052889,260.1565394,1,346.2123061,334.1951969,14075.94684,1,26.05879584,31.70571175,19.54992617,3.838626197,8.120099693,0.181031354,0.0234511,4123.552366,7.943602406,68.54658646,75.29863243,82.80640808,129.2257646,252.812006,466.2953785,0.418199141,7.517291598,88.28613618,89.8962532
2009,Raqqa,Raqqa,5,15115,15115,96086,6357,1.050201469,5.964680642,280.41902,6.798774633,176.8215937,1.445777656,18.21052889,260.1565394,1,346.2123061,334.1951969,14075.94684,1,26.05879584,31.70571175,19.54992617,3.838626197,8.120099693,0.181031354,0.0234511,4123.552366,7.943602406,68.54658646,75.29863243,82.80640808,129.2257646,252.812006,466.2953785,0.418199141,7.517291598,88.28613618,89.8962532
2009,Raqqa,Tell_Abiad,2,20742,20742,80749,3893,0.478825179,3.735158564,384.6215782,9.344254858,188.9206138,1.450549568,27.03711738,400.1496788,1,371.821103,282.497018,14014.44613,1,11.17783109,32.79955705,19.46450852,3.044257997,6.879758444,0.241640095,0.034668218,4115.128938,7.789701512,73.67661628,78.41072117,88.19938906,173.2619293,163.0030389,436.503596,0.353533461,11.88417515,88.77423703,33.28514589
2009,Raqqa,Tell_Abiad,3,2765,2765,8624,3119,0.478825179,3.735158564,384.6215782,9.344254858,188.9206138,1.450549568,27.03711738,400.1496788,1,371.821103,282.497018,14014.44613,1,11.17783109,32.79955705,19.46450852,3.044257997,6.879758444,0.241640095,0.034668218,4115.128938,7.789701512,73.67661628,78.41072117,88.19938906,173.2619293,163.0030389,436.503596,0.353533461,11.88417515,88.77423703,33.28514589
2009,Raqqa,Tell_Abiad,4,240,240,635,2646,0.478825179,3.735158564,384.6215782,9.344254858,188.9206138,1.450549568,27.03711738,400.1496788,1,371.821103,282.497018,14014.44613,1,11.17783109,32.79955705,19.46450852,3.044257997,6.879758444,0.241640095,0.034668218,4115.128938,7.789701512,73.67661628,78.41072117,88.19938906,173.2619293,163.0030389,436.503596,0.353533461,11.88417515,88.77423703,33.28514589
2009,Raqqa,Tabqat,3,975,975,5002,5130,0.166312937,1.915996577,318.6469515,8.005540233,159.7684893,1.190950364,17.04136252,252.4603217,1,365.9192606,274.6144016,13821.5432,1,14.81675015,31.02397028,19.19658778,3.859084086,6.903323,0.228695246,0.045103788,3979.330399,7.560426275,81.31912416,78.70110949,85.27833806,148.0328389,193.9123706,366.1195327,0.562168467,8.629667024,90.30521268,97.73904029
2009,Raqqa,Tabqat,4,1115,1115,4820,4323,0.166312937,1.915996577,318.6469515,8.005540233,159.7684893,1.190950364,17.04136252,252.4603217,1,365.9192606,274.6144016,13821.5432,1,14.81675015,31.02397028,19.19658778,3.859084086,6.903323,0.228695246,0.045103788,3979.330399,7.560426275,81.31912416,78.70110949,85.27833806,148.0328389,193.9123706,366.1195327,0.562168467,8.629667024,90.30521268,97.73904029
2009,Raqqa,Tabqat,5,8828,8828,38385,4348,0.166312937,1.915996577,318.6469515,8.005540233,159.7684893,1.190950364,17.04136252,252.4603217,1,365.9192606,274.6144016,13821.5432,1,14.81675015,31.02397028,19.19658778,3.859084086,6.903323,0.228695246,0.045103788,3979.330399,7.560426275,81.31912416,78.70110949,85.27833806,148.0328389,193.9123706,366.1195327,0.562168467,8.629667024,90.30521268,97.73904029
2009,Dayr_Az_Zor,Dayr_Az_Zor,4,788,788,3345,4245,1.527438458,6.266817637,255.5514855,5.74839456,160.6562038,1.475571533,17.45613594,279.0580926,1,311.6110564,293.3117208,14705.31271,1,24.94088817,33.28354626,20.42404543,4.000274024,6.623900592,0.151951357,0.015142331,4444.614907,7.945084905,68.49716985,76.33587066,75.75270308,118.7106186,267.81461,453.5383851,0.441646162,7.406680906,83.29116895,59.82997528
2009,Dayr_Az_Zor,Dayr_Az_Zor,5,21434,21434,85758,4001,1.527438458,6.266817637,255.5514855,5.74839456,160.6562038,1.475571533,17.45613594,279.0580926,1,311.6110564,293.3117208,14705.31271,1,24.94088817,33.28354626,20.42404543,4.000274024,6.623900592,0.151951357,0.015142331,4444.614907,7.945084905,68.49716985,76.33587066,75.75270308,118.7106186,267.81461,453.5383851,0.441646162,7.406680906,83.29116895,59.82997528
2009,Dayr_Az_Zor,Al_Mayadin,5,8390,8390,28073,3346,0.846879854,4.706853339,226.719348,4.949171772,106.9848781,1.464284982,15.16950876,321.6518012,1,284.7469964,291.2235349,15011.15286,1,13.44925992,33.64159185,20.84882342,3.964844925,6.371693328,0.148377773,0.010359121,4579.955328,7.935538403,68.81538657,77.64993823,76.45082598,103.4522871,226.8776377,452.2255759,0.231444592,7.050522461,80.86386617,65.76879408
2009,Dayr_Az_Zor,Abu_Kamal,5,16921,16921,53217,3145,0.326690195,2.534252196,254.3699732,5.448026497,145.9024177,1.474952341,15.51213228,316.9541986,1,199.0450865,266.0494222,15503.41189,1,17.05196237,34.55284989,21.53251652,4.328638096,5.717427351,0.171459879,0.01800395,4668.029664,7.914785937,69.50713545,85.53909402,75.19957917,113.3309368,210.3167699,473.4703945,0.275403663,8.147721895,76.95704848,64.43444099
2009,Hassakeh,Hassakeh,1,238,238,1091,4584,1.234999017,5.292191536,413.3703385,9.225985109,179.2026918,1.453912692,22.75778998,312.1287676,1,352.2277754,230.0891015,14538.89225,1,19.1175947,33.86527548,20.1929059,3.452961385,5.147152785,0.189810446,0.023128709,4479.500821,7.76640865,74.453045,79.77497417,85.27156096,195.0221708,232.8497925,449.1236429,0.493960645,10.83503123,84.61196629,55.44769984
2009,Hassakeh,Hassakeh,2,21102,21102,94748,4489,1.234999017,5.292191536,413.3703385,9.225985109,179.2026918,1.453912692,22.75778998,312.1287676,1,352.2277754,230.0891015,14538.89225,1,19.1175947,33.86527548,20.1929059,3.452961385,5.147152785,0.189810446,0.023128709,4479.500821,7.76640865,74.453045,79.77497417,85.27156096,195.0221708,232.8497925,449.1236429,0.493960645,10.83503123,84.61196629,55.44769984
2009,Hassakeh,Hassakeh,3,5992,5992,26364,4399,1.234999017,5.292191536,413.3703385,9.225985109,179.2026918,1.453912692,22.75778998,312.1287676,1,352.2277754,230.0891015,14538.89225,1,19.1175947,33.86527548,20.1929059,3.452961385,5.147152785,0.189810446,0.023128709,4479.500821,7.76640865,74.453045,79.77497417,85.27156096,195.0221708,232.8497925,449.1236429,0.493960645,10.83503123,84.61196629,55.44769984
2009,Hassakeh,Hassakeh,4,4267,4267,18382,4308,1.234999017,5.292191536,413.3703385,9.225985109,179.2026918,1.453912692,22.75778998,312.1287676,1,352.2277754,230.0891015,14538.89225,1,19.1175947,33.86527548,20.1929059,3.452961385,5.147152785,0.189810446,0.023128709,4479.500821,7.76640865,74.453045,79.77497417,85.27156096,195.0221708,232.8497925,449.1236429,0.493960645,10.83503123,84.61196629,55.44769984
2009,Hassakeh,Hassakeh,5,5120,5120,20490,4002,1.234999017,5.292191536,413.3703385,9.225985109,179.2026918,1.453912692,22.75778998,312.1287676,1,352.2277754,230.0891015,14538.89225,1,19.1175947,33.86527548,20.1929059,3.452961385,5.147152785,0.189810446,0.023128709,4479.500821,7.76640865,74.453045,79.77497417,85.27156096,195.0221708,232.8497925,449.1236429,0.493960645,10.83503123,84.61196629,55.44769984
2009,Hassakeh,Quamishli,1,22219,22219,104429,4699,0.384508781,3.376182941,653.4022866,14.31031672,189.6343908,1.4227755,32.71215887,381.6987929,1,387.3408823,250.6502927,13926.30759,1,4.224880292,33.83830082,19.34209387,2.447491195,5.501519993,0.386545438,0.064797415,4564.952657,7.499177245,83.3607585,82.60651668,91.6286769,319.7093487,188.6721752,424.1715544,0.236333983,15.93920513,89.47374931,2.151515152
2009,Hassakeh,Quamishli,2,4009,4009,17239,4300,0.384508781,3.376182941,653.4022866,14.31031672,189.6343908,1.4227755,32.71215887,381.6987929,1,387.3408823,250.6502927,13926.30759,1,4.224880292,33.83830082,19.34209387,2.447491195,5.501519993,0.386545438,0.064797415,4564.952657,7.499177245,83.3607585,82.60651668,91.6286769,319.7093487,188.6721752,424.1715544,0.236333983,15.93920513,89.47374931,2.151515152
2009,Hassakeh,Quamishli,3,887,887,3741,4218,0.384508781,3.376182941,653.4022866,14.31031672,189.6343908,1.4227755,32.71215887,381.6987929,1,387.3408823,250.6502927,13926.30759,1,4.224880292,33.83830082,19.34209387,2.447491195,5.501519993,0.386545438,0.064797415,4564.952657,7.499177245,83.3607585,82.60651668,91.6286769,319.7093487,188.6721752,424.1715544,0.236333983,15.93920513,89.47374931,2.151515152
2009,Hassakeh,Al_Malika,1,18572,18572,83407,4490,0.273788898,2.626098262,821.7023628,17.67946439,177.7179584,1.393407522,35.81191186,396.1542193,1,442.2589019,298.6068444,13406.03363,1,11.47143655,33.48399709,18.61949115,1.582791476,6.438534416,0.57234482,0.105162402,4646.778602,7.401004555,86.63318149,87.19923371,94.50804296,398.0325892,182.2285639,417.2135132,0.627665989,23.0979689,93.60290769,71.48066457
2009,Hassakeh,Al_Malika,2,433,433,1829,4224,0.273788898,2.626098262,821.7023628,17.67946439,177.7179584,1.393407522,35.81191186,396.1542193,1,442.2589019,298.6068444,13406.03363,1,11.47143655,33.48399709,18.61949115,1.582791476,6.438534416,0.57234482,0.105162402,4646.778602,7.401004555,86.63318149,87.19923371,94.50804296,398.0325892,182.2285639,417.2135132,0.627665989,23.0979689,93.60290769,71.48066457
2009,Hassakeh,Al_Malika,3,52,52,203,3904,0.273788898,2.626098262,821.7023628,17.67946439,177.7179584,1.393407522,35.81191186,396.1542193,1,442.2589019,298.6068444,13406.03363,1,11.47143655,33.48399709,18.61949115,1.582791476,6.438534416,0.57234482,0.105162402,4646.778602,7.401004555,86.63318149,87.19923371,94.50804296,398.0325892,182.2285639,417.2135132,0.627665989,23.0979689,93.60290769,71.48066457
2009,Hassakeh,Ras_Al_Ain,1,18181,18181,89341,4914,0.383012451,4.287075453,483.2799684,11.2537463,181.239228,1.436138441,29.13638552,428.1986409,1,428.0325777,357.8611942,13850.11591,1,10.62784115,33.22884058,19.23627209,2.638289289,8.366096851,0.389049506,0.067441482,4293.391891,7.607914063,79.7361979,77.15720177,89.67456414,220.1097987,158.4989891,413.1203426,0.413294717,15.5378662,90.07844518,3.258706468
2009,Hassakeh,Ras_Al_Ain,2,62810,62810,304942,4855,0.383012451,4.287075453,483.2799684,11.2537463,181.239228,1.436138441,29.13638552,428.1986409,1,428.0325777,357.8611942,13850.11591,1,10.62784115,33.22884058,19.23627209,2.638289289,8.366096851,0.389049506,0.067441482,4293.391891,7.607914063,79.7361979,77.15720177,89.67456414,220.1097987,158.4989891,413.1203426,0.413294717,15.5378662,90.07844518,3.258706468
2009,Hassakeh,Ras_Al_Ain,3,475,475,1900,4000,0.383012451,4.287075453,483.2799684,11.2537463,181.239228,1.436138441,29.13638552,428.1986409,1,428.0325777,357.8611942,13850.11591,1,10.62784115,33.22884058,19.23627209,2.638289289,8.366096851,0.389049506,0.067441482,4293.391891,7.607914063,79.7361979,77.15720177,89.67456414,220.1097987,158.4989891,413.1203426,0.413294717,15.5378662,90.07844518,3.258706468
2009,Hassakeh,Ras_Al_Ain,4,120,120,456,3800,0.383012451,4.287075453,483.2799684,11.2537463,181.239228,1.436138441,29.13638552,428.1986409,1,428.0325777,357.8611942,13850.11591,1,10.62784115,33.22884058,19.23627209,2.638289289,8.366096851,0.389049506,0.067441482,4293.391891,7.607914063,79.7361979,77.15720177,89.67456414,220.1097987,158.4989891,413.1203426,0.413294717,15.5378662,90.07844518,3.258706468
2011,Homs,Tall_Kalakh,1,2987,2987,11822,3958,0.061265386,1.382119937,1284.436904,34.56201504,213.4968276,1.371293035,28.50363662,371.8628808,1,462.9664108,725.0482707,12795.24053,1,86.9397267,28.08106479,17.77116741,8.708731106,19.57149055,0.663057988,0.116760334,3715.325285,7.036198454,98.79338486,99.8347282,102.0872586,744.9870396,256.0800903,370.1287946,2.899572474,38.32373734,98.45047197,63.89144317
2011,Hama,Hama,2,374,374,1459,3901,0.227677668,4.733216797,659.16019,18.19472061,192.7904067,1.455316559,28.89107986,399.9433813,1,367.8882638,424.8686658,13463.31147,1,25.04294796,30.79445889,18.69904371,7.609160979,11.70764447,0.489739023,0.102730573,3621.810176,7.530149647,82.32834509,93.07834543,93.45389261,361.178733,199.991121,385.7041579,0.890006436,18.48653952,93.14832163,22.43352601
2011,Hama,Hama,3,682,682,2704,3965,0.227677668,4.733216797,659.16019,18.19472061,192.7904067,1.455316559,28.89107986,399.9433813,1,367.8882638,424.8686658,13463.31147,1,25.04294796,30.79445889,18.69904371,7.609160979,11.70764447,0.489739023,0.102730573,3621.810176,7.530149647,82.32834509,93.07834543,93.45389261,361.178733,199.991121,385.7041579,0.890006436,18.48653952,93.14832163,22.43352601
2011,Hama,Hama,4,1878,1878,8470,4510,0.227677668,4.733216797,659.16019,18.19472061,192.7904067,1.455316559,28.89107986,399.9433813,1,367.8882638,424.8686658,13463.31147,1,25.04294796,30.79445889,18.69904371,7.609160979,11.70764447,0.489739023,0.102730573,3621.810176,7.530149647,82.32834509,93.07834543,93.45389261,361.178733,199.991121,385.7041579,0.890006436,18.48653952,93.14832163,22.43352601
2011,Hama,Al_Ghab,1,7822,7822,36204,4628,0.049595436,1.643165164,1281.456588,37.39440108,139.7759455,1.347860465,28.59829587,349.5799349,1,352.189296,933.8125601,12451.26161,1,139.7020723,28.6051686,17.2934189,7.388366459,27.21416949,0.72649277,0.128253479,3425.867529,6.782044179,92.73480597,97.49931315,110.0647922,708.2816282,280.5196852,361.9957542,4.508295663,42.21571718,98.81953658,35.28868661
2011,Idleb,Idleb,1,4196,4196,25130,5989,0.125820372,2.188331063,908.6947487,25.43089141,133.1604544,1.441830046,29.96636028,396.7139838,1,349.4829207,535.4816687,13153.20123,1,18.66965742,30.45296286,18.26833504,6.905250237,14.97001231,0.615115967,0.136304255,3572.192674,7.363514149,87.8828617,92.4231762,99.26708059,444.9608933,201.4720497,378.6673336,0.928862474,24.86059375,95.60951405,24.08243728
2011,Idleb,Idleb,2,2815,2815,14568,5175,0.125820372,2.188331063,908.6947487,25.43089141,133.1604544,1.441830046,29.96636028,396.7139838,1,349.4829207,535.4816687,13153.20123,1,18.66965742,30.45296286,18.26833504,6.905250237,14.97001231,0.615115967,0.136304255,3572.192674,7.363514149,87.8828617,92.4231762,99.26708059,444.9608933,201.4720497,378.6673336,0.928862474,24.86059375,95.60951405,24.08243728
2011,Idleb,Idleb,3,4106,4106,17266,4205,0.125820372,2.188331063,908.6947487,25.43089141,133.1604544,1.441830046,29.96636028,396.7139838,1,349.4829207,535.4816687,13153.20123,1,18.66965742,30.45296286,18.26833504,6.905250237,14.97001231,0.615115967,0.136304255,3572.192674,7.363514149,87.8828617,92.4231762,99.26708059,444.9608933,201.4720497,378.6673336,0.928862474,24.86059375,95.60951405,24.08243728
2011,Idleb,Harim,1,100,100,552,5520,0.076955511,1.744823344,1079.123131,31.14799495,208.4698796,1.397594182,27.2782689,356.5012631,1,400.6489695,521.107175,12678.87674,1,91.8753057,29.69921885,17.60955103,6.383827348,15.07143975,0.530320822,0.082755796,3463.502715,7.125463716,95.81787612,86.42698543,110.9332777,518.8702457,243.3845318,396.2349649,3.52892128,34.93256475,99.37399412,7.104166667
2011,Idleb,Al_Jisr_Ash_Shu,1,260,260,1025,3942,0.061795348,1.387996783,1246.595859,36.92757978,177.540447,1.380476929,27.89801472,304.6574213,1,349.3955892,661.2557221,12537.23907,1,101.3142959,28.69254325,17.41283204,6.904180464,19.58541854,0.631650531,0.099185535,3374.785433,6.711311118,90.37703725,99.46928871,107.2190749,640.9922058,309.262822,377.4719518,3.793157673,40.90641577,99.50189738,19.55376344
2011,Idleb,Al_Ma'ra,1,1225,1225,4608,3762,0.219400577,2.789560748,758.8663994,21.51412689,161.5969773,1.44106543,30.50289991,387.8445436,1,426.7153644,448.6012618,13167.49245,1,29.05957912,30.54452474,18.28818396,7.017171972,12.73241616,0.573957599,0.13355925,3526.2935,7.422356298,85.92145674,93.32976972,97.55005267,396.3317917,211.8633148,395.4624714,1.089096217,21.8826255,95.49609163,2.740740741
2011,Idleb,Al_Ma'ra,2,280,280,821,2932,0.219400577,2.789560748,758.8663994,21.51412689,161.5969773,1.44106543,30.50289991,387.8445436,1,426.7153644,448.6012618,13167.49245,1,29.05957912,30.54452474,18.28818396,7.017171972,12.73241616,0.573957599,0.13355925,3526.2935,7.422356298,85.92145674,93.32976972,97.55005267,396.3317917,211.8633148,395.4624714,1.089096217,21.8826255,95.49609163,2.740740741
2011,Idleb,Ariha,1,622,622,2845,4574,0.06189382,1.20144567,1000.258446,28.59795377,178.7756591,1.396585143,27.93576679,350.6523137,1,582.149967,491.7159341,12278.97138,1,87.67581128,28.89785136,17.05412692,6.405529353,14.07054834,0.479865009,0.076996324,3496.657401,7.15618642,94.79378601,99.11179384,100.1732669,508.9962371,264.1637633,380.2716742,2.592602428,31.56046909,97.45215383,35.35190616
2011,Tartous,Tartous,1,3715,3715,8268,2226,0.049162657,1.417978043,1442.62727,39.15887482,226.602822,1.337365278,24.38800112,328.0083572,1,151.3380759,914.4142852,13726.36913,1,85.26540945,28.12104619,19.06440157,11.40267816,24.87245366,0.622264403,0.077262862,3683.036573,6.801489796,93.38299321,94.9762318,104.7464656,819.5063228,293.3316743,364.969705,1.987711269,46.76351549,91.06056245,64.49344978
2011,Tartous,Safita,1,169,169,273,1615,0.047070335,1.157636077,1660.332736,45.88415888,212.2246192,1.350786518,24.81991989,329.6296751,1,294.0703481,811.6852471,13303.75314,1,85.74052064,28.18625154,18.47743492,10.12972204,22.45908772,0.631401191,0.075269306,3617.531486,6.807968775,93.59895915,95.94384882,106.6131626,959.2299864,291.9812893,377.4132804,2.351750182,44.6094789,94.41465762,76.62715679
2011,Aleppo,A'zaz,1,1295,1295,5669,4378,0.121728487,2.146811382,737.6562208,19.66237291,180.5676029,1.396196968,30.36538609,429.7996425,1,481.8095159,498.2781115,12848.43525,1,12.33630082,31.40882749,17.84504896,5.712116833,13.28785847,0.621796552,0.148133538,3750.61342,7.471901984,84.26993387,91.06414375,95.80511534,351.6400462,165.5478602,396.9674719,0.559398203,24.25735487,98.02829168,30.7875817
2011,Aleppo,A'zaz,2,254,254,1138,4480,0.121728487,2.146811382,737.6562208,19.66237291,180.5676029,1.396196968,30.36538609,429.7996425,1,481.8095159,498.2781115,12848.43525,1,12.33630082,31.40882749,17.84504896,5.712116833,13.28785847,0.621796552,0.148133538,3750.61342,7.471901984,84.26993387,91.06414375,95.80511534,351.6400462,165.5478602,396.9674719,0.559398203,24.25735487,98.02829168,30.7875817
2011,Aleppo,Afrin,1,760,760,3869,5091,0.194810459,2.230856022,1052.969823,29.52549781,184.8305861,1.371035123,25.51170824,404.3181051,1,493.5760545,495.1071685,12410.3783,1,89.965976,30.28283912,17.23663653,5.550083874,13.89573128,0.47511762,0.067679524,3565.306755,7.198506433,93.3831189,86.48511043,105.2300321,499.6369421,192.8950466,401.4796676,3.206478872,32.26458622,98.49506589,72.67440361
2011,Aleppo,Jarablus,2,1737,1737,7196,4143,0.056313267,1.389591551,581.6668335,15.5287223,123.911363,1.374076188,31.59740814,433.9335195,1,453.0262094,357.226133,13408.55304,1,19.54434174,33.38898184,18.62299033,5.131814815,9.54395412,0.531458031,0.11241075,3744.748184,7.473535251,84.21549162,86.28167225,94.39096557,267.4696289,151.8135123,395.6820817,0.731704106,17.89025411,93.58291239,86.86344794
2011,Aleppo,Menbij,2,1606,1606,5261,3276,0.476099108,4.018173677,405.000346,10.76334346,173.279788,1.406754586,24.018397,332.4689528,1,397.1956572,353.7806322,13817.12406,1,17.60715977,32.7241286,19.19045009,6.463595644,9.405088265,0.403847373,0.075093158,3761.774528,7.618434657,79.38551142,85.37572592,87.92903245,195.9471299,198.2878033,437.4207931,0.49517755,12.11218955,90.34028523,92.68040719
2011,Aleppo,Menbij,3,1076,1076,4060,3773,0.476099108,4.018173677,405.000346,10.76334346,173.279788,1.406754586,24.018397,332.4689528,1,397.1956572,353.7806322,13817.12406,1,17.60715977,32.7241286,19.19045009,6.463595644,9.405088265,0.403847373,0.075093158,3761.774528,7.618434657,79.38551142,85.37572592,87.92903245,195.9471299,198.2878033,437.4207931,0.49517755,12.11218955,90.34028523,92.68040719
2011,Aleppo,Menbij,4,21508,21508,79386,3691,0.476099108,4.018173677,405.000346,10.76334346,173.279788,1.406754586,24.018397,332.4689528,1,397.1956572,353.7806322,13817.12406,1,17.60715977,32.7241286,19.19045009,6.463595644,9.405088265,0.403847373,0.075093158,3761.774528,7.618434657,79.38551142,85.37572592,87.92903245,195.9471299,198.2878033,437.4207931,0.49517755,12.11218955,90.34028523,92.68040719
2011,Aleppo,Menbij,5,7284,7284,25916,3558,0.476099108,4.018173677,405.000346,10.76334346,173.279788,1.406754586,24.018397,332.4689528,1,397.1956572,353.7806322,13817.12406,1,17.60715977,32.7241286,19.19045009,6.463595644,9.405088265,0.403847373,0.075093158,3761.774528,7.618434657,79.38551142,85.37572592,87.92903245,195.9471299,198.2878033,437.4207931,0.49517755,12.11218955,90.34028523,92.68040719
2011,Aleppo,Ain_Al_Arab,2,15843,15843,61312,3870,0.285146327,2.615456939,505.8283539,12.90344576,180.1352135,1.344070296,29.15984317,412.5287694,1,457.6511594,336.3477794,13711.82347,1,40.7417743,33.64828745,19.04419927,5.637378465,8.596727069,0.544285779,0.117837489,3919.10292,7.452704986,84.90983381,81.03280684,96.5635819,240.8431677,160.737883,374.9119357,1.026508894,16.80178945,91.17600419,86.06697787
2011,Aleppo,Ain_Al_Arab,3,4056,4056,17003,4192,0.285146327,2.615456939,505.8283539,12.90344576,180.1352135,1.344070296,29.15984317,412.5287694,1,457.6511594,336.3477794,13711.82347,1,40.7417743,33.64828745,19.04419927,5.637378465,8.596727069,0.544285779,0.117837489,3919.10292,7.452704986,84.90983381,81.03280684,96.5635819,240.8431677,160.737883,374.9119357,1.026508894,16.80178945,91.17600419,86.06697787
2011,Aleppo,Jebel_Saman,1,1432,1432,6149,4294,0.320135248,3.90953411,651.2596211,18.06350107,185.7492815,1.399045613,26.85095306,367.0160671,1,348.6130778,449.9144939,13490.99012,1,24.0041333,31.45270711,18.73748628,6.825072106,12.48416209,0.495728172,0.105682081,3604.389778,7.511498758,82.95004141,90.21282571,93.19488056,318.7446258,183.2856532,401.209007,0.780531933,17.98196178,92.92864985,28.18423019
2011,Aleppo,Jebel_Saman,2,11498,11498,46257,4023,0.320135248,3.90953411,651.2596211,18.06350107,185.7492815,1.399045613,26.85095306,367.0160671,1,348.6130778,449.9144939,13490.99012,1,24.0041333,31.45270711,18.73748628,6.825072106,12.48416209,0.495728172,0.105682081,3604.389778,7.511498758,82.95004141,90.21282571,93.19488056,318.7446258,183.2856532,401.209007,0.780531933,17.98196178,92.92864985,28.18423019
2011,Aleppo,Jebel_Saman,3,2527,2527,9714,3844,0.320135248,3.90953411,651.2596211,18.06350107,185.7492815,1.399045613,26.85095306,367.0160671,1,348.6130778,449.9144939,13490.99012,1,24.0041333,31.45270711,18.73748628,6.825072106,12.48416209,0.495728172,0.105682081,3604.389778,7.511498758,82.95004141,90.21282571,93.19488056,318.7446258,183.2856532,401.209007,0.780531933,17.98196178,92.92864985,28.18423019
2011,Aleppo,Jebel_Saman,4,599,599,1629,2720,0.320135248,3.90953411,651.2596211,18.06350107,185.7492815,1.399045613,26.85095306,367.0160671,1,348.6130778,449.9144939,13490.99012,1,24.0041333,31.45270711,18.73748628,6.825072106,12.48416209,0.495728172,0.105682081,3604.389778,7.511498758,82.95004141,90.21282571,93.19488056,318.7446258,183.2856532,401.209007,0.780531933,17.98196178,92.92864985,28.18423019
2011,Aleppo,As_Safira,2,1817,1817,8126,4472,0.226229514,2.727688396,437.9999399,11.93489114,194.0542344,1.456944439,23.81607607,339.9130212,1,386.7828001,370.940218,13741.58836,1,58.56984464,32.01754758,19.08553939,6.86709845,10.11855919,0.367058826,0.067077785,3668.911479,7.634697244,78.8434252,94.20299319,84.27408805,221.6349965,209.796782,447.6738108,1.021027812,12.3940763,90.93977491,61.3127161
2011,Aleppo,As_Safira,3,2056,2056,11595,5639,0.226229514,2.727688396,437.9999399,11.93489114,194.0542344,1.456944439,23.81607607,339.9130212,1,386.7828001,370.940218,13741.58836,1,58.56984464,32.01754758,19.08553939,6.86709845,10.11855919,0.367058826,0.067077785,3668.911479,7.634697244,78.8434252,94.20299319,84.27408805,221.6349965,209.796782,447.6738108,1.021027812,12.3940763,90.93977491,61.3127161
2011,Aleppo,As_Safira,4,541,541,2611,4826,0.226229514,2.727688396,437.9999399,11.93489114,194.0542344,1.456944439,23.81607607,339.9130212,1,386.7828001,370.940218,13741.58836,1,58.56984464,32.01754758,19.08553939,6.86709845,10.11855919,0.367058826,0.067077785,3668.911479,7.634697244,78.8434252,94.20299319,84.27408805,221.6349965,209.796782,447.6738108,1.021027812,12.3940763,90.93977491,61.3127161
2011,Aleppo,As_Safira,5,81,81,327,4037,0.226229514,2.727688396,437.9999399,11.93489114,194.0542344,1.456944439,23.81607607,339.9130212,1,386.7828001,370.940218,13741.58836,1,58.56984464,32.01754758,19.08553939,6.86709845,10.11855919,0.367058826,0.067077785,3668.911479,7.634697244,78.8434252,94.20299319,84.27408805,221.6349965,209.796782,447.6738108,1.021027812,12.3940763,90.93977491,61.3127161
2011,Aleppo,Al_Atarib,1,634,634,2162,3410,0.238032084,2.718073793,612.3805371,16.58389109,174.2304944,1.388732777,27.45568421,390.5144508,1,432.4067962,409.4482159,13350.28773,1,34.4062138,32.13281758,18.54206629,6.032169001,11.07328282,0.492076635,0.100141348,3712.443757,7.48601785,83.799405,88.43866283,93.41780552,293.233994,179.3366728,406.2694257,1.044627954,19.08461768,93.66910195,64.49473443
2011,Aleppo,Dayr_Hafir,2,299,299,1509,5047,0.238032084,2.718073793,612.3805371,16.58389109,174.2304944,1.388732777,27.45568421,390.5144508,1,432.4067962,409.4482159,13350.28773,1,34.4062138,32.13281758,18.54206629,6.032169001,11.07328282,0.492076635,0.100141348,3712.443757,7.48601785,83.799405,88.43866283,93.41780552,293.233994,179.3366728,406.2694257,1.044627954,19.08461768,93.66910195,64.49473443
2011,Aleppo,Dayr_Hafir,3,7604,7604,35039,4608,0.238032084,2.718073793,612.3805371,16.58389109,174.2304944,1.388732777,27.45568421,390.5144508,1,432.4067962,409.4482159,13350.28773,1,34.4062138,32.13281758,18.54206629,6.032169001,11.07328282,0.492076635,0.100141348,3712.443757,7.48601785,83.799405,88.43866283,93.41780552,293.233994,179.3366728,406.2694257,1.044627954,19.08461768,93.66910195,64.49473443
2011,Aleppo,Dayr_Hafir,4,3843,3843,17981,4679,0.238032084,2.718073793,612.3805371,16.58389109,174.2304944,1.388732777,27.45568421,390.5144508,1,432.4067962,409.4482159,13350.28773,1,34.4062138,32.13281758,18.54206629,6.032169001,11.07328282,0.492076635,0.100141348,3712.443757,7.48601785,83.799405,88.43866283,93.41780552,293.233994,179.3366728,406.2694257,1.044627954,19.08461768,93.66910195,64.49473443
2011,Raqqa,Raqqa,3,335,335,1987,5931,1.050201469,5.964680642,290.0515932,7.156433323,176.8215937,1.445777656,18.21052889,260.1565394,1,346.2123061,369.1096023,14354.75103,1,26.05879584,33.67802819,19.93715421,6.5511431,9.134298618,0.209783102,0.029652373,4052.018873,7.943602406,68.54658646,80.14583898,81.82244652,140.44338,252.812006,466.2953785,0.418199141,7.517291598,86.07340452,89.8962532
2011,Raqqa,Raqqa,4,16391,16391,91970,5611,1.050201469,5.964680642,290.0515932,7.156433323,176.8215937,1.445777656,18.21052889,260.1565394,1,346.2123061,369.1096023,14354.75103,1,26.05879584,33.67802819,19.93715421,6.5511431,9.134298618,0.209783102,0.029652373,4052.018873,7.943602406,68.54658646,80.14583898,81.82244652,140.44338,252.812006,466.2953785,0.418199141,7.517291598,86.07340452,89.8962532
2011,Raqqa,Raqqa,5,16971,16971,96377,5679,1.050201469,5.964680642,290.0515932,7.156433323,176.8215937,1.445777656,18.21052889,260.1565394,1,346.2123061,369.1096023,14354.75103,1,26.05879584,33.67802819,19.93715421,6.5511431,9.134298618,0.209783102,0.029652373,4052.018873,7.943602406,68.54658646,80.14583898,81.82244652,140.44338,252.812006,466.2953785,0.418199141,7.517291598,86.07340452,89.8962532
2011,Raqqa,Tell_Abiad,2,18619,18619,97172,5219,0.478825179,3.735158564,411.8921654,10.23332207,188.9206138,1.450549568,27.03711738,400.1496788,1,371.821103,320.2824451,14326.06433,1,11.17783109,34.48497162,19.89731156,6.068372378,7.973385536,0.404218264,0.071988738,4024.009305,7.789701512,73.67661628,84.12373237,90.87481296,198.4594152,163.0030389,436.503596,0.353533461,11.88417515,86.30107678,33.28514589
2011,Raqqa,Tell_Abiad,3,10235,10235,37563,3670,0.478825179,3.735158564,411.8921654,10.23332207,188.9206138,1.450549568,27.03711738,400.1496788,1,371.821103,320.2824451,14326.06433,1,11.17783109,34.48497162,19.89731156,6.068372378,7.973385536,0.404218264,0.071988738,4024.009305,7.789701512,73.67661628,84.12373237,90.87481296,198.4594152,163.0030389,436.503596,0.353533461,11.88417515,86.30107678,33.28514589
2011,Raqqa,Tell_Abiad,4,290,290,1362,4697,0.478825179,3.735158564,411.8921654,10.23332207,188.9206138,1.450549568,27.03711738,400.1496788,1,371.821103,320.2824451,14326.06433,1,11.17783109,34.48497162,19.89731156,6.068372378,7.973385536,0.404218264,0.071988738,4024.009305,7.789701512,73.67661628,84.12373237,90.87481296,198.4594152,163.0030389,436.503596,0.353533461,11.88417515,86.30107678,33.28514589
2011,Raqqa,Tabqat,3,676,676,3064,4533,0.166312937,1.915996577,330.0399817,8.383254473,159.7684893,1.190950364,17.04136252,252.4603217,1,365.9192606,292.3595583,14067.28,1,14.81675015,32.99257784,19.53788889,6.823419166,7.429653894,0.3104032,0.063324446,3935.895662,7.560426275,81.31912416,81.34993837,87.58028467,161.9557027,193.9123706,366.1195327,0.562168467,8.629667024,88.35492063,97.73904029
2011,Raqqa,Tabqat,4,549,549,2742,4995,0.166312937,1.915996577,330.0399817,8.383254473,159.7684893,1.190950364,17.04136252,252.4603217,1,365.9192606,292.3595583,14067.28,1,14.81675015,32.99257784,19.53788889,6.823419166,7.429653894,0.3104032,0.063324446,3935.895662,7.560426275,81.31912416,81.34993837,87.58028467,161.9557027,193.9123706,366.1195327,0.562168467,8.629667024,88.35492063,97.73904029
2011,Raqqa,Tabqat,5,9947,9947,56887,5719,0.166312937,1.915996577,330.0399817,8.383254473,159.7684893,1.190950364,17.04136252,252.4603217,1,365.9192606,292.3595583,14067.28,1,14.81675015,32.99257784,19.53788889,6.823419166,7.429653894,0.3104032,0.063324446,3935.895662,7.560426275,81.31912416,81.34993837,87.58028467,161.9557027,193.9123706,366.1195327,0.562168467,8.629667024,88.35492063,97.73904029
2011,Dayr_Az_Zor,Dayr_Az_Zor,4,1008,1008,3699,3670,1.527438458,6.266817637,261.2266888,6.018787956,160.6562038,1.475571533,17.45613594,279.0580926,1,311.6110564,341.4655675,15062.05193,1,24.94088817,35.23420971,20.91951656,6.828379361,7.893922715,0.202520979,0.027238086,4339.187604,7.945084905,68.49716985,90.19761482,70.19370282,128.3404958,267.81461,453.5383851,0.441646162,7.406680906,80.45990536,59.82997528
2011,Dayr_Az_Zor,Dayr_Az_Zor,5,17796,17796,67625,3800,1.527438458,6.266817637,261.2266888,6.018787956,160.6562038,1.475571533,17.45613594,279.0580926,1,311.6110564,341.4655675,15062.05193,1,24.94088817,35.23420971,20.91951656,6.828379361,7.893922715,0.202520979,0.027238086,4339.187604,7.945084905,68.49716985,90.19761482,70.19370282,128.3404958,267.81461,453.5383851,0.441646162,7.406680906,80.45990536,59.82997528
2011,Dayr_Az_Zor,Al_Mayadin,5,18221,18221,71062,3900,0.846879854,4.706853339,234.3718025,5.269831778,106.9848781,1.464284982,15.16950876,321.6518012,1,284.7469964,361.6397429,15427.31177,1,13.44925992,35.56094711,21.4268219,7.418749219,8.157094062,0.175723994,0.015627304,4446.424745,7.935538403,68.81538657,94.50034911,67.5343877,104.7468507,226.8776377,452.2255759,0.231444592,7.050522461,77.5610177,65.76879408
2011,Dayr_Az_Zor,Abu_Kamal,5,7876,7876,25290,3211,0.326690195,2.534252196,273.8048742,5.981226987,145.9024177,1.474952341,15.51213228,316.9541986,1,199.0450865,307.7903743,15934.77389,1,17.05196237,36.44816431,22.1316304,7.711575566,6.747913785,0.193940904,0.02377576,4576.737558,7.914785937,69.50713545,105.2609096,70.4405529,124.5852983,210.3167699,473.4703945,0.275403663,8.147721895,73.53354055,64.43444099
2011,Hassakeh,Hassakeh,1,375,375,1208,3221,1.234999017,5.292191536,476.2122781,10.99686754,179.2026918,1.453912692,22.75778998,312.1287676,1,352.2277754,276.7549271,14898.86072,1,19.1175947,35.55595552,20.69286211,6.526506355,6.40569317,0.288339169,0.046644772,4329.435702,7.76640865,74.453045,97.5787538,83.07191463,244.7546935,232.8497925,449.1236429,0.493960645,10.83503123,81.75507367,55.44769984
2011,Hassakeh,Hassakeh,2,15414,15414,48631,3155,1.234999017,5.292191536,476.2122781,10.99686754,179.2026918,1.453912692,22.75778998,312.1287676,1,352.2277754,276.7549271,14898.86072,1,19.1175947,35.55595552,20.69286211,6.526506355,6.40569317,0.288339169,0.046644772,4329.435702,7.76640865,74.453045,97.5787538,83.07191463,244.7546935,232.8497925,449.1236429,0.493960645,10.83503123,81.75507367,55.44769984
2011,Hassakeh,Hassakeh,3,4669,4669,10621,2275,1.234999017,5.292191536,476.2122781,10.99686754,179.2026918,1.453912692,22.75778998,312.1287676,1,352.2277754,276.7549271,14898.86072,1,19.1175947,35.55595552,20.69286211,6.526506355,6.40569317,0.288339169,0.046644772,4329.435702,7.76640865,74.453045,97.5787538,83.07191463,244.7546935,232.8497925,449.1236429,0.493960645,10.83503123,81.75507367,55.44769984
2011,Hassakeh,Hassakeh,4,5132,5132,20307,3957,1.234999017,5.292191536,476.2122781,10.99686754,179.2026918,1.453912692,22.75778998,312.1287676,1,352.2277754,276.7549271,14898.86072,1,19.1175947,35.55595552,20.69286211,6.526506355,6.40569317,0.288339169,0.046644772,4329.435702,7.76640865,74.453045,97.5787538,83.07191463,244.7546935,232.8497925,449.1236429,0.493960645,10.83503123,81.75507367,55.44769984
2011,Hassakeh,Hassakeh,5,4082,4082,13948,3417,1.234999017,5.292191536,476.2122781,10.99686754,179.2026918,1.453912692,22.75778998,312.1287676,1,352.2277754,276.7549271,14898.86072,1,19.1175947,35.55595552,20.69286211,6.526506355,6.40569317,0.288339169,0.046644772,4329.435702,7.76640865,74.453045,97.5787538,83.07191463,244.7546935,232.8497925,449.1236429,0.493960645,10.83503123,81.75507367,55.44769984
2011,Hassakeh,Quamishli,1,18810,18810,85002,4519,0.384508781,3.376182941,793.4412247,18.10620445,189.6343908,1.4227755,32.71215887,381.6987929,1,387.3408823,330.280832,14353.23399,1,4.224880292,34.91544057,19.93504721,6.246434976,7.550792433,0.627295818,0.131465453,4381.151031,7.499177245,83.3607585,97.69018705,93.80111939,417.4322746,188.6721752,424.1715544,0.236333983,15.93920513,86.08544452,2.151515152
2011,Hassakeh,Quamishli,2,6066,6066,26235,4325,0.384508781,3.376182941,793.4412247,18.10620445,189.6343908,1.4227755,32.71215887,381.6987929,1,387.3408823,330.280832,14353.23399,1,4.224880292,34.91544057,19.93504721,6.246434976,7.550792433,0.627295818,0.131465453,4381.151031,7.499177245,83.3607585,97.69018705,93.80111939,417.4322746,188.6721752,424.1715544,0.236333983,15.93920513,86.08544452,2.151515152
2011,Hassakeh,Quamishli,3,1817,1817,4693,2583,0.384508781,3.376182941,793.4412247,18.10620445,189.6343908,1.4227755,32.71215887,381.6987929,1,387.3408823,330.280832,14353.23399,1,4.224880292,34.91544057,19.93504721,6.246434976,7.550792433,0.627295818,0.131465453,4381.151031,7.499177245,83.3607585,97.69018705,93.80111939,417.4322746,188.6721752,424.1715544,0.236333983,15.93920513,86.08544452,2.151515152
2011,Hassakeh,Al_Malika,1,15496,15496,46519,3002,0.273788898,2.626098262,976.1586689,21.60253232,177.7179584,1.393407522,35.81191186,396.1542193,1,442.2589019,393.8774156,13666.4967,1,11.47143655,33.96345322,18.98124542,5.30754703,8.721070792,0.699182629,0.160136116,4517.723336,7.401004555,86.63318149,94.87911742,96.61260723,521.5367541,182.2285639,417.2135132,0.627665989,23.0979689,91.53574044,71.48066457
2011,Hassakeh,Al_Malika,2,1360,1360,2381,1751,0.273788898,2.626098262,976.1586689,21.60253232,177.7179584,1.393407522,35.81191186,396.1542193,1,442.2589019,393.8774156,13666.4967,1,11.47143655,33.96345322,18.98124542,5.30754703,8.721070792,0.699182629,0.160136116,4517.723336,7.401004555,86.63318149,94.87911742,96.61260723,521.5367541,182.2285639,417.2135132,0.627665989,23.0979689,91.53574044,71.48066457
2011,Hassakeh,Al_Malika,3,40,40,42,1050,0.273788898,2.626098262,976.1586689,21.60253232,177.7179584,1.393407522,35.81191186,396.1542193,1,442.2589019,393.8774156,13666.4967,1,11.47143655,33.96345322,18.98124542,5.30754703,8.721070792,0.699182629,0.160136116,4517.723336,7.401004555,86.63318149,94.87911742,96.61260723,521.5367541,182.2285639,417.2135132,0.627665989,23.0979689,91.53574044,71.48066457
2011,Hassakeh,Ras_Al_Ain,1,9901,9901,43386,4382,0.383012451,4.287075453,576.9982961,13.84920175,181.239228,1.436138441,29.13638552,428.1986409,1,428.0325777,413.5924815,14230.86565,1,10.62784115,34.77468749,19.76509118,5.864929421,9.943785244,0.555244864,0.109442218,4165.292806,7.607914063,79.7361979,94.56803775,90.20463916,289.229291,158.4989891,413.1203426,0.413294717,15.5378662,87.05662182,3.258706468
2011,Hassakeh,Ras_Al_Ain,2,44139,44139,186575,4227,0.383012451,4.287075453,576.9982961,13.84920175,181.239228,1.436138441,29.13638552,428.1986409,1,428.0325777,413.5924815,14230.86565,1,10.62784115,34.77468749,19.76509118,5.864929421,9.943785244,0.555244864,0.109442218,4165.292806,7.607914063,79.7361979,94.56803775,90.20463916,289.229291,158.4989891,413.1203426,0.413294717,15.5378662,87.05662182,3.258706468
2011,Hassakeh,Ras_Al_Ain,3,265,265,1150,4339,0.383012451,4.287075453,576.9982961,13.84920175,181.239228,1.436138441,29.13638552,428.1986409,1,428.0325777,413.5924815,14230.86565,1,10.62784115,34.77468749,19.76509118,5.864929421,9.943785244,0.555244864,0.109442218,4165.292806,7.607914063,79.7361979,94.56803775,90.20463916,289.229291,158.4989891,413.1203426,0.413294717,15.5378662,87.05662182,3.258706468
2011,Hassakeh,Ras_Al_Ain,4,75,75,324,4320,0.383012451,4.287075453,576.9982961,13.84920175,181.239228,1.436138441,29.13638552,428.1986409,1,428.0325777,413.5924815,14230.86565,1,10.62784115,34.77468749,19.76509118,5.864929421,9.943785244,0.555244864,0.109442218,4165.292806,7.607914063,79.7361979,94.56803775,90.20463916,289.229291,158.4989891,413.1203426,0.413294717,15.5378662,87.05662182,3.258706468
2015,Homs,Tall_Kalakh,1,1913,1913,6696,3500,0.061265386,1.382119937,1034.853579,28.29953976,213.4968276,1.371293035,28.50363662,371.8628808,1,462.9664108,738.9113066,12721.81209,1,86.9397267,27.13059375,17.66918346,7.701091478,20.22355959,0.701310697,0.124566132,3655.785897,7.036198454,98.79338486,80.11309609,101.4525143,636.0133493,256.0800903,370.1287946,2.899572474,38.32373734,99.03323737,63.89144317
2015,Homs,Tadmor,5,1585,1585,6311,3981,3.841744306,8.05403205,226.9586928,5.667685126,159.7105472,1.451686932,14.80853441,400.785848,1,615.4601233,283.9285638,13481.28623,1,66.07295238,30.24046945,18.72400865,6.27377903,7.118696124,0.181722007,0.018120647,4003.433693,7.963283185,67.8905605,85.17823555,72.30822602,101.7079039,192.9330692,406.9913066,0.714945106,6.814479757,93.00566488,12.93083756
2015,Hama,Hama,2,148,148,290,1959,0.227677668,4.733216797,479.6161959,13.50923298,192.7904067,1.455316559,28.89107986,399.9433813,1,367.8882638,432.9444182,13452.28107,1,25.04294796,29.04721219,18.68372371,7.143466926,12.17799083,0.568554327,0.126765065,3549.284437,7.530149647,82.32834509,73.45120501,88.10909637,287.982182,199.991121,385.7041579,0.890006436,18.48653952,93.23586452,22.43352601
2015,Hama,Hama,3,15,15,39,2600,0.227677668,4.733216797,479.6161959,13.50923298,192.7904067,1.455316559,28.89107986,399.9433813,1,367.8882638,432.9444182,13452.28107,1,25.04294796,29.04721219,18.68372371,7.143466926,12.17799083,0.568554327,0.126765065,3549.284437,7.530149647,82.32834509,73.45120501,88.10909637,287.982182,199.991121,385.7041579,0.890006436,18.48653952,93.23586452,22.43352601
2015,Hama,Hama,4,100,100,275,2750,0.227677668,4.733216797,479.6161959,13.50923298,192.7904067,1.455316559,28.89107986,399.9433813,1,367.8882638,432.9444182,13452.28107,1,25.04294796,29.04721219,18.68372371,7.143466926,12.17799083,0.568554327,0.126765065,3549.284437,7.530149647,82.32834509,73.45120501,88.10909637,287.982182,199.991121,385.7041579,0.890006436,18.48653952,93.23586452,22.43352601
2015,Hama,Al_Ghab,1,6212,6212,21180,3409,0.049595436,1.643165164,1065.048333,31.00553268,139.7759455,1.347860465,28.59829587,349.5799349,1,352.189296,851.9008957,12476.20777,1,139.7020723,27.29792225,17.32806635,6.7491534,24.74304903,0.701883936,0.124999486,3434.026722,6.782044179,92.73480597,79.40905801,109.1023106,674.8553775,280.5196852,361.9957542,4.508295663,42.21571718,99.01752199,35.28868661
2015,Idleb,Idleb,1,5305.329,5305.329,14653,2762,0.125820372,2.188331063,732.0502929,20.67624878,133.1604544,1.441830046,29.96636028,396.7139838,1,349.4829207,483.3689577,13237.70226,1,18.66965742,28.83082802,18.38569759,6.694362874,13.63826665,0.603045732,0.123707506,3539.537265,7.363514149,87.8828617,76.12239193,99.25279372,453.635612,201.4720497,378.6673336,0.928862474,24.86059375,94.93887092,24.08243728
2015,Idleb,Idleb,2,3303.566,3303.566,9124,2762,0.125820372,2.188331063,732.0502929,20.67624878,133.1604544,1.441830046,29.96636028,396.7139838,1,349.4829207,483.3689577,13237.70226,1,18.66965742,28.83082802,18.38569759,6.694362874,13.63826665,0.603045732,0.123707506,3539.537265,7.363514149,87.8828617,76.12239193,99.25279372,453.635612,201.4720497,378.6673336,0.928862474,24.86059375,94.93887092,24.08243728
2015,Idleb,Idleb,3,5045.686,5045.686,13936,2762,0.125820372,2.188331063,732.0502929,20.67624878,133.1604544,1.441830046,29.96636028,396.7139838,1,349.4829207,483.3689577,13237.70226,1,18.66965742,28.83082802,18.38569759,6.694362874,13.63826665,0.603045732,0.123707506,3539.537265,7.363514149,87.8828617,76.12239193,99.25279372,453.635612,201.4720497,378.6673336,0.928862474,24.86059375,94.93887092,24.08243728
2015,Idleb,Harim,1,68.201,68.201,189,2771,0.076955511,1.744823344,912.0322597,26.58889658,208.4698796,1.397594182,27.2782689,356.5012631,1,400.6489695,491.9455249,12818.04656,1,91.8753057,28.27048826,17.80284244,6.474024762,14.35504927,0.50957186,0.088273734,3429.124514,7.125463716,95.81787612,71.76203277,111.2565285,551.4227904,243.3845318,396.2349649,3.52892128,34.93256475,98.26947177,7.104166667
2015,Idleb,Al_Jisr_Ash_Shu,1,228.534,228.534,632,2765,0.061795348,1.387996783,1041.193856,31.03028996,177.540447,1.380476929,27.89801472,304.6574213,1,349.3955892,610.0909531,12629.09786,1,101.3142959,27.49231129,17.54041369,6.786441719,18.17381101,0.588951705,0.097852149,3354.411299,6.711311118,90.37703725,83.00391302,107.9536681,664.0898881,309.262822,377.4719518,3.793157673,40.90641577,99.76906462,19.55376344
2015,Idleb,Al_Ma'ra,1,23.93,23.93,66,2758,0.219400577,2.789560748,597.3214857,17.16332435,161.5969773,1.44106543,30.50289991,387.8445436,1,426.7153644,423.601112,13209.53028,1,29.05957912,28.8294441,18.34656984,6.556670496,12.17694566,0.560287101,0.122957746,3479.220227,7.422356298,85.92145674,77.46127739,92.51157093,369.3054902,211.8633148,395.4624714,1.089096217,21.8826255,95.16245808,2.740740741
2015,Idleb,Al_Ma'ra,2,14.358,14.358,40,2786,0.219400577,2.789560748,597.3214857,17.16332435,161.5969773,1.44106543,30.50289991,387.8445436,1,426.7153644,423.601112,13209.53028,1,29.05957912,28.8294441,18.34656984,6.556670496,12.17694566,0.560287101,0.122957746,3479.220227,7.422356298,85.92145674,77.46127739,92.51157093,369.3054902,211.8633148,395.4624714,1.089096217,21.8826255,95.16245808,2.740740741
2015,Idleb,Ariha,1,290.752,290.752,803,2762,0.06189382,1.20144567,815.2287959,23.54362703,178.7756591,1.396585143,27.93576679,350.6523137,1,582.149967,477.2789099,12331.41905,1,87.67581128,27.43451438,17.1269709,5.850649265,13.7882885,0.504557069,0.092328849,3461.630438,7.15618642,94.79378601,83.95862672,101.8325248,516.9966108,264.1637633,380.2716742,2.592602428,31.56046909,97.86840514,35.35190616
2015,Idleb,Khan_Sheikhun,1,1425.044,1425.044,3936,2762,0.109173126,1.862431522,819.565338,23.80047734,171.9086835,1.411510346,28.71626212,359.2739051,1,421.6785622,497.2570915,12845.1592,1,65.71892988,28.17151721,17.84049889,6.472429823,14.42647222,0.553282693,0.105023997,3452.784749,7.15576634,90.95860356,78.46164837,102.5614172,511.0900783,246.0292963,385.6216792,2.386528014,30.82853377,97.20165411,17.76660286
2015,Idleb,Khan_Sheikhun,2,270.411,270.411,747,2762,0.109173126,1.862431522,819.565338,23.80047734,171.9086835,1.411510346,28.71626212,359.2739051,1,421.6785622,497.2570915,12845.1592,1,65.71892988,28.17151721,17.84049889,6.472429823,14.42647222,0.553282693,0.105023997,3452.784749,7.15576634,90.95860356,78.46164837,102.5614172,511.0900783,246.0292963,385.6216792,2.386528014,30.82853377,97.20165411,17.76660286
2015,Tartous,Tartous,1,3043,3043,9498,3121,0.049162657,1.417978043,1207.113848,32.85197005,226.602822,1.337365278,24.38800112,328.0083572,1,151.3380759,929.3642466,13617.38842,1,85.26540945,27.45005814,18.91303947,10.41368077,25.34281476,0.605640778,0.073708448,3673.403229,6.801489796,93.38299321,79.10357823,103.2145226,750.2382134,293.3316743,364.969705,1.987711269,46.76351549,91.92548875,64.49344978
2015,Tartous,Safita,1,102,102,297,2912,0.047070335,1.157636077,1422.87758,39.47510545,212.2246192,1.350786518,24.81991989,329.6296751,1,294.0703481,811.5580805,13214.18298,1,85.74052064,27.38028741,18.35303192,9.181808333,22.52785696,0.636497693,0.074774971,3603.493425,6.807968775,93.59895915,79.26287447,106.7234319,891.5204281,291.9812893,377.4132804,2.351750182,44.6094789,95.12553188,76.62715679
2015,Aleppo,A'zaz,1,1475,1475,9180,6224,0.121728487,2.146811382,626.66868,17.10049483,180.5676029,1.396196968,30.36538609,429.7996425,1,481.8095159,524.5702352,12899.62012,1,12.33630082,29.10240088,17.91613906,5.718456992,14.31115414,0.620651739,0.13071016,3663.623078,7.471901984,84.26993387,75.57512359,95.44563519,393.6314805,165.5478602,396.9674719,0.559398203,24.25735487,97.6220625,30.7875817
2015,Aleppo,A'zaz,2,854,854,1290,1511,0.121728487,2.146811382,626.66868,17.10049483,180.5676029,1.396196968,30.36538609,429.7996425,1,481.8095159,524.5702352,12899.62012,1,12.33630082,29.10240088,17.91613906,5.718456992,14.31115414,0.620651739,0.13071016,3663.623078,7.471901984,84.26993387,75.57512359,95.44563519,393.6314805,165.5478602,396.9674719,0.559398203,24.25735487,97.6220625,30.7875817
2015,Aleppo,Afrin,1,1698,1698,7650,4505,0.194810459,2.230856022,893.0625576,25.42287867,184.8305861,1.371035123,25.51170824,404.3181051,1,493.5760545,489.657689,12518.51035,1,89.965976,28.44993129,17.38681994,5.701769775,13.94189012,0.454239199,0.066496905,3511.830192,7.198506433,93.3831189,74.84101432,104.4870179,555.8861701,192.8950466,401.4796676,3.206478872,32.26458622,99.35325678,72.67440361
2015,Aleppo,Jarablus,2,1018,1018,2880,2829,0.056313267,1.389591551,605.5530805,16.59833379,123.911363,1.374076188,31.59740814,433.9335195,1,453.0262094,406.0830574,13359.10547,1,19.54434174,31.31437997,18.55431315,5.35397598,11.13541714,0.528757532,0.116079369,3647.276315,7.473535251,84.21549162,77.23685581,94.40711174,367.3335052,151.8135123,395.6820817,0.731704106,17.89025411,93.97535345,86.86344794
2015,Aleppo,Al_Bab,2,1255,1255,16400,13068,0.223794265,2.70647827,485.0955466,13.48065329,171.3158859,1.361738999,28.32570189,404.137529,1,440.5998951,442.1295503,13355.33237,1,12.48017986,29.86084615,18.54907274,6.049650921,12.2900792,0.495838446,0.104637242,3597.457256,7.526863486,82.4378838,76.20284939,90.34479418,294.5614462,172.3288421,394.8106379,0.536196258,18.97472913,94.00529863,57.38811081
2015,Aleppo,Menbij,2,1824,1824,7425,4071,0.476099108,4.018173677,393.857989,10.726643,173.279788,1.406754586,24.018397,332.4689528,1,397.1956572,400.736267,13743.32872,1,17.60715977,30.51391235,19.08795656,6.460352283,10.9144828,0.429298126,0.088895455,3670.773069,7.618434657,79.38551142,74.38423867,87.11041303,224.9070408,198.2878033,437.4207931,0.49517755,12.11218955,90.92596252,92.68040719
2015,Aleppo,Menbij,3,1404,1404,7368,5248,0.476099108,4.018173677,393.857989,10.726643,173.279788,1.406754586,24.018397,332.4689528,1,397.1956572,400.736267,13743.32872,1,17.60715977,30.51391235,19.08795656,6.460352283,10.9144828,0.429298126,0.088895455,3670.773069,7.618434657,79.38551142,74.38423867,87.11041303,224.9070408,198.2878033,437.4207931,0.49517755,12.11218955,90.92596252,92.68040719
2015,Aleppo,Menbij,4,18418,18418,59628,3237,0.476099108,4.018173677,393.857989,10.726643,173.279788,1.406754586,24.018397,332.4689528,1,397.1956572,400.736267,13743.32872,1,17.60715977,30.51391235,19.08795656,6.460352283,10.9144828,0.429298126,0.088895455,3670.773069,7.618434657,79.38551142,74.38423867,87.11041303,224.9070408,198.2878033,437.4207931,0.49517755,12.11218955,90.92596252,92.68040719
2015,Aleppo,Menbij,5,5396,5396,15669,2904,0.476099108,4.018173677,393.857989,10.726643,173.279788,1.406754586,24.018397,332.4689528,1,397.1956572,400.736267,13743.32872,1,17.60715977,30.51391235,19.08795656,6.460352283,10.9144828,0.429298126,0.088895455,3670.773069,7.618434657,79.38551142,74.38423867,87.11041303,224.9070408,198.2878033,437.4207931,0.49517755,12.11218955,90.92596252,92.68040719
2015,Aleppo,Ain_Al_Arab,2,12046,12046,27387,2274,0.285146327,2.615456939,582.6829556,15.20509413,180.1352135,1.344070296,29.15984317,412.5287694,1,457.6511594,389.0140386,13620.8864,1,40.7417743,31.76845653,18.91789778,5.605836645,10.15774187,0.532985516,0.121607388,3831.156187,7.452704986,84.90983381,78.08818671,97.62332759,336.4717137,160.737883,374.9119357,1.026508894,16.80178945,91.89772698,86.06697787
2015,Aleppo,Ain_Al_Arab,3,3293,3293,2196,667,0.285146327,2.615456939,582.6829556,15.20509413,180.1352135,1.344070296,29.15984317,412.5287694,1,457.6511594,389.0140386,13620.8864,1,40.7417743,31.76845653,18.91789778,5.605836645,10.15774187,0.532985516,0.121607388,3831.156187,7.452704986,84.90983381,78.08818671,97.62332759,336.4717137,160.737883,374.9119357,1.026508894,16.80178945,91.89772698,86.06697787
2015,Aleppo,Jebel_Saman,1,1307,1307,7353,5626,0.320135248,3.90953411,521.2652906,14.70223575,185.7492815,1.399045613,26.85095306,367.0160671,1,348.6130778,444.7554355,13563.09937,1,24.0041333,29.58302442,18.83763802,6.701939765,12.52713851,0.522076502,0.108032058,3544.483146,7.511498758,82.95004141,72.78273489,88.45664197,317.7553731,183.2856532,401.209007,0.780531933,17.98196178,92.35635418,28.18423019
2015,Aleppo,Jebel_Saman,2,1607,1607,55328,34429,0.320135248,3.90953411,521.2652906,14.70223575,185.7492815,1.399045613,26.85095306,367.0160671,1,348.6130778,444.7554355,13563.09937,1,24.0041333,29.58302442,18.83763802,6.701939765,12.52713851,0.522076502,0.108032058,3544.483146,7.511498758,82.95004141,72.78273489,88.45664197,317.7553731,183.2856532,401.209007,0.780531933,17.98196178,92.35635418,28.18423019
2015,Aleppo,Jebel_Saman,3,897,897,8298,9251,0.320135248,3.90953411,521.2652906,14.70223575,185.7492815,1.399045613,26.85095306,367.0160671,1,348.6130778,444.7554355,13563.09937,1,24.0041333,29.58302442,18.83763802,6.701939765,12.52713851,0.522076502,0.108032058,3544.483146,7.511498758,82.95004141,72.78273489,88.45664197,317.7553731,183.2856532,401.209007,0.780531933,17.98196178,92.35635418,28.18423019
2015,Aleppo,Jebel_Saman,4,119,119,1899,15958,0.320135248,3.90953411,521.2652906,14.70223575,185.7492815,1.399045613,26.85095306,367.0160671,1,348.6130778,444.7554355,13563.09937,1,24.0041333,29.58302442,18.83763802,6.701939765,12.52713851,0.522076502,0.108032058,3544.483146,7.511498758,82.95004141,72.78273489,88.45664197,317.7553731,183.2856532,401.209007,0.780531933,17.98196178,92.35635418,28.18423019
2015,Aleppo,As_Safira,2,780,780,2000,2564,0.226229514,2.727688396,365.5525574,10.18233751,194.0542344,1.456944439,23.81607607,339.9130212,1,386.7828001,393.0658599,13732.52367,1,58.56984464,30.02135108,19.07294954,6.684539943,10.93686835,0.454799716,0.097247376,3589.065219,7.634697244,78.8434252,73.91766526,82.64365658,216.3293781,209.796782,447.6738108,1.021027812,12.3940763,91.01171691,61.3127161
2015,Aleppo,As_Safira,3,861,861,3200,3717,0.226229514,2.727688396,365.5525574,10.18233751,194.0542344,1.456944439,23.81607607,339.9130212,1,386.7828001,393.0658599,13732.52367,1,58.56984464,30.02135108,19.07294954,6.684539943,10.93686835,0.454799716,0.097247376,3589.065219,7.634697244,78.8434252,73.91766526,82.64365658,216.3293781,209.796782,447.6738108,1.021027812,12.3940763,91.01171691,61.3127161
2015,Aleppo,Al_Atarib,1,1201,1201,6750,5620,0.238032084,2.718073793,559.2173322,15.42733387,174.2304944,1.388732777,27.45568421,390.5144508,1,432.4067962,436.2515166,13349.05081,1,34.4062138,30.07678783,18.54034835,6.034565288,12.02684652,0.504830847,0.104213244,3631.958058,7.48601785,83.799405,75.37858358,92.56482477,338.3595135,179.3366728,406.2694257,1.044627954,19.08461768,93.89346649,64.49473443
2015,Aleppo,Dayr_Hafir,2,769,769,430,559,0.238032084,2.718073793,559.2173322,15.42733387,174.2304944,1.388732777,27.45568421,390.5144508,1,432.4067962,436.2515166,13349.05081,1,34.4062138,30.07678783,18.54034835,6.034565288,12.02684652,0.504830847,0.104213244,3631.958058,7.48601785,83.799405,75.37858358,92.56482477,338.3595135,179.3366728,406.2694257,1.044627954,19.08461768,93.89346649,64.49473443
2015,Aleppo,Dayr_Hafir,3,1418,1418,14190,10007,0.238032084,2.718073793,559.2173322,15.42733387,174.2304944,1.388732777,27.45568421,390.5144508,1,432.4067962,436.2515166,13349.05081,1,34.4062138,30.07678783,18.54034835,6.034565288,12.02684652,0.504830847,0.104213244,3631.958058,7.48601785,83.799405,75.37858358,92.56482477,338.3595135,179.3366728,406.2694257,1.044627954,19.08461768,93.89346649,64.49473443
2015,Aleppo,Dayr_Hafir,4,953,953,12900,13536,0.238032084,2.718073793,559.2173322,15.42733387,174.2304944,1.388732777,27.45568421,390.5144508,1,432.4067962,436.2515166,13349.05081,1,34.4062138,30.07678783,18.54034835,6.034565288,12.02684652,0.504830847,0.104213244,3631.958058,7.48601785,83.799405,75.37858358,92.56482477,338.3595135,179.3366728,406.2694257,1.044627954,19.08461768,93.89346649,64.49473443
2015,Raqqa,Raqqa,3,308,308,1478,4799,1.050201469,5.964680642,308.648654,7.817872745,176.8215937,1.445777656,18.21052889,260.1565394,1,346.2123061,416.6416568,14249.54688,1,26.05879584,31.57152218,19.79103733,6.905265918,10.56652121,0.247600372,0.039298595,3946.987695,7.943602406,68.54658646,75.93089841,83.57882535,156.1485558,252.812006,466.2953785,0.418199141,7.517291598,86.90835809,89.8962532
2015,Raqqa,Raqqa,4,13774,13774,60606,4400,1.050201469,5.964680642,308.648654,7.817872745,176.8215937,1.445777656,18.21052889,260.1565394,1,346.2123061,416.6416568,14249.54688,1,26.05879584,31.57152218,19.79103733,6.905265918,10.56652121,0.247600372,0.039298595,3946.987695,7.943602406,68.54658646,75.93089841,83.57882535,156.1485558,252.812006,466.2953785,0.418199141,7.517291598,86.90835809,89.8962532
2015,Raqqa,Raqqa,5,17772,17772,71088,4000,1.050201469,5.964680642,308.648654,7.817872745,176.8215937,1.445777656,18.21052889,260.1565394,1,346.2123061,416.6416568,14249.54688,1,26.05879584,31.57152218,19.79103733,6.905265918,10.56652121,0.247600372,0.039298595,3946.987695,7.943602406,68.54658646,75.93089841,83.57882535,156.1485558,252.812006,466.2953785,0.418199141,7.517291598,86.90835809,89.8962532
2015,Raqqa,Tell_Abiad,2,22700,22700,110000,4846,0.478825179,3.735158564,513.4401263,13.1399515,188.9206138,1.450549568,27.03711738,400.1496788,1,371.821103,369.7825741,14250.64673,1,11.17783109,32.84425613,19.79256491,6.362555823,9.466678321,0.402558272,0.081420672,3906.473526,7.789701512,73.67661628,77.43080705,95.54479694,278.7004093,163.0030389,436.503596,0.353533461,11.88417515,86.8996291,33.28514589
2015,Raqqa,Tell_Abiad,3,6574,6574,31555,4800,0.478825179,3.735158564,513.4401263,13.1399515,188.9206138,1.450549568,27.03711738,400.1496788,1,371.821103,369.7825741,14250.64673,1,11.17783109,32.84425613,19.79256491,6.362555823,9.466678321,0.402558272,0.081420672,3906.473526,7.789701512,73.67661628,77.43080705,95.54479694,278.7004093,163.0030389,436.503596,0.353533461,11.88417515,86.8996291,33.28514589
2015,Raqqa,Tell_Abiad,4,903,903,4334,4800,0.478825179,3.735158564,513.4401263,13.1399515,188.9206138,1.450549568,27.03711738,400.1496788,1,371.821103,369.7825741,14250.64673,1,11.17783109,32.84425613,19.79256491,6.362555823,9.466678321,0.402558272,0.081420672,3906.473526,7.789701512,73.67661628,77.43080705,95.54479694,278.7004093,163.0030389,436.503596,0.353533461,11.88417515,86.8996291,33.28514589
2015,Raqqa,Tabqat,3,933,933,4478,4800,0.166312937,1.915996577,342.0117708,9.010882999,159.7684893,1.190950364,17.04136252,252.4603217,1,365.9192606,351.223363,13977.91388,1,14.81675015,30.74163133,19.41376927,6.765319162,9.25877808,0.439417687,0.099913976,3794.541135,7.560426275,81.31912416,74.70468577,90.33739082,184.189311,193.9123706,366.1195327,0.562168467,8.629667024,89.06417557,97.73904029
2015,Raqqa,Tabqat,4,784,784,3451,4402,0.166312937,1.915996577,342.0117708,9.010882999,159.7684893,1.190950364,17.04136252,252.4603217,1,365.9192606,351.223363,13977.91388,1,14.81675015,30.74163133,19.41376927,6.765319162,9.25877808,0.439417687,0.099913976,3794.541135,7.560426275,81.31912416,74.70468577,90.33739082,184.189311,193.9123706,366.1195327,0.562168467,8.629667024,89.06417557,97.73904029
2015,Raqqa,Tabqat,5,10501,10501,46030,4383,0.166312937,1.915996577,342.0117708,9.010882999,159.7684893,1.190950364,17.04136252,252.4603217,1,365.9192606,351.223363,13977.91388,1,14.81675015,30.74163133,19.41376927,6.765319162,9.25877808,0.439417687,0.099913976,3794.541135,7.560426275,81.31912416,74.70468577,90.33739082,184.189311,193.9123706,366.1195327,0.562168467,8.629667024,89.06417557,97.73904029
2015,Dayr_Az_Zor,Dayr_Az_Zor,4,1452,1452,3630,2500,1.527438458,6.266817637,313.8293313,7.266278829,160.6562038,1.475571533,17.45613594,279.0580926,1,311.6110564,354.1228155,14902.22435,1,24.94088817,33.41749098,20.69753382,7.166409452,8.218158636,0.188273539,0.025717331,4317.98278,7.945084905,68.49716985,81.70855544,76.33829496,152.9079804,267.81461,453.5383851,0.441646162,7.406680906,81.72837817,59.82997528
2015,Dayr_Az_Zor,Dayr_Az_Zor,5,17718,17718,44295,2500,1.527438458,6.266817637,313.8293313,7.266278829,160.6562038,1.475571533,17.45613594,279.0580926,1,311.6110564,354.1228155,14902.22435,1,24.94088817,33.41749098,20.69753382,7.166409452,8.218158636,0.188273539,0.025717331,4317.98278,7.945084905,68.49716985,81.70855544,76.33829496,152.9079804,267.81461,453.5383851,0.441646162,7.406680906,81.72837817,59.82997528
2015,Dayr_Az_Zor,Al_Mayadin,5,8463,8463,21157.5,2500,0.846879854,4.706853339,264.4088721,5.931214787,106.9848781,1.464284982,15.16950876,321.6518012,1,284.7469964,369.4070502,15248.3823,1,13.44925992,33.7861186,21.17830875,7.870923028,8.302880938,0.166710198,0.013547575,4456.921043,7.935538403,68.81538657,80.74256701,73.66332335,120.5263287,226.8776377,452.2255759,0.231444592,7.050522461,78.98109285,65.76879408
2015,Dayr_Az_Zor,Abu_Kamal,5,10865,10865,27162.5,2500,0.326690195,2.534252196,311.7471764,6.882004319,145.9024177,1.474952341,15.51213228,316.9541986,1,199.0450865,332.3776871,15746.05763,1,17.05196237,34.86535482,21.86952448,8.243816642,7.347303359,0.177649424,0.019469715,4528.889288,7.914785937,69.50713545,87.03365732,73.22706316,147.8715957,210.3167699,473.4703945,0.275403663,8.147721895,75.03128866,64.43444099
2015,Hassakeh,Hassakeh,1,695,695,2428,3494,1.234999017,5.292191536,547.9657109,12.96531491,179.2026918,1.453912692,22.75778998,312.1287676,1,352.2277754,331.7422798,14813.31507,1,19.1175947,34.37948521,20.57404871,6.743025443,7.857194356,0.299387617,0.054571072,4225.397236,7.76640865,74.453045,82.97270511,88.86086386,282.167623,232.8497925,449.1236429,0.493960645,10.83503123,82.43400736,55.44769984
2015,Hassakeh,Hassakeh,2,9320,9320,27354,2935,1.234999017,5.292191536,547.9657109,12.96531491,179.2026918,1.453912692,22.75778998,312.1287676,1,352.2277754,331.7422798,14813.31507,1,19.1175947,34.37948521,20.57404871,6.743025443,7.857194356,0.299387617,0.054571072,4225.397236,7.76640865,74.453045,82.97270511,88.86086386,282.167623,232.8497925,449.1236429,0.493960645,10.83503123,82.43400736,55.44769984
2015,Hassakeh,Hassakeh,3,3893,3893,9842,2528,1.234999017,5.292191536,547.9657109,12.96531491,179.2026918,1.453912692,22.75778998,312.1287676,1,352.2277754,331.7422798,14813.31507,1,19.1175947,34.37948521,20.57404871,6.743025443,7.857194356,0.299387617,0.054571072,4225.397236,7.76640865,74.453045,82.97270511,88.86086386,282.167623,232.8497925,449.1236429,0.493960645,10.83503123,82.43400736,55.44769984
2015,Hassakeh,Hassakeh,4,4107,4107,9656,2351,1.234999017,5.292191536,547.9657109,12.96531491,179.2026918,1.453912692,22.75778998,312.1287676,1,352.2277754,331.7422798,14813.31507,1,19.1175947,34.37948521,20.57404871,6.743025443,7.857194356,0.299387617,0.054571072,4225.397236,7.76640865,74.453045,82.97270511,88.86086386,282.167623,232.8497925,449.1236429,0.493960645,10.83503123,82.43400736,55.44769984
2015,Hassakeh,Hassakeh,5,218,218,483,2216,1.234999017,5.292191536,547.9657109,12.96531491,179.2026918,1.453912692,22.75778998,312.1287676,1,352.2277754,331.7422798,14813.31507,1,19.1175947,34.37948521,20.57404871,6.743025443,7.857194356,0.299387617,0.054571072,4225.397236,7.76640865,74.453045,82.97270511,88.86086386,282.167623,232.8497925,449.1236429,0.493960645,10.83503123,82.43400736,55.44769984
2015,Hassakeh,Quamishli,1,7969,7969,27882,3499,0.384508781,3.376182941,848.2888099,19.82121288,189.6343908,1.4227755,32.71215887,381.6987929,1,387.3408823,405.5542027,14491.24605,1,4.224880292,34.72872497,20.12673062,6.466847796,9.483061118,0.615603047,0.133414939,4278.701828,7.499177245,83.3607585,80.62767004,96.16583152,434.5074024,188.6721752,424.1715544,0.236333983,15.93920513,84.99011073,2.151515152
2015,Hassakeh,Quamishli,2,1519,1519,4038,2658,0.384508781,3.376182941,848.2888099,19.82121288,189.6343908,1.4227755,32.71215887,381.6987929,1,387.3408823,405.5542027,14491.24605,1,4.224880292,34.72872497,20.12673062,6.466847796,9.483061118,0.615603047,0.133414939,4278.701828,7.499177245,83.3607585,80.62767004,96.16583152,434.5074024,188.6721752,424.1715544,0.236333983,15.93920513,84.99011073,2.151515152
2015,Hassakeh,Quamishli,3,538,538,1385,2574,0.384508781,3.376182941,848.2888099,19.82121288,189.6343908,1.4227755,32.71215887,381.6987929,1,387.3408823,405.5542027,14491.24605,1,4.224880292,34.72872497,20.12673062,6.466847796,9.483061118,0.615603047,0.133414939,4278.701828,7.499177245,83.3607585,80.62767004,96.16583152,434.5074024,188.6721752,424.1715544,0.236333983,15.93920513,84.99011073,2.151515152
2015,Hassakeh,Al_Malika,1,7835,7835,27415,3499,0.273788898,2.626098262,996.6141143,22.58050114,177.7179584,1.393407522,35.81191186,396.1542193,1,442.2589019,473.5491902,13914.75431,1,11.47143655,34.21784332,19.32604765,5.759888133,10.73321176,0.686724791,0.156114655,4412.604942,7.401004555,86.63318149,82.89480318,97.53367939,513.7477132,182.2285639,417.2135132,0.627665989,23.0979689,89.56544201,71.48066457
2015,Hassakeh,Al_Malika,2,305,305,816,2675,0.273788898,2.626098262,996.6141143,22.58050114,177.7179584,1.393407522,35.81191186,396.1542193,1,442.2589019,473.5491902,13914.75431,1,11.47143655,34.21784332,19.32604765,5.759888133,10.73321176,0.686724791,0.156114655,4412.604942,7.401004555,86.63318149,82.89480318,97.53367939,513.7477132,182.2285639,417.2135132,0.627665989,23.0979689,89.56544201,71.48066457
2015,Hassakeh,Al_Malika,3,18,18,44,2444,0.273788898,2.626098262,996.6141143,22.58050114,177.7179584,1.393407522,35.81191186,396.1542193,1,442.2589019,473.5491902,13914.75431,1,11.47143655,34.21784332,19.32604765,5.759888133,10.73321176,0.686724791,0.156114655,4412.604942,7.401004555,86.63318149,82.89480318,97.53367939,513.7477132,182.2285639,417.2135132,0.627665989,23.0979689,89.56544201,71.48066457
2015,Hassakeh,Ras_Al_Ain,1,11129,11129,38917,3497,0.383012451,4.287075453,680.7050883,16.51964248,181.239228,1.436138441,29.13638552,428.1986409,1,428.0325777,417.1194488,14204.43233,1,10.62784115,33.66543581,19.72837823,6.07224059,10.11563928,0.492733257,0.100522456,4119.580025,7.607914063,79.7361979,77.20402812,94.98708196,357.5936141,158.4989891,413.1203426,0.413294717,15.5378662,87.26641011,3.258706468
2015,Hassakeh,Ras_Al_Ain,2,28217,28217,74660,2646,0.383012451,4.287075453,680.7050883,16.51964248,181.239228,1.436138441,29.13638552,428.1986409,1,428.0325777,417.1194488,14204.43233,1,10.62784115,33.66543581,19.72837823,6.07224059,10.11563928,0.492733257,0.100522456,4119.580025,7.607914063,79.7361979,77.20402812,94.98708196,357.5936141,158.4989891,413.1203426,0.413294717,15.5378662,87.26641011,3.258706468
2015,Hassakeh,Ras_Al_Ain,3,455,455,1167,2565,0.383012451,4.287075453,680.7050883,16.51964248,181.239228,1.436138441,29.13638552,428.1986409,1,428.0325777,417.1194488,14204.43233,1,10.62784115,33.66543581,19.72837823,6.07224059,10.11563928,0.492733257,0.100522456,4119.580025,7.607914063,79.7361979,77.20402812,94.98708196,357.5936141,158.4989891,413.1203426,0.413294717,15.5378662,87.26641011,3.258706468
2015,Hassakeh,Ras_Al_Ain,4,97,97,230,2371,0.383012451,4.287075453,680.7050883,16.51964248,181.239228,1.436138441,29.13638552,428.1986409,1,428.0325777,417.1194488,14204.43233,1,10.62784115,33.66543581,19.72837823,6.07224059,10.11563928,0.492733257,0.100522456,4119.580025,7.607914063,79.7361979,77.20402812,94.98708196,357.5936141,158.4989891,413.1203426,0.413294717,15.5378662,87.26641011,3.258706468
2016,Hama,Hama,2,12,12,54,4500,0.227677668,4.733216797,503.0170203,13.82836661,192.7904067,1.455316559,28.89107986,399.9433813,1,367.8882638,424.5910592,13634.85571,1,25.04294796,29.25385924,18.9372996,7.11782779,11.65822292,0.567707479,0.124138553,3636.573652,7.530149647,82.32834509,86.02261634,85.42365478,227.9904994,199.991121,385.7041579,0.890006436,18.48653952,91.78685944,22.43352601
2016,Hama,Hama,4,94,94,273,2904,0.227677668,4.733216797,503.0170203,13.82836661,192.7904067,1.455316559,28.89107986,399.9433813,1,367.8882638,424.5910592,13634.85571,1,25.04294796,29.25385924,18.9372996,7.11782779,11.65822292,0.567707479,0.124138553,3636.573652,7.530149647,82.32834509,86.02261634,85.42365478,227.9904994,199.991121,385.7041579,0.890006436,18.48653952,91.78685944,22.43352601
2016,Hama,Al_Ghab,1,1734,1734,4040,2330,0.049595436,1.643165164,1139.285298,32.78064409,139.7759455,1.347860465,28.59829587,349.5799349,1,352.189296,864.530309,12541.64871,1,139.7020723,27.32628762,17.41895654,6.614762474,24.8441061,0.708316508,0.127308671,3474.481736,6.782044179,92.73480597,93.17375927,109.0737474,457.9115259,280.5196852,361.9957542,4.508295663,42.21571718,99.53689449,35.28868661
2017,Homs,Tall_Kalakh,1,582,582,1505.925,2587,0.061265386,1.382119937,1032.48493,27.41584346,213.4968276,1.371293035,28.50363662,371.8628808,1,462.9664108,731.0885938,12969.01022,1,86.9397267,27.77781,18.01251419,7.162801508,19.45254968,0.64264329,0.108790691,3765.015558,7.036198454,98.79338486,99.22077737,99.03297964,477.5920838,256.0800903,370.1287946,2.899572474,38.32373734,97.07134748,63.89144317
2017,Hama,Hama,4,95,95,332.5,3500,0.227677668,4.733216797,502.6978465,13.51443671,192.7904067,1.455316559,28.89107986,399.9433813,1,367.8882638,396.2237952,13744.87399,1,25.04294796,30.40777168,19.09010276,6.610034608,10.63778025,0.444197245,0.085558307,3718.709948,7.530149647,82.32834509,91.74489953,85.83655979,235.3119059,199.991121,385.7041579,0.890006436,18.48653952,90.91369853,22.43352601
2017,Hama,Al_Ghab,1,20285,20285,44120,2175,0.049595436,1.643165164,1079.74481,30.52009952,139.7759455,1.347860465,28.59829587,349.5799349,1,352.189296,848.5657275,12643.14001,1,139.7020723,28.03588289,17.55991668,6.107155368,23.97590967,0.693589263,0.124332784,3536.815495,6.782044179,92.73480597,96.7970685,107.8779728,526.8466629,280.5196852,361.9957542,4.508295663,42.21571718,99.65761896,35.28868661
2017,Idleb,Idleb,1,2835,2835,7401.828,2611,0.125820372,2.188331063,699.7883092,18.8519634,133.1604544,1.441830046,29.96636028,396.7139838,1,349.4829207,461.0293427,13442.13458,1,18.66965742,29.98230154,18.66963136,5.996925927,12.41262278,0.551505746,0.102885174,3711.018183,7.363514149,87.8828617,92.0940144,101.3297174,351.9420449,201.4720497,378.6673336,0.928862474,24.86059375,93.31639224,24.08243728
2017,Idleb,Idleb,2,473,473,887.283,1875,0.125820372,2.188331063,699.7883092,18.8519634,133.1604544,1.441830046,29.96636028,396.7139838,1,349.4829207,461.0293427,13442.13458,1,18.66965742,29.98230154,18.66963136,5.996925927,12.41262278,0.551505746,0.102885174,3711.018183,7.363514149,87.8828617,92.0940144,101.3297174,351.9420449,201.4720497,378.6673336,0.928862474,24.86059375,93.31639224,24.08243728
2017,Idleb,Idleb,3,496,496,831.649,1676,0.125820372,2.188331063,699.7883092,18.8519634,133.1604544,1.441830046,29.96636028,396.7139838,1,349.4829207,461.0293427,13442.13458,1,18.66965742,29.98230154,18.66963136,5.996925927,12.41262278,0.551505746,0.102885174,3711.018183,7.363514149,87.8828617,92.0940144,101.3297174,351.9420449,201.4720497,378.6673336,0.928862474,24.86059375,93.31639224,24.08243728
2017,Idleb,Harim,1,192,192,501.288,2610,0.076955511,1.744823344,849.0456405,23.74397938,208.4698796,1.397594182,27.2782689,356.5012631,1,400.6489695,478.5927023,12944.07632,1,91.8753057,29.14017067,17.97788378,5.603327071,13.41029625,0.464054265,0.072516677,3574.835487,7.125463716,95.81787612,85.25041958,110.5445179,419.4154683,243.3845318,396.2349649,3.52892128,34.93256475,97.26923557,7.104166667
2017,Idleb,Al_Jisr_Ash_Shu,1,555,555,1449.035,2610,0.061795348,1.387996783,1012.122338,29.21148598,177.540447,1.380476929,27.89801472,304.6574213,1,349.3955892,584.1420856,12759.66216,1,101.3142959,28.03975952,17.721753,6.005570569,16.86286119,0.54668792,0.083235991,3463.809488,6.711311118,90.37703725,93.32480879,107.5192332,497.8067882,309.262822,377.4719518,3.793157673,40.90641577,98.73284,19.55376344
2017,Idleb,Al_Ma'ra,1,794,794,2073.034,2610,0.219400577,2.789560748,597.5881948,16.33371239,161.5969773,1.44106543,30.50289991,387.8445436,1,426.7153644,398.7283549,13444.14409,1,29.05957912,30.13775519,18.67242235,5.921473039,10.90970961,0.483634117,0.087474128,3657.618326,7.422356298,85.92145674,94.28898897,91.87850598,291.4753592,211.8633148,395.4624714,1.089096217,21.8826255,93.30044374,2.740740741
2017,Idleb,Al_Ma'ra,2,397,397,744.717,1875,0.219400577,2.789560748,597.5881948,16.33371239,161.5969773,1.44106543,30.50289991,387.8445436,1,426.7153644,398.7283549,13444.14409,1,29.05957912,30.13775519,18.67242235,5.921473039,10.90970961,0.483634117,0.087474128,3657.618326,7.422356298,85.92145674,94.28898897,91.87850598,291.4753592,211.8633148,395.4624714,1.089096217,21.8826255,93.30044374,2.740740741
2017,Idleb,Al_Ma'ra,3,234,234,392.351,1676,0.219400577,2.789560748,597.5881948,16.33371239,161.5969773,1.44106543,30.50289991,387.8445436,1,426.7153644,398.7283549,13444.14409,1,29.05957912,30.13775519,18.67242235,5.921473039,10.90970961,0.483634117,0.087474128,3657.618326,7.422356298,85.92145674,94.28898897,91.87850598,291.4753592,211.8633148,395.4624714,1.089096217,21.8826255,93.30044374,2.740740741
2017,Idleb,Ariha,1,314,314,819.814,2610,0.06189382,1.20144567,808.6157459,22.36020583,178.7756591,1.396585143,27.93576679,350.6523137,1,582.149967,454.2141576,12496.23267,1,87.67581128,28.37067888,17.35587871,5.124074158,12.57306268,0.410210616,0.062613605,3615.3162,7.15618642,94.79378601,97.12316556,102.7445699,403.6914824,264.1637633,380.2716742,2.592602428,31.56046909,99.1764498,35.35190616
2017,Tartous,Tartous,1,2009,2009,6216,3094,0.049162657,1.417978043,1204.997703,31.91767703,226.602822,1.337365278,24.38800112,328.0083572,1,151.3380759,891.9098431,13793.33979,1,85.26540945,27.44333477,19.15741637,9.890619045,23.65893448,0.600436279,0.07134132,3774.330211,6.801489796,93.38299321,96.96830669,103.8358892,577.3614551,293.3316743,364.969705,1.987711269,46.76351549,90.52904929,64.49344978
2017,Tartous,Safita,1,71,71,112,1577,0.047070335,1.157636077,1384.653811,37.61045667,212.2246192,1.350786518,24.81991989,329.6296751,1,294.0703481,811.5213606,13427.40259,1,85.74052064,27.72325553,18.64917026,8.62756695,22.06293959,0.610954202,0.069576024,3680.56607,6.807968775,93.59895915,97.81065997,105.2194485,665.2769691,291.9812893,377.4132804,2.351750182,44.6094789,93.43331279,76.62715679
2017,Aleppo,A'zaz,1,1811,1811,7244,4000,0.121728487,2.146811382,533.5452001,13.71644413,180.5676029,1.396196968,30.36538609,429.7996425,1,481.8095159,445.8335286,13118.75101,1,12.33630082,30.78934935,18.22048751,4.83242902,11.46688157,0.554917883,0.106540471,3888.821552,7.471901984,84.26993387,88.01514943,93.61588407,279.1852581,165.5478602,396.9674719,0.559398203,24.25735487,95.8829285,30.7875817
2017,Aleppo,A'zaz,2,298,298,931.25,3125,0.121728487,2.146811382,533.5452001,13.71644413,180.5676029,1.396196968,30.36538609,429.7996425,1,481.8095159,445.8335286,13118.75101,1,12.33630082,30.78934935,18.22048751,4.83242902,11.46688157,0.554917883,0.106540471,3888.821552,7.471901984,84.26993387,88.01514943,93.61588407,279.1852581,165.5478602,396.9674719,0.559398203,24.25735487,95.8829285,30.7875817
2017,Aleppo,Afrin,1,800,800,3200,4000,0.194810459,2.230856022,805.8792511,21.75576638,184.8305861,1.371035123,25.51170824,404.3181051,1,493.5760545,459.2896929,12658.80048,1,89.965976,29.70228461,17.58166733,4.795002485,12.40830067,0.425113381,0.056415157,3703.209896,7.198506433,93.3831189,85.23831156,104.3820711,404.2592088,192.8950466,401.4796676,3.206478872,32.26458622,99.53332954,72.67440361
2017,Aleppo,Jarablus,2,1558,1558,4000,2567,0.056313267,1.389591551,453.8857573,11.63741288,123.911363,1.374076188,31.59740814,433.9335195,1,453.0262094,329.7881786,13594.58949,1,19.54434174,32.98343954,18.8813743,4.449582343,8.462889068,0.369187908,0.062019859,3899.229046,7.473535251,84.21549162,83.65431282,89.12897259,235.8803656,151.8135123,395.6820817,0.731704106,17.89025411,92.10643258,86.86344794
2017,Aleppo,Al_Bab,2,1243,1243,2921.05,2350,0.223794265,2.70647827,409.032372,10.62149779,171.3158859,1.361738999,28.32570189,404.137529,1,440.5998951,360.997914,13619.11947,1,12.48017986,31.6086672,18.91544371,5.19195271,9.373968806,0.384380918,0.07180707,3849.985804,7.526863486,82.4378838,88.48264775,86.01735744,214.0650289,172.3288421,394.8106379,0.536196258,18.97472913,91.91175025,57.38811081
2017,Aleppo,Menbij,2,1364,1364,2728,2000,0.476099108,4.018173677,344.9720028,8.798301028,173.279788,1.406754586,24.018397,332.4689528,1,397.1956572,312.2381767,14040.01848,1,17.60715977,32.24169433,19.50002566,5.759849843,7.964957172,0.291928666,0.048172673,3919.893382,7.618434657,79.38551142,84.39298649,82.22864442,180.6476239,198.2878033,437.4207931,0.49517755,12.11218955,88.57128192,92.68040719
2017,Aleppo,Menbij,3,1361,1361,2721.2,2000,0.476099108,4.018173677,344.9720028,8.798301028,173.279788,1.406754586,24.018397,332.4689528,1,397.1956572,312.2381767,14040.01848,1,17.60715977,32.24169433,19.50002566,5.759849843,7.964957172,0.291928666,0.048172673,3919.893382,7.618434657,79.38551142,84.39298649,82.22864442,180.6476239,198.2878033,437.4207931,0.49517755,12.11218955,88.57128192,92.68040719
2017,Aleppo,Menbij,4,27636,27636,55271,2000,0.476099108,4.018173677,344.9720028,8.798301028,173.279788,1.406754586,24.018397,332.4689528,1,397.1956572,312.2381767,14040.01848,1,17.60715977,32.24169433,19.50002566,5.759849843,7.964957172,0.291928666,0.048172673,3919.893382,7.618434657,79.38551142,84.39298649,82.22864442,180.6476239,198.2878033,437.4207931,0.49517755,12.11218955,88.57128192,92.68040719
2017,Aleppo,Menbij,5,4155,4155,4155,1000,0.476099108,4.018173677,344.9720028,8.798301028,173.279788,1.406754586,24.018397,332.4689528,1,397.1956572,312.2381767,14040.01848,1,17.60715977,32.24169433,19.50002566,5.759849843,7.964957172,0.291928666,0.048172673,3919.893382,7.618434657,79.38551142,84.39298649,82.22864442,180.6476239,198.2878033,437.4207931,0.49517755,12.11218955,88.57128192,92.68040719
2017,Aleppo,Ain_Al_Arab,2,8897,8897,17795.8,2000,0.285146327,2.615456939,466.2733065,11.36534399,180.1352135,1.344070296,29.15984317,412.5287694,1,457.6511594,294.9322478,13872.55425,1,40.7417743,33.32412961,19.26743645,4.702163923,7.196976599,0.351433549,0.067542647,4101.588598,7.452704986,84.90983381,83.4122809,91.98365073,247.7003945,160.737883,374.9119357,1.026508894,16.80178945,89.90036312,86.06697787
2017,Aleppo,Ain_Al_Arab,3,1844,1844,3687,2000,0.285146327,2.615456939,466.2733065,11.36534399,180.1352135,1.344070296,29.15984317,412.5287694,1,457.6511594,294.9322478,13872.55425,1,40.7417743,33.32412961,19.26743645,4.702163923,7.196976599,0.351433549,0.067542647,4101.588598,7.452704986,84.90983381,83.4122809,91.98365073,247.7003945,160.737883,374.9119357,1.026508894,16.80178945,89.90036312,86.06697787
2017,Aleppo,Jebel_Saman,1,1418,1418,2836,2000,0.320135248,3.90953411,478.6761908,12.78309247,185.7492815,1.399045613,26.85095306,367.0160671,1,348.6130778,387.1280012,13799.08857,1,24.0041333,31.00464418,19.1654008,5.996780041,10.33045719,0.405257798,0.07349412,3743.603991,7.511498758,82.95004141,88.50641205,88.13627148,242.5714848,183.2856532,401.209007,0.780531933,17.98196178,90.48342403,28.18423019
2017,Aleppo,Jebel_Saman,2,9990,9990,21878.1,2190,0.320135248,3.90953411,478.6761908,12.78309247,185.7492815,1.399045613,26.85095306,367.0160671,1,348.6130778,387.1280012,13799.08857,1,24.0041333,31.00464418,19.1654008,5.996780041,10.33045719,0.405257798,0.07349412,3743.603991,7.511498758,82.95004141,88.50641205,88.13627148,242.5714848,183.2856532,401.209007,0.780531933,17.98196178,90.48342403,28.18423019
2017,Aleppo,Jebel_Saman,3,1687,1687,2530.5,1500,0.320135248,3.90953411,478.6761908,12.78309247,185.7492815,1.399045613,26.85095306,367.0160671,1,348.6130778,387.1280012,13799.08857,1,24.0041333,31.00464418,19.1654008,5.996780041,10.33045719,0.405257798,0.07349412,3743.603991,7.511498758,82.95004141,88.50641205,88.13627148,242.5714848,183.2856532,401.209007,0.780531933,17.98196178,90.48342403,28.18423019
2017,Aleppo,As_Safira,2,611,611,1523.447,2493,0.226229514,2.727688396,333.4874851,8.737524628,194.0542344,1.456944439,23.81607607,339.9130212,1,386.7828001,324.9070116,14024.20249,1,58.56984464,31.55489717,19.47805901,6.165249136,8.506459117,0.307279933,0.049991446,3815.727269,7.634697244,78.8434252,88.55119977,76.60119267,168.6939215,209.796782,447.6738108,1.021027812,12.3940763,88.69680564,61.3127161
2017,Aleppo,As_Safira,3,2908,2908,6906.5,2375,0.226229514,2.727688396,333.4874851,8.737524628,194.0542344,1.456944439,23.81607607,339.9130212,1,386.7828001,324.9070116,14024.20249,1,58.56984464,31.55489717,19.47805901,6.165249136,8.506459117,0.307279933,0.049991446,3815.727269,7.634697244,78.8434252,88.55119977,76.60119267,168.6939215,209.796782,447.6738108,1.021027812,12.3940763,88.69680564,61.3127161
2017,Aleppo,As_Safira,4,75,75,75.3,1004,0.226229514,2.727688396,333.4874851,8.737524628,194.0542344,1.456944439,23.81607607,339.9130212,1,386.7828001,324.9070116,14024.20249,1,58.56984464,31.55489717,19.47805901,6.165249136,8.506459117,0.307279933,0.049991446,3815.727269,7.634697244,78.8434252,88.55119977,76.60119267,168.6939215,209.796782,447.6738108,1.021027812,12.3940763,88.69680564,61.3127161
2017,Aleppo,Al_Atarib,1,426,426,1278,3000,0.238032084,2.718073793,478.2189457,12.42692291,174.2304944,1.388732777,27.45568421,390.5144508,1,432.4067962,364.3893439,13590.89053,1,34.4062138,31.65113825,18.87623685,5.236626188,9.463861274,0.386187505,0.06699793,3865.257442,7.48601785,83.799405,86.2816626,89.01175556,246.6254108,179.3366728,406.2694257,1.044627954,19.08461768,92.13578945,64.49473443
2017,Hassakeh,Hassakeh,1,710,710,1810.5,2550,1.234999017,5.292191536,505.8976836,11.38613215,179.2026918,1.453912692,22.75778998,312.1287676,1,352.2277754,291.2840379,15035.03125,1,19.1175947,35.3967448,20.88198784,5.870771411,6.560743505,0.289549195,0.04945112,4442.103917,7.76640865,74.453045,96.47748238,83.3574781,250.3479121,232.8497925,449.1236429,0.493960645,10.83503123,80.67435519,55.44769984
2017,Hassakeh,Hassakeh,2,3210,3210,6672.21,2078.57,1.234999017,5.292191536,505.8976836,11.38613215,179.2026918,1.453912692,22.75778998,312.1287676,1,352.2277754,291.2840379,15035.03125,1,19.1175947,35.3967448,20.88198784,5.870771411,6.560743505,0.289549195,0.04945112,4442.103917,7.76640865,74.453045,96.47748238,83.3574781,250.3479121,232.8497925,449.1236429,0.493960645,10.83503123,80.67435519,55.44769984
2017,Hassakeh,Hassakeh,3,1480,1480,2849,1925,1.234999017,5.292191536,505.8976836,11.38613215,179.2026918,1.453912692,22.75778998,312.1287676,1,352.2277754,291.2840379,15035.03125,1,19.1175947,35.3967448,20.88198784,5.870771411,6.560743505,0.289549195,0.04945112,4442.103917,7.76640865,74.453045,96.47748238,83.3574781,250.3479121,232.8497925,449.1236429,0.493960645,10.83503123,80.67435519,55.44769984
2017,Hassakeh,Hassakeh,4,2450,2450,4655,1900,1.234999017,5.292191536,505.8976836,11.38613215,179.2026918,1.453912692,22.75778998,312.1287676,1,352.2277754,291.2840379,15035.03125,1,19.1175947,35.3967448,20.88198784,5.870771411,6.560743505,0.289549195,0.04945112,4442.103917,7.76640865,74.453045,96.47748238,83.3574781,250.3479121,232.8497925,449.1236429,0.493960645,10.83503123,80.67435519,55.44769984
2017,Hassakeh,Hassakeh,5,1100,1100,1980,1800,1.234999017,5.292191536,505.8976836,11.38613215,179.2026918,1.453912692,22.75778998,312.1287676,1,352.2277754,291.2840379,15035.03125,1,19.1175947,35.3967448,20.88198784,5.870771411,6.560743505,0.289549195,0.04945112,4442.103917,7.76640865,74.453045,96.47748238,83.3574781,250.3479121,232.8497925,449.1236429,0.493960645,10.83503123,80.67435519,55.44769984
2017,Hassakeh,Quamishli,1,13100,13100,31199.877,2381.67,0.384508781,3.376182941,819.4289095,18.28401005,189.6343908,1.4227755,32.71215887,381.6987929,1,387.3408823,370.1947529,14558.86174,1,4.224880292,35.3327915,20.2206413,5.39578904,8.275566082,0.570751575,0.127843608,4480.669541,7.499177245,83.3607585,94.11423151,94.34968929,395.0126981,188.6721752,424.1715544,0.236333983,15.93920513,84.45347828,2.151515152
2017,Hassakeh,Quamishli,2,2850,2850,5956.5,2090,0.384508781,3.376182941,819.4289095,18.28401005,189.6343908,1.4227755,32.71215887,381.6987929,1,387.3408823,370.1947529,14558.86174,1,4.224880292,35.3327915,20.2206413,5.39578904,8.275566082,0.570751575,0.127843608,4480.669541,7.499177245,83.3607585,94.11423151,94.34968929,395.0126981,188.6721752,424.1715544,0.236333983,15.93920513,84.45347828,2.151515152
2017,Hassakeh,Quamishli,3,1450,1450,2900,2000,0.384508781,3.376182941,819.4289095,18.28401005,189.6343908,1.4227755,32.71215887,381.6987929,1,387.3408823,370.1947529,14558.86174,1,4.224880292,35.3327915,20.2206413,5.39578904,8.275566082,0.570751575,0.127843608,4480.669541,7.499177245,83.3607585,94.11423151,94.34968929,395.0126981,188.6721752,424.1715544,0.236333983,15.93920513,84.45347828,2.151515152
2017,Hassakeh,Al_Malika,1,6450,6450,19672.5,3050,0.273788898,2.626098262,1029.865881,22.39948564,177.7179584,1.393407522,35.81191186,396.1542193,1,442.2589019,410.2791276,13960.53543,1,11.47143655,34.69045924,19.38963255,4.721658469,8.927509084,0.610726668,0.144392744,4596.721116,7.401004555,86.63318149,97.68044405,95.02900876,473.383242,182.2285639,417.2135132,0.627665989,23.0979689,89.20209973,71.48066457
2017,Hassakeh,Al_Malika,2,150,150,352.5,2350,0.273788898,2.626098262,1029.865881,22.39948564,177.7179584,1.393407522,35.81191186,396.1542193,1,442.2589019,410.2791276,13960.53543,1,11.47143655,34.69045924,19.38963255,4.721658469,8.927509084,0.610726668,0.144392744,4596.721116,7.401004555,86.63318149,97.68044405,95.02900876,473.383242,182.2285639,417.2135132,0.627665989,23.0979689,89.20209973,71.48066457
2017,Hassakeh,Al_Malika,3,50,50,110,2200,0.273788898,2.626098262,1029.865881,22.39948564,177.7179584,1.393407522,35.81191186,396.1542193,1,442.2589019,410.2791276,13960.53543,1,11.47143655,34.69045924,19.38963255,4.721658469,8.927509084,0.610726668,0.144392744,4596.721116,7.401004555,86.63318149,97.68044405,95.02900876,473.383242,182.2285639,417.2135132,0.627665989,23.0979689,89.20209973,71.48066457
2017,Hassakeh,Ras_Al_Ain,1,13500,13500,31050,2300,0.383012451,4.287075453,583.1515364,13.39965542,181.239228,1.436138441,29.13638552,428.1986409,1,428.0325777,369.6523591,14367.46024,1,10.62784115,34.65490354,19.95480588,5.079311835,8.484859368,0.487104047,0.098564985,4350.989048,7.607914063,79.7361979,87.98980685,90.05291833,299.3722223,158.4989891,413.1203426,0.413294717,15.5378662,85.97253781,3.258706468
2017,Hassakeh,Ras_Al_Ain,2,16900,16900,37180,2200,0.383012451,4.287075453,583.1515364,13.39965542,181.239228,1.436138441,29.13638552,428.1986409,1,428.0325777,369.6523591,14367.46024,1,10.62784115,34.65490354,19.95480588,5.079311835,8.484859368,0.487104047,0.098564985,4350.989048,7.607914063,79.7361979,87.98980685,90.05291833,299.3722223,158.4989891,413.1203426,0.413294717,15.5378662,85.97253781,3.258706468
2017,Hassakeh,Ras_Al_Ain,3,250,250,341.668,1366.67,0.383012451,4.287075453,583.1515364,13.39965542,181.239228,1.436138441,29.13638552,428.1986409,1,428.0325777,369.6523591,14367.46024,1,10.62784115,34.65490354,19.95480588,5.079311835,8.484859368,0.487104047,0.098564985,4350.989048,7.607914063,79.7361979,87.98980685,90.05291833,299.3722223,158.4989891,413.1203426,0.413294717,15.5378662,85.97253781,3.258706468
2017,Hassakeh,Ras_Al_Ain,4,100,100,195,1950,0.383012451,4.287075453,583.1515364,13.39965542,181.239228,1.436138441,29.13638552,428.1986409,1,428.0325777,369.6523591,14367.46024,1,10.62784115,34.65490354,19.95480588,5.079311835,8.484859368,0.487104047,0.098564985,4350.989048,7.607914063,79.7361979,87.98980685,90.05291833,299.3722223,158.4989891,413.1203426,0.413294717,15.5378662,85.97253781,3.258706468
2019,Hama,Hama,3,30,30,90,3000,0.227677668,4.733216797,813.5649518,23.20506401,192.7904067,1.455316559,28.89107986,399.9433813,1,367.8882638,465.4612209,13818.08184,1,25.04294796,28.38143635,19.19178034,7.830479314,13.26410854,0.616048756,0.141737013,3504.980209,7.530149647,82.32834509,87.98103966,97.56844935,418.6968933,199.991121,385.7041579,0.890006436,18.48653952,90.33268379,22.43352601
2019,Hama,Hama,4,130,130,358,2754,0.227677668,4.733216797,813.5649518,23.20506401,192.7904067,1.455316559,28.89107986,399.9433813,1,367.8882638,465.4612209,13818.08184,1,25.04294796,28.38143635,19.19178034,7.830479314,13.26410854,0.616048756,0.141737013,3504.980209,7.530149647,82.32834509,87.98103966,97.56844935,418.6968933,199.991121,385.7041579,0.890006436,18.48653952,90.33268379,22.43352601
2019,Hama,Al_Ghab,1,5155,5155,14664,2845,0.049595436,1.643165164,1809.837733,53.52371729,139.7759455,1.347860465,28.59829587,349.5799349,1,352.189296,921.8680202,12871.37971,1,139.7020723,26.41515541,17.87691627,7.293097794,27.2378979,0.723227677,0.128946083,3380.375257,6.782044179,92.73480597,99.34443711,111.9221485,897.7995326,280.5196852,361.9957542,4.508295663,42.21571718,97.84619277,35.28868661
2019,Idleb,Idleb,1,3080,3080,5540,1799,0.125820372,2.188331063,1093.018604,31.47421692,133.1604544,1.441830046,29.96636028,396.7139838,1,349.4829207,528.6637581,13543.7509,1,18.66965742,28.20795276,18.81076515,7.366924624,15.21124426,0.596039063,0.132100925,3471.742808,7.363514149,87.8828617,91.27240352,106.2780643,540.4956023,201.4720497,378.6673336,0.928862474,24.86059375,92.50991346,24.08243728
2019,Idleb,Idleb,2,2523,2523,4865,1928,0.125820372,2.188331063,1093.018604,31.47421692,133.1604544,1.441830046,29.96636028,396.7139838,1,349.4829207,528.6637581,13543.7509,1,18.66965742,28.20795276,18.81076515,7.366924624,15.21124426,0.596039063,0.132100925,3471.742808,7.363514149,87.8828617,91.27240352,106.2780643,540.4956023,201.4720497,378.6673336,0.928862474,24.86059375,92.50991346,24.08243728
2019,Idleb,Idleb,3,146,146,220,1507,0.125820372,2.188331063,1093.018604,31.47421692,133.1604544,1.441830046,29.96636028,396.7139838,1,349.4829207,528.6637581,13543.7509,1,18.66965742,28.20795276,18.81076515,7.366924624,15.21124426,0.596039063,0.132100925,3471.742808,7.363514149,87.8828617,91.27240352,106.2780643,540.4956023,201.4720497,378.6673336,0.928862474,24.86059375,92.50991346,24.08243728
2019,Idleb,Harim,1,392,392,695,1773,0.076955511,1.744823344,1326.920463,39.36426031,208.4698796,1.397594182,27.2782689,356.5012631,1,400.6489695,548.0693453,13159.13655,1,91.8753057,27.69773043,18.27657854,6.996927931,16.27037023,0.533481044,0.094834923,3369.876152,7.125463716,95.81787612,86.8186678,117.2060117,656.7739174,243.3845318,396.2349649,3.52892128,34.93256475,95.56240835,7.104166667
2019,Idleb,Al_Jisr_Ash_Shu,1,555,555,985,1775,0.061795348,1.387996783,1639.031668,49.68257613,177.540447,1.380476929,27.89801472,304.6574213,1,349.3955892,662.7802192,13011.57552,1,101.3142959,26.70563194,18.07163267,7.418783557,20.08831586,0.617983455,0.106410921,3298.007008,6.711311118,90.37703725,104.0058286,113.9571576,816.5203237,309.262822,377.4719518,3.793157673,40.90641577,96.7335276,19.55376344
2019,Idleb,Al_Ma'ra,1,50,50,80,1600,0.219400577,2.789560748,964.0705953,28.16866944,161.5969773,1.44106543,30.50289991,387.8445436,1,426.7153644,474.1626953,13519.765,1,29.05957912,28.26483244,18.77745139,7.194626078,13.85047638,0.601515219,0.138269059,3421.492487,7.422356298,85.92145674,91.15500663,102.7485232,470.4377188,211.8633148,395.4624714,1.089096217,21.8826255,92.70027775,2.740740741
2019,Idleb,Al_Ma'ra,2,129,129,250,1938,0.219400577,2.789560748,964.0705953,28.16866944,161.5969773,1.44106543,30.50289991,387.8445436,1,426.7153644,474.1626953,13519.765,1,29.05957912,28.26483244,18.77745139,7.194626078,13.85047638,0.601515219,0.138269059,3421.492487,7.422356298,85.92145674,91.15500663,102.7485232,470.4377188,211.8633148,395.4624714,1.089096217,21.8826255,92.70027775,2.740740741
2019,Idleb,Al_Ma'ra,3,114,114,180,1579,0.219400577,2.789560748,964.0705953,28.16866944,161.5969773,1.44106543,30.50289991,387.8445436,1,426.7153644,474.1626953,13519.765,1,29.05957912,28.26483244,18.77745139,7.194626078,13.85047638,0.601515219,0.138269059,3421.492487,7.422356298,85.92145674,91.15500663,102.7485232,470.4377188,211.8633148,395.4624714,1.089096217,21.8826255,92.70027775,2.740740741
2019,Idleb,Ariha,1,301,301,535,1777,0.06189382,1.20144567,1287.979378,37.92600075,178.7756591,1.396585143,27.93576679,350.6523137,1,582.149967,523.0896975,12658.66826,1,87.67581128,26.8399934,17.5814837,6.40529139,15.4063644,0.507109123,0.092523649,3395.032677,7.15618642,94.79378601,101.8028848,107.9944741,643.9730396,264.1637633,380.2716742,2.592602428,31.56046909,99.53437887,35.35190616
2019,Idleb,Khan_Sheikhun,1,1200,1200,2165,1804,0.109173126,1.862431522,1262.204142,37.32314471,171.9086835,1.411510346,28.71626212,359.2739051,1,421.6785622,547.3531431,13178.57925,1,65.71892988,27.54322819,18.30358229,7.076510716,16.16535423,0.571225581,0.112827895,3391.230226,7.15576634,90.95860356,95.01095827,109.6368462,625.6401204,246.0292963,385.6216792,2.386528014,30.82853377,95.40810121,17.76660286
2019,Idleb,Khan_Sheikhun,2,1000,1000,1885,1885,0.109173126,1.862431522,1262.204142,37.32314471,171.9086835,1.411510346,28.71626212,359.2739051,1,421.6785622,547.3531431,13178.57925,1,65.71892988,27.54322819,18.30358229,7.076510716,16.16535423,0.571225581,0.112827895,3391.230226,7.15576634,90.95860356,95.01095827,109.6368462,625.6401204,246.0292963,385.6216792,2.386528014,30.82853377,95.40810121,17.76660286
2019,Raqqa,Raqqa,3,5000,5000,16250,3250,1.050201469,5.964680642,435.8101978,11.27081143,176.8215937,1.445777656,18.21052889,260.1565394,1,346.2123061,454.5102989,14541.2107,1,26.05879584,31.4866392,20.19612598,7.471828369,11.769926,0.509869274,0.101025737,3865.715369,7.943602406,68.54658646,72.64190031,89.75325824,250.218062,252.812006,466.2953785,0.418199141,7.517291598,84.59356584,89.8962532
2019,Raqqa,Raqqa,4,13100,13100,42575,3250,1.050201469,5.964680642,435.8101978,11.27081143,176.8215937,1.445777656,18.21052889,260.1565394,1,346.2123061,454.5102989,14541.2107,1,26.05879584,31.4866392,20.19612598,7.471828369,11.769926,0.509869274,0.101025737,3865.715369,7.943602406,68.54658646,72.64190031,89.75325824,250.218062,252.812006,466.2953785,0.418199141,7.517291598,84.59356584,89.8962532
2019,Raqqa,Raqqa,5,3438,3438,11173.5,3250,1.050201469,5.964680642,435.8101978,11.27081143,176.8215937,1.445777656,18.21052889,260.1565394,1,346.2123061,454.5102989,14541.2107,1,26.05879584,31.4866392,20.19612598,7.471828369,11.769926,0.509869274,0.101025737,3865.715369,7.943602406,68.54658646,72.64190031,89.75325824,250.218062,252.812006,466.2953785,0.418199141,7.517291598,84.59356584,89.8962532
2019,Raqqa,Tell_Abiad,2,28462,28462,92501.5,3250,0.478825179,3.735158564,685.0985994,17.54699796,188.9206138,1.450549568,27.03711738,400.1496788,1,371.821103,410.584065,14503.541,1,11.17783109,32.77834829,20.14380694,6.955663809,10.51888009,0.660890941,0.152317996,3903.363589,7.789701512,73.67661628,77.52978124,94.15651007,403.1294832,163.0030389,436.503596,0.353533461,11.88417515,84.89253176,33.28514589
2019,Dayr_Az_Zor,Dayr_Az_Zor,4,2000,2000,6200,3100,1.527438458,6.266817637,450.5345961,10.6926883,160.6562038,1.475571533,17.45613594,279.0580926,1,311.6110564,375.1494493,15204.90764,1,24.94088817,33.4042485,21.11792727,7.632522522,8.934109866,0.34566879,0.068371014,4212.482929,7.945084905,68.49716985,78.20352332,82.54290125,272.2396402,267.81461,453.5383851,0.441646162,7.406680906,79.32612988,59.82997528
2019,Dayr_Az_Zor,Dayr_Az_Zor,5,15913,15913,49323,3100,1.527438458,6.266817637,450.5345961,10.6926883,160.6562038,1.475571533,17.45613594,279.0580926,1,311.6110564,375.1494493,15204.90764,1,24.94088817,33.4042485,21.11792727,7.632522522,8.934109866,0.34566879,0.068371014,4212.482929,7.945084905,68.49716985,78.20352332,82.54290125,272.2396402,267.81461,453.5383851,0.441646162,7.406680906,79.32612988,59.82997528
2019,Dayr_Az_Zor,Al_Mayadin,5,3092,3092,9585,3100,0.846879854,4.706853339,380.3783669,8.657949785,106.9848781,1.464284982,15.16950876,321.6518012,1,284.7469964,345.7629914,15591.15555,1,13.44925992,33.88324696,21.65438271,8.49931863,7.881927538,0.262594913,0.0383688,4392.400012,7.935538403,68.81538657,80.96491381,81.54364746,233.7218908,226.8776377,452.2255759,0.231444592,7.050522461,76.26067023,65.76879408
2019,Dayr_Az_Zor,Abu_Kamal,5,517,517,1610,3114,0.326690195,2.534252196,456.6364081,10.19223752,145.9024177,1.474952341,15.51213228,316.9541986,1,199.0450865,312.2965701,16083.0899,1,17.05196237,34.95855495,22.33762486,8.903564387,6.976273982,0.285158663,0.051785141,4479.237114,7.914785937,69.50713545,91.93096613,82.70358551,278.1455563,210.3167699,473.4703945,0.275403663,8.147721895,72.35642936,64.43444099
2021,Homs,Tall_Kalakh,1,806,806,1456,1806,0.061265386,1.382119937,1197.706893,64.27406609,213.4968276,1.371293035,28.50363662,371.8628808,1,462.9664108,391.2997451,13264.00093,1,86.9397267,27.50831986,18.42222351,8.213751124,21.00262045,0.703892675,0.121125702,1862.437256,7.036198454,98.79338486,106.5742497,97.54382303,578.3493477,256.0800903,370.1287946,2.899572474,38.32373734,94.73015135,63.89144317
2021,Idleb,Idleb,1,1050,1050,2206,2101,0.125820372,2.188331063,716.0112494,38.07337761,133.1604544,1.441830046,29.96636028,396.7139838,1,349.4829207,217.7179913,13659.18928,1,18.66965742,29.4112918,18.97109623,7.456626615,11.57580973,0.587986035,0.120334238,1879.608694,7.363514149,87.8828617,100.3712487,97.60875275,337.9490304,201.4720497,378.6673336,0.928862474,24.86059375,91.59373584,24.08243728
2021,Idleb,Idleb,2,563,563,1048,1861,0.125820372,2.188331063,716.0112494,38.07337761,133.1604544,1.441830046,29.96636028,396.7139838,1,349.4829207,217.7179913,13659.18928,1,18.66965742,29.4112918,18.97109623,7.456626615,11.57580973,0.587986035,0.120334238,1879.608694,7.363514149,87.8828617,100.3712487,97.60875275,337.9490304,201.4720497,378.6673336,0.928862474,24.86059375,91.59373584,24.08243728
2021,Idleb,Idleb,3,534,534,1233,2309,0.125820372,2.188331063,716.0112494,38.07337761,133.1604544,1.441830046,29.96636028,396.7139838,1,349.4829207,217.7179913,13659.18928,1,18.66965742,29.4112918,18.97109623,7.456626615,11.57580973,0.587986035,0.120334238,1879.608694,7.363514149,87.8828617,100.3712487,97.60875275,337.9490304,201.4720497,378.6673336,0.928862474,24.86059375,91.59373584,24.08243728
2021,Idleb,Harim,1,594,594,1573,2648,0.076955511,1.744823344,868.687891,47.95536273,208.4698796,1.397594182,27.2782689,356.5012631,1,400.6489695,231.5127983,13122.34768,1,91.8753057,28.75388709,18.22548288,6.921718898,12.80847777,0.481201769,0.079195438,1810.450986,7.125463716,95.81787612,94.03072352,110.3529431,411.4468054,243.3845318,396.2349649,3.52892128,34.93256475,95.85438352,7.104166667
2021,Idleb,Al_Jisr_Ash_Shu,1,646,646,1734,2684,0.061795348,1.387996783,1054.624513,60.66616625,177.540447,1.380476929,27.89801472,304.6574213,1,349.3955892,297.1031941,12988.15026,1,101.3142959,27.90288643,18.03909758,7.509110562,17.08992119,0.615782273,0.106483514,1737.406394,6.711311118,90.37703725,104.8732084,106.2123316,470.4066867,309.262822,377.4719518,3.793157673,40.90641577,96.91944238,19.55376344
2021,Idleb,Al_Ma'ra,1,1308,1308,3500,2676,0.219400577,2.789560748,622.1337177,33.94666872,161.5969773,1.44106543,30.50289991,387.8445436,1,426.7153644,201.1844715,13599.37506,1,29.05957912,29.3021438,18.88802092,7.141629147,10.99633263,0.565888919,0.115980914,1831.679733,7.422356298,85.92145674,105.6601441,90.05467873,290.9305852,211.8633148,395.4624714,1.089096217,21.8826255,92.06845188,2.740740741
2021,Idleb,Al_Ma'ra,2,650,650,1872,2880,0.219400577,2.789560748,622.1337177,33.94666872,161.5969773,1.44106543,30.50289991,387.8445436,1,426.7153644,201.1844715,13599.37506,1,29.05957912,29.3021438,18.88802092,7.141629147,10.99633263,0.565888919,0.115980914,1831.679733,7.422356298,85.92145674,105.6601441,90.05467873,290.9305852,211.8633148,395.4624714,1.089096217,21.8826255,92.06845188,2.740740741
2021,Idleb,Al_Ma'ra,3,630,630,1543,2449,0.219400577,2.789560748,622.1337177,33.94666872,161.5969773,1.44106543,30.50289991,387.8445436,1,426.7153644,201.1844715,13599.37506,1,29.05957912,29.3021438,18.88802092,7.141629147,10.99633263,0.565888919,0.115980914,1831.679733,7.422356298,85.92145674,105.6601441,90.05467873,290.9305852,211.8633148,395.4624714,1.089096217,21.8826255,92.06845188,2.740740741
2021,Idleb,Ariha,1,680,680,1795,2640,0.06189382,1.20144567,843.827153,46.42299821,178.7756591,1.396585143,27.93576679,350.6523137,1,582.149967,233.0294201,12735.42057,1,87.67581128,27.89596281,17.68808412,6.497693741,12.83238198,0.511903905,0.090131286,1816.692061,7.15618642,94.79378601,107.587015,99.89161295,386.1195501,264.1637633,380.2716742,2.592602428,31.56046909,98.9252336,35.35190616
2021,Tartous,Tartous,1,705,705,1523,2160,0.049162657,1.417978043,1365.087006,72.02265709,226.602822,1.337365278,24.38800112,328.0083572,1,151.3380759,446.1418915,14057.30663,1,85.26540945,27.73256599,19.52403699,10.81619828,23.5745892,0.628856754,0.074003178,1894.35774,6.801489796,93.38299321,103.2910999,100.9516749,652.7938306,293.3316743,364.969705,1.987711269,46.76351549,88.43407436,64.49344978
2021,Tartous,Safita,1,132,132,367,2780,0.047070335,1.157636077,1596.63031,86.22211343,212.2246192,1.350786518,24.81991989,329.6296751,1,294.0703481,418.0031801,13679.5594,1,85.74052064,27.64409373,18.99938805,9.616611047,22.59434591,0.64508756,0.074855104,1850.764294,6.807968775,93.59895915,104.8518998,105.5518443,761.9863429,291.9812893,377.4132804,2.351750182,44.6094789,91.43206827,76.62715679
2021,Aleppo,A'zaz,1,830,830,3423.75,4125,0.121728487,2.146811382,568.902204,29.15380091,180.5676029,1.396196968,30.36538609,429.7996425,1,481.8095159,230.310165,13343.3562,1,12.33630082,30.07535013,18.53243916,6.239893022,11.80937752,0.624811954,0.135857648,1950.38262,7.471901984,84.26993387,103.8573137,92.64218858,295.8411934,165.5478602,396.9674719,0.559398203,24.25735487,94.10034763,30.7875817
2021,Aleppo,A'zaz,2,140,140,463.75,3312.5,0.121728487,2.146811382,568.902204,29.15380091,180.5676029,1.396196968,30.36538609,429.7996425,1,481.8095159,230.310165,13343.3562,1,12.33630082,30.07535013,18.53243916,6.239893022,11.80937752,0.624811954,0.135857648,1950.38262,7.471901984,84.26993387,103.8573137,92.64218858,295.8411934,165.5478602,396.9674719,0.559398203,24.25735487,94.10034763,30.7875817
2021,Aleppo,Afrin,1,841,841,2859.4,3400,0.194810459,2.230856022,812.7801541,43.5068371,184.8305861,1.371035123,25.51170824,404.3181051,1,493.5760545,228.8836268,12827.81351,1,89.965976,28.99220221,17.81640766,5.925855933,12.26186942,0.457395755,0.068691389,1867.166496,7.198506433,93.3831189,96.81010336,103.4673816,410.4784793,192.8950466,401.4796676,3.206478872,32.26458622,98.19195623,72.67440361
2021,Aleppo,Jarablus,2,1530,1530,6120,4000,0.056313267,1.389591551,528.5313829,27.03855416,123.911363,1.374076188,31.59740814,433.9335195,1,453.0262094,165.4009336,13743.79891,1,19.54434174,32.37822764,19.0886096,6.109471132,8.470922933,0.477272887,0.092321221,1953.732416,7.473535251,84.21549162,102.281526,93.79377091,252.9893217,151.8135123,395.6820817,0.731704106,17.89025411,90.92223087,86.86344794
2021,Aleppo,Al_Bab,1,11,11,22,2000,0.223794265,2.70647827,456.1221997,23.65556273,171.3158859,1.361738999,28.32570189,404.137529,1,440.5998951,186.6692455,13803.20516,1,12.48017986,30.87920741,19.17111828,6.794029583,9.709641445,0.492798436,0.106069874,1927.181566,7.526863486,82.4378838,107.8694134,86.4284589,225.1725054,172.3288421,394.8106379,0.536196258,18.97472913,90.4507527,57.38811081
2021,Aleppo,Al_Bab,2,301,301,466.801,1550.83,0.223794265,2.70647827,456.1221997,23.65556273,171.3158859,1.361738999,28.32570189,404.137529,1,440.5998951,186.6692455,13803.20516,1,12.48017986,30.87920741,19.17111828,6.794029583,9.709641445,0.492798436,0.106069874,1927.181566,7.526863486,82.4378838,107.8694134,86.4284589,225.1725054,172.3288421,394.8106379,0.536196258,18.97472913,90.4507527,57.38811081
2021,Aleppo,Menbij,2,1837,1837,4684.35,2550,0.476099108,4.018173677,379.3977081,19.39792258,173.279788,1.406754586,24.018397,332.4689528,1,397.1956572,161.7771646,14207.50269,1,17.60715977,31.5975419,19.73264263,7.179223207,8.281374119,0.448284958,0.090014966,1954.86773,7.618434657,79.38551142,97.4232625,81.92265331,168.1178748,198.2878033,437.4207931,0.49517755,12.11218955,87.24204213,92.68040719
2021,Aleppo,Menbij,3,2027,2027,6562.413,3237.5,0.476099108,4.018173677,379.3977081,19.39792258,173.279788,1.406754586,24.018397,332.4689528,1,397.1956572,161.7771646,14207.50269,1,17.60715977,31.5975419,19.73264263,7.179223207,8.281374119,0.448284958,0.090014966,1954.86773,7.618434657,79.38551142,97.4232625,81.92265331,168.1178748,198.2878033,437.4207931,0.49517755,12.11218955,87.24204213,92.68040719
2021,Aleppo,Menbij,4,8191,8191,31163.032,3804.55,0.476099108,4.018173677,379.3977081,19.39792258,173.279788,1.406754586,24.018397,332.4689528,1,397.1956572,161.7771646,14207.50269,1,17.60715977,31.5975419,19.73264263,7.179223207,8.281374119,0.448284958,0.090014966,1954.86773,7.618434657,79.38551142,97.4232625,81.92265331,168.1178748,198.2878033,437.4207931,0.49517755,12.11218955,87.24204213,92.68040719
2021,Aleppo,Menbij,5,517,517,1240.8,2400,0.476099108,4.018173677,379.3977081,19.39792258,173.279788,1.406754586,24.018397,332.4689528,1,397.1956572,161.7771646,14207.50269,1,17.60715977,31.5975419,19.73264263,7.179223207,8.281374119,0.448284958,0.090014966,1954.86773,7.618434657,79.38551142,97.4232625,81.92265331,168.1178748,198.2878033,437.4207931,0.49517755,12.11218955,87.24204213,92.68040719
2021,Aleppo,Ain_Al_Arab,2,15500,15500,31000,2000,0.285146327,2.615456939,548.8988398,26.72549994,180.1352135,1.344070296,29.15984317,412.5287694,1,457.6511594,146.3198511,14074.54156,1,40.7417743,32.89283826,19.54797439,6.423076992,7.136254745,0.546729786,0.10729501,2052.83937,7.452704986,84.90983381,98.36565352,88.17229603,240.8623842,160.737883,374.9119357,1.026508894,16.80178945,88.29728918,86.06697787
2021,Aleppo,Ain_Al_Arab,3,4000,4000,8000,2000,0.285146327,2.615456939,548.8988398,26.72549994,180.1352135,1.344070296,29.15984317,412.5287694,1,457.6511594,146.3198511,14074.54156,1,40.7417743,32.89283826,19.54797439,6.423076992,7.136254745,0.546729786,0.10729501,2052.83937,7.452704986,84.90983381,98.36565352,88.17229603,240.8623842,160.737883,374.9119357,1.026508894,16.80178945,88.29728918,86.06697787
2021,Aleppo,Jebel_Saman,1,832,832,931.216,1119.25,0.320135248,3.90953411,503.7984253,26.68756857,185.7492815,1.399045613,26.85095306,367.0160671,1,348.6130778,190.638697,13966.93195,1,24.0041333,30.2227558,19.3985166,7.387335479,10.1008622,0.498172321,0.100538479,1886.764425,7.511498758,82.95004141,101.0262096,86.36808829,241.7776998,183.2856532,401.209007,0.780531933,17.98196178,89.1513337,28.18423019
2021,Aleppo,Jebel_Saman,2,2207,2207,5876.138,2662.5,0.320135248,3.90953411,503.7984253,26.68756857,185.7492815,1.399045613,26.85095306,367.0160671,1,348.6130778,190.638697,13966.93195,1,24.0041333,30.2227558,19.3985166,7.387335479,10.1008622,0.498172321,0.100538479,1886.764425,7.511498758,82.95004141,101.0262096,86.36808829,241.7776998,183.2856532,401.209007,0.780531933,17.98196178,89.1513337,28.18423019
2021,Aleppo,Jebel_Saman,3,552,552,787.842,1427.25,0.320135248,3.90953411,503.7984253,26.68756857,185.7492815,1.399045613,26.85095306,367.0160671,1,348.6130778,190.638697,13966.93195,1,24.0041333,30.2227558,19.3985166,7.387335479,10.1008622,0.498172321,0.100538479,1886.764425,7.511498758,82.95004141,101.0262096,86.36808829,241.7776998,183.2856532,401.209007,0.780531933,17.98196178,89.1513337,28.18423019
2021,Aleppo,Jebel_Saman,4,99,99,363.825,3675,0.320135248,3.90953411,503.7984253,26.68756857,185.7492815,1.399045613,26.85095306,367.0160671,1,348.6130778,190.638697,13966.93195,1,24.0041333,30.2227558,19.3985166,7.387335479,10.1008622,0.498172321,0.100538479,1886.764425,7.511498758,82.95004141,101.0262096,86.36808829,241.7776998,183.2856532,401.209007,0.780531933,17.98196178,89.1513337,28.18423019
2021,Aleppo,As_Safira,2,2319,2319,6087.375,2625,0.226229514,2.727688396,365.4364209,18.99467347,194.0542344,1.456944439,23.81607607,339.9130212,1,386.7828001,169.1879108,14136.27859,1,58.56984464,30.75788449,19.63372027,7.358905664,8.817437254,0.459965055,0.09129485,1922.888934,7.634697244,78.8434252,101.0504057,74.93125937,166.0503952,209.796782,447.6738108,1.021027812,12.3940763,87.80731274,61.3127161
2021,Aleppo,As_Safira,3,2746,2746,6015.456,2190.63,0.226229514,2.727688396,365.4364209,18.99467347,194.0542344,1.456944439,23.81607607,339.9130212,1,386.7828001,169.1879108,14136.27859,1,58.56984464,30.75788449,19.63372027,7.358905664,8.817437254,0.459965055,0.09129485,1922.888934,7.634697244,78.8434252,101.0504057,74.93125937,166.0503952,209.796782,447.6738108,1.021027812,12.3940763,87.80731274,61.3127161
2021,Aleppo,As_Safira,4,250,250,550,2200,0.226229514,2.727688396,365.4364209,18.99467347,194.0542344,1.456944439,23.81607607,339.9130212,1,386.7828001,169.1879108,14136.27859,1,58.56984464,30.75788449,19.63372027,7.358905664,8.817437254,0.459965055,0.09129485,1922.888934,7.634697244,78.8434252,101.0504057,74.93125937,166.0503952,209.796782,447.6738108,1.021027812,12.3940763,87.80731274,61.3127161
2021,Aleppo,As_Safira,5,600,600,740,1233.33,0.226229514,2.727688396,365.4364209,18.99467347,194.0542344,1.456944439,23.81607607,339.9130212,1,386.7828001,169.1879108,14136.27859,1,58.56984464,30.75788449,19.63372027,7.358905664,8.817437254,0.459965055,0.09129485,1922.888934,7.634697244,78.8434252,101.0504057,74.93125937,166.0503952,209.796782,447.6738108,1.021027812,12.3940763,87.80731274,61.3127161
2021,Aleppo,Al_Atarib,1,2000,2000,4000,2000,0.238032084,2.718073793,520.4834169,26.89505243,174.2304944,1.388732777,27.45568421,390.5144508,1,432.4067962,184.8984493,13762.92857,1,34.4062138,30.97450098,19.11517857,6.677223877,9.573467455,0.500678894,0.09901043,1939.477945,7.48601785,83.799405,101.085486,88.46576212,250.1612317,179.3366728,406.2694257,1.044627954,19.08461768,90.77040815,64.49473443
2021,Aleppo,Dayr_Hafir,2,105,105,262.763,2502.5,0.238032084,2.718073793,520.4834169,26.89505243,174.2304944,1.388732777,27.45568421,390.5144508,1,432.4067962,184.8984493,13762.92857,1,34.4062138,30.97450098,19.11517857,6.677223877,9.573467455,0.500678894,0.09901043,1939.477945,7.48601785,83.799405,101.085486,88.46576212,250.1612317,179.3366728,406.2694257,1.044627954,19.08461768,90.77040815,64.49473443
2021,Aleppo,Dayr_Hafir,3,3408,3408,8250.768,2421,0.238032084,2.718073793,520.4834169,26.89505243,174.2304944,1.388732777,27.45568421,390.5144508,1,432.4067962,184.8984493,13762.92857,1,34.4062138,30.97450098,19.11517857,6.677223877,9.573467455,0.500678894,0.09901043,1939.477945,7.48601785,83.799405,101.085486,88.46576212,250.1612317,179.3366728,406.2694257,1.044627954,19.08461768,90.77040815,64.49473443
2021,Aleppo,Dayr_Hafir,4,1450,1450,3400.25,2345,0.238032084,2.718073793,520.4834169,26.89505243,174.2304944,1.388732777,27.45568421,390.5144508,1,432.4067962,184.8984493,13762.92857,1,34.4062138,30.97450098,19.11517857,6.677223877,9.573467455,0.500678894,0.09901043,1939.477945,7.48601785,83.799405,101.085486,88.46576212,250.1612317,179.3366728,406.2694257,1.044627954,19.08461768,90.77040815,64.49473443
2021,Raqqa,Raqqa,3,200,200,720,3600,1.050201469,5.964680642,306.8285765,14.75783599,176.8215937,1.445777656,18.21052889,260.1565394,1,346.2123061,183.9146051,14769.31822,1,26.05879584,32.70616449,20.51294197,7.452181429,8.88012085,0.312034861,0.047379669,2078.089216,7.943602406,68.54658646,86.36040997,77.40420893,121.4238902,252.812006,466.2953785,0.418199141,7.517291598,82.78318872,89.8962532
2021,Raqqa,Raqqa,4,900,900,3150,3500,1.050201469,5.964680642,306.8285765,14.75783599,176.8215937,1.445777656,18.21052889,260.1565394,1,346.2123061,183.9146051,14769.31822,1,26.05879584,32.70616449,20.51294197,7.452181429,8.88012085,0.312034861,0.047379669,2078.089216,7.943602406,68.54658646,86.36040997,77.40420893,121.4238902,252.812006,466.2953785,0.418199141,7.517291598,82.78318872,89.8962532
2021,Raqqa,Raqqa,5,500,500,1750,3500,1.050201469,5.964680642,306.8285765,14.75783599,176.8215937,1.445777656,18.21052889,260.1565394,1,346.2123061,183.9146051,14769.31822,1,26.05879584,32.70616449,20.51294197,7.452181429,8.88012085,0.312034861,0.047379669,2078.089216,7.943602406,68.54658646,86.36040997,77.40420893,121.4238902,252.812006,466.2953785,0.418199141,7.517291598,82.78318872,89.8962532
2021,Raqqa,Tell_Abiad,2,3500,3500,11900,3400,0.478825179,3.735158564,470.2171109,22.43472836,188.9206138,1.450549568,27.03711738,400.1496788,1,371.821103,148.5655505,14690.8795,1,11.17783109,33.83745108,20.40399931,7.034058778,7.106257426,0.517056559,0.097694343,2094.934051,7.789701512,73.67661628,90.95778243,83.92505512,191.3545661,163.0030389,436.503596,0.353533461,11.88417515,83.40571825,33.28514589
2021,Dayr_Az_Zor,Dayr_Az_Zor,4,622.038,622.038,1717.508,2761.1,1.527438458,6.266817637,293.1347627,12.99925726,160.6562038,1.475571533,17.45613594,279.0580926,1,311.6110564,154.4318194,15497.0282,1,24.94088817,34.55514746,21.52365028,7.699535994,6.882230133,0.246559985,0.034964535,2254.011628,7.945084905,68.49716985,93.10711365,72.83182114,114.8556782,267.81461,453.5383851,0.441646162,7.406680906,77.00771266,59.82997528
2021,Dayr_Az_Zor,Dayr_Az_Zor,5,25307.962,25307.962,69880.346,2761.2,1.527438458,6.266817637,293.1347627,12.99925726,160.6562038,1.475571533,17.45613594,279.0580926,1,311.6110564,154.4318194,15497.0282,1,24.94088817,34.55514746,21.52365028,7.699535994,6.882230133,0.246559985,0.034964535,2254.011628,7.945084905,68.49716985,93.10711365,72.83182114,114.8556782,267.81461,453.5383851,0.441646162,7.406680906,77.00771266,59.82997528
2021,Dayr_Az_Zor,Al_Mayadin,5,6373,6373,16308.507,2559,0.846879854,4.706853339,246.2035116,10.62078276,106.9848781,1.464284982,15.16950876,321.6518012,1,284.7469964,159.4289112,15893.91361,1,13.44925992,34.93612242,22.07488002,8.259148119,6.907091927,0.168682591,0.014840848,2317.129625,7.935538403,68.81538657,94.69725817,69.21531054,109.893155,226.8776377,452.2255759,0.231444592,7.050522461,73.85782847,65.76879408
2021,Dayr_Az_Zor,Abu_Kamal,5,5881,5881,15190.623,2583,0.326690195,2.534252196,276.394693,11.45412038,145.9024177,1.474952341,15.51213228,316.9541986,1,199.0450865,128.1910468,16374.69623,1,17.05196237,35.93644626,22.74263365,8.625814176,5.336450965,0.193397299,0.022041255,2412.05909,7.914785937,69.50713545,98.58575263,67.45506507,123.7892744,210.3167699,473.4703945,0.275403663,8.147721895,70.04209343,64.43444099
2021,Hassakeh,Hassakeh,1,260,260,669.5,2575,1.234999017,5.292191536,486.170098,21.24026775,179.2026918,1.453912692,22.75778998,312.1287676,1,352.2277754,121.1533144,15315.81236,1,19.1175947,35.1180914,21.27196161,7.154337463,5.297322677,0.459860828,0.086748808,2287.907578,7.76640865,74.453045,98.55794892,77.83036405,180.3539887,232.8497925,449.1236429,0.493960645,10.83503123,78.44593367,55.44769984
2021,Hassakeh,Hassakeh,2,12873,12873,31860.675,2475,1.234999017,5.292191536,486.170098,21.24026775,179.2026918,1.453912692,22.75778998,312.1287676,1,352.2277754,121.1533144,15315.81236,1,19.1175947,35.1180914,21.27196161,7.154337463,5.297322677,0.459860828,0.086748808,2287.907578,7.76640865,74.453045,98.55794892,77.83036405,180.3539887,232.8497925,449.1236429,0.493960645,10.83503123,78.44593367,55.44769984
2021,Hassakeh,Hassakeh,3,5437,5437,13032.809,2397.06,1.234999017,5.292191536,486.170098,21.24026775,179.2026918,1.453912692,22.75778998,312.1287676,1,352.2277754,121.1533144,15315.81236,1,19.1175947,35.1180914,21.27196161,7.154337463,5.297322677,0.459860828,0.086748808,2287.907578,7.76640865,74.453045,98.55794892,77.83036405,180.3539887,232.8497925,449.1236429,0.493960645,10.83503123,78.44593367,55.44769984
2021,Hassakeh,Hassakeh,4,4296,4296,10127.82,2357.5,1.234999017,5.292191536,486.170098,21.24026775,179.2026918,1.453912692,22.75778998,312.1287676,1,352.2277754,121.1533144,15315.81236,1,19.1175947,35.1180914,21.27196161,7.154337463,5.297322677,0.459860828,0.086748808,2287.907578,7.76640865,74.453045,98.55794892,77.83036405,180.3539887,232.8497925,449.1236429,0.493960645,10.83503123,78.44593367,55.44769984
2021,Hassakeh,Hassakeh,5,4345,4345,10102.125,2325,1.234999017,5.292191536,486.170098,21.24026775,179.2026918,1.453912692,22.75778998,312.1287676,1,352.2277754,121.1533144,15315.81236,1,19.1175947,35.1180914,21.27196161,7.154337463,5.297322677,0.459860828,0.086748808,2287.907578,7.76640865,74.453045,98.55794892,77.83036405,180.3539887,232.8497925,449.1236429,0.493960645,10.83503123,78.44593367,55.44769984
2021,Hassakeh,Quamishli,1,15277,15277,38744.169,2536.11,0.384508781,3.376182941,788.9420633,33.88655765,189.6343908,1.4227755,32.71215887,381.6987929,1,387.3408823,131.7962897,14941.39258,1,4.224880292,35.06370176,20.75193413,6.418903408,5.668281747,0.632565331,0.131057659,2327.185918,7.499177245,83.3607585,96.90333945,89.26610478,295.1030308,188.6721752,424.1715544,0.236333983,15.93920513,81.41751923,2.151515152
2021,Hassakeh,Quamishli,2,8165,8165,19970.229,2445.83,0.384508781,3.376182941,788.9420633,33.88655765,189.6343908,1.4227755,32.71215887,381.6987929,1,387.3408823,131.7962897,14941.39258,1,4.224880292,35.06370176,20.75193413,6.418903408,5.668281747,0.632565331,0.131057659,2327.185918,7.499177245,83.3607585,96.90333945,89.26610478,295.1030308,188.6721752,424.1715544,0.236333983,15.93920513,81.41751923,2.151515152
2021,Hassakeh,Quamishli,3,3247,3247,7549.275,2325,0.384508781,3.376182941,788.9420633,33.88655765,189.6343908,1.4227755,32.71215887,381.6987929,1,387.3408823,131.7962897,14941.39258,1,4.224880292,35.06370176,20.75193413,6.418903408,5.668281747,0.632565331,0.131057659,2327.185918,7.499177245,83.3607585,96.90333945,89.26610478,295.1030308,188.6721752,424.1715544,0.236333983,15.93920513,81.41751923,2.151515152
2021,Hassakeh,Al_Malika,1,10746,10746,27637.369,2571.88,0.273788898,2.626098262,942.8898715,39.30330207,177.7179584,1.393407522,35.81191186,396.1542193,1,442.2589019,141.3216526,14462.18061,1,11.47143655,34.81196718,20.08636196,5.436268333,5.901714653,0.635813741,0.137095843,2398.009299,7.401004555,86.63318149,100.7150737,91.35444172,354.3684526,182.2285639,417.2135132,0.627665989,23.0979689,85.22078878,71.48066457
2021,Hassakeh,Al_Malika,2,670,670,1574.5,2350,0.273788898,2.626098262,942.8898715,39.30330207,177.7179584,1.393407522,35.81191186,396.1542193,1,442.2589019,141.3216526,14462.18061,1,11.47143655,34.81196718,20.08636196,5.436268333,5.901714653,0.635813741,0.137095843,2398.009299,7.401004555,86.63318149,100.7150737,91.35444172,354.3684526,182.2285639,417.2135132,0.627665989,23.0979689,85.22078878,71.48066457
2021,Hassakeh,Al_Malika,3,40,40,92,2300,0.273788898,2.626098262,942.8898715,39.30330207,177.7179584,1.393407522,35.81191186,396.1542193,1,442.2589019,141.3216526,14462.18061,1,11.47143655,34.81196718,20.08636196,5.436268333,5.901714653,0.635813741,0.137095843,2398.009299,7.401004555,86.63318149,100.7150737,91.35444172,354.3684526,182.2285639,417.2135132,0.627665989,23.0979689,85.22078878,71.48066457
2021,Hassakeh,Ras_Al_Ain,1,7630,7630,19666.325,2577.5,0.383012451,4.287075453,596.0306356,26.71222797,181.239228,1.436138441,29.13638552,428.1986409,1,428.0325777,146.9372913,14632.02885,1,10.62784115,34.35430215,20.32226229,6.468240797,6.586521486,0.623422164,0.1282506,2230.302594,7.607914063,79.7361979,90.22779383,86.50230107,228.6699497,158.4989891,413.1203426,0.413294717,15.5378662,83.87278693,3.258706468
2021,Hassakeh,Ras_Al_Ain,2,7725,7725,19080.75,2470,0.383012451,4.287075453,596.0306356,26.71222797,181.239228,1.436138441,29.13638552,428.1986409,1,428.0325777,146.9372913,14632.02885,1,10.62784115,34.35430215,20.32226229,6.468240797,6.586521486,0.623422164,0.1282506,2230.302594,7.607914063,79.7361979,90.22779383,86.50230107,228.6699497,158.4989891,413.1203426,0.413294717,15.5378662,83.87278693,3.258706468
2021,Hassakeh,Ras_Al_Ain,3,1855,1855,4359.25,2350,0.383012451,4.287075453,596.0306356,26.71222797,181.239228,1.436138441,29.13638552,428.1986409,1,428.0325777,146.9372913,14632.02885,1,10.62784115,34.35430215,20.32226229,6.468240797,6.586521486,0.623422164,0.1282506,2230.302594,7.607914063,79.7361979,90.22779383,86.50230107,228.6699497,158.4989891,413.1203426,0.413294717,15.5378662,83.87278693,3.258706468
2021,Hassakeh,Ras_Al_Ain,4,615,615,1414.5,2300,0.383012451,4.287075453,596.0306356,26.71222797,181.239228,1.436138441,29.13638552,428.1986409,1,428.0325777,146.9372913,14632.02885,1,10.62784115,34.35430215,20.32226229,6.468240797,6.586521486,0.623422164,0.1282506,2230.302594,7.607914063,79.7361979,90.22779383,86.50230107,228.6699497,158.4989891,413.1203426,0.413294717,15.5378662,83.87278693,3.258706468
2022,Homs,Tall_Kalakh,1,976.1,976.1,2433.783,2493,0.061265386,1.382119937,1153.071534,31.45173532,213.4968276,1.371293035,28.50363662,371.8628808,1,462.9664108,761.1095818,13123.07951,1,86.9397267,27.44946527,18.22649931,8.001789979,20.7688995,0.687587866,0.117282972,3665.161889,7.036198454,98.79338486,101.3991589,97.7612076,578.3977037,256.0800903,370.1287946,2.899572474,38.32373734,95.84857535,63.89144317
2022,Idleb,Idleb,1,14,14,36.4,2600,0.125820372,2.188331063,736.8357759,20.35138109,133.1604544,1.441830046,29.96636028,396.7139838,1,349.4829207,464.6152731,13583.43372,1,18.66965742,29.40992897,18.86588016,7.611267152,12.82347284,0.549219495,0.111500102,3619.568907,7.363514149,87.8828617,100.6294314,100.7540969,363.2821691,201.4720497,378.6673336,0.928862474,24.86059375,92.1949705,24.08243728
2022,Idleb,Idleb,2,45,45,109.125,2425,0.125820372,2.188331063,736.8357759,20.35138109,133.1604544,1.441830046,29.96636028,396.7139838,1,349.4829207,464.6152731,13583.43372,1,18.66965742,29.40992897,18.86588016,7.611267152,12.82347284,0.549219495,0.111500102,3619.568907,7.363514149,87.8828617,100.6294314,100.7540969,363.2821691,201.4720497,378.6673336,0.928862474,24.86059375,92.1949705,24.08243728
2022,Idleb,Idleb,3,757,757,1926.565,2545,0.125820372,2.188331063,736.8357759,20.35138109,133.1604544,1.441830046,29.96636028,396.7139838,1,349.4829207,464.6152731,13583.43372,1,18.66965742,29.40992897,18.86588016,7.611267152,12.82347284,0.549219495,0.111500102,3619.568907,7.363514149,87.8828617,100.6294314,100.7540969,363.2821691,201.4720497,378.6673336,0.928862474,24.86059375,92.1949705,24.08243728
2022,Idleb,Harim,1,200,200,500,2500,0.076955511,1.744823344,929.1755501,26.49947784,208.4698796,1.397594182,27.2782689,356.5012631,1,400.6489695,478.0288437,13047.01632,1,91.8753057,28.75388709,18.12085601,6.964360673,13.65377356,0.457862903,0.073605665,3505.391921,7.125463716,95.81787612,96.44264775,112.3868225,450.1950582,243.3845318,396.2349649,3.52892128,34.93256475,96.45225139,7.104166667
2022,Idleb,Al_Jisr_Ash_Shu,1,280,280,700,2500,0.061795348,1.387996783,1121.746992,33.14919992,177.540447,1.380476929,27.89801472,304.6574213,1,349.3955892,602.9970332,12885.64669,1,101.3142959,27.90288643,17.89673152,7.457486603,17.81703239,0.581575797,0.102641034,3382.933833,6.711311118,90.37703725,102.5470365,107.9906383,579.5172627,309.262822,377.4719518,3.793157673,40.90641577,97.73296275,19.55376344
2022,Idleb,Al_Ma'ra,1,287,287,703.15,2450,0.219400577,2.789560748,655.0525405,18.48878414,161.5969773,1.44106543,30.50289991,387.8445436,1,426.7153644,410.8023332,13517.11592,1,29.05957912,29.25537727,18.77377211,7.334007666,11.61134089,0.49383131,0.104936026,3541.972515,7.422356298,85.92145674,103.2131462,93.02894103,327.8371544,211.8633148,395.4624714,1.089096217,21.8826255,92.72130223,2.740740741
2022,Idleb,Al_Ma'ra,2,51,51,96.237,1887,0.219400577,2.789560748,655.0525405,18.48878414,161.5969773,1.44106543,30.50289991,387.8445436,1,426.7153644,410.8023332,13517.11592,1,29.05957912,29.25537727,18.77377211,7.334007666,11.61134089,0.49383131,0.104936026,3541.972515,7.422356298,85.92145674,103.2131462,93.02894103,327.8371544,211.8633148,395.4624714,1.089096217,21.8826255,92.72130223,2.740740741
2022,Idleb,Al_Ma'ra,3,104,104,210.6,2025,0.219400577,2.789560748,655.0525405,18.48878414,161.5969773,1.44106543,30.50289991,387.8445436,1,426.7153644,410.8023332,13517.11592,1,29.05957912,29.25537727,18.77377211,7.334007666,11.61134089,0.49383131,0.104936026,3541.972515,7.422356298,85.92145674,103.2131462,93.02894103,327.8371544,211.8633148,395.4624714,1.089096217,21.8826255,92.72130223,2.740740741
2022,Idleb,Ariha,1,360,360,936,2600,0.06189382,1.20144567,869.2456133,24.66070536,178.7756591,1.396585143,27.93576679,350.6523137,1,582.149967,476.5201676,12649.29008,1,87.67581128,27.89596281,17.56845844,6.446228428,13.52773068,0.469293125,0.082213084,3523.820562,7.15618642,94.79378601,104.9871024,102.7359002,442.7462716,264.1637633,380.2716742,2.592602428,31.56046909,99.60880892,35.35190616
2022,Tartous,Tartous,1,3432.75,3432.75,9316.102,2714,0.049162657,1.417978043,1366.825727,36.89833734,226.602822,1.337365278,24.38800112,328.0083572,1,151.3380759,901.3059714,13938.54812,1,85.26540945,27.73256599,19.35909462,10.67286308,24.36600935,0.610771263,0.072700278,3703.301672,6.801489796,93.38299321,101.4685892,102.3350745,681.2216925,293.3316743,364.969705,1.987711269,46.76351549,89.37660219,64.49344978
2022,Tartous,Safita,1,64,64,152.8,2387.5,0.047070335,1.157636077,1575.960496,43.49984396,212.2246192,1.350786518,24.81991989,329.6296751,1,294.0703481,822.9134052,13547.73694,1,85.74052064,27.61686522,18.81630131,9.381133197,22.73011332,0.62362998,0.072556166,3621.910688,6.807968775,93.59895915,101.6287439,105.7738295,782.1864919,291.9812893,377.4132804,2.351750182,44.6094789,92.47827826,76.62715679
2022,Aleppo,A'zaz,1,290,290,870,3000,0.121728487,2.146811382,564.5722897,14.89843566,180.5676029,1.396196968,30.36538609,429.7996425,1,481.8095159,484.9931372,13322.34444,1,12.33630082,30.04376691,18.50325617,5.93826393,12.80566099,0.560641803,0.122070171,3788.473623,7.471901984,84.26993387,114.1298058,93.82194035,263.6125837,165.5478602,396.9674719,0.559398203,24.25735487,94.2671076,30.7875817
2022,Aleppo,A'zaz,2,55,55,160.875,2925,0.121728487,2.146811382,564.5722897,14.89843566,180.5676029,1.396196968,30.36538609,429.7996425,1,481.8095159,484.9931372,13322.34444,1,12.33630082,30.04376691,18.50325617,5.93826393,12.80566099,0.560641803,0.122070171,3788.473623,7.471901984,84.26993387,114.1298058,93.82194035,263.6125837,165.5478602,396.9674719,0.559398203,24.25735487,94.2671076,30.7875817
2022,Aleppo,Afrin,1,341,341,1023,3000,0.194810459,2.230856022,853.3964065,23.54942026,184.8305861,1.371035123,25.51170824,404.3181051,1,493.5760545,466.5485102,12780.06047,1,89.965976,28.97913821,17.75008399,5.447687467,12.87665216,0.435545174,0.060469808,3622.853144,7.198506433,93.3831189,105.8051539,105.3370426,398.9445126,192.8950466,401.4796676,3.206478872,32.26458622,98.57094865,72.67440361
2022,Aleppo,Jarablus,2,1900,1900,5700,3000,0.056313267,1.389591551,499.4674046,13.20832674,123.911363,1.374076188,31.59740814,433.9335195,1,453.0262094,345.3853226,13757.16469,1,19.54434174,32.14292478,19.10717318,5.293938518,9.142667965,0.38315179,0.071830134,3780.458578,7.473535251,84.21549162,102.4642535,95.02215601,238.6991481,151.8135123,395.6820817,0.731704106,17.89025411,90.81615328,86.86344794
2022,Aleppo,Al_Bab,1,11,11,33,3000,0.223794265,2.70647827,433.3192042,11.61714649,171.3158859,1.361738999,28.32570189,404.137529,1,440.5998951,399.5643494,13786.47616,1,12.48017986,30.74729324,19.14788356,6.543109381,10.74150676,0.420420752,0.089977718,3728.996903,7.526863486,82.4378838,111.1300964,87.9401314,200.4327169,172.3288421,394.8106379,0.536196258,18.97472913,90.58352253,57.38811081
2022,Aleppo,Al_Bab,2,274,274,761,2777.37,0.223794265,2.70647827,433.3192042,11.61714649,171.3158859,1.361738999,28.32570189,404.137529,1,440.5998951,399.5643494,13786.47616,1,12.48017986,30.74729324,19.14788356,6.543109381,10.74150676,0.420420752,0.089977718,3728.996903,7.526863486,82.4378838,111.1300964,87.9401314,200.4327169,172.3288421,394.8106379,0.536196258,18.97472913,90.58352253,57.38811081
2022,Aleppo,Menbij,2,1796,1796,5388,3000,0.476099108,4.018173677,361.6883296,9.590197247,173.279788,1.406754586,24.018397,332.4689528,1,397.1956572,339.8088584,14194.80616,1,17.60715977,31.40308545,19.71500856,7.173474921,9.01647333,0.376684383,0.071407023,3770.437858,7.618434657,79.38551142,95.98003733,83.50404945,176.5482633,198.2878033,437.4207931,0.49517755,12.11218955,87.34280823,92.68040719
2022,Aleppo,Menbij,3,852,852,2470.8,2900,0.476099108,4.018173677,361.6883296,9.590197247,173.279788,1.406754586,24.018397,332.4689528,1,397.1956572,339.8088584,14194.80616,1,17.60715977,31.40308545,19.71500856,7.173474921,9.01647333,0.376684383,0.071407023,3770.437858,7.618434657,79.38551142,95.98003733,83.50404945,176.5482633,198.2878033,437.4207931,0.49517755,12.11218955,87.34280823,92.68040719
2022,Aleppo,Menbij,4,14614,14614,42453.67,2905,0.476099108,4.018173677,361.6883296,9.590197247,173.279788,1.406754586,24.018397,332.4689528,1,397.1956572,339.8088584,14194.80616,1,17.60715977,31.40308545,19.71500856,7.173474921,9.01647333,0.376684383,0.071407023,3770.437858,7.618434657,79.38551142,95.98003733,83.50404945,176.5482633,198.2878033,437.4207931,0.49517755,12.11218955,87.34280823,92.68040719
2022,Aleppo,Menbij,5,6711,6711,17492.222,2606.5,0.476099108,4.018173677,361.6883296,9.590197247,173.279788,1.406754586,24.018397,332.4689528,1,397.1956572,339.8088584,14194.80616,1,17.60715977,31.40308545,19.71500856,7.173474921,9.01647333,0.376684383,0.071407023,3770.437858,7.618434657,79.38551142,95.98003733,83.50404945,176.5482633,198.2878033,437.4207931,0.49517755,12.11218955,87.34280823,92.68040719
2022,Aleppo,Ain_Al_Arab,2,8700,8700,26100,3000,0.285146327,2.615456939,522.426985,13.19467927,180.1352135,1.344070296,29.15984317,412.5287694,1,457.6511594,305.3832165,14101.6476,1,40.7417743,32.61294207,19.58562166,5.871829538,7.723247288,0.327896575,0.062319653,3958.376157,7.452704986,84.90983381,93.18281477,90.39463319,259.7738425,160.737883,374.9119357,1.026508894,16.80178945,88.08216194,86.06697787
2022,Aleppo,Ain_Al_Arab,3,2350,2350,7050,3000,0.285146327,2.615456939,522.426985,13.19467927,180.1352135,1.344070296,29.15984317,412.5287694,1,457.6511594,305.3832165,14101.6476,1,40.7417743,32.61294207,19.58562166,5.871829538,7.723247288,0.327896575,0.062319653,3958.376157,7.452704986,84.90983381,93.18281477,90.39463319,259.7738425,160.737883,374.9119357,1.026508894,16.80178945,88.08216194,86.06697787
2022,Aleppo,Jebel_Saman,1,244,244,646.6,2650,0.320135248,3.90953411,500.7580615,13.74065255,185.7492815,1.399045613,26.85095306,367.0160671,1,348.6130778,404.3217135,13916.59163,1,24.0041333,30.19814449,19.32859949,7.615348285,11.09240758,0.425266408,0.085012971,3643.354295,7.511498758,82.95004141,102.5131152,88.35499167,239.2942805,183.2856532,401.209007,0.780531933,17.98196178,89.55086008,28.18423019
2022,Aleppo,Jebel_Saman,2,1338,1338,3478.8,2600,0.320135248,3.90953411,500.7580615,13.74065255,185.7492815,1.399045613,26.85095306,367.0160671,1,348.6130778,404.3217135,13916.59163,1,24.0041333,30.19814449,19.32859949,7.615348285,11.09240758,0.425266408,0.085012971,3643.354295,7.511498758,82.95004141,102.5131152,88.35499167,239.2942805,183.2856532,401.209007,0.780531933,17.98196178,89.55086008,28.18423019
2022,Aleppo,Jebel_Saman,3,215,215,397.75,1850,0.320135248,3.90953411,500.7580615,13.74065255,185.7492815,1.399045613,26.85095306,367.0160671,1,348.6130778,404.3217135,13916.59163,1,24.0041333,30.19814449,19.32859949,7.615348285,11.09240758,0.425266408,0.085012971,3643.354295,7.511498758,82.95004141,102.5131152,88.35499167,239.2942805,183.2856532,401.209007,0.780531933,17.98196178,89.55086008,28.18423019
2022,Aleppo,As_Safira,2,2200,2200,6600,3000,0.226229514,2.727688396,357.9538717,9.632588541,194.0542344,1.456944439,23.81607607,339.9130212,1,386.7828001,357.4911841,14094.65752,1,58.56984464,30.64082889,19.57591323,7.660142031,9.641565494,0.393596902,0.074371812,3715.07144,7.634697244,78.8434252,101.8517632,74.96153636,172.9815025,209.796782,447.6738108,1.021027812,12.3940763,88.1376387,61.3127161
2022,Aleppo,As_Safira,3,2600,2600,7800,3000,0.226229514,2.727688396,357.9538717,9.632588541,194.0542344,1.456944439,23.81607607,339.9130212,1,386.7828001,357.4911841,14094.65752,1,58.56984464,30.64082889,19.57591323,7.660142031,9.641565494,0.393596902,0.074371812,3715.07144,7.634697244,78.8434252,101.8517632,74.96153636,172.9815025,209.796782,447.6738108,1.021027812,12.3940763,88.1376387,61.3127161
2022,Aleppo,As_Safira,4,200,200,515,2575,0.226229514,2.727688396,357.9538717,9.632588541,194.0542344,1.456944439,23.81607607,339.9130212,1,386.7828001,357.4911841,14094.65752,1,58.56984464,30.64082889,19.57591323,7.660142031,9.641565494,0.393596902,0.074371812,3715.07144,7.634697244,78.8434252,101.8517632,74.96153636,172.9815025,209.796782,447.6738108,1.021027812,12.3940763,88.1376387,61.3127161
2022,Aleppo,As_Safira,5,500,500,1250,2500,0.226229514,2.727688396,357.9538717,9.632588541,194.0542344,1.456944439,23.81607607,339.9130212,1,386.7828001,357.4911841,14094.65752,1,58.56984464,30.64082889,19.57591323,7.660142031,9.641565494,0.393596902,0.074371812,3715.07144,7.634697244,78.8434252,101.8517632,74.96153636,172.9815025,209.796782,447.6738108,1.021027812,12.3940763,88.1376387,61.3127161
2022,Aleppo,Al_Atarib,1,1000,1000,3000,3000,0.238032084,2.718073793,511.6978191,13.67893084,174.2304944,1.388732777,27.45568421,390.5144508,1,432.4067962,387.9370365,13744.21858,1,34.4062138,30.84601551,19.08919248,6.442974259,10.3800227,0.415400473,0.079682411,3751.00275,7.48601785,83.799405,103.38213,89.91706013,243.7858563,179.3366728,406.2694257,1.044627954,19.08461768,90.91890013,64.49473443
2022,Aleppo,Dayr_Hafir,2,260,260,676,2600,0.238032084,2.718073793,511.6978191,13.67893084,174.2304944,1.388732777,27.45568421,390.5144508,1,432.4067962,387.9370365,13744.21858,1,34.4062138,30.84601551,19.08919248,6.442974259,10.3800227,0.415400473,0.079682411,3751.00275,7.48601785,83.799405,103.38213,89.91706013,243.7858563,179.3366728,406.2694257,1.044627954,19.08461768,90.91890013,64.49473443
2022,Aleppo,Dayr_Hafir,3,9406,9406,23279.85,2475,0.238032084,2.718073793,511.6978191,13.67893084,174.2304944,1.388732777,27.45568421,390.5144508,1,432.4067962,387.9370365,13744.21858,1,34.4062138,30.84601551,19.08919248,6.442974259,10.3800227,0.415400473,0.079682411,3751.00275,7.48601785,83.799405,103.38213,89.91706013,243.7858563,179.3366728,406.2694257,1.044627954,19.08461768,90.91890013,64.49473443
2022,Aleppo,Dayr_Hafir,4,3894,3894,9850.652,2529.7,0.238032084,2.718073793,511.6978191,13.67893084,174.2304944,1.388732777,27.45568421,390.5144508,1,432.4067962,387.9370365,13744.21858,1,34.4062138,30.84601551,19.08919248,6.442974259,10.3800227,0.415400473,0.079682411,3751.00275,7.48601785,83.799405,103.38213,89.91706013,243.7858563,179.3366728,406.2694257,1.044627954,19.08461768,90.91890013,64.49473443
2022,Raqqa,Raqqa,3,300,300,803,2676.67,1.050201469,5.964680642,299.3546828,7.422462539,176.8215937,1.445777656,18.21052889,260.1565394,1,346.2123061,385.861235,14787.21978,1,26.05879584,32.45543228,20.53780524,7.611718501,9.598224844,0.251824626,0.035853945,4032.09119,7.943602406,68.54658646,87.96378861,76.95057016,151.379183,252.812006,466.2953785,0.418199141,7.517291598,82.64111289,89.8962532
2022,Raqqa,Raqqa,4,12951,12951,34706,2680,1.050201469,5.964680642,299.3546828,7.422462539,176.8215937,1.445777656,18.21052889,260.1565394,1,346.2123061,385.861235,14787.21978,1,26.05879584,32.45543228,20.53780524,7.611718501,9.598224844,0.251824626,0.035853945,4032.09119,7.943602406,68.54658646,87.96378861,76.95057016,151.379183,252.812006,466.2953785,0.418199141,7.517291598,82.64111289,89.8962532
2022,Raqqa,Raqqa,5,6500,6500,17420,2680,1.050201469,5.964680642,299.3546828,7.422462539,176.8215937,1.445777656,18.21052889,260.1565394,1,346.2123061,385.861235,14787.21978,1,26.05879584,32.45543228,20.53780524,7.611718501,9.598224844,0.251824626,0.035853945,4032.09119,7.943602406,68.54658646,87.96378861,76.95057016,151.379183,252.812006,466.2953785,0.418199141,7.517291598,82.64111289,89.8962532
2022,Raqqa,Tell_Abiad,2,23500,23500,62980,2680,0.478825179,3.735158564,455.0888046,11.28373076,188.9206138,1.450549568,27.03711738,400.1496788,1,371.821103,310.5081321,14746.93261,1,11.17783109,33.56460581,20.48185084,6.619916736,7.712749636,0.23130188,0.033776676,4032.141292,7.789701512,73.67661628,87.67490081,84.91251176,236.1778537,163.0030389,436.503596,0.353533461,11.88417515,82.96085232,33.28514589
2022,Raqqa,Tell_Abiad,3,3350,3350,8978,2680,0.478825179,3.735158564,455.0888046,11.28373076,188.9206138,1.450549568,27.03711738,400.1496788,1,371.821103,310.5081321,14746.93261,1,11.17783109,33.56460581,20.48185084,6.619916736,7.712749636,0.23130188,0.033776676,4032.141292,7.789701512,73.67661628,87.67490081,84.91251176,236.1778537,163.0030389,436.503596,0.353533461,11.88417515,82.96085232,33.28514589
2022,Raqqa,Tell_Abiad,4,150,150,403,2686.67,0.478825179,3.735158564,455.0888046,11.28373076,188.9206138,1.450549568,27.03711738,400.1496788,1,371.821103,310.5081321,14746.93261,1,11.17783109,33.56460581,20.48185084,6.619916736,7.712749636,0.23130188,0.033776676,4032.141292,7.789701512,73.67661628,87.67490081,84.91251176,236.1778537,163.0030389,436.503596,0.353533461,11.88417515,82.96085232,33.28514589
2022,Raqqa,Tabqat,3,350,350,938,2680,0.166312937,1.915996577,322.4079906,8.220368199,159.7684893,1.190950364,17.04136252,252.4603217,1,365.9192606,296.1494315,14461.93092,1,14.81675015,31.70220099,20.08601517,7.497222461,7.555463093,0.277066442,0.056127357,3921.062647,7.560426275,81.31912416,87.74859706,84.49662626,165.5372817,193.9123706,366.1195327,0.562168467,8.629667024,85.22277044,97.73904029
2022,Raqqa,Tabqat,4,400,400,1072,2680,0.166312937,1.915996577,322.4079906,8.220368199,159.7684893,1.190950364,17.04136252,252.4603217,1,365.9192606,296.1494315,14461.93092,1,14.81675015,31.70220099,20.08601517,7.497222461,7.555463093,0.277066442,0.056127357,3921.062647,7.560426275,81.31912416,87.74859706,84.49662626,165.5372817,193.9123706,366.1195327,0.562168467,8.629667024,85.22277044,97.73904029
2022,Raqqa,Tabqat,5,2499,2499,6981.636,2793,0.166312937,1.915996577,322.4079906,8.220368199,159.7684893,1.190950364,17.04136252,252.4603217,1,365.9192606,296.1494315,14461.93092,1,14.81675015,31.70220099,20.08601517,7.497222461,7.555463093,0.277066442,0.056127357,3921.062647,7.560426275,81.31912416,87.74859706,84.49662626,165.5372817,193.9123706,366.1195327,0.562168467,8.629667024,85.22277044,97.73904029
2022,Dayr_Az_Zor,Dayr_Az_Zor,4,1200,1200,3000,2500,1.527438458,6.266817637,277.9716056,6.353719001,160.6562038,1.475571533,17.45613594,279.0580926,1,311.6110564,326.3119336,15570.08535,1,24.94088817,34.16104866,21.62511854,7.475826855,7.486188404,0.189812501,0.023255455,4373.943329,7.945084905,68.49716985,90.86092252,70.69086481,144.1595338,267.81461,453.5383851,0.441646162,7.406680906,76.42789404,59.82997528
2022,Dayr_Az_Zor,Dayr_Az_Zor,5,13813,13813,25385,1838,1.527438458,6.266817637,277.9716056,6.353719001,160.6562038,1.475571533,17.45613594,279.0580926,1,311.6110564,326.3119336,15570.08535,1,24.94088817,34.16104866,21.62511854,7.475826855,7.486188404,0.189812501,0.023255455,4373.943329,7.945084905,68.49716985,90.86092252,70.69086481,144.1595338,267.81461,453.5383851,0.441646162,7.406680906,76.42789404,59.82997528
2022,Dayr_Az_Zor,Al_Mayadin,5,3763,3763,8370,2224,0.846879854,4.706853339,236.1786815,5.246791967,106.9848781,1.464284982,15.16950876,321.6518012,1,284.7469964,342.3090463,15951.85046,1,13.44925992,34.577984,22.15534786,8.50229903,7.633411147,0.160308048,0.012746968,4500.392146,7.935538403,68.81538657,95.74471651,66.67223932,120.405364,226.8776377,452.2255759,0.231444592,7.050522461,73.39801221,65.76879408
2022,Dayr_Az_Zor,Abu_Kamal,5,5198,5198,10870,2091,0.326690195,2.534252196,257.6242345,5.509759015,145.9024177,1.474952341,15.51213228,316.9541986,1,199.0450865,280.0051193,16453.33767,1,17.05196237,35.56587328,22.85185788,8.797239032,6.008735494,0.189567589,0.019720783,4674.780444,7.914785937,69.50713545,99.5615819,67.56458255,127.1424415,210.3167699,473.4703945,0.275403663,8.147721895,69.41795498,64.43444099
2022,Hassakeh,Hassakeh,1,350,350,1085,3100,1.234999017,5.292191536,433.7473863,9.808065615,179.2026918,1.453912692,22.75778998,312.1287676,1,352.2277754,256.4968273,15453.47138,1,19.1175947,34.85050812,21.46315469,6.72688267,5.80346644,0.201110278,0.026851314,4421.354044,7.76640865,74.453045,92.0468608,80.08382336,230.3232279,232.8497925,449.1236429,0.493960645,10.83503123,77.35340178,55.44769984
2022,Hassakeh,Hassakeh,2,7404,7404,21948,2964,1.234999017,5.292191536,433.7473863,9.808065615,179.2026918,1.453912692,22.75778998,312.1287676,1,352.2277754,256.4968273,15453.47138,1,19.1175947,34.85050812,21.46315469,6.72688267,5.80346644,0.201110278,0.026851314,4421.354044,7.76640865,74.453045,92.0468608,80.08382336,230.3232279,232.8497925,449.1236429,0.493960645,10.83503123,77.35340178,55.44769984
2022,Hassakeh,Hassakeh,3,2054,2054,5884,2865,1.234999017,5.292191536,433.7473863,9.808065615,179.2026918,1.453912692,22.75778998,312.1287676,1,352.2277754,256.4968273,15453.47138,1,19.1175947,34.85050812,21.46315469,6.72688267,5.80346644,0.201110278,0.026851314,4421.354044,7.76640865,74.453045,92.0468608,80.08382336,230.3232279,232.8497925,449.1236429,0.493960645,10.83503123,77.35340178,55.44769984
2022,Hassakeh,Hassakeh,4,2178,2178,5758,2644,1.234999017,5.292191536,433.7473863,9.808065615,179.2026918,1.453912692,22.75778998,312.1287676,1,352.2277754,256.4968273,15453.47138,1,19.1175947,34.85050812,21.46315469,6.72688267,5.80346644,0.201110278,0.026851314,4421.354044,7.76640865,74.453045,92.0468608,80.08382336,230.3232279,232.8497925,449.1236429,0.493960645,10.83503123,77.35340178,55.44769984
2022,Hassakeh,Hassakeh,5,3117,3117,8143,2613,1.234999017,5.292191536,433.7473863,9.808065615,179.2026918,1.453912692,22.75778998,312.1287676,1,352.2277754,256.4968273,15453.47138,1,19.1175947,34.85050812,21.46315469,6.72688267,5.80346644,0.201110278,0.026851314,4421.354044,7.76640865,74.453045,92.0468608,80.08382336,230.3232279,232.8497925,449.1236429,0.493960645,10.83503123,77.35340178,55.44769984
2022,Hassakeh,Quamishli,1,6847,6847,20390,2978,0.384508781,3.376182941,687.2387848,15.24289909,189.6343908,1.4227755,32.71215887,381.6987929,1,387.3408823,287.7409778,15124.67677,1,4.224880292,35.06069318,21.00649552,5.936039841,6.390644645,0.338313256,0.055353182,4507.583182,7.499177245,83.3607585,91.40521057,91.06483641,367.7380977,188.6721752,424.1715544,0.236333983,15.93920513,79.96288274,2.151515152
2022,Hassakeh,Quamishli,2,2573,2573,7230,2810,0.384508781,3.376182941,687.2387848,15.24289909,189.6343908,1.4227755,32.71215887,381.6987929,1,387.3408823,287.7409778,15124.67677,1,4.224880292,35.06069318,21.00649552,5.936039841,6.390644645,0.338313256,0.055353182,4507.583182,7.499177245,83.3607585,91.40521057,91.06483641,367.7380977,188.6721752,424.1715544,0.236333983,15.93920513,79.96288274,2.151515152
2022,Hassakeh,Quamishli,3,2015,2015,5473,2716,0.384508781,3.376182941,687.2387848,15.24289909,189.6343908,1.4227755,32.71215887,381.6987929,1,387.3408823,287.7409778,15124.67677,1,4.224880292,35.06069318,21.00649552,5.936039841,6.390644645,0.338313256,0.055353182,4507.583182,7.499177245,83.3607585,91.40521057,91.06483641,367.7380977,188.6721752,424.1715544,0.236333983,15.93920513,79.96288274,2.151515152
2022,Hassakeh,Al_Malika,1,13365,13365,39334,2943,0.273788898,2.626098262,818.6852951,17.54739628,177.7179584,1.393407522,35.81191186,396.1542193,1,442.2589019,302.1065869,14713.76807,1,11.47143655,34.81196718,20.43578899,5.012095812,6.482347978,0.423642656,0.074850495,4664.56566,7.401004555,86.63318149,93.84450649,92.67837407,454.1620752,182.2285639,417.2135132,0.627665989,23.0979689,83.22406293,71.48066457
2022,Hassakeh,Al_Malika,2,355,355,977,2752,0.273788898,2.626098262,818.6852951,17.54739628,177.7179584,1.393407522,35.81191186,396.1542193,1,442.2589019,302.1065869,14713.76807,1,11.47143655,34.81196718,20.43578899,5.012095812,6.482347978,0.423642656,0.074850495,4664.56566,7.401004555,86.63318149,93.84450649,92.67837407,454.1620752,182.2285639,417.2135132,0.627665989,23.0979689,83.22406293,71.48066457
2022,Hassakeh,Al_Malika,3,25,25,66.875,2675,0.273788898,2.626098262,818.6852951,17.54739628,177.7179584,1.393407522,35.81191186,396.1542193,1,442.2589019,302.1065869,14713.76807,1,11.47143655,34.81196718,20.43578899,5.012095812,6.482347978,0.423642656,0.074850495,4664.56566,7.401004555,86.63318149,93.84450649,92.67837407,454.1620752,182.2285639,417.2135132,0.627665989,23.0979689,83.22406293,71.48066457
2022,Hassakeh,Ras_Al_Ain,1,8960,8960,26835,2995,0.383012451,4.287075453,553.9880121,12.85810461,181.239228,1.436138441,29.13638552,428.1986409,1,428.0325777,315.6201443,14743.97555,1,10.62784115,34.23489984,20.47774382,6.001896001,7.323877608,0.295120469,0.04867221,4307.473364,7.607914063,79.7361979,87.06119395,88.2097834,288.9234952,158.4989891,413.1203426,0.413294717,15.5378662,82.98432103,3.258706468
2022,Hassakeh,Ras_Al_Ain,2,7720,7720,21655,2805,0.383012451,4.287075453,553.9880121,12.85810461,181.239228,1.436138441,29.13638552,428.1986409,1,428.0325777,315.6201443,14743.97555,1,10.62784115,34.23489984,20.47774382,6.001896001,7.323877608,0.295120469,0.04867221,4307.473364,7.607914063,79.7361979,87.06119395,88.2097834,288.9234952,158.4989891,413.1203426,0.413294717,15.5378662,82.98432103,3.258706468
2022,Hassakeh,Ras_Al_Ain,3,750,750,2106,2808,0.383012451,4.287075453,553.9880121,12.85810461,181.239228,1.436138441,29.13638552,428.1986409,1,428.0325777,315.6201443,14743.97555,1,10.62784115,34.23489984,20.47774382,6.001896001,7.323877608,0.295120469,0.04867221,4307.473364,7.607914063,79.7361979,87.06119395,88.2097834,288.9234952,158.4989891,413.1203426,0.413294717,15.5378662,82.98432103,3.258706468
2023,Homs,Tall_Kalakh,1,950,950,1965.313,2068.75,0.061265386,1.382119937,1162.007335,32.11416705,213.4968276,1.371293035,28.50363662,371.8628808,1,462.9664108,792.7120297,13163.31895,1,86.9397267,27.44821989,18.28238743,8.001789979,21.93076513,0.698475953,0.121368939,3617.363612,7.036198454,98.79338486,91.15852066,99.20772418,527.858406,256.0800903,370.1287946,2.899572474,38.32373734,95.52921469,63.89144317
2023,Hama,Hama,2,15,15,35.25,2350,0.227677668,4.733216797,548.6403936,15.49774467,192.7904067,1.455316559,28.89107986,399.9433813,1,367.8882638,439.3072189,13724.01401,1,25.04294796,29.63410386,19.06113056,7.75339253,12.39057115,0.528248425,0.106224894,3539.13055,7.530149647,82.32834509,84.13475451,91.48770998,243.9134161,199.991121,385.7041579,0.890006436,18.48653952,91.07925392,22.43352601
2023,Hama,Hama,3,123,123,304.9,2479,0.227677668,4.733216797,548.6403936,15.49774467,192.7904067,1.455316559,28.89107986,399.9433813,1,367.8882638,439.3072189,13724.01401,1,25.04294796,29.63410386,19.06113056,7.75339253,12.39057115,0.528248425,0.106224894,3539.13055,7.530149647,82.32834509,84.13475451,91.48770998,243.9134161,199.991121,385.7041579,0.890006436,18.48653952,91.07925392,22.43352601
2023,Hama,Al_Ghab,1,6223,6223,23959,3850,0.049595436,1.643165164,1160.485857,34.36033469,139.7759455,1.347860465,28.59829587,349.5799349,1,352.189296,873.9496901,12791.87691,1,139.7020723,27.63260823,17.76649571,7.279976001,25.83983103,0.717495735,0.127998166,3376.399746,6.782044179,92.73480597,86.72626648,108.4255186,526.2543907,280.5196852,361.9957542,4.508295663,42.21571718,98.47716734,35.28868661
2023,Idleb,Idleb,1,438,438,1116.9,2550,0.125820372,2.188331063,682.7478459,19.4353295,133.1604544,1.441830046,29.96636028,396.7139838,1,349.4829207,502.8977547,13551.43279,1,18.66965742,29.45196242,18.82143443,7.611267152,14.30311203,0.59183116,0.124687545,3511.921382,7.363514149,87.8828617,78.78809827,102.3620874,292.3668351,201.4720497,378.6673336,0.928862474,24.86059375,92.44894609,24.08243728
2023,Idleb,Idleb,2,143,143,432.575,3025,0.125820372,2.188331063,682.7478459,19.4353295,133.1604544,1.441830046,29.96636028,396.7139838,1,349.4829207,502.8977547,13551.43279,1,18.66965742,29.45196242,18.82143443,7.611267152,14.30311203,0.59183116,0.124687545,3511.921382,7.363514149,87.8828617,78.78809827,102.3620874,292.3668351,201.4720497,378.6673336,0.928862474,24.86059375,92.44894609,24.08243728
2023,Idleb,Idleb,3,652,652,1956,3000,0.125820372,2.188331063,682.7478459,19.4353295,133.1604544,1.441830046,29.96636028,396.7139838,1,349.4829207,502.8977547,13551.43279,1,18.66965742,29.45196242,18.82143443,7.611267152,14.30311203,0.59183116,0.124687545,3511.921382,7.363514149,87.8828617,78.78809827,102.3620874,292.3668351,201.4720497,378.6673336,0.928862474,24.86059375,92.44894609,24.08243728
2023,Idleb,Harim,1,350,350,892.5,2550,0.076955511,1.744823344,884.272408,25.92426001,208.4698796,1.397594182,27.2782689,356.5012631,1,400.6489695,498.1062098,13057.53523,1,91.8753057,28.92379205,18.13546559,6.964360673,14.61773836,0.47109117,0.079555166,3409.984181,7.125463716,95.81787612,77.61240766,116.1778042,371.0598494,243.3845318,396.2349649,3.52892128,34.93256475,96.36876805,7.104166667
2023,Idleb,Al_Jisr_Ash_Shu,1,400,400,1020,2550,0.061795348,1.387996783,1061.74161,32.05053441,177.540447,1.380476929,27.89801472,304.6574213,1,349.3955892,618.904803,12858.49766,1,101.3142959,27.73785601,17.85902453,7.457486603,18.67697197,0.598284523,0.10624792,3311.711097,6.711311118,90.37703725,85.51059219,111.419698,470.8489151,309.262822,377.4719518,3.793157673,40.90641577,97.94843125,19.55376344
2023,Idleb,Al_Ma'ra,1,152,152,446.5,2937.5,0.219400577,2.789560748,599.8657654,17.37096887,161.5969773,1.44106543,30.50289991,387.8445436,1,426.7153644,435.0355745,13501.17845,1,29.05957912,29.52073911,18.75163673,7.334007666,12.61294934,0.556413994,0.117735319,3452.266021,7.422356298,85.92145674,82.27702422,95.74820282,262.3009034,211.8633148,395.4624714,1.089096217,21.8826255,92.8477901,2.740740741
2023,Idleb,Al_Ma'ra,2,341,341,937.75,2750,0.219400577,2.789560748,599.8657654,17.37096887,161.5969773,1.44106543,30.50289991,387.8445436,1,426.7153644,435.0355745,13501.17845,1,29.05957912,29.52073911,18.75163673,7.334007666,12.61294934,0.556413994,0.117735319,3452.266021,7.422356298,85.92145674,82.27702422,95.74820282,262.3009034,211.8633148,395.4624714,1.089096217,21.8826255,92.8477901,2.740740741
2023,Idleb,Al_Ma'ra,3,115,115,319.125,2775,0.219400577,2.789560748,599.8657654,17.37096887,161.5969773,1.44106543,30.50289991,387.8445436,1,426.7153644,435.0355745,13501.17845,1,29.05957912,29.52073911,18.75163673,7.334007666,12.61294934,0.556413994,0.117735319,3452.266021,7.422356298,85.92145674,82.27702422,95.74820282,262.3009034,211.8633148,395.4624714,1.089096217,21.8826255,92.8477901,2.740740741
2023,Idleb,Ariha,1,500,500,1275,2550,0.06189382,1.20144567,785.3671995,22.83590439,178.7756591,1.396585143,27.93576679,350.6523137,1,582.149967,491.5557915,12651.33798,1,87.67581128,28.20269481,17.57130274,6.446228428,14.3008083,0.465239823,0.081527812,3438.177122,7.15618642,94.79378601,84.37023014,102.721592,341.1090674,264.1637633,380.2716742,2.592602428,31.56046909,99.59255575,35.35190616
2023,Tartous,Tartous,1,4953.69,4953.69,14931.837,3014,0.049162657,1.417978043,1351.284443,37.10154739,226.602822,1.337365278,24.38800112,328.0083572,1,151.3380759,950.3251094,13935.52276,1,85.26540945,27.31854687,19.35489272,10.53082335,26.14147612,0.629634063,0.075151729,3641.124218,6.801489796,93.38299321,88.00640943,103.3863366,654.3553806,293.3316743,364.969705,1.987711269,46.76351549,89.40061304,64.49344978
2023,Tartous,Safita,1,39.5,39.5,89.369,2262.5,0.047070335,1.157636077,1588.401122,44.51372928,212.2246192,1.350786518,24.81991989,329.6296751,1,294.0703481,847.8352684,13561.00726,1,85.74052064,27.35197363,18.83473231,9.376704269,23.77529033,0.645573162,0.076258908,3567.339809,6.807968775,93.59895915,90.14801677,107.7751282,753.0972895,291.9812893,377.4132804,2.351750182,44.6094789,92.37295822,76.62715679
2023,Aleppo,A'zaz,1,592,592,1996.567,3372.58,0.121728487,2.146811382,540.7581258,14.64919,180.5676029,1.396196968,30.36538609,429.7996425,1,481.8095159,519.2226114,13318.31547,1,12.33630082,30.51117574,18.49766038,5.93826393,14.07247682,0.599463856,0.126602448,3690.385844,7.471901984,84.26993387,82.65251994,94.86080707,233.0498727,165.5478602,396.9674719,0.559398203,24.25735487,94.29908357,30.7875817
2023,Aleppo,A'zaz,2,147,147,471.975,3210.71,0.121728487,2.146811382,540.7581258,14.64919,180.5676029,1.396196968,30.36538609,429.7996425,1,481.8095159,519.2226114,13318.31547,1,12.33630082,30.51117574,18.49766038,5.93826393,14.07247682,0.599463856,0.126602448,3690.385844,7.471901984,84.26993387,82.65251994,94.86080707,233.0498727,165.5478602,396.9674719,0.559398203,24.25735487,94.29908357,30.7875817
2023,Aleppo,Afrin,1,341,341,1159.4,3400,0.194810459,2.230856022,822.0640289,23.33418372,184.8305861,1.371035123,25.51170824,404.3181051,1,493.5760545,488.927268,12833.84281,1,89.965976,29.56130984,17.82478169,5.447687467,13.87727261,0.433506745,0.061712543,3522.003157,7.198506433,93.3831189,80.59402456,106.6335174,342.1858688,192.8950466,401.4796676,3.206478872,32.26458622,98.14410465,72.67440361
2023,Aleppo,Jarablus,2,1472,1472,4563.2,3100,0.056313267,1.389591551,501.2307231,13.6545585,123.911363,1.374076188,31.59740814,433.9335195,1,453.0262094,390.4735632,13737.76701,1,19.54434174,32.85381442,19.08023197,5.293938518,10.64448735,0.452815997,0.080552849,3669.794064,7.473535251,84.21549162,84.77801527,91.64897259,225.846961,151.8135123,395.6820817,0.731704106,17.89025411,90.97010306,86.86344794
2023,Aleppo,Al_Bab,1,110,110,275,2500,0.223794265,2.70647827,417.3772107,11.51314798,171.3158859,1.361738999,28.32570189,404.137529,1,440.5998951,447.5752104,13771.92222,1,12.48017986,31.13088671,19.12766976,6.540947347,12.36484598,0.476067645,0.095547945,3624.222323,7.526863486,82.4378838,81.40047051,87.78339829,189.2529982,172.3288421,394.8106379,0.536196258,18.97472913,90.69902997,57.38811081
2023,Aleppo,Al_Bab,2,353,353,693.669,1965,0.223794265,2.70647827,417.3772107,11.51314798,171.3158859,1.361738999,28.32570189,404.137529,1,440.5998951,447.5752104,13771.92222,1,12.48017986,31.13088671,19.12766976,6.540947347,12.36484598,0.476067645,0.095547945,3624.222323,7.526863486,82.4378838,81.40047051,87.78339829,189.2529982,172.3288421,394.8106379,0.536196258,18.97472913,90.69902997,57.38811081
2023,Aleppo,Al_Bab,3,12,12,35.4,2950,0.223794265,2.70647827,417.3772107,11.51314798,171.3158859,1.361738999,28.32570189,404.137529,1,440.5998951,447.5752104,13771.92222,1,12.48017986,31.13088671,19.12766976,6.540947347,12.36484598,0.476067645,0.095547945,3624.222323,7.526863486,82.4378838,81.40047051,87.78339829,189.2529982,172.3288421,394.8106379,0.536196258,18.97472913,90.69902997,57.38811081
2023,Aleppo,Menbij,2,1954,1954,7034.4,3600,0.476099108,4.018173677,373.9696713,10.20802512,173.279788,1.406754586,24.018397,332.4689528,1,397.1956572,396.3335132,14164.86613,1,17.60715977,31.67905544,19.67342518,7.114548279,10.81780349,0.467570877,0.086720175,3662.48698,7.618434657,79.38551142,83.05291979,85.72676478,175.381185,198.2878033,437.4207931,0.49517755,12.11218955,87.58042752,92.68040719
2023,Aleppo,Menbij,3,1052,1052,3497.9,3325,0.476099108,4.018173677,373.9696713,10.20802512,173.279788,1.406754586,24.018397,332.4689528,1,397.1956572,396.3335132,14164.86613,1,17.60715977,31.67905544,19.67342518,7.114548279,10.81780349,0.467570877,0.086720175,3662.48698,7.618434657,79.38551142,83.05291979,85.72676478,175.381185,198.2878033,437.4207931,0.49517755,12.11218955,87.58042752,92.68040719
2023,Aleppo,Menbij,4,14614,14614,46358.856,3172,0.476099108,4.018173677,373.9696713,10.20802512,173.279788,1.406754586,24.018397,332.4689528,1,397.1956572,396.3335132,14164.86613,1,17.60715977,31.67905544,19.67342518,7.114548279,10.81780349,0.467570877,0.086720175,3662.48698,7.618434657,79.38551142,83.05291979,85.72676478,175.381185,198.2878033,437.4207931,0.49517755,12.11218955,87.58042752,92.68040719
2023,Aleppo,Menbij,5,6711,6711,20133,3000,0.476099108,4.018173677,373.9696713,10.20802512,173.279788,1.406754586,24.018397,332.4689528,1,397.1956572,396.3335132,14164.86613,1,17.60715977,31.67905544,19.67342518,7.114548279,10.81780349,0.467570877,0.086720175,3662.48698,7.618434657,79.38551142,83.05291979,85.72676478,175.381185,198.2878033,437.4207931,0.49517755,12.11218955,87.58042752,92.68040719
2023,Aleppo,Ain_Al_Arab,2,13200,13200,47520,3600,0.285146327,2.615456939,563.7385286,14.77282765,180.1352135,1.344070296,29.15984317,412.5287694,1,457.6511594,380.733672,14039.3435,1,40.7417743,33.13139378,19.4990882,5.871829538,9.98038138,0.56486627,0.1175264,3815.050264,7.452704986,84.90983381,86.86222377,94.27879656,262.6337321,160.737883,374.9119357,1.026508894,16.80178945,88.57663887,86.06697787
2023,Aleppo,Ain_Al_Arab,3,3350,3350,11390,3400,0.285146327,2.615456939,563.7385286,14.77282765,180.1352135,1.344070296,29.15984317,412.5287694,1,457.6511594,380.733672,14039.3435,1,40.7417743,33.13139378,19.4990882,5.871829538,9.98038138,0.56486627,0.1175264,3815.050264,7.452704986,84.90983381,86.86222377,94.27879656,262.6337321,160.737883,374.9119357,1.026508894,16.80178945,88.57663887,86.06697787
2023,Aleppo,Jebel_Saman,1,477,477,1574.1,3300,0.320135248,3.90953411,477.117923,13.45078449,185.7492815,1.399045613,26.85095306,367.0160671,1,348.6130778,438.5213268,13892.91797,1,24.0041333,30.37215203,19.2957194,7.615348285,12.3543548,0.48276746,0.096477001,3546.138261,7.511498758,82.95004141,79.83937935,91.4496434,209.7386212,183.2856532,401.209007,0.780531933,17.98196178,89.7387463,28.18423019
2023,Aleppo,Jebel_Saman,2,3429,3429,10496.55,3061,0.320135248,3.90953411,477.117923,13.45078449,185.7492815,1.399045613,26.85095306,367.0160671,1,348.6130778,438.5213268,13892.91797,1,24.0041333,30.37215203,19.2957194,7.615348285,12.3543548,0.48276746,0.096477001,3546.138261,7.511498758,82.95004141,79.83937935,91.4496434,209.7386212,183.2856532,401.209007,0.780531933,17.98196178,89.7387463,28.18423019
2023,Aleppo,Jebel_Saman,3,439,439,1111.611,2532.14,0.320135248,3.90953411,477.117923,13.45078449,185.7492815,1.399045613,26.85095306,367.0160671,1,348.6130778,438.5213268,13892.91797,1,24.0041333,30.37215203,19.2957194,7.615348285,12.3543548,0.48276746,0.096477001,3546.138261,7.511498758,82.95004141,79.83937935,91.4496434,209.7386212,183.2856532,401.209007,0.780531933,17.98196178,89.7387463,28.18423019
2023,Aleppo,As_Safira,2,2350,2350,9047.5,3850,0.226229514,2.727688396,345.265284,9.544454062,194.0542344,1.456944439,23.81607607,339.9130212,1,386.7828001,393.9807874,14075.21585,1,58.56984464,30.88501245,19.5489109,7.606831907,10.90526901,0.413365635,0.074354707,3616.444033,7.634697244,78.8434252,79.210341,79.4979355,154.8323411,209.796782,447.6738108,1.021027812,12.3940763,88.29193769,61.3127161
2023,Aleppo,As_Safira,3,2700,2700,9736.875,3606.25,0.226229514,2.727688396,345.265284,9.544454062,194.0542344,1.456944439,23.81607607,339.9130212,1,386.7828001,393.9807874,14075.21585,1,58.56984464,30.88501245,19.5489109,7.606831907,10.90526901,0.413365635,0.074354707,3616.444033,7.634697244,78.8434252,79.210341,79.4979355,154.8323411,209.796782,447.6738108,1.021027812,12.3940763,88.29193769,61.3127161
2023,Aleppo,As_Safira,4,200,200,673.75,3368.75,0.226229514,2.727688396,345.265284,9.544454062,194.0542344,1.456944439,23.81607607,339.9130212,1,386.7828001,393.9807874,14075.21585,1,58.56984464,30.88501245,19.5489109,7.606831907,10.90526901,0.413365635,0.074354707,3616.444033,7.634697244,78.8434252,79.210341,79.4979355,154.8323411,209.796782,447.6738108,1.021027812,12.3940763,88.29193769,61.3127161
2023,Aleppo,As_Safira,5,500,500,1462.5,2925,0.226229514,2.727688396,345.265284,9.544454062,194.0542344,1.456944439,23.81607607,339.9130212,1,386.7828001,393.9807874,14075.21585,1,58.56984464,30.88501245,19.5489109,7.606831907,10.90526901,0.413365635,0.074354707,3616.444033,7.634697244,78.8434252,79.210341,79.4979355,154.8323411,209.796782,447.6738108,1.021027812,12.3940763,88.29193769,61.3127161
2023,Aleppo,Al_Atarib,1,1095,1095,3832.5,3500,0.238032084,2.718073793,505.1901869,13.89089644,174.2304944,1.388732777,27.45568421,390.5144508,1,432.4067962,431.9709941,13729.27387,1,34.4062138,31.26560005,19.06843594,6.428674409,11.87711143,0.486303061,0.092436759,3643.315616,7.48601785,83.799405,82.29873677,91.48497945,224.1151975,179.3366728,406.2694257,1.044627954,19.08461768,91.03750895,64.49473443
2023,Aleppo,Dayr_Hafir,2,263,263,565.45,2150,0.238032084,2.718073793,505.1901869,13.89089644,174.2304944,1.388732777,27.45568421,390.5144508,1,432.4067962,431.9709941,13729.27387,1,34.4062138,31.26560005,19.06843594,6.428674409,11.87711143,0.486303061,0.092436759,3643.315616,7.48601785,83.799405,82.29873677,91.48497945,224.1151975,179.3366728,406.2694257,1.044627954,19.08461768,91.03750895,64.49473443
2023,Aleppo,Dayr_Hafir,3,7840,7840,19649,2506.25,0.238032084,2.718073793,505.1901869,13.89089644,174.2304944,1.388732777,27.45568421,390.5144508,1,432.4067962,431.9709941,13729.27387,1,34.4062138,31.26560005,19.06843594,6.428674409,11.87711143,0.486303061,0.092436759,3643.315616,7.48601785,83.799405,82.29873677,91.48497945,224.1151975,179.3366728,406.2694257,1.044627954,19.08461768,91.03750895,64.49473443
2023,Aleppo,Dayr_Hafir,4,3357,3357,6630.075,1975,0.238032084,2.718073793,505.1901869,13.89089644,174.2304944,1.388732777,27.45568421,390.5144508,1,432.4067962,431.9709941,13729.27387,1,34.4062138,31.26560005,19.06843594,6.428674409,11.87711143,0.486303061,0.092436759,3643.315616,7.48601785,83.799405,82.29873677,91.48497945,224.1151975,179.3366728,406.2694257,1.044627954,19.08461768,91.03750895,64.49473443
2023,Raqqa,Raqqa,3,310,310,1116,3600,1.050201469,5.964680642,331.7728843,8.426989827,176.8215937,1.445777656,18.21052889,260.1565394,1,346.2123061,438.9991523,14692.17591,1,26.05879584,32.59318612,20.40579988,7.554922282,11.17152197,0.437196325,0.078022608,3936.027232,7.943602406,68.54658646,88.18407201,80.44932087,159.8468785,252.812006,466.2953785,0.418199141,7.517291598,83.39542927,89.8962532
2023,Raqqa,Raqqa,4,13100,13100,46178,3525,1.050201469,5.964680642,331.7728843,8.426989827,176.8215937,1.445777656,18.21052889,260.1565394,1,346.2123061,438.9991523,14692.17591,1,26.05879584,32.59318612,20.40579988,7.554922282,11.17152197,0.437196325,0.078022608,3936.027232,7.943602406,68.54658646,88.18407201,80.44932087,159.8468785,252.812006,466.2953785,0.418199141,7.517291598,83.39542927,89.8962532
2023,Raqqa,Raqqa,5,6050,6050,21326,3525,1.050201469,5.964680642,331.7728843,8.426989827,176.8215937,1.445777656,18.21052889,260.1565394,1,346.2123061,438.9991523,14692.17591,1,26.05879584,32.59318612,20.40579988,7.554922282,11.17152197,0.437196325,0.078022608,3936.027232,7.943602406,68.54658646,88.18407201,80.44932087,159.8468785,252.812006,466.2953785,0.418199141,7.517291598,83.39542927,89.8962532
2023,Raqqa,Tell_Abiad,2,28420,28420,99470,3500,0.478825179,3.735158564,525.2487905,13.4699064,188.9206138,1.450549568,27.03711738,400.1496788,1,371.821103,378.4019688,14652.62766,1,11.17783109,33.8523338,20.35087176,6.619878668,9.713598115,0.459369666,0.081526874,3898.424205,7.789701512,73.67661628,88.06062179,86.65600513,249.2888155,163.0030389,436.503596,0.353533461,11.88417515,83.70930426,33.28514589
2023,Raqqa,Tell_Abiad,3,3400,3400,11900,3500,0.478825179,3.735158564,525.2487905,13.4699064,188.9206138,1.450549568,27.03711738,400.1496788,1,371.821103,378.4019688,14652.62766,1,11.17783109,33.8523338,20.35087176,6.619878668,9.713598115,0.459369666,0.081526874,3898.424205,7.789701512,73.67661628,88.06062179,86.65600513,249.2888155,163.0030389,436.503596,0.353533461,11.88417515,83.70930426,33.28514589
2023,Raqqa,Tell_Abiad,4,160,160,560,3500,0.478825179,3.735158564,525.2487905,13.4699064,188.9206138,1.450549568,27.03711738,400.1496788,1,371.821103,378.4019688,14652.62766,1,11.17783109,33.8523338,20.35087176,6.619878668,9.713598115,0.459369666,0.081526874,3898.424205,7.789701512,73.67661628,88.06062179,86.65600513,249.2888155,163.0030389,436.503596,0.353533461,11.88417515,83.70930426,33.28514589
2023,Raqqa,Tabqat,3,340,340,1360,4000,0.166312937,1.915996577,353.0544386,9.303509936,159.7684893,1.190950364,17.04136252,252.4603217,1,365.9192606,348.5356614,14415.08747,1,14.81675015,31.91136187,20.02095481,7.471055942,9.188781066,0.489998024,0.101994315,3793.852062,7.560426275,81.31912416,84.48291199,88.47190836,170.1670632,193.9123706,366.1195327,0.562168467,8.629667024,85.59454392,97.73904029
2023,Raqqa,Tabqat,4,420,420,1680,4000,0.166312937,1.915996577,353.0544386,9.303509936,159.7684893,1.190950364,17.04136252,252.4603217,1,365.9192606,348.5356614,14415.08747,1,14.81675015,31.91136187,20.02095481,7.471055942,9.188781066,0.489998024,0.101994315,3793.852062,7.560426275,81.31912416,84.48291199,88.47190836,170.1670632,193.9123706,366.1195327,0.562168467,8.629667024,85.59454392,97.73904029
2023,Raqqa,Tabqat,5,3800,3800,10713,2819.21,0.166312937,1.915996577,353.0544386,9.303509936,159.7684893,1.190950364,17.04136252,252.4603217,1,365.9192606,348.5356614,14415.08747,1,14.81675015,31.91136187,20.02095481,7.471055942,9.188781066,0.489998024,0.101994315,3793.852062,7.560426275,81.31912416,84.48291199,88.47190836,170.1670632,193.9123706,366.1195327,0.562168467,8.629667024,85.59454392,97.73904029
2023,Dayr_Az_Zor,Dayr_Az_Zor,4,1200,1200,3600,3000,1.527438458,6.266817637,326.7886237,7.65373548,160.6562038,1.475571533,17.45613594,279.0580926,1,311.6110564,367.5313887,15436.41814,1,24.94088817,34.36678588,21.43946963,7.475690378,8.635666667,0.275201282,0.045130016,4268.661848,7.945084905,68.49716985,93.87922563,74.87514268,159.0287057,267.81461,453.5383851,0.441646162,7.406680906,77.48874495,59.82997528
2023,Dayr_Az_Zor,Dayr_Az_Zor,5,14545.65,14545.65,43237.727,2972,1.527438458,6.266817637,326.7886237,7.65373548,160.6562038,1.475571533,17.45613594,279.0580926,1,311.6110564,367.5313887,15436.41814,1,24.94088817,34.36678588,21.43946963,7.475690378,8.635666667,0.275201282,0.045130016,4268.661848,7.945084905,68.49716985,93.87922563,74.87514268,159.0287057,267.81461,453.5383851,0.441646162,7.406680906,77.48874495,59.82997528
2023,Dayr_Az_Zor,Al_Mayadin,5,2888.8,2888.8,7863.314,2722,0.846879854,4.706853339,284.7454856,6.476007681,106.9848781,1.464284982,15.16950876,321.6518012,1,284.7469964,379.9487465,15834.34554,1,13.44925992,34.82288958,21.99214658,8.318649275,8.669600104,0.212170433,0.026796119,4395.9294,7.935538403,68.81538657,94.10397262,74.12107201,143.7493306,226.8776377,452.2255759,0.231444592,7.050522461,74.33059096,65.76879408
2023,Dayr_Az_Zor,Abu_Kamal,5,6565.2,6565.2,18243,2778,0.326690195,2.534252196,317.110598,6.982192764,145.9024177,1.474952341,15.51213228,316.9541986,1,199.0450865,320.0002854,16336.64847,1,17.05196237,35.79134445,22.68978954,8.619180373,7.064927508,0.225829326,0.033700817,4540.705001,7.914785937,69.50713545,95.65065228,74.74443466,163.3299197,210.3167699,473.4703945,0.275403663,8.147721895,70.3440598,64.43444099
2023,Hassakeh,Hassakeh,1,350,350,1081.588,3090.25,1.234999017,5.292191536,504.2815118,11.7798694,179.2026918,1.453912692,22.75778998,312.1287676,1,352.2277754,288.9371515,15312.78944,1,19.1175947,35.19031775,21.26776311,6.72688267,6.75610179,0.265011239,0.040978092,4279.875235,7.76640865,74.453045,91.45603774,85.68708648,236.8345199,232.8497925,449.1236429,0.493960645,10.83503123,78.46992511,55.44769984
2023,Hassakeh,Hassakeh,2,7612.338,7612.338,30180.665,3964,1.234999017,5.292191536,504.2815118,11.7798694,179.2026918,1.453912692,22.75778998,312.1287676,1,352.2277754,288.9371515,15312.78944,1,19.1175947,35.19031775,21.26776311,6.72688267,6.75610179,0.265011239,0.040978092,4279.875235,7.76640865,74.453045,91.45603774,85.68708648,236.8345199,232.8497925,449.1236429,0.493960645,10.83503123,78.46992511,55.44769984
2023,Hassakeh,Hassakeh,3,2796,2796,10734.517,3839,1.234999017,5.292191536,504.2815118,11.7798694,179.2026918,1.453912692,22.75778998,312.1287676,1,352.2277754,288.9371515,15312.78944,1,19.1175947,35.19031775,21.26776311,6.72688267,6.75610179,0.265011239,0.040978092,4279.875235,7.76640865,74.453045,91.45603774,85.68708648,236.8345199,232.8497925,449.1236429,0.493960645,10.83503123,78.46992511,55.44769984
2023,Hassakeh,Hassakeh,4,1369.244,1369.244,5099.149,3723,1.234999017,5.292191536,504.2815118,11.7798694,179.2026918,1.453912692,22.75778998,312.1287676,1,352.2277754,288.9371515,15312.78944,1,19.1175947,35.19031775,21.26776311,6.72688267,6.75610179,0.265011239,0.040978092,4279.875235,7.76640865,74.453045,91.45603774,85.68708648,236.8345199,232.8497925,449.1236429,0.493960645,10.83503123,78.46992511,55.44769984
2023,Hassakeh,Hassakeh,5,744.237,744.237,2619.105,3519,1.234999017,5.292191536,504.2815118,11.7798694,179.2026918,1.453912692,22.75778998,312.1287676,1,352.2277754,288.9371515,15312.78944,1,19.1175947,35.19031775,21.26776311,6.72688267,6.75610179,0.265011239,0.040978092,4279.875235,7.76640865,74.453045,91.45603774,85.68708648,236.8345199,232.8497925,449.1236429,0.493960645,10.83503123,78.46992511,55.44769984
2023,Hassakeh,Quamishli,1,7230.51,7230.51,28411.476,3929,0.384508781,3.376182941,765.397089,17.60841325,189.6343908,1.4227755,32.71215887,381.6987929,1,387.3408823,330.484018,14966.42638,1,4.224880292,35.34919465,20.78670331,5.936039841,7.616567233,0.421185097,0.074978711,4345.769231,7.499177245,83.3607585,88.53818626,94.00267995,340.6697583,188.6721752,424.1715544,0.236333983,15.93920513,81.21883822,2.151515152
2023,Hassakeh,Quamishli,2,10497.998,10497.998,40706.676,3877,0.384508781,3.376182941,765.397089,17.60841325,189.6343908,1.4227755,32.71215887,381.6987929,1,387.3408823,330.484018,14966.42638,1,4.224880292,35.34919465,20.78670331,5.936039841,7.616567233,0.421185097,0.074978711,4345.769231,7.499177245,83.3607585,88.53818626,94.00267995,340.6697583,188.6721752,424.1715544,0.236333983,15.93920513,81.21883822,2.151515152
2023,Hassakeh,Quamishli,3,3167,3167,9809.949,3098,0.384508781,3.376182941,765.397089,17.60841325,189.6343908,1.4227755,32.71215887,381.6987929,1,387.3408823,330.484018,14966.42638,1,4.224880292,35.34919465,20.78670331,5.936039841,7.616567233,0.421185097,0.074978711,4345.769231,7.499177245,83.3607585,88.53818626,94.00267995,340.6697583,188.6721752,424.1715544,0.236333983,15.93920513,81.21883822,2.151515152
2023,Hassakeh,Al_Malika,1,17205.368,17205.368,68821.472,4000,0.273788898,2.626098262,905.3490159,20.13068377,177.7179584,1.393407522,35.81191186,396.1542193,1,442.2589019,358.8112597,14526.49241,1,11.47143655,34.84650697,20.1756839,5.012095812,7.983959474,0.52055537,0.100928985,4496.358492,7.401004555,86.63318149,93.7292737,94.82277741,377.9081951,182.2285639,417.2135132,0.627665989,23.0979689,84.71037773,71.48066457
2023,Hassakeh,Al_Malika,2,5234.382,5234.382,20937.526,4000,0.273788898,2.626098262,905.3490159,20.13068377,177.7179584,1.393407522,35.81191186,396.1542193,1,442.2589019,358.8112597,14526.49241,1,11.47143655,34.84650697,20.1756839,5.012095812,7.983959474,0.52055537,0.100928985,4496.358492,7.401004555,86.63318149,93.7292737,94.82277741,377.9081951,182.2285639,417.2135132,0.627665989,23.0979689,84.71037773,71.48066457
2023,Hassakeh,Al_Malika,3,3429,3429,13716,4000,0.273788898,2.626098262,905.3490159,20.13068377,177.7179584,1.393407522,35.81191186,396.1542193,1,442.2589019,358.8112597,14526.49241,1,11.47143655,34.84650697,20.1756839,5.012095812,7.983959474,0.52055537,0.100928985,4496.358492,7.401004555,86.63318149,93.7292737,94.82277741,377.9081951,182.2285639,417.2135132,0.627665989,23.0979689,84.71037773,71.48066457
2023,Hassakeh,Ras_Al_Ain,1,5529.103,5529.103,22116.412,4000,0.383012451,4.287075453,655.5566381,15.80884114,181.239228,1.436138441,29.13638552,428.1986409,1,428.0325777,384.0671705,14630.85461,1,10.62784115,34.50269313,20.3206314,6.001896001,9.258524646,0.488070087,0.087070865,4145.772254,7.607914063,79.7361979,87.0285395,91.85301436,309.2243112,158.4989891,413.1203426,0.413294717,15.5378662,83.88210629,3.258706468
2023,Hassakeh,Ras_Al_Ain,2,13650.117,13650.117,54600.468,4000,0.383012451,4.287075453,655.5566381,15.80884114,181.239228,1.436138441,29.13638552,428.1986409,1,428.0325777,384.0671705,14630.85461,1,10.62784115,34.50269313,20.3206314,6.001896001,9.258524646,0.488070087,0.087070865,4145.772254,7.607914063,79.7361979,87.0285395,91.85301436,309.2243112,158.4989891,413.1203426,0.413294717,15.5378662,83.88210629,3.258706468
2023,Hassakeh,Ras_Al_Ain,3,1026.923,1026.923,4107.692,4000,0.383012451,4.287075453,655.5566381,15.80884114,181.239228,1.436138441,29.13638552,428.1986409,1,428.0325777,384.0671705,14630.85461,1,10.62784115,34.50269313,20.3206314,6.001896001,9.258524646,0.488070087,0.087070865,4145.772254,7.607914063,79.7361979,87.0285395,91.85301436,309.2243112,158.4989891,413.1203426,0.413294717,15.5378662,83.88210629,3.258706468
2023,Hassakeh,Ras_Al_Ain,4,1972,1972,7888,4000,0.383012451,4.287075453,655.5566381,15.80884114,181.239228,1.436138441,29.13638552,428.1986409,1,428.0325777,384.0671705,14630.85461,1,10.62784115,34.50269313,20.3206314,6.001896001,9.258524646,0.488070087,0.087070865,4145.772254,7.607914063,79.7361979,87.0285395,91.85301436,309.2243112,158.4989891,413.1203426,0.413294717,15.5378662,83.88210629,3.258706468
