year,ADM1_NAME,ADM2_NAME,Stability_Zone,Area_Rainfed,Production_Rainfed,Yield_Rainfed_kg_ha,Shape_Area,Shape_Leng,annual_rain_mm,aridity_index,aspect_deg,bulk_dens,cec_cmol_kg,clay_pct,cropland,elevation_m,et_mm,gdd_annual,grassland,gwt_depth_m,max_temp_c,mean_temp_c,min_temp_c,moisture_pct,ndvi_peak,ndvi_std,pet_mm,ph,ph_quality,rain_cv_pct,rainy_days,rainy_rain_mm,sand_pct,silt_pct,slope_deg,soc_g_kg,thermal_suit,water_occurrence
2004,Homs,Tall_Kalakh,1,3231,4581,1417,0.061265386,1.382119937,1763.371248,48.6760063,213.4968276,1.371293035,28.50363662,371.8628808,1,462.9664108,693.8983642,12168.11012,1,86.9397267,25.74826823,16.90015294,7.249091974,19.19852908,0.646014747,0.116854407,3621.67035,7.036198454,98.79338486,102.8467833,99.11400291,758.9369258,256.0800903,370.1287946,2.899572474,38.32373734,96.57230253,63.89144317
2004,Idleb,Idleb,1,8474,21643,2554.047675,0.125820372,2.188331063,1102.585467,32.06712398,133.1604544,1.441830046,29.96636028,396.7139838,1,349.4829207,579.1314183,12484.21588,1,18.66965742,28.00408697,17.33918873,5.897763851,16.82364932,0.591957344,0.120681925,3437.367181,7.363514149,87.8828617,100.2852302,96.06875003,493.5158649,201.4720497,378.6673336,0.928862474,24.86059375,99.08107844,24.08243728
2004,Idleb,Idleb,2,7231,17246,2385.008989,0.125820372,2.188331063,1102.585467,32.06712398,133.1604544,1.441830046,29.96636028,396.7139838,1,349.4829207,579.1314183,12484.21588,1,18.66965742,28.00408697,17.33918873,5.897763851,16.82364932,0.591957344,0.120681925,3437.367181,7.363514149,87.8828617,100.2852302,96.06875003,493.5158649,201.4720497,378.6673336,0.928862474,24.86059375,99.08107844,24.08243728
2004,Idleb,Idleb,3,5412,12563,2321.322986,0.125820372,2.188331063,1102.585467,32.06712398,133.1604544,1.441830046,29.96636028,396.7139838,1,349.4829207,579.1314183,12484.21588,1,18.66965742,28.00408697,17.33918873,5.897763851,16.82364932,0.591957344,0.120681925,3437.367181,7.363514149,87.8828617,100.2852302,96.06875003,493.5158649,201.4720497,378.6673336,0.928862474,24.86059375,99.08107844,24.08243728
2004,Idleb,Harim,1,353,871,2467.422096,0.076955511,1.744823344,1262.438648,37.61273307,208.4698796,1.397594182,27.2782689,356.5012631,1,400.6489695,547.1849605,12100.58401,1,91.8753057,27.51901264,16.80636669,5.719943248,16.3228571,0.497392113,0.080009999,3355.412962,7.125463716,95.81787612,93.33899435,108.7440432,570.9437331,243.3845318,396.2349649,3.52892128,34.93256475,96.03638107,7.104166667
2004,Idleb,Al_Ma'ra,1,10494,28911,2755.002859,0.219400577,2.789560748,981.1078451,28.88280248,161.5969773,1.44106543,30.50289991,387.8445436,1,426.7153644,495.1245461,12463.44268,1,29.05957912,27.99098124,17.31033705,5.735174544,14.58409446,0.563325132,0.121696039,3395.858203,7.422356298,85.92145674,103.6446441,93.40441828,435.9463525,211.8633148,395.4624714,1.089096217,21.8826255,98.91621171,2.740740741
2004,Idleb,Al_Ma'ra,2,13053,20629,1580.402972,0.219400577,2.789560748,981.1078451,28.88280248,161.5969773,1.44106543,30.50289991,387.8445436,1,426.7153644,495.1245461,12463.44268,1,29.05957912,27.99098124,17.31033705,5.735174544,14.58409446,0.563325132,0.121696039,3395.858203,7.422356298,85.92145674,103.6446441,93.40441828,435.9463525,211.8633148,395.4624714,1.089096217,21.8826255,98.91621171,2.740740741
2004,Idleb,Al_Ma'ra,3,3245,2168,668.1047766,0.219400577,2.789560748,981.1078451,28.88280248,161.5969773,1.44106543,30.50289991,387.8445436,1,426.7153644,495.1245461,12463.44268,1,29.05957912,27.99098124,17.31033705,5.735174544,14.58409446,0.563325132,0.121696039,3395.858203,7.422356298,85.92145674,103.6446441,93.40441828,435.9463525,211.8633148,395.4624714,1.089096217,21.8826255,98.91621171,2.740740741
2004,Idleb,Ariha,1,777,2103,2706.563707,0.06189382,1.20144567,1222.21157,36.22747012,178.7756591,1.396585143,27.93576679,350.6523137,1,582.149967,521.4364215,11593.55664,1,87.67581128,26.46915931,16.102162,5.380374414,15.46343596,0.4576139,0.075758543,3372.714934,7.15618642,94.79378601,106.311357,97.34530193,547.7594113,264.1637633,380.2716742,2.592602428,31.56046909,92.01235429,35.35190616
2004,Tartous,Tartous,1,347,1162,3348.70317,0.049162657,1.417978043,1946.719812,53.72719261,226.602822,1.337365278,24.38800112,328.0083572,1,151.3380759,870.9635257,13307.05593,1,85.26540945,26.43344388,18.48202212,9.988166645,24.06022446,0.579063973,0.073570849,3622.341771,6.801489796,93.38299321,102.470699,101.4075782,785.2004058,293.3316743,364.969705,1.987711269,46.76351549,94.38844502,64.49344978
2004,Tartous,Banyas,1,915,1418,1549.726776,0.064347484,1.259569202,2146.772586,60.57879057,227.2029485,1.248880866,25.12215029,311.6023136,1,597.2024401,815.615671,11522.57927,1,239.5189203,25.15813268,16.00358232,6.684955758,23.01293579,0.555566792,0.068353139,3542.769305,6.402940695,80.09802315,101.9273229,103.1564506,886.1705899,311.2379664,363.3411414,4.321198421,51.28226288,91.44904185,78.70526316
2004,Tartous,Safita,1,235,552,2348.93617,0.047070335,1.157636077,2328.41008,65.97336377,212.2246192,1.350786518,24.81991989,329.6296751,1,294.0703481,767.8302862,12793.64333,1,85.74052064,26.16255977,17.76894907,8.788427803,21.77356463,0.606889907,0.076809727,3528.31842,6.807968775,93.59895915,102.3953471,106.1658278,955.5768453,291.9812893,377.4132804,2.351750182,44.6094789,98.46314814,76.62715679
2004,Tartous,Dreikisch,1,15,16,1066.666667,0.020699473,0.796408619,2333.777034,65.61672825,216.934763,1.299036482,24.8601254,322.079217,1,504.6634677,794.417308,12085.56988,1,163.4163054,25.5105695,16.78551372,7.666470305,22.33818856,0.585714713,0.061866096,3555.679975,6.512992812,83.76642708,104.2928989,104.4986247,958.1456507,306.9629607,371.5972167,3.497485148,47.28655449,95.91722127,23.43243243
2004,Lattakia,Al_Hafa,1,21,45,2142.857143,0.056619889,1.298629777,2137.431546,63.98372662,251.0029312,1.264981734,25.51066723,281.7179779,1,615.8606536,869.9596057,11546.28078,1,289.7612345,25.59497186,16.03650109,6.282786528,26.03313322,0.597195067,0.064871625,3339.586207,6.168576676,72.28588919,98.15818966,118.2883787,894.6899466,357.4897846,356.8800356,4.643245661,56.30098333,91.63714907,75.1082544
2004,Aleppo,A'zaz,1,12848,24307,1891,0.121728487,2.146811382,916.5460818,25.40616673,180.5676029,1.396196968,30.36538609,429.7996425,1,481.8095159,588.5443126,12193.92719,1,12.33630082,29.12048446,16.93600999,4.840201807,16.31296237,0.653378307,0.140118104,3606.573277,7.471901984,84.26993387,97.94279803,94.4319319,440.1574596,165.5478602,396.9674719,0.559398203,24.25735487,96.77719993,30.7875817
2004,Aleppo,A'zaz,2,3205,6298,1965,0.121728487,2.146811382,916.5460818,25.40616673,180.5676029,1.396196968,30.36538609,429.7996425,1,481.8095159,588.5443126,12193.92719,1,12.33630082,29.12048446,16.93600999,4.840201807,16.31296237,0.653378307,0.140118104,3606.573277,7.471901984,84.26993387,97.94279803,94.4319319,440.1574596,165.5478602,396.9674719,0.559398203,24.25735487,96.77719993,30.7875817
2004,Aleppo,Afrin,1,1814,4554,2510.473,0.194810459,2.230856022,1215.203869,35.09691131,184.8305861,1.371035123,25.51170824,404.3181051,1,493.5760545,527.5228424,11752.31477,1,89.965976,27.97670649,16.3226594,4.572773084,15.23720541,0.443035704,0.062292004,3461.423967,7.198506433,93.3831189,93.89885033,102.9610652,580.9413006,192.8950466,401.4796676,3.206478872,32.26458622,93.27233944,72.67440361
2004,Aleppo,Jarablus,2,22595,23702,1048,0.056313267,1.389591551,773.1243408,21.46206858,123.911363,1.374076188,31.59740814,433.9335195,1,453.0262094,430.4851015,12744.43247,1,19.54434174,31.57849837,17.70060065,4.657554645,11.9561035,0.5211062,0.120310253,3601.2825,7.473535251,84.21549162,96.63975041,93.97130007,395.3812805,151.8135123,395.6820817,0.731704106,17.89025411,98.85371056,86.86344794
2004,Aleppo,Al_Bab,1,1500,2687,1791.333333,0.223794265,2.70647827,698.8912923,19.7525318,171.3158859,1.361738999,28.32570189,404.137529,1,440.5998951,466.9869808,12728.84679,1,12.48017986,29.9933792,17.67895387,5.250335065,13.1995361,0.491892137,0.111135082,3537.236513,7.526863486,82.4378838,102.705158,90.88160485,345.5234258,172.3288421,394.8106379,0.536196258,18.97472913,98.97740645,57.38811081
2004,Aleppo,Al_Bab,2,22621,10294,455,0.223794265,2.70647827,698.8912923,19.7525318,171.3158859,1.361738999,28.32570189,404.137529,1,440.5998951,466.9869808,12728.84679,1,12.48017986,29.9933792,17.67895387,5.250335065,13.1995361,0.491892137,0.111135082,3537.236513,7.526863486,82.4378838,102.705158,90.88160485,345.5234258,172.3288421,394.8106379,0.536196258,18.97472913,98.97740645,57.38811081
2004,Aleppo,Al_Bab,3,2090,1463,700,0.223794265,2.70647827,698.8912923,19.7525318,171.3158859,1.361738999,28.32570189,404.137529,1,440.5998951,466.9869808,12728.84679,1,12.48017986,29.9933792,17.67895387,5.250335065,13.1995361,0.491892137,0.111135082,3537.236513,7.526863486,82.4378838,102.705158,90.88160485,345.5234258,172.3288421,394.8106379,0.536196258,18.97472913,98.97740645,57.38811081
2004,Aleppo,Menbij,2,19626,10465,533,0.476099108,4.018173677,526.3073967,14.58861708,173.279788,1.406754586,24.018397,332.4689528,1,397.1956572,423.0331693,13128.65303,1,17.60715977,30.57663824,18.23424031,5.59956174,11.73174705,0.452788836,0.098308579,3606.6579,7.618434657,79.38551142,90.89114713,88.31711405,267.2592926,198.2878033,437.4207931,0.49517755,12.11218955,95.80434107,92.68040719
2004,Aleppo,Menbij,3,5195,4431,853,0.476099108,4.018173677,526.3073967,14.58861708,173.279788,1.406754586,24.018397,332.4689528,1,397.1956572,423.0331693,13128.65303,1,17.60715977,30.57663824,18.23424031,5.59956174,11.73174705,0.452788836,0.098308579,3606.6579,7.618434657,79.38551142,90.89114713,88.31711405,267.2592926,198.2878033,437.4207931,0.49517755,12.11218955,95.80434107,92.68040719
2004,Aleppo,Ain_Al_Arab,2,48549,49762,1024,0.285146327,2.615456939,657.5827111,17.37959342,180.1352135,1.344070296,29.15984317,412.5287694,1,457.6511594,398.3664481,12989.92906,1,40.7417743,31.91385425,18.04156814,4.936338851,10.5437128,0.500793283,0.118242596,3782.648415,7.452704986,84.90983381,86.84747447,92.2530546,324.9056551,160.737883,374.9119357,1.026508894,16.80178945,96.9053249,86.06697787
2004,Aleppo,Ain_Al_Arab,3,2800,2388,853,0.285146327,2.615456939,657.5827111,17.37959342,180.1352135,1.344070296,29.15984317,412.5287694,1,457.6511594,398.3664481,12989.92906,1,40.7417743,31.91385425,18.04156814,4.936338851,10.5437128,0.500793283,0.118242596,3782.648415,7.452704986,84.90983381,86.84747447,92.2530546,324.9056551,160.737883,374.9119357,1.026508894,16.80178945,96.9053249,86.06697787
2004,Aleppo,Jebel_Saman,1,1287,4054,3150,0.320135248,3.90953411,826.5507606,23.85379342,185.7492815,1.399045613,26.85095306,367.0160671,1,348.6130778,509.4159087,12833.21129,1,24.0041333,29.12980012,17.82390457,5.763825072,14.69717461,0.511132177,0.105151362,3464.070507,7.511498758,82.95004141,98.56663565,91.64755569,374.181011,183.2856532,401.209007,0.780531933,17.98196178,98.14911672,28.18423019
2004,Aleppo,Jebel_Saman,2,1063,2797,2630,0.320135248,3.90953411,826.5507606,23.85379342,185.7492815,1.399045613,26.85095306,367.0160671,1,348.6130778,509.4159087,12833.21129,1,24.0041333,29.12980012,17.82390457,5.763825072,14.69717461,0.511132177,0.105151362,3464.070507,7.511498758,82.95004141,98.56663565,91.64755569,374.181011,183.2856532,401.209007,0.780531933,17.98196178,98.14911672,28.18423019
2004,Aleppo,Jebel_Saman,3,437,207,474,0.320135248,3.90953411,826.5507606,23.85379342,185.7492815,1.399045613,26.85095306,367.0160671,1,348.6130778,509.4159087,12833.21129,1,24.0041333,29.12980012,17.82390457,5.763825072,14.69717461,0.511132177,0.105151362,3464.070507,7.511498758,82.95004141,98.56663565,91.64755569,374.181011,183.2856532,401.209007,0.780531933,17.98196178,98.14911672,28.18423019
2004,Aleppo,As_Safira,2,1462,1535,1050,0.226229514,2.727688396,582.2826115,16.53952985,194.0542344,1.456944439,23.81607607,339.9130212,1,386.7828001,432.6432281,13058.15538,1,58.56984464,29.67338519,18.13632691,5.767509616,12.29327035,0.43730669,0.091350434,3519.551169,7.634697244,78.8434252,102.9774751,87.6107645,280.9751616,209.796782,447.6738108,1.021027812,12.3940763,96.3638462,61.3127161
2004,Aleppo,As_Safira,3,2673,2753,1030,0.226229514,2.727688396,582.2826115,16.53952985,194.0542344,1.456944439,23.81607607,339.9130212,1,386.7828001,432.6432281,13058.15538,1,58.56984464,29.67338519,18.13632691,5.767509616,12.29327035,0.43730669,0.091350434,3519.551169,7.634697244,78.8434252,102.9774751,87.6107645,280.9751616,209.796782,447.6738108,1.021027812,12.3940763,96.3638462,61.3127161
2004,Aleppo,As_Safira,4,1992,1593,800,0.226229514,2.727688396,582.2826115,16.53952985,194.0542344,1.456944439,23.81607607,339.9130212,1,386.7828001,432.6432281,13058.15538,1,58.56984464,29.67338519,18.13632691,5.767509616,12.29327035,0.43730669,0.091350434,3519.551169,7.634697244,78.8434252,102.9774751,87.6107645,280.9751616,209.796782,447.6738108,1.021027812,12.3940763,96.3638462,61.3127161
2004,Raqqa,Raqqa,3,700,132,188.5714286,1.050201469,5.964680642,366.4462295,9.46091926,176.8215937,1.445777656,18.21052889,260.1565394,1,346.2123061,432.388088,13624.17705,1,26.05879584,31.59770822,18.92246813,5.636662574,11.19011253,0.31182605,0.057420077,3872.262412,7.943602406,68.54658646,81.60740859,83.41071803,187.1682397,252.812006,466.2953785,0.418199141,7.517291598,91.87161068,89.8962532
2004,Raqqa,Raqqa,4,12224,2447,200,1.050201469,5.964680642,366.4462295,9.46091926,176.8215937,1.445777656,18.21052889,260.1565394,1,346.2123061,432.388088,13624.17705,1,26.05879584,31.59770822,18.92246813,5.636662574,11.19011253,0.31182605,0.057420077,3872.262412,7.943602406,68.54658646,81.60740859,83.41071803,187.1682397,252.812006,466.2953785,0.418199141,7.517291598,91.87161068,89.8962532
2004,Raqqa,Raqqa,5,1305,55,42,1.050201469,5.964680642,366.4462295,9.46091926,176.8215937,1.445777656,18.21052889,260.1565394,1,346.2123061,432.388088,13624.17705,1,26.05879584,31.59770822,18.92246813,5.636662574,11.19011253,0.31182605,0.057420077,3872.262412,7.943602406,68.54658646,81.60740859,83.41071803,187.1682397,252.812006,466.2953785,0.418199141,7.517291598,91.87161068,89.8962532
2004,Raqqa,Tell_Abiad,2,32388,30963,956,0.478825179,3.735158564,522.4332391,13.47531981,188.9206138,1.450549568,27.03711738,400.1496788,1,371.821103,384.8257953,13577.9887,1,11.17783109,32.83786378,18.85831764,5.278616146,9.942940494,0.387628408,0.073127305,3875.963564,7.789701512,73.67661628,87.54519569,87.89689453,261.4067156,163.0030389,436.503596,0.353533461,11.88417515,92.23818491,33.28514589
2004,Raqqa,Tell_Abiad,3,18058,7539,417,0.478825179,3.735158564,522.4332391,13.47531981,188.9206138,1.450549568,27.03711738,400.1496788,1,371.821103,384.8257953,13577.9887,1,11.17783109,32.83786378,18.85831764,5.278616146,9.942940494,0.387628408,0.073127305,3875.963564,7.789701512,73.67661628,87.54519569,87.89689453,261.4067156,163.0030389,436.503596,0.353533461,11.88417515,92.23818491,33.28514589
2004,Raqqa,Tell_Abiad,4,30,5,166.6666667,0.478825179,3.735158564,522.4332391,13.47531981,188.9206138,1.450549568,27.03711738,400.1496788,1,371.821103,384.8257953,13577.9887,1,11.17783109,32.83786378,18.85831764,5.278616146,9.942940494,0.387628408,0.073127305,3875.963564,7.789701512,73.67661628,87.54519569,87.89689453,261.4067156,163.0030389,436.503596,0.353533461,11.88417515,92.23818491,33.28514589
2004,Raqqa,Tabqat,3,90,37,411.1111111,0.166312937,1.915996577,427.4300795,11.39688604,159.7684893,1.190950364,17.04136252,252.4603217,1,365.9192606,369.2454283,13360.36089,1,14.81675015,30.92719859,18.55605679,5.927438048,9.850994961,0.434367952,0.101685834,3749.411102,7.560426275,81.31912416,84.77903408,87.595515,207.4099383,193.9123706,366.1195327,0.562168467,8.629667024,93.96538978,97.73904029
2004,Dayr_Az_Zor,Dayr_Az_Zor,4,2925,140,48,1.527438458,6.266817637,335.7728952,8.066682621,160.6562038,1.475571533,17.45613594,279.0580926,1,311.6110564,414.4570488,14310.56027,1,24.94088817,33.27569599,19.87577815,5.614436651,9.989824057,0.265822622,0.047177951,4161.465674,7.945084905,68.49716985,87.03533554,77.28925534,173.7542917,267.81461,453.5383851,0.441646162,7.406680906,86.42412487,59.82997528
2004,Hassakeh,Hassakeh,1,50,57,1140,1.234999017,5.292191536,556.6485078,13.41586041,179.2026918,1.453912692,22.75778998,312.1287676,1,352.2277754,371.0257892,14185.18109,1,19.1175947,33.97463499,19.70164041,5.469777574,8.964459639,0.368618961,0.071220593,4148.182316,7.76640865,74.453045,89.13112145,85.56433542,281.8678814,232.8497925,449.1236429,0.493960645,10.83503123,87.41919767,55.44769984
2004,Hassakeh,Hassakeh,2,35564,37022,1041,1.234999017,5.292191536,556.6485078,13.41586041,179.2026918,1.453912692,22.75778998,312.1287676,1,352.2277754,371.0257892,14185.18109,1,19.1175947,33.97463499,19.70164041,5.469777574,8.964459639,0.368618961,0.071220593,4148.182316,7.76640865,74.453045,89.13112145,85.56433542,281.8678814,232.8497925,449.1236429,0.493960645,10.83503123,87.41919767,55.44769984
2004,Hassakeh,Hassakeh,3,12676,4596,363,1.234999017,5.292191536,556.6485078,13.41586041,179.2026918,1.453912692,22.75778998,312.1287676,1,352.2277754,371.0257892,14185.18109,1,19.1175947,33.97463499,19.70164041,5.469777574,8.964459639,0.368618961,0.071220593,4148.182316,7.76640865,74.453045,89.13112145,85.56433542,281.8678814,232.8497925,449.1236429,0.493960645,10.83503123,87.41919767,55.44769984
2004,Hassakeh,Hassakeh,4,15375,1942,126,1.234999017,5.292191536,556.6485078,13.41586041,179.2026918,1.453912692,22.75778998,312.1287676,1,352.2277754,371.0257892,14185.18109,1,19.1175947,33.97463499,19.70164041,5.469777574,8.964459639,0.368618961,0.071220593,4148.182316,7.76640865,74.453045,89.13112145,85.56433542,281.8678814,232.8497925,449.1236429,0.493960645,10.83503123,87.41919767,55.44769984
2004,Hassakeh,Quamishli,1,51460,36208,704,0.384508781,3.376182941,921.7399403,21.94856308,189.6343908,1.4227755,32.71215887,381.6987929,1,387.3408823,439.2062933,13689.70088,1,4.224880292,33.62868311,19.01347345,5.171298083,10.47570032,0.655323095,0.142240128,4198.545714,7.499177245,83.3607585,86.22519576,92.96184617,470.5476877,188.6721752,424.1715544,0.236333983,15.93920513,91.35158031,2.151515152
2004,Hassakeh,Quamishli,2,24923,15113,606,0.384508781,3.376182941,921.7399403,21.94856308,189.6343908,1.4227755,32.71215887,381.6987929,1,387.3408823,439.2062933,13689.70088,1,4.224880292,33.62868311,19.01347345,5.171298083,10.47570032,0.655323095,0.142240128,4198.545714,7.499177245,83.3607585,86.22519576,92.96184617,470.5476877,188.6721752,424.1715544,0.236333983,15.93920513,91.35158031,2.151515152
2004,Hassakeh,Quamishli,3,6006,2596,432,0.384508781,3.376182941,921.7399403,21.94856308,189.6343908,1.4227755,32.71215887,381.6987929,1,387.3408823,439.2062933,13689.70088,1,4.224880292,33.62868311,19.01347345,5.171298083,10.47570032,0.655323095,0.142240128,4198.545714,7.499177245,83.3607585,86.22519576,92.96184617,470.5476877,188.6721752,424.1715544,0.236333983,15.93920513,91.35158031,2.151515152
2004,Hassakeh,Al_Malika,1,85496,140129,1639,0.273788898,2.626098262,1152.073845,26.6486605,177.7179584,1.393407522,35.81191186,396.1542193,1,442.2589019,474.1345723,13141.8264,1,11.47143655,32.9108448,18.25253667,4.463664118,10.98188085,0.666948607,0.146867996,4322.196076,7.401004555,86.63318149,84.76396938,95.87159356,580.3412606,182.2285639,417.2135132,0.627665989,23.0979689,95.69979046,71.48066457
2004,Hassakeh,Al_Malika,2,8070,7172,889,0.273788898,2.626098262,1152.073845,26.6486605,177.7179584,1.393407522,35.81191186,396.1542193,1,442.2589019,474.1345723,13141.8264,1,11.47143655,32.9108448,18.25253667,4.463664118,10.98188085,0.666948607,0.146867996,4322.196076,7.401004555,86.63318149,84.76396938,95.87159356,580.3412606,182.2285639,417.2135132,0.627665989,23.0979689,95.69979046,71.48066457
2004,Hassakeh,Al_Malika,3,2225,214,96,0.273788898,2.626098262,1152.073845,26.6486605,177.7179584,1.393407522,35.81191186,396.1542193,1,442.2589019,474.1345723,13141.8264,1,11.47143655,32.9108448,18.25253667,4.463664118,10.98188085,0.666948607,0.146867996,4322.196076,7.401004555,86.63318149,84.76396938,95.87159356,580.3412606,182.2285639,417.2135132,0.627665989,23.0979689,95.69979046,71.48066457
2004,Hassakeh,Ras_Al_Ain,1,4649,7216,1552,0.383012451,4.287075453,671.52675,16.78523,181.239228,1.436138441,29.13638552,428.1986409,1,428.0325777,501.1308912,13508.12645,1,10.62784115,33.16590373,18.76128674,4.962238261,12.54271608,0.51289681,0.101571124,3999.700319,7.607914063,79.7361979,89.03775221,90.13674178,330.3802676,158.4989891,413.1203426,0.413294717,15.5378662,92.79264719,3.258706468
2004,Hassakeh,Ras_Al_Ain,2,25756,18802,730,0.383012451,4.287075453,671.52675,16.78523,181.239228,1.436138441,29.13638552,428.1986409,1,428.0325777,501.1308912,13508.12645,1,10.62784115,33.16590373,18.76128674,4.962238261,12.54271608,0.51289681,0.101571124,3999.700319,7.607914063,79.7361979,89.03775221,90.13674178,330.3802676,158.4989891,413.1203426,0.413294717,15.5378662,92.79264719,3.258706468
2005,Homs,Tall_Kalakh,1,1598,3564,2230,0.061265386,1.382119937,1386.854324,37.43090727,213.4968276,1.371293035,28.50363662,371.8628808,1,462.9664108,678.6183409,12110.96213,1,86.9397267,25.70009656,16.82078073,7.255059326,18.3663518,0.64611559,0.113854254,3704.104753,7.036198454,98.79338486,99.10971467,102.0519388,675.6643895,256.0800903,370.1287946,2.899572474,38.32373734,96.11874705,63.89144317
2005,Hama,Hama,2,30,52,1733.333333,0.227677668,4.733216797,702.6382185,19.65224645,192.7904067,1.455316559,28.89107986,399.9433813,1,367.8882638,446.229428,12757.15688,1,25.04294796,28.13759198,17.71827345,6.176370229,12.46416433,0.489216425,0.097889025,3574.358268,7.530149647,82.32834509,94.7944868,95.23549274,324.6623823,199.991121,385.7041579,0.890006436,18.48653952,98.75272314,22.43352601
2005,Hama,Al_Ghab,1,218,654,3000,0.049595436,1.643165164,1217.401728,35.97145907,139.7759455,1.347860465,28.59829587,349.5799349,1,352.189296,961.2583444,11751.19801,1,139.7020723,25.85796371,16.32110835,6.197685815,28.35510695,0.666671114,0.109356372,3383.354595,6.782044179,92.73480597,90.08900751,108.8496904,568.5290453,280.5196852,361.9957542,4.508295663,42.21571718,93.26347626,35.28868661
2005,Idleb,Idleb,1,8124,22991,2830,0.125820372,2.188331063,893.8843943,25.51304497,133.1604544,1.441830046,29.96636028,396.7139838,1,349.4829207,561.6391003,12456.42401,1,18.66965742,27.99355581,17.3005889,5.897763851,16.01224745,0.582960136,0.118214139,3502.636651,7.363514149,87.8828617,87.82826421,99.54429205,431.787239,201.4720497,378.6673336,0.928862474,24.86059375,98.86050803,24.08243728
2005,Idleb,Idleb,2,7144,13573,1900,0.125820372,2.188331063,893.8843943,25.51304497,133.1604544,1.441830046,29.96636028,396.7139838,1,349.4829207,561.6391003,12456.42401,1,18.66965742,27.99355581,17.3005889,5.897763851,16.01224745,0.582960136,0.118214139,3502.636651,7.363514149,87.8828617,87.82826421,99.54429205,431.787239,201.4720497,378.6673336,0.928862474,24.86059375,98.86050803,24.08243728
2005,Idleb,Idleb,3,5354,10012,1870,0.125820372,2.188331063,893.8843943,25.51304497,133.1604544,1.441830046,29.96636028,396.7139838,1,349.4829207,561.6391003,12456.42401,1,18.66965742,27.99355581,17.3005889,5.897763851,16.01224745,0.582960136,0.118214139,3502.636651,7.363514149,87.8828617,87.82826421,99.54429205,431.787239,201.4720497,378.6673336,0.928862474,24.86059375,98.86050803,24.08243728
2005,Idleb,Harim,1,365,1266,3468,0.076955511,1.744823344,1088.088314,31.85413691,208.4698796,1.397594182,27.2782689,356.5012631,1,400.6489695,532.5100558,12062.926,1,91.8753057,27.43763584,16.75406388,5.719943248,15.60607079,0.480118202,0.072577179,3414.846165,7.125463716,95.81787612,82.61239746,111.1390014,517.8115205,243.3845318,396.2349649,3.52892128,34.93256475,95.73750791,7.104166667
2005,Idleb,Al_Jisr_Ash_Shu,1,510,1770,3470,0.061795348,1.387996783,1135.982435,34.00458085,177.540447,1.380476929,27.89801472,304.6574213,1,349.3955892,649.7394312,11924.5799,1,101.3142959,26.35052956,16.56191653,6.169062647,19.44102556,0.557474697,0.077515117,3339.674716,6.711311118,90.37703725,88.07900038,106.6338384,539.9979646,309.262822,377.4719518,3.793157673,40.90641577,94.63952305,19.55376344
2005,Idleb,Al_Ma'ra,1,9757,20684,2120,0.219400577,2.789560748,774.4699855,22.35929197,161.5969773,1.44106543,30.50289991,387.8445436,1,426.7153644,477.7839043,12429.47212,1,29.05957912,27.91015995,17.26315572,5.735243558,13.80365117,0.549057733,0.115661017,3462.750044,7.422356298,85.92145674,89.25624019,97.44037488,367.1924374,211.8633148,395.4624714,1.089096217,21.8826255,98.64660412,2.740740741
2005,Idleb,Al_Ma'ra,2,15374,28288,1840,0.219400577,2.789560748,774.4699855,22.35929197,161.5969773,1.44106543,30.50289991,387.8445436,1,426.7153644,477.7839043,12429.47212,1,29.05957912,27.91015995,17.26315572,5.735243558,13.80365117,0.549057733,0.115661017,3462.750044,7.422356298,85.92145674,89.25624019,97.44037488,367.1924374,211.8633148,395.4624714,1.089096217,21.8826255,98.64660412,2.740740741
2005,Idleb,Al_Ma'ra,3,3200,2912,910,0.219400577,2.789560748,774.4699855,22.35929197,161.5969773,1.44106543,30.50289991,387.8445436,1,426.7153644,477.7839043,12429.47212,1,29.05957912,27.91015995,17.26315572,5.735243558,13.80365117,0.549057733,0.115661017,3462.750044,7.422356298,85.92145674,89.25624019,97.44037488,367.1924374,211.8633148,395.4624714,1.089096217,21.8826255,98.64660412,2.740740741
2005,Idleb,Ariha,1,175,421,2405,0.06189382,1.20144567,946.2230839,27.5164989,178.7756591,1.396585143,27.93576679,350.6523137,1,582.149967,509.5418148,11533.97437,1,87.67581128,26.34664832,16.01940885,5.38383156,14.82601189,0.447885987,0.066242542,3437.748103,7.15618642,94.79378601,91.14395114,100.093624,452.8738904,264.1637633,380.2716742,2.592602428,31.56046909,91.53947916,35.35190616
2005,Tartous,Tartous,1,335,922,2752,0.049162657,1.417978043,1538.260025,41.85656638,226.602822,1.337365278,24.38800112,328.0083572,1,151.3380759,852.2478894,13240.94932,1,85.26540945,26.15424475,18.39020739,10.26789158,23.21788763,0.594556921,0.0755546,3674.074564,6.801489796,93.38299321,94.41288904,103.6838871,784.4365526,293.3316743,364.969705,1.987711269,46.76351549,94.91310061,64.49344978
2005,Tartous,Banyas,1,669,1840,2750,0.064347484,1.259569202,1631.033592,45.14830433,227.2029485,1.248880866,25.12215029,311.6023136,1,597.2024401,802.0542577,11440.26865,1,239.5189203,24.66375573,15.88926201,6.99788211,22.20302713,0.550959397,0.064387984,3611.613178,6.402940695,80.09802315,87.48995762,103.9000678,803.8425679,311.2379664,363.3411414,4.321198421,51.28226288,90.79578291,78.70526316
2005,Tartous,Safita,1,302,827,2738,0.047070335,1.157636077,1814.022805,50.39490905,212.2246192,1.350786518,24.81991989,329.6296751,1,294.0703481,742.5625409,12730.56803,1,85.74052064,26.01547367,17.68134449,8.883909339,20.64584823,0.606738062,0.074643962,3598.615198,6.807968775,93.59895915,95.46621563,106.7475272,910.9236901,291.9812893,377.4132804,2.351750182,44.6094789,98.96374577,76.62715679
2005,Tartous,Dreikisch,1,90,247,2744,0.020699473,0.796408619,1801.765795,49.81382919,216.934763,1.299036482,24.8601254,322.079217,1,504.6634677,771.8353694,12013.65108,1,163.4163054,25.20186476,16.6856265,7.852364222,21.34005477,0.576945432,0.061954101,3615.999183,6.512992812,83.76642708,94.8637779,105.0020783,894.2098144,306.9629607,371.5972167,3.497485148,47.28655449,95.34643714,23.43243243
2005,Tartous,Sheikh_Badr,1,2011,4243,2110,0.0373259,1.003571401,1707.481588,47.1270668,219.4652153,1.304121142,24.82237263,321.6588278,1,407.1159663,786.5652337,12270.25196,1,154.5873703,25.39136373,17.04201662,8.373534182,21.70467181,0.577138493,0.066174222,3623.637085,6.587843617,86.26145388,92.55101059,104.8476532,852.7511899,302.2905226,370.5696379,3.164125443,48.74926315,94.93369064,48.78499377
2005,Lattakia,Al_Hafa,1,32,57,1781,0.056619889,1.298629777,1677.759753,49.43723111,251.0029312,1.264981734,25.51066723,281.7179779,1,615.8606536,870.599724,11461.46793,1,289.7612345,25.28968388,15.91870546,6.448536095,25.64359173,0.579938911,0.058562615,3392.717073,6.168576676,72.28588919,81.74897662,118.8374255,763.5880115,357.4897846,356.8800356,4.643245661,56.30098333,90.9640312,75.1082544
2005,Aleppo,A'zaz,1,18874,46619,2470,0.121728487,2.146811382,782.8524743,21.43226121,180.5676029,1.396196968,30.36538609,429.7996425,1,481.8095159,571.6433919,12204.21367,1,12.33630082,29.10573304,16.95029677,4.879821791,15.65498421,0.636550173,0.140571882,3651.682593,7.471901984,84.26993387,93.76116346,97.11618169,358.7064237,165.5478602,396.9674719,0.559398203,24.25735487,96.85883867,30.7875817
2005,Aleppo,A'zaz,2,5800,11600,2000,0.121728487,2.146811382,782.8524743,21.43226121,180.5676029,1.396196968,30.36538609,429.7996425,1,481.8095159,571.6433919,12204.21367,1,12.33630082,29.10573304,16.95029677,4.879821791,15.65498421,0.636550173,0.140571882,3651.682593,7.471901984,84.26993387,93.76116346,97.11618169,358.7064237,165.5478602,396.9674719,0.559398203,24.25735487,96.85883867,30.7875817
2005,Aleppo,Afrin,1,1403,3101,2210,0.194810459,2.230856022,1056.723174,30.10027131,184.8305861,1.371035123,25.51170824,404.3181051,1,493.5760545,511.2885721,11743.14835,1,89.965976,27.91138205,16.30992827,4.944976592,14.5672483,0.434509972,0.05694293,3509.676577,7.198506433,93.3831189,89.27565968,103.1621822,485.4051563,192.8950466,401.4796676,3.206478872,32.26458622,93.19959012,72.67440361
2005,Aleppo,Jarablus,2,22333,24566,1100,0.056313267,1.389591551,654.0767778,17.98500175,123.911363,1.374076188,31.59740814,433.9335195,1,453.0262094,410.6756808,12758.54879,1,19.54434174,31.40185807,17.72020665,4.689403647,11.29711513,0.508575409,0.114776675,3635.790181,7.473535251,84.21549162,95.34513895,94.97812509,294.5269454,151.8135123,395.6820817,0.731704106,17.89025411,98.7416763,86.86344794
2005,Aleppo,Al_Bab,1,1500,2686,1790,0.223794265,2.70647827,578.0268676,16.07999899,171.3158859,1.361738999,28.32570189,404.137529,1,440.5998951,451.1382437,12731.50934,1,12.48017986,29.98305495,17.68265186,5.263491695,12.55034228,0.472660219,0.105432138,3593.694675,7.526863486,82.4378838,97.41907259,93.24614075,256.7035962,172.3288421,394.8106379,0.536196258,18.97472913,98.9562751,57.38811081
2005,Aleppo,Al_Bab,2,28772,33087,1150,0.223794265,2.70647827,578.0268676,16.07999899,171.3158859,1.361738999,28.32570189,404.137529,1,440.5998951,451.1382437,12731.50934,1,12.48017986,29.98305495,17.68265186,5.263491695,12.55034228,0.472660219,0.105432138,3593.694675,7.526863486,82.4378838,97.41907259,93.24614075,256.7035962,172.3288421,394.8106379,0.536196258,18.97472913,98.9562751,57.38811081
2005,Aleppo,Al_Bab,3,2049,3811,1860,0.223794265,2.70647827,578.0268676,16.07999899,171.3158859,1.361738999,28.32570189,404.137529,1,440.5998951,451.1382437,12731.50934,1,12.48017986,29.98305495,17.68265186,5.263491695,12.55034228,0.472660219,0.105432138,3593.694675,7.526863486,82.4378838,97.41907259,93.24614075,256.7035962,172.3288421,394.8106379,0.536196258,18.97472913,98.9562751,57.38811081
2005,Aleppo,Menbij,2,21097,19831,940,0.476099108,4.018173677,453.6744579,12.41617724,173.279788,1.406754586,24.018397,332.4689528,1,397.1956572,405.5563337,13129.23498,1,17.60715977,30.56875842,18.23504858,5.59956174,11.10208144,0.438241559,0.093818959,3652.898049,7.618434657,79.38551142,92.6352749,87.68904306,210.4364443,198.2878033,437.4207931,0.49517755,12.11218955,95.79972238,92.68040719
2005,Aleppo,Menbij,3,9103,7919,870,0.476099108,4.018173677,453.6744579,12.41617724,173.279788,1.406754586,24.018397,332.4689528,1,397.1956572,405.5563337,13129.23498,1,17.60715977,30.56875842,18.23504858,5.59956174,11.10208144,0.438241559,0.093818959,3652.898049,7.618434657,79.38551142,92.6352749,87.68904306,210.4364443,198.2878033,437.4207931,0.49517755,12.11218955,95.79972238,92.68040719
2005,Aleppo,Menbij,4,1744,1309,750,0.476099108,4.018173677,453.6744579,12.41617724,173.279788,1.406754586,24.018397,332.4689528,1,397.1956572,405.5563337,13129.23498,1,17.60715977,30.56875842,18.23504858,5.59956174,11.10208144,0.438241559,0.093818959,3652.898049,7.618434657,79.38551142,92.6352749,87.68904306,210.4364443,198.2878033,437.4207931,0.49517755,12.11218955,95.79972238,92.68040719
2005,Aleppo,Ain_Al_Arab,2,55310,74092,1340,0.285146327,2.615456939,576.1182107,15.14039765,180.1352135,1.344070296,29.15984317,412.5287694,1,457.6511594,385.9140817,13004.60463,1,40.7417743,31.76817907,18.06195087,4.946558722,10.15648322,0.506459952,0.120122417,3804.172256,7.452704986,84.90983381,91.86890064,92.91382979,274.7301049,160.737883,374.9119357,1.026508894,16.80178945,96.78885218,86.06697787
2005,Aleppo,Ain_Al_Arab,3,2800,2800,1000,0.285146327,2.615456939,576.1182107,15.14039765,180.1352135,1.344070296,29.15984317,412.5287694,1,457.6511594,385.9140817,13004.60463,1,40.7417743,31.76817907,18.06195087,4.946558722,10.15648322,0.506459952,0.120122417,3804.172256,7.452704986,84.90983381,91.86890064,92.91382979,274.7301049,160.737883,374.9119357,1.026508894,16.80178945,96.78885218,86.06697787
2005,Aleppo,Jebel_Saman,1,1134,2019,1780,0.320135248,3.90953411,680.9241387,19.30349788,185.7492815,1.399045613,26.85095306,367.0160671,1,348.6130778,485.921619,12825.42231,1,24.0041333,29.12975226,17.81308654,5.763825072,13.77339204,0.490559459,0.101372302,3526.465037,7.511498758,82.95004141,89.49335598,94.1545251,324.3345388,183.2856532,401.209007,0.780531933,17.98196178,98.21093407,28.18423019
2005,Aleppo,Jebel_Saman,2,1302,2460,1890,0.320135248,3.90953411,680.9241387,19.30349788,185.7492815,1.399045613,26.85095306,367.0160671,1,348.6130778,485.921619,12825.42231,1,24.0041333,29.12975226,17.81308654,5.763825072,13.77339204,0.490559459,0.101372302,3526.465037,7.511498758,82.95004141,89.49335598,94.1545251,324.3345388,183.2856532,401.209007,0.780531933,17.98196178,98.21093407,28.18423019
2005,Aleppo,Jebel_Saman,3,447,491,1100,0.320135248,3.90953411,680.9241387,19.30349788,185.7492815,1.399045613,26.85095306,367.0160671,1,348.6130778,485.921619,12825.42231,1,24.0041333,29.12975226,17.81308654,5.763825072,13.77339204,0.490559459,0.101372302,3526.465037,7.511498758,82.95004141,89.49335598,94.1545251,324.3345388,183.2856532,401.209007,0.780531933,17.98196178,98.21093407,28.18423019
2005,Aleppo,As_Safira,2,1911,3440,1800,0.226229514,2.727688396,481.3966191,13.39676206,194.0542344,1.456944439,23.81607607,339.9130212,1,386.7828001,407.6633703,13068.01604,1,58.56984464,29.67338519,18.15002228,5.767509616,11.3481158,0.410501965,0.084687367,3592.380377,7.634697244,78.8434252,96.2352179,86.8956053,218.7092924,209.796782,447.6738108,1.021027812,12.3940763,96.28558697,61.3127161
2005,Aleppo,As_Safira,3,2828,3111,1100,0.226229514,2.727688396,481.3966191,13.39676206,194.0542344,1.456944439,23.81607607,339.9130212,1,386.7828001,407.6633703,13068.01604,1,58.56984464,29.67338519,18.15002228,5.767509616,11.3481158,0.410501965,0.084687367,3592.380377,7.634697244,78.8434252,96.2352179,86.8956053,218.7092924,209.796782,447.6738108,1.021027812,12.3940763,96.28558697,61.3127161
2005,Aleppo,As_Safira,4,778,700,900,0.226229514,2.727688396,481.3966191,13.39676206,194.0542344,1.456944439,23.81607607,339.9130212,1,386.7828001,407.6633703,13068.01604,1,58.56984464,29.67338519,18.15002228,5.767509616,11.3481158,0.410501965,0.084687367,3592.380377,7.634697244,78.8434252,96.2352179,86.8956053,218.7092924,209.796782,447.6738108,1.021027812,12.3940763,96.28558697,61.3127161
2005,Raqqa,Tell_Abiad,2,38578,46679,1210,0.478825179,3.735158564,466.9389514,11.93904253,188.9206138,1.450549568,27.03711738,400.1496788,1,371.821103,368.8760447,13609.48249,1,11.17783109,32.77697004,18.90205902,5.278616146,9.44830582,0.38224754,0.073010368,3910.025112,7.789701512,73.67661628,91.35716098,87.53817862,218.1333799,163.0030389,436.503596,0.353533461,11.88417515,91.98823419,33.28514589
2005,Raqqa,Tell_Abiad,3,18948,7958,420,0.478825179,3.735158564,466.9389514,11.93904253,188.9206138,1.450549568,27.03711738,400.1496788,1,371.821103,368.8760447,13609.48249,1,11.17783109,32.77697004,18.90205902,5.278616146,9.44830582,0.38224754,0.073010368,3910.025112,7.789701512,73.67661628,91.35716098,87.53817862,218.1333799,163.0030389,436.503596,0.353533461,11.88417515,91.98823419,33.28514589
2005,Raqqa,Tabqat,3,49,81,1653,0.166312937,1.915996577,373.674695,9.827563089,159.7684893,1.190950364,17.04136252,252.4603217,1,365.9192606,351.5692078,13361.78003,1,14.81675015,30.92719859,18.55802781,5.927438048,9.253826777,0.420438564,0.101322263,3801.312859,7.560426275,81.31912416,88.88409375,86.21897513,187.8574546,193.9123706,366.1195327,0.562168467,8.629667024,93.95412678,97.73904029
2005,Raqqa,Tabqat,4,4555,1093,240,0.166312937,1.915996577,373.674695,9.827563089,159.7684893,1.190950364,17.04136252,252.4603217,1,365.9192606,351.5692078,13361.78003,1,14.81675015,30.92719859,18.55802781,5.927438048,9.253826777,0.420438564,0.101322263,3801.312859,7.560426275,81.31912416,88.88409375,86.21897513,187.8574546,193.9123706,366.1195327,0.562168467,8.629667024,93.95412678,97.73904029
2005,Raqqa,Tabqat,5,218,11,50,0.166312937,1.915996577,373.674695,9.827563089,159.7684893,1.190950364,17.04136252,252.4603217,1,365.9192606,351.5692078,13361.78003,1,14.81675015,30.92719859,18.55802781,5.927438048,9.253826777,0.420438564,0.101322263,3801.312859,7.560426275,81.31912416,88.88409375,86.21897513,187.8574546,193.9123706,366.1195327,0.562168467,8.629667024,93.95412678,97.73904029
2005,Hassakeh,Hassakeh,1,495,629,1270,1.234999017,5.292191536,494.420644,11.69336607,179.2026918,1.453912692,22.75778998,312.1287676,1,352.2277754,341.7955319,14228.40702,1,19.1175947,33.97736607,19.76167642,5.469777574,8.107330651,0.361648613,0.069270679,4227.21488,7.76640865,74.453045,89.54287749,88.86838568,233.6532255,232.8497925,449.1236429,0.493960645,10.83503123,87.07613473,55.44769984
2005,Hassakeh,Hassakeh,2,48214,28639,594,1.234999017,5.292191536,494.420644,11.69336607,179.2026918,1.453912692,22.75778998,312.1287676,1,352.2277754,341.7955319,14228.40702,1,19.1175947,33.97736607,19.76167642,5.469777574,8.107330651,0.361648613,0.069270679,4227.21488,7.76640865,74.453045,89.54287749,88.86838568,233.6532255,232.8497925,449.1236429,0.493960645,10.83503123,87.07613473,55.44769984
2005,Hassakeh,Hassakeh,3,18044,4800,266,1.234999017,5.292191536,494.420644,11.69336607,179.2026918,1.453912692,22.75778998,312.1287676,1,352.2277754,341.7955319,14228.40702,1,19.1175947,33.97736607,19.76167642,5.469777574,8.107330651,0.361648613,0.069270679,4227.21488,7.76640865,74.453045,89.54287749,88.86838568,233.6532255,232.8497925,449.1236429,0.493960645,10.83503123,87.07613473,55.44769984
2005,Hassakeh,Hassakeh,4,12959,129,10,1.234999017,5.292191536,494.420644,11.69336607,179.2026918,1.453912692,22.75778998,312.1287676,1,352.2277754,341.7955319,14228.40702,1,19.1175947,33.97736607,19.76167642,5.469777574,8.107330651,0.361648613,0.069270679,4227.21488,7.76640865,74.453045,89.54287749,88.86838568,233.6532255,232.8497925,449.1236429,0.493960645,10.83503123,87.07613473,55.44769984
2005,Hassakeh,Quamishli,1,52158,44335,850,0.384508781,3.376182941,808.4358262,18.79303897,189.6343908,1.4227755,32.71215887,381.6987929,1,387.3408823,401.9466259,13809.261,1,4.224880292,33.88592289,19.17952917,5.171298083,9.365464372,0.599920442,0.13218101,4300.783376,7.499177245,83.3607585,90.12007658,95.51523273,381.9407367,188.6721752,424.1715544,0.236333983,15.93920513,90.40269048,2.151515152
2005,Hassakeh,Quamishli,2,33904,17291,510,0.384508781,3.376182941,808.4358262,18.79303897,189.6343908,1.4227755,32.71215887,381.6987929,1,387.3408823,401.9466259,13809.261,1,4.224880292,33.88592289,19.17952917,5.171298083,9.365464372,0.599920442,0.13218101,4300.783376,7.499177245,83.3607585,90.12007658,95.51523273,381.9407367,188.6721752,424.1715544,0.236333983,15.93920513,90.40269048,2.151515152
2005,Hassakeh,Al_Malika,1,91148,133987,1470,0.273788898,2.626098262,1004.390536,22.55414892,177.7179584,1.393407522,35.81191186,396.1542193,1,442.2589019,432.956548,13304.23833,1,11.47143655,33.34086531,18.47810879,4.463634958,9.734654249,0.637121723,0.142469785,4452.240686,7.401004555,86.63318149,88.26017084,96.50155148,475.5179169,182.2285639,417.2135132,0.627665989,23.0979689,94.4108069,71.48066457
2005,Hassakeh,Al_Malika,2,9500,4370,460,0.273788898,2.626098262,1004.390536,22.55414892,177.7179584,1.393407522,35.81191186,396.1542193,1,442.2589019,432.956548,13304.23833,1,11.47143655,33.34086531,18.47810879,4.463634958,9.734654249,0.637121723,0.142469785,4452.240686,7.401004555,86.63318149,88.26017084,96.50155148,475.5179169,182.2285639,417.2135132,0.627665989,23.0979689,94.4108069,71.48066457
2005,Hassakeh,Al_Malika,3,1970,788,400,0.273788898,2.626098262,1004.390536,22.55414892,177.7179584,1.393407522,35.81191186,396.1542193,1,442.2589019,432.956548,13304.23833,1,11.47143655,33.34086531,18.47810879,4.463634958,9.734654249,0.637121723,0.142469785,4452.240686,7.401004555,86.63318149,88.26017084,96.50155148,475.5179169,182.2285639,417.2135132,0.627665989,23.0979689,94.4108069,71.48066457
2005,Hassakeh,Ras_Al_Ain,1,5967,7100,1190,0.383012451,4.287075453,598.8060553,14.80484114,181.239228,1.436138441,29.13638552,428.1986409,1,428.0325777,471.7607384,13552.07229,1,10.62784115,33.22326523,18.82232262,4.962238261,11.68198831,0.488336252,0.098797732,4043.663833,7.607914063,79.7361979,89.67698486,92.63093106,283.0723903,158.4989891,413.1203426,0.413294717,15.5378662,92.44387073,3.258706468
2005,Hassakeh,Ras_Al_Ain,2,24344,12173,500,0.383012451,4.287075453,598.8060553,14.80484114,181.239228,1.436138441,29.13638552,428.1986409,1,428.0325777,471.7607384,13552.07229,1,10.62784115,33.22326523,18.82232262,4.962238261,11.68198831,0.488336252,0.098797732,4043.663833,7.607914063,79.7361979,89.67698486,92.63093106,283.0723903,158.4989891,413.1203426,0.413294717,15.5378662,92.44387073,3.258706468
2005,Hassakeh,Ras_Al_Ain,3,2810,748,266,0.383012451,4.287075453,598.8060553,14.80484114,181.239228,1.436138441,29.13638552,428.1986409,1,428.0325777,471.7607384,13552.07229,1,10.62784115,33.22326523,18.82232262,4.962238261,11.68198831,0.488336252,0.098797732,4043.663833,7.607914063,79.7361979,89.67698486,92.63093106,283.0723903,158.4989891,413.1203426,0.413294717,15.5378662,92.44387073,3.258706468
2007,Homs,Tall_Kalakh,1,2002,5313,2654,0.061265386,1.382119937,1272.500735,34.84347315,213.4968276,1.371293035,28.50363662,371.8628808,1,462.9664108,710.9073213,12178.34761,1,86.9397267,26.12142373,16.91437168,6.979911135,19.51170217,0.663295845,0.115507754,3651.049064,7.036198454,98.79338486,83.35580699,100.5181481,619.9467607,256.0800903,370.1287946,2.899572474,38.32373734,96.65355246,63.89144317
2007,Hama,Al_Ghab,1,122,232,1902,0.049595436,1.643165164,1245.377594,37.3078176,139.7759455,1.347860465,28.59829587,349.5799349,1,352.189296,904.8575358,11848.50444,1,139.7020723,26.2665459,16.45625617,5.727106143,27.05156548,0.723841319,0.127098025,3337.114298,6.782044179,92.73480597,76.35516097,107.6308291,605.274147,280.5196852,361.9957542,4.508295663,42.21571718,94.03574954,35.28868661
2007,Idleb,Idleb,1,6081,9499,1562,0.125820372,2.188331063,872.6529941,24.65116242,133.1604544,1.441830046,29.96636028,396.7139838,1,349.4829207,530.0742607,12580.63703,1,18.66965742,28.70785961,17.47310699,5.452744198,14.96072781,0.583313902,0.117897144,3539.007483,7.363514149,87.8828617,76.50249874,97.90903602,400.8943867,201.4720497,378.6673336,0.928862474,24.86059375,99.84632564,24.08243728
2007,Idleb,Idleb,2,4072,5138,1262,0.125820372,2.188331063,872.6529941,24.65116242,133.1604544,1.441830046,29.96636028,396.7139838,1,349.4829207,530.0742607,12580.63703,1,18.66965742,28.70785961,17.47310699,5.452744198,14.96072781,0.583313902,0.117897144,3539.007483,7.363514149,87.8828617,76.50249874,97.90903602,400.8943867,201.4720497,378.6673336,0.928862474,24.86059375,99.84632564,24.08243728
2007,Idleb,Idleb,3,4058,4070,1003,0.125820372,2.188331063,872.6529941,24.65116242,133.1604544,1.441830046,29.96636028,396.7139838,1,349.4829207,530.0742607,12580.63703,1,18.66965742,28.70785961,17.47310699,5.452744198,14.96072781,0.583313902,0.117897144,3539.007483,7.363514149,87.8828617,76.50249874,97.90903602,400.8943867,201.4720497,378.6673336,0.928862474,24.86059375,99.84632564,24.08243728
2007,Idleb,Harim,1,17,37,2176,0.076955511,1.744823344,1026.818016,30.0580398,208.4698796,1.397594182,27.2782689,356.5012631,1,400.6489695,516.7556142,12178.38946,1,91.8753057,27.9768217,16.91442981,4.769658689,15.16385976,0.500768999,0.079018078,3415.117693,7.125463716,95.81787612,73.20561954,111.9005787,460.4930206,243.3845318,396.2349649,3.52892128,34.93256475,96.65388463,7.104166667
2007,Idleb,Al_Jisr_Ash_Shu,1,132,293,2220,0.061795348,1.387996783,1136.571303,34.38658307,177.540447,1.380476929,27.89801472,304.6574213,1,349.3955892,643.9983281,12005.44391,1,101.3142959,26.74049093,16.67422766,5.459496395,19.46933862,0.579739059,0.091073268,3304.275493,6.711311118,90.37703725,81.04965385,105.9759834,521.268625,309.262822,377.4719518,3.793157673,40.90641577,95.2813009,19.55376344
2007,Idleb,Al_Ma'ra,1,9711,15674,1614,0.219400577,2.789560748,763.7852246,21.97074738,161.5969773,1.44106543,30.50289991,387.8445436,1,426.7153644,461.2784282,12575.526,1,29.05957912,28.58499453,17.46600833,5.628497968,13.29732195,0.543119789,0.118740826,3475.373431,7.422356298,85.92145674,73.89392659,94.65793689,368.9814646,211.8633148,395.4624714,1.089096217,21.8826255,99.80576191,2.740740741
2007,Idleb,Al_Ma'ra,2,15566,15426,991,0.219400577,2.789560748,763.7852246,21.97074738,161.5969773,1.44106543,30.50289991,387.8445436,1,426.7153644,461.2784282,12575.526,1,29.05957912,28.58499453,17.46600833,5.628497968,13.29732195,0.543119789,0.118740826,3475.373431,7.422356298,85.92145674,73.89392659,94.65793689,368.9814646,211.8633148,395.4624714,1.089096217,21.8826255,99.80576191,2.740740741
2007,Idleb,Al_Ma'ra,3,2890,1226,424,0.219400577,2.789560748,763.7852246,21.97074738,161.5969773,1.44106543,30.50289991,387.8445436,1,426.7153644,461.2784282,12575.526,1,29.05957912,28.58499453,17.46600833,5.628497968,13.29732195,0.543119789,0.118740826,3475.373431,7.422356298,85.92145674,73.89392659,94.65793689,368.9814646,211.8633148,395.4624714,1.089096217,21.8826255,99.80576191,2.740740741
2007,Idleb,Ariha,1,99,217,2192,0.06189382,1.20144567,953.2886537,27.7987132,178.7756591,1.396585143,27.93576679,350.6523137,1,582.149967,507.8930049,11676.00397,1,87.67581128,27.03246052,16.21667218,4.816561107,14.83170158,0.45354512,0.071767736,3428.254609,7.15618642,94.79378601,81.58515532,98.76144421,439.7575664,264.1637633,380.2716742,2.592602428,31.56046909,92.6666982,35.35190616
2007,Tartous,Tartous,1,156,250,1603,0.049162657,1.417978043,1482.440954,40.79483134,226.602822,1.337365278,24.38800112,328.0083572,1,151.3380759,893.240947,13213.59154,1,85.26540945,26.26920854,18.35221047,9.700307552,24.61868483,0.596492029,0.075910589,3632.894064,6.801489796,93.38299321,82.94611762,102.8045291,724.9834629,293.3316743,364.969705,1.987711269,46.76351549,95.1302259,64.49344978
2007,Tartous,Banyas,1,193,193,1000,0.064347484,1.259569202,1619.260374,45.16770635,227.2029485,1.248880866,25.12215029,311.6023136,1,597.2024401,821.9897049,11492.22683,1,239.5189203,25.01593729,15.96142615,6.529279729,22.92723497,0.563251503,0.057309178,3583.995796,6.402940695,80.09802315,79.2003232,103.512972,798.2381015,311.2379664,363.3411414,4.321198421,51.28226288,91.20814944,78.70526316
2007,Tartous,Safita,1,315,216,686,0.047070335,1.157636077,1728.700329,48.50740426,212.2246192,1.350786518,24.81991989,329.6296751,1,294.0703481,776.8085309,12743.07818,1,85.74052064,26.21214527,17.6987197,8.474461955,21.81764205,0.610070283,0.07392368,3562.78651,6.807968775,93.59895915,82.63623157,106.6051151,822.1837973,291.9812893,377.4132804,2.351750182,44.6094789,98.86445886,76.62715679
2007,Tartous,Sheikh_Badr,1,528,845,1600,0.0373259,1.003571401,1652.331235,46.0401375,219.4652153,1.304121142,24.82237263,321.6588278,1,407.1159663,822.9203223,12285.21699,1,154.5873703,25.59678544,17.06280137,7.90666491,22.92628977,0.586749054,0.063946971,3589.246293,6.587843617,86.26145388,81.74618109,105.2655794,798.9952069,302.2905226,370.5696379,3.164125443,48.74926315,95.09959602,48.78499377
2007,Lattakia,Al_Hafa,1,40,70,1750,0.056619889,1.298629777,1686.040939,49.89786743,251.0029312,1.264981734,25.51066723,281.7179779,1,615.8606536,846.6833832,11523.84568,1,289.7612345,25.55307544,16.00534122,5.720576026,25.04955585,0.590065733,0.053870796,3377.983964,6.168576676,72.28588919,75.70360207,118.8394207,794.996686,357.4897846,356.8800356,4.643245661,56.30098333,91.45909267,75.1082544
2007,Aleppo,A'zaz,1,15605,20287,1300,0.121728487,2.146811382,689.2035742,18.58520782,180.5676029,1.396196968,30.36538609,429.7996425,1,481.8095159,545.7112373,12331.34245,1,12.33630082,29.84623108,17.12686451,4.032263728,14.72099854,0.657211515,0.143902225,3707.344726,7.471901984,84.26993387,76.64265539,95.28963026,327.6101433,165.5478602,396.9674719,0.559398203,24.25735487,97.8677972,30.7875817
2007,Aleppo,A'zaz,2,5469,5469,1000,0.121728487,2.146811382,689.2035742,18.58520782,180.5676029,1.396196968,30.36538609,429.7996425,1,481.8095159,545.7112373,12331.34245,1,12.33630082,29.84623108,17.12686451,4.032263728,14.72099854,0.657211515,0.143902225,3707.344726,7.471901984,84.26993387,76.64265539,95.28963026,327.6101433,165.5478602,396.9674719,0.559398203,24.25735487,97.8677972,30.7875817
2007,Aleppo,Afrin,1,940,2671,2841,0.194810459,2.230856022,966.0789633,27.29067257,184.8305861,1.371035123,25.51170824,404.3181051,1,493.5760545,498.5457474,11903.50514,1,89.965976,28.72187309,16.53264603,3.705459482,14.08736407,0.446509891,0.062119542,3538.960258,7.198506433,93.3831189,73.85060648,104.6905968,449.8173243,192.8950466,401.4796676,3.206478872,32.26458622,94.47226302,72.67440361
2007,Aleppo,Jarablus,2,17648,21866,1239,0.056313267,1.389591551,556.2533961,14.93497183,123.911363,1.374076188,31.59740814,433.9335195,1,453.0262094,396.0397108,12900.13001,1,19.54434174,32.00957298,17.91684724,3.311987098,10.64037379,0.50430863,0.108251415,3723.502479,7.473535251,84.21549162,78.46507467,94.33377934,272.5773875,151.8135123,395.6820817,0.731704106,17.89025411,97.61801579,86.86344794
2007,Aleppo,Al_Bab,1,1290,3665,2841,0.223794265,2.70647827,512.0387987,13.97281419,171.3158859,1.361738999,28.32570189,404.137529,1,440.5998951,435.2180142,12843.77561,1,12.48017986,30.62110254,17.83857724,4.46253577,11.87997076,0.478289106,0.101808548,3663.535947,7.526863486,82.4378838,80.40894307,89.13862475,251.8358122,172.3288421,394.8106379,0.536196258,18.97472913,98.06527293,57.38811081
2007,Aleppo,Al_Bab,2,31929,35346,1107,0.223794265,2.70647827,512.0387987,13.97281419,171.3158859,1.361738999,28.32570189,404.137529,1,440.5998951,435.2180142,12843.77561,1,12.48017986,30.62110254,17.83857724,4.46253577,11.87997076,0.478289106,0.101808548,3663.535947,7.526863486,82.4378838,80.40894307,89.13862475,251.8358122,172.3288421,394.8106379,0.536196258,18.97472913,98.06527293,57.38811081
2007,Aleppo,Al_Bab,3,2000,788,394,0.223794265,2.70647827,512.0387987,13.97281419,171.3158859,1.361738999,28.32570189,404.137529,1,440.5998951,435.2180142,12843.77561,1,12.48017986,30.62110254,17.83857724,4.46253577,11.87997076,0.478289106,0.101808548,3663.535947,7.526863486,82.4378838,80.40894307,89.13862475,251.8358122,172.3288421,394.8106379,0.536196258,18.97472913,98.06527293,57.38811081
2007,Aleppo,Menbij,2,28171,14621,519,0.476099108,4.018173677,420.5468864,11.21492787,173.279788,1.406754586,24.018397,332.4689528,1,397.1956572,375.3720158,13257.36338,1,17.60715977,31.13608958,18.4130047,4.904236411,10.01575685,0.352870943,0.067495232,3748.884898,7.618434657,79.38551142,77.71749873,85.85549489,217.2221057,198.2878033,437.4207931,0.49517755,12.11218955,94.7828303,92.68040719
2007,Aleppo,Menbij,3,6885,2720,395,0.476099108,4.018173677,420.5468864,11.21492787,173.279788,1.406754586,24.018397,332.4689528,1,397.1956572,375.3720158,13257.36338,1,17.60715977,31.13608958,18.4130047,4.904236411,10.01575685,0.352870943,0.067495232,3748.884898,7.618434657,79.38551142,77.71749873,85.85549489,217.2221057,198.2878033,437.4207931,0.49517755,12.11218955,94.7828303,92.68040719
2007,Aleppo,Ain_Al_Arab,2,55054,31877,579,0.285146327,2.615456939,534.2513081,13.62390233,180.1352135,1.344070296,29.15984317,412.5287694,1,457.6511594,358.1093037,13170.50782,1,40.7417743,32.35736164,18.29237198,3.810319605,9.14420361,0.468275307,0.10030094,3920.42644,7.452704986,84.90983381,77.34841952,93.62283037,272.6113147,160.737883,374.9119357,1.026508894,16.80178945,95.47216013,86.06697787
2007,Aleppo,Jebel_Saman,1,1351,3378,2500,0.320135248,3.90953411,636.1562011,17.79380047,185.7492815,1.399045613,26.85095306,367.0160671,1,348.6130778,453.3305249,12937.51534,1,24.0041333,29.82169878,17.9687713,5.329610052,12.67583751,0.463034267,0.090503266,3574.156427,7.511498758,82.95004141,74.98280623,90.6511904,302.5689137,183.2856532,401.209007,0.780531933,17.98196178,97.32130686,28.18423019
2007,Aleppo,Jebel_Saman,2,1633,2450,1500,0.320135248,3.90953411,636.1562011,17.79380047,185.7492815,1.399045613,26.85095306,367.0160671,1,348.6130778,453.3305249,12937.51534,1,24.0041333,29.82169878,17.9687713,5.329610052,12.67583751,0.463034267,0.090503266,3574.156427,7.511498758,82.95004141,74.98280623,90.6511904,302.5689137,183.2856532,401.209007,0.780531933,17.98196178,97.32130686,28.18423019
2007,Aleppo,Jebel_Saman,3,899,270,300,0.320135248,3.90953411,636.1562011,17.79380047,185.7492815,1.399045613,26.85095306,367.0160671,1,348.6130778,453.3305249,12937.51534,1,24.0041333,29.82169878,17.9687713,5.329610052,12.67583751,0.463034267,0.090503266,3574.156427,7.511498758,82.95004141,74.98280623,90.6511904,302.5689137,183.2856532,401.209007,0.780531933,17.98196178,97.32130686,28.18423019
2007,Aleppo,As_Safira,2,2473,4464,1805,0.226229514,2.727688396,456.299557,12.50202521,194.0542344,1.456944439,23.81607607,339.9130212,1,386.7828001,382.3177388,13180.31056,1,58.56984464,30.3292621,18.30598688,5.414454643,10.47411383,0.340847961,0.060963917,3648.805126,7.634697244,78.8434252,77.9617139,82.03534485,234.5414825,209.796782,447.6738108,1.021027812,12.3940763,95.39436066,61.3127161
2007,Aleppo,As_Safira,3,2630,2625,998,0.226229514,2.727688396,456.299557,12.50202521,194.0542344,1.456944439,23.81607607,339.9130212,1,386.7828001,382.3177388,13180.31056,1,58.56984464,30.3292621,18.30598688,5.414454643,10.47411383,0.340847961,0.060963917,3648.805126,7.634697244,78.8434252,77.9617139,82.03534485,234.5414825,209.796782,447.6738108,1.021027812,12.3940763,95.39436066,61.3127161
2007,Raqqa,Tell_Abiad,2,32914,9347,284,0.478825179,3.735158564,460.605813,11.43120755,188.9206138,1.450549568,27.03711738,400.1496788,1,371.821103,333.9294394,13773.44105,1,11.17783109,33.25059878,19.12977923,4.489144035,8.302525047,0.296320883,0.046453725,4028.371446,7.789701512,73.67661628,79.33258294,90.77306235,244.4782305,163.0030389,436.503596,0.353533461,11.88417515,90.68697581,33.28514589
2007,Hassakeh,Hassakeh,1,335,302,901,1.234999017,5.292191536,551.2765435,12.70697042,179.2026918,1.453912692,22.75778998,312.1287676,1,352.2277754,300.6162007,14323.12764,1,19.1175947,34.14789318,19.89323284,4.751904919,6.951056889,0.273837244,0.04295389,4337.379058,7.76640865,74.453045,88.43511336,91.63044482,284.2048548,232.8497925,449.1236429,0.493960645,10.83503123,86.3243838,55.44769984
2007,Hassakeh,Hassakeh,2,39014,28402,728,1.234999017,5.292191536,551.2765435,12.70697042,179.2026918,1.453912692,22.75778998,312.1287676,1,352.2277754,300.6162007,14323.12764,1,19.1175947,34.14789318,19.89323284,4.751904919,6.951056889,0.273837244,0.04295389,4337.379058,7.76640865,74.453045,88.43511336,91.63044482,284.2048548,232.8497925,449.1236429,0.493960645,10.83503123,86.3243838,55.44769984
2007,Hassakeh,Hassakeh,3,12476,4180,335,1.234999017,5.292191536,551.2765435,12.70697042,179.2026918,1.453912692,22.75778998,312.1287676,1,352.2277754,300.6162007,14323.12764,1,19.1175947,34.14789318,19.89323284,4.751904919,6.951056889,0.273837244,0.04295389,4337.379058,7.76640865,74.453045,88.43511336,91.63044482,284.2048548,232.8497925,449.1236429,0.493960645,10.83503123,86.3243838,55.44769984
2007,Hassakeh,Hassakeh,4,7714,825,107,1.234999017,5.292191536,551.2765435,12.70697042,179.2026918,1.453912692,22.75778998,312.1287676,1,352.2277754,300.6162007,14323.12764,1,19.1175947,34.14789318,19.89323284,4.751904919,6.951056889,0.273837244,0.04295389,4337.379058,7.76640865,74.453045,88.43511336,91.63044482,284.2048548,232.8497925,449.1236429,0.493960645,10.83503123,86.3243838,55.44769984
2007,Hassakeh,Quamishli,1,47978,71919,1499,0.384508781,3.376182941,850.3153288,19.32562456,189.6343908,1.4227755,32.71215887,381.6987929,1,387.3408823,372.9633276,13752.8998,1,4.224880292,34.24491754,19.10124972,3.329027071,8.499245581,0.627903736,0.130428877,4398.93712,7.499177245,83.3607585,85.6736499,93.75242356,432.7353746,188.6721752,424.1715544,0.236333983,15.93920513,90.85000161,2.151515152
2007,Hassakeh,Quamishli,2,13376,12292,919,0.384508781,3.376182941,850.3153288,19.32562456,189.6343908,1.4227755,32.71215887,381.6987929,1,387.3408823,372.9633276,13752.8998,1,4.224880292,34.24491754,19.10124972,3.329027071,8.499245581,0.627903736,0.130428877,4398.93712,7.499177245,83.3607585,85.6736499,93.75242356,432.7353746,188.6721752,424.1715544,0.236333983,15.93920513,90.85000161,2.151515152
2007,Hassakeh,Quamishli,3,3022,1088,360,0.384508781,3.376182941,850.3153288,19.32562456,189.6343908,1.4227755,32.71215887,381.6987929,1,387.3408823,372.9633276,13752.8998,1,4.224880292,34.24491754,19.10124972,3.329027071,8.499245581,0.627903736,0.130428877,4398.93712,7.499177245,83.3607585,85.6736499,93.75242356,432.7353746,188.6721752,424.1715544,0.236333983,15.93920513,90.85000161,2.151515152
2007,Hassakeh,Al_Malika,1,81425,123196,1513,0.273788898,2.626098262,1054.311668,23.40294949,177.7179584,1.393407522,35.81191186,396.1542193,1,442.2589019,415.5652977,13253.5204,1,11.47143655,33.91081287,18.40766722,2.359439492,9.239683812,0.692210858,0.154705117,4504.037575,7.401004555,86.63318149,87.03392106,94.65819672,549.0247466,182.2285639,417.2135132,0.627665989,23.0979689,94.81333019,71.48066457
2007,Hassakeh,Al_Malika,2,8295,8046,970,0.273788898,2.626098262,1054.311668,23.40294949,177.7179584,1.393407522,35.81191186,396.1542193,1,442.2589019,415.5652977,13253.5204,1,11.47143655,33.91081287,18.40766722,2.359439492,9.239683812,0.692210858,0.154705117,4504.037575,7.401004555,86.63318149,87.03392106,94.65819672,549.0247466,182.2285639,417.2135132,0.627665989,23.0979689,94.81333019,71.48066457
2007,Hassakeh,Al_Malika,3,1685,285,169,0.273788898,2.626098262,1054.311668,23.40294949,177.7179584,1.393407522,35.81191186,396.1542193,1,442.2589019,415.5652977,13253.5204,1,11.47143655,33.91081287,18.40766722,2.359439492,9.239683812,0.692210858,0.154705117,4504.037575,7.401004555,86.63318149,87.03392106,94.65819672,549.0247466,182.2285639,417.2135132,0.627665989,23.0979689,94.81333019,71.48066457
2007,Hassakeh,Ras_Al_Ain,1,1811,9489,5239,0.383012451,4.287075453,624.2563751,15.03405944,181.239228,1.436138441,29.13638552,428.1986409,1,428.0325777,456.3052861,13607.32949,1,10.62784115,33.47848567,18.89906873,3.647773868,11.00493612,0.501818743,0.096453865,4151.280877,7.607914063,79.7361979,86.26520062,92.95071445,325.1500737,158.4989891,413.1203426,0.413294717,15.5378662,92.00532154,3.258706468
2007,Hassakeh,Ras_Al_Ain,2,4272,18457,4321,0.383012451,4.287075453,624.2563751,15.03405944,181.239228,1.436138441,29.13638552,428.1986409,1,428.0325777,456.3052861,13607.32949,1,10.62784115,33.47848567,18.89906873,3.647773868,11.00493612,0.501818743,0.096453865,4151.280877,7.607914063,79.7361979,86.26520062,92.95071445,325.1500737,158.4989891,413.1203426,0.413294717,15.5378662,92.00532154,3.258706468
2007,Hassakeh,Ras_Al_Ain,3,21791,1248,57,0.383012451,4.287075453,624.2563751,15.03405944,181.239228,1.436138441,29.13638552,428.1986409,1,428.0325777,456.3052861,13607.32949,1,10.62784115,33.47848567,18.89906873,3.647773868,11.00493612,0.501818743,0.096453865,4151.280877,7.607914063,79.7361979,86.26520062,92.95071445,325.1500737,158.4989891,413.1203426,0.413294717,15.5378662,92.00532154,3.258706468
2008,Homs,Tall_Kalakh,1,896,1229,1372,0.061265386,1.382119937,1083.851663,29.0421224,213.4968276,1.371293035,28.50363662,371.8628808,1,462.9664108,684.1552991,12382.33323,1,86.9397267,26.44077569,17.19768504,4.796191811,18.39367097,0.646880142,0.106873635,3730.998812,7.036198454,98.79338486,86.71018351,103.3473504,480.917455,256.0800903,370.1287946,2.899572474,38.32373734,98.27248594,63.89144317
2008,Hama,Al_Ghab,1,198,363,1833,0.049595436,1.643165164,1109.933742,32.339314,139.7759455,1.347860465,28.59829587,349.5799349,1,352.189296,859.4142185,11984.57872,1,139.7020723,26.79968617,16.64524822,3.695596862,25.03845032,0.708032627,0.112971194,3431.149929,6.782044179,92.73480597,82.34600957,109.8900236,500.575626,280.5196852,361.9957542,4.508295663,42.21571718,95.11570414,35.28868661
2008,Idleb,Idleb,1,2049,3342,1631,0.125820372,2.188331063,798.9432958,21.82516386,133.1604544,1.441830046,29.96636028,396.7139838,1,349.4829207,471.5708438,12800.69179,1,18.66965742,28.85260626,17.77873859,3.728531167,12.86856803,0.540770482,0.106691452,3659.651992,7.363514149,87.8828617,74.7129235,104.585452,377.1078523,201.4720497,378.6673336,0.928862474,24.86059375,98.40720805,24.08243728
2008,Idleb,Idleb,2,793,421,531,0.125820372,2.188331063,798.9432958,21.82516386,133.1604544,1.441830046,29.96636028,396.7139838,1,349.4829207,471.5708438,12800.69179,1,18.66965742,28.85260626,17.77873859,3.728531167,12.86856803,0.540770482,0.106691452,3659.651992,7.363514149,87.8828617,74.7129235,104.585452,377.1078523,201.4720497,378.6673336,0.928862474,24.86059375,98.40720805,24.08243728
2008,Idleb,Harim,1,2,4,2000,0.076955511,1.744823344,965.5811837,27.29156453,208.4698796,1.397594182,27.2782689,356.5012631,1,400.6489695,462.8813461,12318.76263,1,91.8753057,28.37074389,17.10939254,3.011567931,13.11840936,0.450313878,0.06497908,3537.020631,7.125463716,95.81787612,69.86963963,114.7801602,459.1516008,243.3845318,396.2349649,3.52892128,34.93256475,97.76795736,7.104166667
2008,Idleb,Al_Jisr_Ash_Shu,1,53,112,2113,0.061795348,1.387996783,1093.38796,32.00243441,177.540447,1.380476929,27.89801472,304.6574213,1,349.3955892,594.3599764,12137.96385,1,101.3142959,27.24412221,16.85828313,3.717724666,17.39872975,0.557812447,0.079290888,3415.577458,6.711311118,90.37703725,82.45255681,110.3635227,528.4324462,309.262822,377.4719518,3.793157673,40.90641577,96.33304645,19.55376344
2008,Idleb,Al_Ma'ra,1,7929,8191,1033,0.219400577,2.789560748,673.212619,18.72091082,161.5969773,1.44106543,30.50289991,387.8445436,1,426.7153644,408.6185192,12782.90069,1,29.05957912,28.69803014,17.75402873,3.730682873,11.38833031,0.513402548,0.103824639,3595.04629,7.422356298,85.92145674,74.39087857,100.7635081,304.3677876,211.8633148,395.4624714,1.089096217,21.8826255,98.54840725,2.740740741
2008,Idleb,Al_Ma'ra,2,11121,1602,144,0.219400577,2.789560748,673.212619,18.72091082,161.5969773,1.44106543,30.50289991,387.8445436,1,426.7153644,408.6185192,12782.90069,1,29.05957912,28.69803014,17.75402873,3.730682873,11.38833031,0.513402548,0.103824639,3595.04629,7.422356298,85.92145674,74.39087857,100.7635081,304.3677876,211.8633148,395.4624714,1.089096217,21.8826255,98.54840725,2.740740741
2008,Idleb,Ariha,1,76,84,1105,0.06189382,1.20144567,879.9066319,24.75985047,178.7756591,1.396585143,27.93576679,350.6523137,1,582.149967,454.6128973,11867.95457,1,87.67581128,27.37809647,16.48327023,2.881420264,12.81127333,0.415433123,0.057897755,3552.763917,7.15618642,94.79378601,82.73688586,104.6924697,414.381739,264.1637633,380.2716742,2.592602428,31.56046909,94.19011563,35.35190616
2008,Tartous,Tartous,1,273,512,1875,0.049162657,1.417978043,1236.897597,33.46298917,226.602822,1.337365278,24.38800112,328.0083572,1,151.3380759,855.5258419,13388.19715,1,85.26540945,26.82983642,18.59471827,8.057045889,23.18566854,0.586112751,0.070595025,3695.315326,6.801489796,93.38299321,86.23225431,106.0927406,539.1951599,293.3316743,364.969705,1.987711269,46.76351549,93.74446704,64.49344978
2008,Tartous,Banyas,1,211,188,891,0.064347484,1.259569202,1403.712592,38.46442036,227.2029485,1.248880866,25.12215029,311.6023136,1,597.2024401,784.9347297,11621.40811,1,239.5189203,25.56937044,16.1408446,4.429619276,21.5128595,0.561522811,0.056660557,3648.379292,6.402940695,80.09802315,86.91097141,105.8022788,633.2039508,311.2379664,363.3411414,4.321198421,51.28226288,92.2333977,78.70526316
2008,Tartous,Safita,1,171,180,1053,0.047070335,1.157636077,1445.356711,39.95246947,212.2246192,1.350786518,24.81991989,329.6296751,1,294.0703481,754.3109993,12929.67992,1,85.74052064,26.66944825,17.95788878,6.553456258,20.876174,0.610121531,0.072041841,3616.690546,6.807968775,93.59895915,87.20558423,108.3392523,640.6691938,291.9812893,377.4132804,2.351750182,44.6094789,97.3834927,76.62715679
2008,Tartous,Sheikh_Badr,1,485,378,779,0.0373259,1.003571401,1404.600655,38.50743879,219.4652153,1.304121142,24.82237263,321.6588278,1,407.1159663,791.0962494,12445.33449,1,154.5873703,26.14979737,17.28518679,5.966291189,21.68798384,0.582620557,0.061834507,3648.231114,6.587843617,86.26145388,87.40888985,107.3192185,623.2989334,302.2905226,370.5696379,3.164125443,48.74926315,95.22367983,48.78499377
2008,Lattakia,Al_Hafa,1,11,11,1000,0.056619889,1.298629777,1540.554958,44.66729283,251.0029312,1.264981734,25.51066723,281.7179779,1,615.8606536,798.5923735,11636.20324,1,289.7612345,26.1574246,16.16139338,3.744179372,23.15680416,0.589897384,0.053944119,3447.955288,6.168576676,72.28588919,79.6401445,119.8920082,705.6756211,357.4897846,356.8800356,4.643245661,56.30098333,92.35081933,75.1082544
2008,Lattakia,Jablah,1,4,4,1000,0.056903002,1.06433536,1441.216615,40.99493561,242.7106218,1.288362214,25.18450697,312.336117,1,539.9002309,766.8946068,11847.0336,1,269.6827043,25.91431948,16.45421333,4.721259728,21.79134419,0.560076859,0.055019805,3514.596727,6.394601508,79.82005026,83.77358344,108.0288202,656.7000257,319.9496365,362.0527367,4.337486611,50.9748085,94.02407618,69.6122449
2008,Aleppo,A'zaz,1,17845,23574,1321,0.121728487,2.146811382,606.0977506,15.77779506,180.5676029,1.396196968,30.36538609,429.7996425,1,481.8095159,483.9276811,12539.83531,1,12.33630082,29.84623108,17.41643793,2.378211902,12.59842818,0.609253487,0.125363542,3840.460409,7.471901984,84.26993387,73.57182929,98.32148158,272.5093511,165.5478602,396.9674719,0.559398203,24.25735487,99.52250248,30.7875817
2008,Aleppo,A'zaz,2,2954,1344,455,0.121728487,2.146811382,606.0977506,15.77779506,180.5676029,1.396196968,30.36538609,429.7996425,1,481.8095159,483.9276811,12539.83531,1,12.33630082,29.84623108,17.41643793,2.378211902,12.59842818,0.609253487,0.125363542,3840.460409,7.471901984,84.26993387,73.57182929,98.32148158,272.5093511,165.5478602,396.9674719,0.559398203,24.25735487,99.52250248,30.7875817
2008,Aleppo,Afrin,1,1415,2715,1919,0.194810459,2.230856022,892.757391,24.39297158,184.8305861,1.371035123,25.51170824,404.3181051,1,493.5760545,447.1996194,12067.54025,1,89.965976,28.81125808,16.76047257,2.101971654,12.2248604,0.434965405,0.057165389,3658.896,7.198506433,93.3831189,68.76098445,108.0192773,408.1562316,192.8950466,401.4796676,3.206478872,32.26458622,95.77412895,72.67440361
2008,Aleppo,Al_Bab,1,1290,249,193,0.223794265,2.70647827,438.6290622,11.59732461,171.3158859,1.361738999,28.32570189,404.137529,1,440.5998951,386.324174,13043.62221,1,12.48017986,30.62110254,18.11614196,2.937482164,10.22187216,0.451073073,0.091961523,3781.157324,7.526863486,82.4378838,76.25738223,91.66230633,183.9661442,172.3288421,394.8106379,0.536196258,18.97472913,96.47918878,57.38811081
2008,Aleppo,Al_Bab,2,31028,4158,134,0.223794265,2.70647827,438.6290622,11.59732461,171.3158859,1.361738999,28.32570189,404.137529,1,440.5998951,386.324174,13043.62221,1,12.48017986,30.62110254,18.11614196,2.937482164,10.22187216,0.451073073,0.091961523,3781.157324,7.526863486,82.4378838,76.25738223,91.66230633,183.9661442,172.3288421,394.8106379,0.536196258,18.97472913,96.47918878,57.38811081
2008,Aleppo,Al_Bab,3,2278,275,121,0.223794265,2.70647827,438.6290622,11.59732461,171.3158859,1.361738999,28.32570189,404.137529,1,440.5998951,386.324174,13043.62221,1,12.48017986,30.62110254,18.11614196,2.937482164,10.22187216,0.451073073,0.091961523,3781.157324,7.526863486,82.4378838,76.25738223,91.66230633,183.9661442,172.3288421,394.8106379,0.536196258,18.97472913,96.47918878,57.38811081
2008,Aleppo,Jebel_Saman,1,1307,510,390,0.320135248,3.90953411,557.3634326,15.09227798,185.7492815,1.399045613,26.85095306,367.0160671,1,348.6130778,402.2289216,13156.99759,1,24.0041333,29.83124918,18.27360776,3.701136249,10.88891582,0.430266008,0.08038453,3692.03715,7.511498758,82.95004141,71.53332603,96.15512018,251.2134416,183.2856532,401.209007,0.780531933,17.98196178,95.57938421,28.18423019
2008,Aleppo,Jebel_Saman,2,1603,253,158,0.320135248,3.90953411,557.3634326,15.09227798,185.7492815,1.399045613,26.85095306,367.0160671,1,348.6130778,402.2289216,13156.99759,1,24.0041333,29.83124918,18.27360776,3.701136249,10.88891582,0.430266008,0.08038453,3692.03715,7.511498758,82.95004141,71.53332603,96.15512018,251.2134416,183.2856532,401.209007,0.780531933,17.98196178,95.57938421,28.18423019
2009,Homs,Tall_Kalakh,1,962,2140,2225,0.061265386,1.382119937,1267.62531,34.4141156,213.4968276,1.371293035,28.50363662,371.8628808,1,462.9664108,707.8477003,12464.44258,1,86.9397267,26.44077569,17.3117258,4.796191811,19.27720104,0.675776131,0.115665603,3682.445842,7.036198454,98.79338486,91.65003723,106.2023206,632.7840435,256.0800903,370.1287946,2.899572474,38.32373734,98.92414744,63.89144317
2009,Hama,Al_Ghab,1,388,1575,4059,0.049595436,1.643165164,1255.275305,36.85189511,139.7759455,1.347860465,28.59829587,349.5799349,1,352.189296,903.7794585,12053.74713,1,139.7020723,26.79968617,16.74131546,3.695596862,26.52034698,0.733693503,0.124156464,3405.270699,6.782044179,92.73480597,87.6535716,112.0248356,605.6322395,280.5196852,361.9957542,4.508295663,42.21571718,95.66465975,35.28868661
2009,Idleb,Idleb,1,3946,10943,2773,0.125820372,2.188331063,871.6967846,24.35753872,133.1604544,1.441830046,29.96636028,396.7139838,1,349.4829207,516.3347001,12930.75053,1,18.66965742,28.81927168,17.95937574,3.728531167,14.40612525,0.615032639,0.122000957,3577.755615,7.363514149,87.8828617,80.86179575,109.2656189,422.3891372,201.4720497,378.6673336,0.928862474,24.86059375,97.37499576,24.08243728
2009,Idleb,Idleb,2,836,1735,2075,0.125820372,2.188331063,871.6967846,24.35753872,133.1604544,1.441830046,29.96636028,396.7139838,1,349.4829207,516.3347001,12930.75053,1,18.66965742,28.81927168,17.95937574,3.728531167,14.40612525,0.615032639,0.122000957,3577.755615,7.363514149,87.8828617,80.86179575,109.2656189,422.3891372,201.4720497,378.6673336,0.928862474,24.86059375,97.37499576,24.08243728
2009,Idleb,Idleb,3,1840,3139,1706,0.125820372,2.188331063,871.6967846,24.35753872,133.1604544,1.441830046,29.96636028,396.7139838,1,349.4829207,516.3347001,12930.75053,1,18.66965742,28.81927168,17.95937574,3.728531167,14.40612525,0.615032639,0.122000957,3577.755615,7.363514149,87.8828617,80.86179575,109.2656189,422.3891372,201.4720497,378.6673336,0.928862474,24.86059375,97.37499576,24.08243728
2009,Idleb,Al_Jisr_Ash_Shu,1,110,567,5155,0.061795348,1.387996783,1220.156655,36.27551628,177.540447,1.380476929,27.89801472,304.6574213,1,349.3955892,632.3586972,12243.48407,1,101.3142959,27.24412221,17.00483899,3.717724666,18.80059876,0.596123445,0.089416849,3362.581776,6.711311118,90.37703725,87.11414744,110.7355206,572.5426266,309.262822,377.4719518,3.793157673,40.90641577,97.1705085,19.55376344
2009,Idleb,Al_Ma'ra,1,7930,24678,3112,0.219400577,2.789560748,755.4915464,21.37354734,161.5969773,1.44106543,30.50289991,387.8445436,1,426.7153644,432.7299923,12876.73287,1,29.05957912,28.67185981,17.8843512,3.730682873,12.26473594,0.543444649,0.113177263,3533.703596,7.422356298,85.92145674,82.6749824,105.4327749,364.0574913,211.8633148,395.4624714,1.089096217,21.8826255,97.80370741,2.740740741
2009,Idleb,Al_Ma'ra,2,9835,6697,681,0.219400577,2.789560748,755.4915464,21.37354734,161.5969773,1.44106543,30.50289991,387.8445436,1,426.7153644,432.7299923,12876.73287,1,29.05957912,28.67185981,17.8843512,3.730682873,12.26473594,0.543444649,0.113177263,3533.703596,7.422356298,85.92145674,82.6749824,105.4327749,364.0574913,211.8633148,395.4624714,1.089096217,21.8826255,97.80370741,2.740740741
2009,Idleb,Al_Ma'ra,3,960,180,188,0.219400577,2.789560748,755.4915464,21.37354734,161.5969773,1.44106543,30.50289991,387.8445436,1,426.7153644,432.7299923,12876.73287,1,29.05957912,28.67185981,17.8843512,3.730682873,12.26473594,0.543444649,0.113177263,3533.703596,7.422356298,85.92145674,82.6749824,105.4327749,364.0574913,211.8633148,395.4624714,1.089096217,21.8826255,97.80370741,2.740740741
2009,Tartous,Tartous,1,121,552,4562,0.049162657,1.417978043,1423.059656,38.67412514,226.602822,1.337365278,24.38800112,328.0083572,1,151.3380759,860.6293009,13474.0594,1,85.26540945,26.82983642,18.71397138,8.057045889,23.4264742,0.613834382,0.078338615,3678.61693,6.801489796,93.38299321,88.80489957,106.7028745,689.2767472,293.3316743,364.969705,1.987711269,46.76351549,93.06302066,64.49344978
2009,Tartous,Safita,1,310,605,1952,0.047070335,1.157636077,1669.056218,46.51805631,212.2246192,1.350786518,24.81991989,329.6296751,1,294.0703481,775.9892647,13009.49259,1,85.74052064,26.66944825,18.06873971,6.553456258,21.65475085,0.637536979,0.080896444,3586.974973,6.807968775,93.59895915,89.34921883,108.4893754,825.2695973,291.9812893,377.4132804,2.351750182,44.6094789,96.75005883,76.62715679
2009,Tartous,Sheikh_Badr,1,443,397,896,0.0373259,1.003571401,1609.752211,44.41644012,219.4652153,1.304121142,24.82237263,321.6588278,1,407.1159663,811.6330976,12498.32333,1,154.5873703,26.14979737,17.3587824,5.966291189,22.39404895,0.610266751,0.067948784,3625.096661,6.587843617,86.26145388,89.73582875,108.4200647,790.1026618,302.2905226,370.5696379,3.164125443,48.74926315,95.1182741,48.78499377
2009,Aleppo,A'zaz,1,14189,37998,2678,0.121728487,2.146811382,682.7766581,18.18043962,180.5676029,1.396196968,30.36538609,429.7996425,1,481.8095159,521.0781718,12628.18086,1,12.33630082,29.57342955,17.53914008,2.378211902,13.87795533,0.672926965,0.143202435,3754.556368,7.471901984,84.26993387,78.22008826,103.8130795,324.2961633,165.5478602,396.9674719,0.559398203,24.25735487,99.7763424,30.7875817
2009,Aleppo,A'zaz,2,3677,1867,508,0.121728487,2.146811382,682.7766581,18.18043962,180.5676029,1.396196968,30.36538609,429.7996425,1,481.8095159,521.0781718,12628.18086,1,12.33630082,29.57342955,17.53914008,2.378211902,13.87795533,0.672926965,0.143202435,3754.556368,7.471901984,84.26993387,78.22008826,103.8130795,324.2961633,165.5478602,396.9674719,0.559398203,24.25735487,99.7763424,30.7875817
2009,Aleppo,Afrin,1,2474,5352,2163,0.194810459,2.230856022,1010.631633,28.21024321,184.8305861,1.371035123,25.51170824,404.3181051,1,493.5760545,480.3144191,12142.4345,1,89.965976,28.76749017,16.86449237,2.101971654,13.41174295,0.477366096,0.072729556,3581.49883,7.198506433,93.3831189,73.85343583,112.1555523,472.0130771,192.8950466,401.4796676,3.206478872,32.26458622,96.3685278,72.67440361
2009,Aleppo,Jarablus,2,5465,2093,383,0.056313267,1.389591551,541.390295,14.37436171,123.911363,1.374076188,31.59740814,433.9335195,1,453.0262094,357.6647919,13125.81666,1,19.54434174,31.7589775,18.23030092,1.999407362,9.499991007,0.53728041,0.105846917,3765.360593,7.473535251,84.21549162,80.74613571,97.61455517,255.4214612,151.8135123,395.6820817,0.731704106,17.89025411,95.8268519,86.86344794
2009,Aleppo,Al_Bab,1,450,246,547,0.223794265,2.70647827,491.1160613,13.22495656,171.3158859,1.361738999,28.32570189,404.137529,1,440.5998951,402.3733995,13155.08301,1,12.48017986,30.22738393,18.27094862,2.937482164,10.84549892,0.471589475,0.096575307,3712.555193,7.526863486,82.4378838,81.00786685,95.1927872,231.9910007,172.3288421,394.8106379,0.536196258,18.97472913,95.5945793,57.38811081
2009,Aleppo,Al_Bab,2,15389,5694,370,0.223794265,2.70647827,491.1160613,13.22495656,171.3158859,1.361738999,28.32570189,404.137529,1,440.5998951,402.3733995,13155.08301,1,12.48017986,30.22738393,18.27094862,2.937482164,10.84549892,0.471589475,0.096575307,3712.555193,7.526863486,82.4378838,81.00786685,95.1927872,231.9910007,172.3288421,394.8106379,0.536196258,18.97472913,95.5945793,57.38811081
2009,Aleppo,Al_Bab,3,2058,624,303,0.223794265,2.70647827,491.1160613,13.22495656,171.3158859,1.361738999,28.32570189,404.137529,1,440.5998951,402.3733995,13155.08301,1,12.48017986,30.22738393,18.27094862,2.937482164,10.84549892,0.471589475,0.096575307,3712.555193,7.526863486,82.4378838,81.00786685,95.1927872,231.9910007,172.3288421,394.8106379,0.536196258,18.97472913,95.5945793,57.38811081
2009,Aleppo,Menbij,2,18753,4257,227,0.476099108,4.018173677,380.7492567,9.978023557,173.279788,1.406754586,24.018397,332.4689528,1,397.1956572,336.3675467,13572.66727,1,17.60715977,30.77441878,18.85092677,3.47421197,8.818388877,0.33341859,0.060979784,3814.878511,7.618434657,79.38551142,78.86642006,87.93725233,178.3210617,198.2878033,437.4207931,0.49517755,12.11218955,92.28041848,92.68040719
2009,Aleppo,Menbij,3,1355,355,262,0.476099108,4.018173677,380.7492567,9.978023557,173.279788,1.406754586,24.018397,332.4689528,1,397.1956572,336.3675467,13572.66727,1,17.60715977,30.77441878,18.85092677,3.47421197,8.818388877,0.33341859,0.060979784,3814.878511,7.618434657,79.38551142,78.86642006,87.93725233,178.3210617,198.2878033,437.4207931,0.49517755,12.11218955,92.28041848,92.68040719
2009,Aleppo,Ain_Al_Arab,2,55052,29893,543,0.285146327,2.615456939,475.340816,11.93126231,180.1352135,1.344070296,29.15984317,412.5287694,1,457.6511594,317.3089526,13398.61622,1,40.7417743,32.08399682,18.60918919,2.328470361,7.990764905,0.447790087,0.091290208,3982.994349,7.452704986,84.90983381,75.56697603,97.17598075,223.7300575,160.737883,374.9119357,1.026508894,16.80178945,93.66177605,86.06697787
2009,Aleppo,Jebel_Saman,1,1130,3567,3157,0.320135248,3.90953411,614.6536455,16.98914949,185.7492815,1.399045613,26.85095306,367.0160671,1,348.6130778,433.3799165,13293.78747,1,24.0041333,29.64488741,18.4635937,3.701136249,11.98103263,0.474956637,0.090276828,3616.918871,7.511498758,82.95004141,77.19780485,98.25535989,296.1742883,183.2856532,401.209007,0.780531933,17.98196178,94.49375027,28.18423019
2009,Aleppo,Jebel_Saman,2,764,820,1073,0.320135248,3.90953411,614.6536455,16.98914949,185.7492815,1.399045613,26.85095306,367.0160671,1,348.6130778,433.3799165,13293.78747,1,24.0041333,29.64488741,18.4635937,3.701136249,11.98103263,0.474956637,0.090276828,3616.918871,7.511498758,82.95004141,77.19780485,98.25535989,296.1742883,183.2856532,401.209007,0.780531933,17.98196178,94.49375027,28.18423019
2009,Aleppo,Jebel_Saman,3,895,542,606,0.320135248,3.90953411,614.6536455,16.98914949,185.7492815,1.399045613,26.85095306,367.0160671,1,348.6130778,433.3799165,13293.78747,1,24.0041333,29.64488741,18.4635937,3.701136249,11.98103263,0.474956637,0.090276828,3616.918871,7.511498758,82.95004141,77.19780485,98.25535989,296.1742883,183.2856532,401.209007,0.780531933,17.98196178,94.49375027,28.18423019
2009,Aleppo,As_Safira,2,2000,1121,561,0.226229514,2.727688396,405.0432668,10.93005333,194.0542344,1.456944439,23.81607607,339.9130212,1,386.7828001,352.3993715,13519.6931,1,58.56984464,30.09649926,18.77735152,3.954551983,9.511246641,0.323666996,0.056255953,3704.775759,7.634697244,78.8434252,80.98253587,84.55449901,194.8920677,209.796782,447.6738108,1.021027812,12.3940763,92.70084845,61.3127161
2009,Aleppo,As_Safira,3,2533,844,333,0.226229514,2.727688396,405.0432668,10.93005333,194.0542344,1.456944439,23.81607607,339.9130212,1,386.7828001,352.3993715,13519.6931,1,58.56984464,30.09649926,18.77735152,3.954551983,9.511246641,0.323666996,0.056255953,3704.775759,7.634697244,78.8434252,80.98253587,84.55449901,194.8920677,209.796782,447.6738108,1.021027812,12.3940763,92.70084845,61.3127161
2009,Raqqa,Tell_Abiad,2,20769,1121,54,0.478825179,3.735158564,384.6215782,9.344254858,188.9206138,1.450549568,27.03711738,400.1496788,1,371.821103,282.497018,14014.44613,1,11.17783109,32.79955705,19.46450852,3.044257997,6.879758444,0.241640095,0.034668218,4115.128938,7.789701512,73.67661628,78.41072117,88.19938906,173.2619293,163.0030389,436.503596,0.353533461,11.88417515,88.77423703,33.28514589
2009,Hassakeh,Hassakeh,1,860,54,63,1.234999017,5.292191536,413.3703385,9.225985109,179.2026918,1.453912692,22.75778998,312.1287676,1,352.2277754,230.0891015,14538.89225,1,19.1175947,33.86527548,20.1929059,3.452961385,5.147152785,0.189810446,0.023128709,4479.500821,7.76640865,74.453045,79.77497417,85.27156096,195.0221708,232.8497925,449.1236429,0.493960645,10.83503123,84.61196629,55.44769984
2009,Hassakeh,Hassakeh,2,31247,3656,117,1.234999017,5.292191536,413.3703385,9.225985109,179.2026918,1.453912692,22.75778998,312.1287676,1,352.2277754,230.0891015,14538.89225,1,19.1175947,33.86527548,20.1929059,3.452961385,5.147152785,0.189810446,0.023128709,4479.500821,7.76640865,74.453045,79.77497417,85.27156096,195.0221708,232.8497925,449.1236429,0.493960645,10.83503123,84.61196629,55.44769984
2009,Hassakeh,Quamishli,1,88965,20284,228,0.384508781,3.376182941,653.4022866,14.31031672,189.6343908,1.4227755,32.71215887,381.6987929,1,387.3408823,250.6502927,13926.30759,1,4.224880292,33.83830082,19.34209387,2.447491195,5.501519993,0.386545438,0.064797415,4564.952657,7.499177245,83.3607585,82.60651668,91.6286769,319.7093487,188.6721752,424.1715544,0.236333983,15.93920513,89.47374931,2.151515152
2009,Hassakeh,Al_Malika,1,127505,119727,939,0.273788898,2.626098262,821.7023628,17.67946439,177.7179584,1.393407522,35.81191186,396.1542193,1,442.2589019,298.6068444,13406.03363,1,11.47143655,33.48399709,18.61949115,1.582791476,6.438534416,0.57234482,0.105162402,4646.778602,7.401004555,86.63318149,87.19923371,94.50804296,398.0325892,182.2285639,417.2135132,0.627665989,23.0979689,93.60290769,71.48066457
2009,Hassakeh,Al_Malika,2,9717,49,5,0.273788898,2.626098262,821.7023628,17.67946439,177.7179584,1.393407522,35.81191186,396.1542193,1,442.2589019,298.6068444,13406.03363,1,11.47143655,33.48399709,18.61949115,1.582791476,6.438534416,0.57234482,0.105162402,4646.778602,7.401004555,86.63318149,87.19923371,94.50804296,398.0325892,182.2285639,417.2135132,0.627665989,23.0979689,93.60290769,71.48066457
2009,Hassakeh,Ras_Al_Ain,1,5044,661,131,0.383012451,4.287075453,483.2799684,11.2537463,181.239228,1.436138441,29.13638552,428.1986409,1,428.0325777,357.8611942,13850.11591,1,10.62784115,33.22884058,19.23627209,2.638289289,8.366096851,0.389049506,0.067441482,4293.391891,7.607914063,79.7361979,77.15720177,89.67456414,220.1097987,158.4989891,413.1203426,0.413294717,15.5378662,90.07844518,3.258706468
2009,Hassakeh,Ras_Al_Ain,2,26360,2874,109,0.383012451,4.287075453,483.2799684,11.2537463,181.239228,1.436138441,29.13638552,428.1986409,1,428.0325777,357.8611942,13850.11591,1,10.62784115,33.22884058,19.23627209,2.638289289,8.366096851,0.389049506,0.067441482,4293.391891,7.607914063,79.7361979,77.15720177,89.67456414,220.1097987,158.4989891,413.1203426,0.413294717,15.5378662,90.07844518,3.258706468
2011,Homs,Tall_Kalakh,1,1754,3224,1838,0.061265386,1.382119937,1284.436904,34.56201504,213.4968276,1.371293035,28.50363662,371.8628808,1,462.9664108,725.0482707,12795.24053,1,86.9397267,28.08106479,17.77116741,8.708731106,19.57149055,0.663057988,0.116760334,3715.325285,7.036198454,98.79338486,99.8347282,102.0872586,744.9870396,256.0800903,370.1287946,2.899572474,38.32373734,98.45047197,63.89144317
2011,Hama,Al_Ghab,1,281,923,3285,0.049595436,1.643165164,1281.456588,37.39440108,139.7759455,1.347860465,28.59829587,349.5799349,1,352.189296,933.8125601,12451.26161,1,139.7020723,28.6051686,17.2934189,7.388366459,27.21416949,0.72649277,0.128253479,3425.867529,6.782044179,92.73480597,97.49931315,110.0647922,708.2816282,280.5196852,361.9957542,4.508295663,42.21571718,98.81953658,35.28868661
2011,Idleb,Idleb,1,5858,19009,3245,0.125820372,2.188331063,908.6947487,25.43089141,133.1604544,1.441830046,29.96636028,396.7139838,1,349.4829207,535.4816687,13153.20123,1,18.66965742,30.45296286,18.26833504,6.905250237,14.97001231,0.615115967,0.136304255,3572.192674,7.363514149,87.8828617,92.4231762,99.26708059,444.9608933,201.4720497,378.6673336,0.928862474,24.86059375,95.60951405,24.08243728
2011,Idleb,Idleb,2,2412,5533,2294,0.125820372,2.188331063,908.6947487,25.43089141,133.1604544,1.441830046,29.96636028,396.7139838,1,349.4829207,535.4816687,13153.20123,1,18.66965742,30.45296286,18.26833504,6.905250237,14.97001231,0.615115967,0.136304255,3572.192674,7.363514149,87.8828617,92.4231762,99.26708059,444.9608933,201.4720497,378.6673336,0.928862474,24.86059375,95.60951405,24.08243728
2011,Idleb,Idleb,3,215,4,19,0.125820372,2.188331063,908.6947487,25.43089141,133.1604544,1.441830046,29.96636028,396.7139838,1,349.4829207,535.4816687,13153.20123,1,18.66965742,30.45296286,18.26833504,6.905250237,14.97001231,0.615115967,0.136304255,3572.192674,7.363514149,87.8828617,92.4231762,99.26708059,444.9608933,201.4720497,378.6673336,0.928862474,24.86059375,95.60951405,24.08243728
2011,Idleb,Al_Jisr_Ash_Shu,1,179,705,3939,0.061795348,1.387996783,1246.595859,36.92757978,177.540447,1.380476929,27.89801472,304.6574213,1,349.3955892,661.2557221,12537.23907,1,101.3142959,28.69254325,17.41283204,6.904180464,19.58541854,0.631650531,0.099185535,3374.785433,6.711311118,90.37703725,99.46928871,107.2190749,640.9922058,309.262822,377.4719518,3.793157673,40.90641577,99.50189738,19.55376344
2011,Idleb,Al_Ma'ra,1,8945,25717,2875,0.219400577,2.789560748,758.8663994,21.51412689,161.5969773,1.44106543,30.50289991,387.8445436,1,426.7153644,448.6012618,13167.49245,1,29.05957912,30.54452474,18.28818396,7.017171972,12.73241616,0.573957599,0.13355925,3526.2935,7.422356298,85.92145674,93.32976972,97.55005267,396.3317917,211.8633148,395.4624714,1.089096217,21.8826255,95.49609163,2.740740741
2011,Idleb,Al_Ma'ra,2,10567,22645,2143,0.219400577,2.789560748,758.8663994,21.51412689,161.5969773,1.44106543,30.50289991,387.8445436,1,426.7153644,448.6012618,13167.49245,1,29.05957912,30.54452474,18.28818396,7.017171972,12.73241616,0.573957599,0.13355925,3526.2935,7.422356298,85.92145674,93.32976972,97.55005267,396.3317917,211.8633148,395.4624714,1.089096217,21.8826255,95.49609163,2.740740741
2011,Idleb,Al_Ma'ra,3,800,71,89,0.219400577,2.789560748,758.8663994,21.51412689,161.5969773,1.44106543,30.50289991,387.8445436,1,426.7153644,448.6012618,13167.49245,1,29.05957912,30.54452474,18.28818396,7.017171972,12.73241616,0.573957599,0.13355925,3526.2935,7.422356298,85.92145674,93.32976972,97.55005267,396.3317917,211.8633148,395.4624714,1.089096217,21.8826255,95.49609163,2.740740741
2011,Idleb,Ariha,1,339,917,2705,0.06189382,1.20144567,1000.258446,28.59795377,178.7756591,1.396585143,27.93576679,350.6523137,1,582.149967,491.7159341,12278.97138,1,87.67581128,28.89785136,17.05412692,6.405529353,14.07054834,0.479865009,0.076996324,3496.657401,7.15618642,94.79378601,99.11179384,100.1732669,508.9962371,264.1637633,380.2716742,2.592602428,31.56046909,97.45215383,35.35190616
2011,Tartous,Tartous,1,68,67,985,0.049162657,1.417978043,1442.62727,39.15887482,226.602822,1.337365278,24.38800112,328.0083572,1,151.3380759,914.4142852,13726.36913,1,85.26540945,28.12104619,19.06440157,11.40267816,24.87245366,0.622264403,0.077262862,3683.036573,6.801489796,93.38299321,94.9762318,104.7464656,819.5063228,293.3316743,364.969705,1.987711269,46.76351549,91.06056245,64.49344978
2011,Tartous,Safita,1,150,145,967,0.047070335,1.157636077,1660.332736,45.88415888,212.2246192,1.350786518,24.81991989,329.6296751,1,294.0703481,811.6852471,13303.75314,1,85.74052064,28.18625154,18.47743492,10.12972204,22.45908772,0.631401191,0.075269306,3617.531486,6.807968775,93.59895915,95.94384882,106.6131626,959.2299864,291.9812893,377.4132804,2.351750182,44.6094789,94.41465762,76.62715679
2011,Tartous,Sheikh_Badr,1,499,531,1064,0.0373259,1.003571401,1621.830699,44.48768822,219.4652153,1.304121142,24.82237263,321.6588278,1,407.1159663,860.0931145,12792.54133,1,154.5873703,27.61865427,17.76741851,9.48657705,23.60141069,0.62950965,0.0684652,3645.760074,6.587843617,86.26145388,95.9258896,106.7211858,929.6544697,302.2905226,370.5696379,3.164125443,48.74926315,95.71819382,48.78499377
2011,Lattakia,Jablah,1,12,32,2667,0.056903002,1.06433536,1722.293544,49.05031094,242.7106218,1.288362214,25.18450697,312.336117,1,539.9002309,843.2779442,12211.85127,1,269.6827043,27.39469902,16.96090454,8.318019882,24.0003784,0.619754068,0.067149664,3510.279564,6.394601508,79.82005026,96.04631794,110.9131499,966.7510984,319.9496365,362.0527367,4.337486611,50.9748085,96.91945454,69.6122449
2011,Aleppo,A'zaz,1,10139,15635,1542,0.121728487,2.146811382,737.6562208,19.66237291,180.5676029,1.396196968,30.36538609,429.7996425,1,481.8095159,498.2781115,12848.43525,1,12.33630082,31.40882749,17.84504896,5.712116833,13.28785847,0.621796552,0.148133538,3750.61342,7.471901984,84.26993387,91.06414375,95.80511534,351.6400462,165.5478602,396.9674719,0.559398203,24.25735487,98.02829168,30.7875817
2011,Aleppo,A'zaz,2,2924,3541,1211,0.121728487,2.146811382,737.6562208,19.66237291,180.5676029,1.396196968,30.36538609,429.7996425,1,481.8095159,498.2781115,12848.43525,1,12.33630082,31.40882749,17.84504896,5.712116833,13.28785847,0.621796552,0.148133538,3750.61342,7.471901984,84.26993387,91.06414375,95.80511534,351.6400462,165.5478602,396.9674719,0.559398203,24.25735487,98.02829168,30.7875817
2011,Aleppo,Jarablus,2,7859,3678,468,0.056313267,1.389591551,581.6668335,15.5287223,123.911363,1.374076188,31.59740814,433.9335195,1,453.0262094,357.226133,13408.55304,1,19.54434174,33.38898184,18.62299033,5.131814815,9.54395412,0.531458031,0.11241075,3744.748184,7.473535251,84.21549162,86.28167225,94.39096557,267.4696289,151.8135123,395.6820817,0.731704106,17.89025411,93.58291239,86.86344794
2011,Aleppo,Al_Bab,1,870,345,397,0.223794265,2.70647827,526.6631589,14.28935429,171.3158859,1.361738999,28.32570189,404.137529,1,440.5998951,413.9911908,13373.40924,1,12.48017986,32.13922144,18.5741795,6.07019182,11.25418205,0.497320728,0.107216461,3684.702994,7.526863486,82.4378838,92.85402454,89.95474819,249.9554151,172.3288421,394.8106379,0.536196258,18.97472913,93.86183145,57.38811081
2011,Aleppo,Al_Bab,2,19390,7640,394,0.223794265,2.70647827,526.6631589,14.28935429,171.3158859,1.361738999,28.32570189,404.137529,1,440.5998951,413.9911908,13373.40924,1,12.48017986,32.13922144,18.5741795,6.07019182,11.25418205,0.497320728,0.107216461,3684.702994,7.526863486,82.4378838,92.85402454,89.95474819,249.9554151,172.3288421,394.8106379,0.536196258,18.97472913,93.86183145,57.38811081
2011,Aleppo,Al_Bab,3,59,19,322,0.223794265,2.70647827,526.6631589,14.28935429,171.3158859,1.361738999,28.32570189,404.137529,1,440.5998951,413.9911908,13373.40924,1,12.48017986,32.13922144,18.5741795,6.07019182,11.25418205,0.497320728,0.107216461,3684.702994,7.526863486,82.4378838,92.85402454,89.95474819,249.9554151,172.3288421,394.8106379,0.536196258,18.97472913,93.86183145,57.38811081
2011,Aleppo,Ain_Al_Arab,2,55000,64020,1164,0.285146327,2.615456939,505.8283539,12.90344576,180.1352135,1.344070296,29.15984317,412.5287694,1,457.6511594,336.3477794,13711.82347,1,40.7417743,33.64828745,19.04419927,5.637378465,8.596727069,0.544285779,0.117837489,3919.10292,7.452704986,84.90983381,81.03280684,96.5635819,240.8431677,160.737883,374.9119357,1.026508894,16.80178945,91.17600419,86.06697787
2011,Aleppo,Ain_Al_Arab,3,1660,1328,800,0.285146327,2.615456939,505.8283539,12.90344576,180.1352135,1.344070296,29.15984317,412.5287694,1,457.6511594,336.3477794,13711.82347,1,40.7417743,33.64828745,19.04419927,5.637378465,8.596727069,0.544285779,0.117837489,3919.10292,7.452704986,84.90983381,81.03280684,96.5635819,240.8431677,160.737883,374.9119357,1.026508894,16.80178945,91.17600419,86.06697787
2011,Aleppo,Jebel_Saman,1,1916,3148,1643,0.320135248,3.90953411,651.2596211,18.06350107,185.7492815,1.399045613,26.85095306,367.0160671,1,348.6130778,449.9144939,13490.99012,1,24.0041333,31.45270711,18.73748628,6.825072106,12.48416209,0.495728172,0.105682081,3604.389778,7.511498758,82.95004141,90.21282571,93.19488056,318.7446258,183.2856532,401.209007,0.780531933,17.98196178,92.92864985,28.18423019
2011,Aleppo,Jebel_Saman,2,6225,6480,1041,0.320135248,3.90953411,651.2596211,18.06350107,185.7492815,1.399045613,26.85095306,367.0160671,1,348.6130778,449.9144939,13490.99012,1,24.0041333,31.45270711,18.73748628,6.825072106,12.48416209,0.495728172,0.105682081,3604.389778,7.511498758,82.95004141,90.21282571,93.19488056,318.7446258,183.2856532,401.209007,0.780531933,17.98196178,92.92864985,28.18423019
2011,Aleppo,Jebel_Saman,3,7194,949,132,0.320135248,3.90953411,651.2596211,18.06350107,185.7492815,1.399045613,26.85095306,367.0160671,1,348.6130778,449.9144939,13490.99012,1,24.0041333,31.45270711,18.73748628,6.825072106,12.48416209,0.495728172,0.105682081,3604.389778,7.511498758,82.95004141,90.21282571,93.19488056,318.7446258,183.2856532,401.209007,0.780531933,17.98196178,92.92864985,28.18423019
2011,Aleppo,As_Safira,2,1170,358,306,0.226229514,2.727688396,437.9999399,11.93489114,194.0542344,1.456944439,23.81607607,339.9130212,1,386.7828001,370.940218,13741.58836,1,58.56984464,32.01754758,19.08553939,6.86709845,10.11855919,0.367058826,0.067077785,3668.911479,7.634697244,78.8434252,94.20299319,84.27408805,221.6349965,209.796782,447.6738108,1.021027812,12.3940763,90.93977491,61.3127161
2011,Aleppo,As_Safira,3,1365,1071,785,0.226229514,2.727688396,437.9999399,11.93489114,194.0542344,1.456944439,23.81607607,339.9130212,1,386.7828001,370.940218,13741.58836,1,58.56984464,32.01754758,19.08553939,6.86709845,10.11855919,0.367058826,0.067077785,3668.911479,7.634697244,78.8434252,94.20299319,84.27408805,221.6349965,209.796782,447.6738108,1.021027812,12.3940763,90.93977491,61.3127161
2011,Aleppo,Dayr_Hafir,2,650,215,331,0.238032084,2.718073793,612.3805371,16.58389109,174.2304944,1.388732777,27.45568421,390.5144508,1,432.4067962,409.4482159,13350.28773,1,34.4062138,32.13281758,18.54206629,6.032169001,11.07328282,0.492076635,0.100141348,3712.443757,7.48601785,83.799405,88.43866283,93.41780552,293.233994,179.3366728,406.2694257,1.044627954,19.08461768,93.66910195,64.49473443
2011,Aleppo,Dayr_Hafir,3,2000,660,330,0.238032084,2.718073793,612.3805371,16.58389109,174.2304944,1.388732777,27.45568421,390.5144508,1,432.4067962,409.4482159,13350.28773,1,34.4062138,32.13281758,18.54206629,6.032169001,11.07328282,0.492076635,0.100141348,3712.443757,7.48601785,83.799405,88.43866283,93.41780552,293.233994,179.3366728,406.2694257,1.044627954,19.08461768,93.66910195,64.49473443
2011,Raqqa,Tell_Abiad,2,22226,45,2,0.478825179,3.735158564,411.8921654,10.23332207,188.9206138,1.450549568,27.03711738,400.1496788,1,371.821103,320.2824451,14326.06433,1,11.17783109,34.48497162,19.89731156,6.068372378,7.973385536,0.404218264,0.071988738,4024.009305,7.789701512,73.67661628,84.12373237,90.87481296,198.4594152,163.0030389,436.503596,0.353533461,11.88417515,86.30107678,33.28514589
2011,Hassakeh,Quamishli,1,54151,12996,240,0.384508781,3.376182941,793.4412247,18.10620445,189.6343908,1.4227755,32.71215887,381.6987929,1,387.3408823,330.280832,14353.23399,1,4.224880292,34.91544057,19.93504721,6.246434976,7.550792433,0.627295818,0.131465453,4381.151031,7.499177245,83.3607585,97.69018705,93.80111939,417.4322746,188.6721752,424.1715544,0.236333983,15.93920513,86.08544452,2.151515152
2011,Hassakeh,Quamishli,2,16223,3585,221,0.384508781,3.376182941,793.4412247,18.10620445,189.6343908,1.4227755,32.71215887,381.6987929,1,387.3408823,330.280832,14353.23399,1,4.224880292,34.91544057,19.93504721,6.246434976,7.550792433,0.627295818,0.131465453,4381.151031,7.499177245,83.3607585,97.69018705,93.80111939,417.4322746,188.6721752,424.1715544,0.236333983,15.93920513,86.08544452,2.151515152
2011,Hassakeh,Quamishli,3,1614,202,125,0.384508781,3.376182941,793.4412247,18.10620445,189.6343908,1.4227755,32.71215887,381.6987929,1,387.3408823,330.280832,14353.23399,1,4.224880292,34.91544057,19.93504721,6.246434976,7.550792433,0.627295818,0.131465453,4381.151031,7.499177245,83.3607585,97.69018705,93.80111939,417.4322746,188.6721752,424.1715544,0.236333983,15.93920513,86.08544452,2.151515152
2011,Hassakeh,Al_Malika,1,90974,69413,763,0.273788898,2.626098262,976.1586689,21.60253232,177.7179584,1.393407522,35.81191186,396.1542193,1,442.2589019,393.8774156,13666.4967,1,11.47143655,33.96345322,18.98124542,5.30754703,8.721070792,0.699182629,0.160136116,4517.723336,7.401004555,86.63318149,94.87911742,96.61260723,521.5367541,182.2285639,417.2135132,0.627665989,23.0979689,91.53574044,71.48066457
2011,Hassakeh,Ras_Al_Ain,1,2649,1799,679,0.383012451,4.287075453,576.9982961,13.84920175,181.239228,1.436138441,29.13638552,428.1986409,1,428.0325777,413.5924815,14230.86565,1,10.62784115,34.77468749,19.76509118,5.864929421,9.943785244,0.555244864,0.109442218,4165.292806,7.607914063,79.7361979,94.56803775,90.20463916,289.229291,158.4989891,413.1203426,0.413294717,15.5378662,87.05662182,3.258706468
2011,Hassakeh,Ras_Al_Ain,2,20221,122,6,0.383012451,4.287075453,576.9982961,13.84920175,181.239228,1.436138441,29.13638552,428.1986409,1,428.0325777,413.5924815,14230.86565,1,10.62784115,34.77468749,19.76509118,5.864929421,9.943785244,0.555244864,0.109442218,4165.292806,7.607914063,79.7361979,94.56803775,90.20463916,289.229291,158.4989891,413.1203426,0.413294717,15.5378662,87.05662182,3.258706468
2015,Homs,Tall_Kalakh,1,1491,2237,1500,0.061265386,1.382119937,1034.853579,28.29953976,213.4968276,1.371293035,28.50363662,371.8628808,1,462.9664108,738.9113066,12721.81209,1,86.9397267,27.13059375,17.66918346,7.701091478,20.22355959,0.701310697,0.124566132,3655.785897,7.036198454,98.79338486,80.11309609,101.4525143,636.0133493,256.0800903,370.1287946,2.899572474,38.32373734,99.03323737,63.89144317
2015,Hama,Al_Ghab,1,51,137,2686,0.049595436,1.643165164,1065.048333,31.00553268,139.7759455,1.347860465,28.59829587,349.5799349,1,352.189296,851.9008957,12476.20777,1,139.7020723,27.29792225,17.32806635,6.7491534,24.74304903,0.701883936,0.124999486,3434.026722,6.782044179,92.73480597,79.40905801,109.1023106,674.8553775,280.5196852,361.9957542,4.508295663,42.21571718,99.01752199,35.28868661
2015,Idleb,Idleb,1,8228.803,9917,1205,0.125820372,2.188331063,732.0502929,20.67624878,133.1604544,1.441830046,29.96636028,396.7139838,1,349.4829207,483.3689577,13237.70226,1,18.66965742,28.83082802,18.38569759,6.694362874,13.63826665,0.603045732,0.123707506,3539.537265,7.363514149,87.8828617,76.12239193,99.25279372,453.635612,201.4720497,378.6673336,0.928862474,24.86059375,94.93887092,24.08243728
2015,Idleb,Idleb,2,1336.007,1609,1204,0.125820372,2.188331063,732.0502929,20.67624878,133.1604544,1.441830046,29.96636028,396.7139838,1,349.4829207,483.3689577,13237.70226,1,18.66965742,28.83082802,18.38569759,6.694362874,13.63826665,0.603045732,0.123707506,3539.537265,7.363514149,87.8828617,76.12239193,99.25279372,453.635612,201.4720497,378.6673336,0.928862474,24.86059375,94.93887092,24.08243728
2015,Idleb,Idleb,3,118.862,143,1203,0.125820372,2.188331063,732.0502929,20.67624878,133.1604544,1.441830046,29.96636028,396.7139838,1,349.4829207,483.3689577,13237.70226,1,18.66965742,28.83082802,18.38569759,6.694362874,13.63826665,0.603045732,0.123707506,3539.537265,7.363514149,87.8828617,76.12239193,99.25279372,453.635612,201.4720497,378.6673336,0.928862474,24.86059375,94.93887092,24.08243728
2015,Idleb,Al_Jisr_Ash_Shu,1,122.428,150,1225,0.061795348,1.387996783,1041.193856,31.03028996,177.540447,1.380476929,27.89801472,304.6574213,1,349.3955892,610.0909531,12629.09786,1,101.3142959,27.49231129,17.54041369,6.786441719,18.17381101,0.588951705,0.097852149,3354.411299,6.711311118,90.37703725,83.00391302,107.9536681,664.0898881,309.262822,377.4719518,3.793157673,40.90641577,99.76906462,19.55376344
2015,Idleb,Al_Ma'ra,1,2518.682,3032,1204,0.219400577,2.789560748,597.3214857,17.16332435,161.5969773,1.44106543,30.50289991,387.8445436,1,426.7153644,423.601112,13209.53028,1,29.05957912,28.8294441,18.34656984,6.556670496,12.17694566,0.560287101,0.122957746,3479.220227,7.422356298,85.92145674,77.46127739,92.51157093,369.3054902,211.8633148,395.4624714,1.089096217,21.8826255,95.16245808,2.740740741
2015,Idleb,Al_Ma'ra,2,5139.585,6188,1204,0.219400577,2.789560748,597.3214857,17.16332435,161.5969773,1.44106543,30.50289991,387.8445436,1,426.7153644,423.601112,13209.53028,1,29.05957912,28.8294441,18.34656984,6.556670496,12.17694566,0.560287101,0.122957746,3479.220227,7.422356298,85.92145674,77.46127739,92.51157093,369.3054902,211.8633148,395.4624714,1.089096217,21.8826255,95.16245808,2.740740741
2015,Idleb,Al_Ma'ra,3,424.337,511,1204,0.219400577,2.789560748,597.3214857,17.16332435,161.5969773,1.44106543,30.50289991,387.8445436,1,426.7153644,423.601112,13209.53028,1,29.05957912,28.8294441,18.34656984,6.556670496,12.17694566,0.560287101,0.122957746,3479.220227,7.422356298,85.92145674,77.46127739,92.51157093,369.3054902,211.8633148,395.4624714,1.089096217,21.8826255,95.16245808,2.740740741
2015,Idleb,Ariha,1,398.187,479,1203,0.06189382,1.20144567,815.2287959,23.54362703,178.7756591,1.396585143,27.93576679,350.6523137,1,582.149967,477.2789099,12331.41905,1,87.67581128,27.43451438,17.1269709,5.850649265,13.7882885,0.504557069,0.092328849,3461.630438,7.15618642,94.79378601,83.95862672,101.8325248,516.9966108,264.1637633,380.2716742,2.592602428,31.56046909,97.86840514,35.35190616
2015,Idleb,Khan_Sheikhun,1,4414.528,5315,1204,0.109173126,1.862431522,819.565338,23.80047734,171.9086835,1.411510346,28.71626212,359.2739051,1,421.6785622,497.2570915,12845.1592,1,65.71892988,28.17151721,17.84049889,6.472429823,14.42647222,0.553282693,0.105023997,3452.784749,7.15576634,90.95860356,78.46164837,102.5614172,511.0900783,246.0292963,385.6216792,2.386528014,30.82853377,97.20165411,17.76660286
2015,Idleb,Khan_Sheikhun,2,3149.838,3792,1204,0.109173126,1.862431522,819.565338,23.80047734,171.9086835,1.411510346,28.71626212,359.2739051,1,421.6785622,497.2570915,12845.1592,1,65.71892988,28.17151721,17.84049889,6.472429823,14.42647222,0.553282693,0.105023997,3452.784749,7.15576634,90.95860356,78.46164837,102.5614172,511.0900783,246.0292963,385.6216792,2.386528014,30.82853377,97.20165411,17.76660286
2015,Tartous,Tartous,1,10,20,2000,0.049162657,1.417978043,1207.113848,32.85197005,226.602822,1.337365278,24.38800112,328.0083572,1,151.3380759,929.3642466,13617.38842,1,85.26540945,27.45005814,18.91303947,10.41368077,25.34281476,0.605640778,0.073708448,3673.403229,6.801489796,93.38299321,79.10357823,103.2145226,750.2382134,293.3316743,364.969705,1.987711269,46.76351549,91.92548875,64.49344978
2015,Tartous,Banyas,1,102,102,1000,0.064347484,1.259569202,1344.548197,36.66860459,227.2029485,1.248880866,25.12215029,311.6023136,1,597.2024401,845.206846,11931.23336,1,239.5189203,25.96304608,16.57115745,7.338665993,23.05579463,0.582869857,0.059263238,3665.755833,6.402940695,80.09802315,78.51682371,103.849797,853.5714691,311.2379664,363.3411414,4.321198421,51.28226288,94.69232828,78.70526316
2015,Tartous,Safita,1,133,379,2850,0.047070335,1.157636077,1422.87758,39.47510545,212.2246192,1.350786518,24.81991989,329.6296751,1,294.0703481,811.5580805,13214.18298,1,85.74052064,27.38028741,18.35303192,9.181808333,22.52785696,0.636497693,0.074774971,3603.493425,6.807968775,93.59895915,79.26287447,106.7234319,891.5204281,291.9812893,377.4132804,2.351750182,44.6094789,95.12553188,76.62715679
2015,Tartous,Sheikh_Badr,1,282,305,1082,0.0373259,1.003571401,1350.57829,36.96357007,219.4652153,1.304121142,24.82237263,321.6588278,1,407.1159663,857.8848372,12724.2582,1,154.5873703,26.70983151,17.67258084,8.6698509,23.48240938,0.615417244,0.06573406,3653.88088,6.587843617,86.26145388,78.42471566,104.7147057,847.1402104,302.2905226,370.5696379,3.164125443,48.74926315,95.80658447,48.78499377
2015,Tartous,Al_Qadmus,1,461,692,1501,0.0373259,1.003571401,1350.57829,36.96357007,219.4652153,1.304121142,24.82237263,321.6588278,1,407.1159663,857.8848372,12724.2582,1,154.5873703,26.70983151,17.67258084,8.6698509,23.48240938,0.615417244,0.06573406,3653.88088,6.587843617,86.26145388,78.42471566,104.7147057,847.1402104,302.2905226,370.5696379,3.164125443,48.74926315,95.80658447,48.78499377
2015,Lattakia,Al_Hafa,1,3,8,2667,0.056619889,1.298629777,1545.273125,44.7177585,251.0029312,1.264981734,25.51066723,281.7179779,1,615.8606536,891.5082698,12024.06066,1,289.7612345,26.38064442,16.70008425,6.908644613,25.79672934,0.643146594,0.06367041,3454.614004,6.168576676,72.28588919,78.24485659,120.790455,982.2720823,357.4897846,356.8800356,4.643245661,56.30098333,95.42905285,75.1082544
2015,Lattakia,Jablah,1,21,54,2571,0.056903002,1.06433536,1450.890436,41.2277249,242.7106218,1.288362214,25.18450697,312.336117,1,539.9002309,836.4030487,12170.24973,1,269.6827043,26.29115712,16.90312463,7.612500625,23.75402036,0.606036159,0.066838813,3518.21053,6.394601508,79.82005026,79.38777869,108.342877,940.4676191,319.9496365,362.0527367,4.337486611,50.9748085,96.5892836,69.6122449
2015,Aleppo,A'zaz,1,2756,51840,18808,0.121728487,2.146811382,626.66868,17.10049483,180.5676029,1.396196968,30.36538609,429.7996425,1,481.8095159,524.5702352,12899.62012,1,12.33630082,29.10240088,17.91613906,5.718456992,14.31115414,0.620651739,0.13071016,3663.623078,7.471901984,84.26993387,75.57512359,95.44563519,393.6314805,165.5478602,396.9674719,0.559398203,24.25735487,97.6220625,30.7875817
2015,Aleppo,A'zaz,2,1692,10500,6207,0.121728487,2.146811382,626.66868,17.10049483,180.5676029,1.396196968,30.36538609,429.7996425,1,481.8095159,524.5702352,12899.62012,1,12.33630082,29.10240088,17.91613906,5.718456992,14.31115414,0.620651739,0.13071016,3663.623078,7.471901984,84.26993387,75.57512359,95.44563519,393.6314805,165.5478602,396.9674719,0.559398203,24.25735487,97.6220625,30.7875817
2015,Aleppo,Afrin,1,1918,5000,2607,0.194810459,2.230856022,893.0625576,25.42287867,184.8305861,1.371035123,25.51170824,404.3181051,1,493.5760545,489.657689,12518.51035,1,89.965976,28.44993129,17.38681994,5.701769775,13.94189012,0.454239199,0.066496905,3511.830192,7.198506433,93.3831189,74.84101432,104.4870179,555.8861701,192.8950466,401.4796676,3.206478872,32.26458622,99.35325678,72.67440361
2015,Aleppo,Jarablus,2,1056,4500,4261,0.056313267,1.389591551,605.5530805,16.59833379,123.911363,1.374076188,31.59740814,433.9335195,1,453.0262094,406.0830574,13359.10547,1,19.54434174,31.31437997,18.55431315,5.35397598,11.13541714,0.528757532,0.116079369,3647.276315,7.473535251,84.21549162,77.23685581,94.40711174,367.3335052,151.8135123,395.6820817,0.731704106,17.89025411,93.97535345,86.86344794
2015,Aleppo,Al_Bab,2,502,7000,13944,0.223794265,2.70647827,485.0955466,13.48065329,171.3158859,1.361738999,28.32570189,404.137529,1,440.5998951,442.1295503,13355.33237,1,12.48017986,29.86084615,18.54907274,6.049650921,12.2900792,0.495838446,0.104637242,3597.457256,7.526863486,82.4378838,76.20284939,90.34479418,294.5614462,172.3288421,394.8106379,0.536196258,18.97472913,94.00529863,57.38811081
2015,Aleppo,Menbij,2,5150,5150,1000,0.476099108,4.018173677,393.857989,10.726643,173.279788,1.406754586,24.018397,332.4689528,1,397.1956572,400.736267,13743.32872,1,17.60715977,30.51391235,19.08795656,6.460352283,10.9144828,0.429298126,0.088895455,3670.773069,7.618434657,79.38551142,74.38423867,87.11041303,224.9070408,198.2878033,437.4207931,0.49517755,12.11218955,90.92596252,92.68040719
2015,Aleppo,Ain_Al_Arab,2,21640,43280,2000,0.285146327,2.615456939,582.6829556,15.20509413,180.1352135,1.344070296,29.15984317,412.5287694,1,457.6511594,389.0140386,13620.8864,1,40.7417743,31.76845653,18.91789778,5.605836645,10.15774187,0.532985516,0.121607388,3831.156187,7.452704986,84.90983381,78.08818671,97.62332759,336.4717137,160.737883,374.9119357,1.026508894,16.80178945,91.89772698,86.06697787
2015,Aleppo,Ain_Al_Arab,3,1660,3320,2000,0.285146327,2.615456939,582.6829556,15.20509413,180.1352135,1.344070296,29.15984317,412.5287694,1,457.6511594,389.0140386,13620.8864,1,40.7417743,31.76845653,18.91789778,5.605836645,10.15774187,0.532985516,0.121607388,3831.156187,7.452704986,84.90983381,78.08818671,97.62332759,336.4717137,160.737883,374.9119357,1.026508894,16.80178945,91.89772698,86.06697787
2015,Aleppo,Jebel_Saman,1,1921,4803,2500,0.320135248,3.90953411,521.2652906,14.70223575,185.7492815,1.399045613,26.85095306,367.0160671,1,348.6130778,444.7554355,13563.09937,1,24.0041333,29.58302442,18.83763802,6.701939765,12.52713851,0.522076502,0.108032058,3544.483146,7.511498758,82.95004141,72.78273489,88.45664197,317.7553731,183.2856532,401.209007,0.780531933,17.98196178,92.35635418,28.18423019
2015,Aleppo,Jebel_Saman,2,5875,11750,2000,0.320135248,3.90953411,521.2652906,14.70223575,185.7492815,1.399045613,26.85095306,367.0160671,1,348.6130778,444.7554355,13563.09937,1,24.0041333,29.58302442,18.83763802,6.701939765,12.52713851,0.522076502,0.108032058,3544.483146,7.511498758,82.95004141,72.78273489,88.45664197,317.7553731,183.2856532,401.209007,0.780531933,17.98196178,92.35635418,28.18423019
2015,Aleppo,Jebel_Saman,3,5400,8100,1500,0.320135248,3.90953411,521.2652906,14.70223575,185.7492815,1.399045613,26.85095306,367.0160671,1,348.6130778,444.7554355,13563.09937,1,24.0041333,29.58302442,18.83763802,6.701939765,12.52713851,0.522076502,0.108032058,3544.483146,7.511498758,82.95004141,72.78273489,88.45664197,317.7553731,183.2856532,401.209007,0.780531933,17.98196178,92.35635418,28.18423019
2015,Aleppo,As_Safira,2,1000,3000,3000,0.226229514,2.727688396,365.5525574,10.18233751,194.0542344,1.456944439,23.81607607,339.9130212,1,386.7828001,393.0658599,13732.52367,1,58.56984464,30.02135108,19.07294954,6.684539943,10.93686835,0.454799716,0.097247376,3589.065219,7.634697244,78.8434252,73.91766526,82.64365658,216.3293781,209.796782,447.6738108,1.021027812,12.3940763,91.01171691,61.3127161
2015,Aleppo,Al_Atarib,1,400,1400,3500,0.238032084,2.718073793,559.2173322,15.42733387,174.2304944,1.388732777,27.45568421,390.5144508,1,432.4067962,436.2515166,13349.05081,1,34.4062138,30.07678783,18.54034835,6.034565288,12.02684652,0.504830847,0.104213244,3631.958058,7.48601785,83.799405,75.37858358,92.56482477,338.3595135,179.3366728,406.2694257,1.044627954,19.08461768,93.89346649,64.49473443
2015,Aleppo,Dayr_Hafir,2,200,300,1500,0.238032084,2.718073793,559.2173322,15.42733387,174.2304944,1.388732777,27.45568421,390.5144508,1,432.4067962,436.2515166,13349.05081,1,34.4062138,30.07678783,18.54034835,6.034565288,12.02684652,0.504830847,0.104213244,3631.958058,7.48601785,83.799405,75.37858358,92.56482477,338.3595135,179.3366728,406.2694257,1.044627954,19.08461768,93.89346649,64.49473443
2015,Aleppo,Dayr_Hafir,3,400,520,1300,0.238032084,2.718073793,559.2173322,15.42733387,174.2304944,1.388732777,27.45568421,390.5144508,1,432.4067962,436.2515166,13349.05081,1,34.4062138,30.07678783,18.54034835,6.034565288,12.02684652,0.504830847,0.104213244,3631.958058,7.48601785,83.799405,75.37858358,92.56482477,338.3595135,179.3366728,406.2694257,1.044627954,19.08461768,93.89346649,64.49473443
2015,Raqqa,Raqqa,3,279,472,1692,1.050201469,5.964680642,308.648654,7.817872745,176.8215937,1.445777656,18.21052889,260.1565394,1,346.2123061,416.6416568,14249.54688,1,26.05879584,31.57152218,19.79103733,6.905265918,10.56652121,0.247600372,0.039298595,3946.987695,7.943602406,68.54658646,75.93089841,83.57882535,156.1485558,252.812006,466.2953785,0.418199141,7.517291598,86.90835809,89.8962532
2015,Raqqa,Raqqa,4,2765,4658,1685,1.050201469,5.964680642,308.648654,7.817872745,176.8215937,1.445777656,18.21052889,260.1565394,1,346.2123061,416.6416568,14249.54688,1,26.05879584,31.57152218,19.79103733,6.905265918,10.56652121,0.247600372,0.039298595,3946.987695,7.943602406,68.54658646,75.93089841,83.57882535,156.1485558,252.812006,466.2953785,0.418199141,7.517291598,86.90835809,89.8962532
2015,Raqqa,Raqqa,5,1052,1774,1686,1.050201469,5.964680642,308.648654,7.817872745,176.8215937,1.445777656,18.21052889,260.1565394,1,346.2123061,416.6416568,14249.54688,1,26.05879584,31.57152218,19.79103733,6.905265918,10.56652121,0.247600372,0.039298595,3946.987695,7.943602406,68.54658646,75.93089841,83.57882535,156.1485558,252.812006,466.2953785,0.418199141,7.517291598,86.90835809,89.8962532
2015,Raqqa,Tell_Abiad,2,17565,29582,1684,0.478825179,3.735158564,513.4401263,13.1399515,188.9206138,1.450549568,27.03711738,400.1496788,1,371.821103,369.7825741,14250.64673,1,11.17783109,32.84425613,19.79256491,6.362555823,9.466678321,0.402558272,0.081420672,3906.473526,7.789701512,73.67661628,77.43080705,95.54479694,278.7004093,163.0030389,436.503596,0.353533461,11.88417515,86.8996291,33.28514589
2015,Raqqa,Tell_Abiad,3,1200,2022,1685,0.478825179,3.735158564,513.4401263,13.1399515,188.9206138,1.450549568,27.03711738,400.1496788,1,371.821103,369.7825741,14250.64673,1,11.17783109,32.84425613,19.79256491,6.362555823,9.466678321,0.402558272,0.081420672,3906.473526,7.789701512,73.67661628,77.43080705,95.54479694,278.7004093,163.0030389,436.503596,0.353533461,11.88417515,86.8996291,33.28514589
2015,Raqqa,Tabqat,5,3,5,1667,0.166312937,1.915996577,342.0117708,9.010882999,159.7684893,1.190950364,17.04136252,252.4603217,1,365.9192606,351.223363,13977.91388,1,14.81675015,30.74163133,19.41376927,6.765319162,9.25877808,0.439417687,0.099913976,3794.541135,7.560426275,81.31912416,74.70468577,90.33739082,184.189311,193.9123706,366.1195327,0.562168467,8.629667024,89.06417557,97.73904029
2015,Hassakeh,Hassakeh,1,2028,2282,1125,1.234999017,5.292191536,547.9657109,12.96531491,179.2026918,1.453912692,22.75778998,312.1287676,1,352.2277754,331.7422798,14813.31507,1,19.1175947,34.37948521,20.57404871,6.743025443,7.857194356,0.299387617,0.054571072,4225.397236,7.76640865,74.453045,82.97270511,88.86086386,282.167623,232.8497925,449.1236429,0.493960645,10.83503123,82.43400736,55.44769984
2015,Hassakeh,Hassakeh,2,21040,21776,1035,1.234999017,5.292191536,547.9657109,12.96531491,179.2026918,1.453912692,22.75778998,312.1287676,1,352.2277754,331.7422798,14813.31507,1,19.1175947,34.37948521,20.57404871,6.743025443,7.857194356,0.299387617,0.054571072,4225.397236,7.76640865,74.453045,82.97270511,88.86086386,282.167623,232.8497925,449.1236429,0.493960645,10.83503123,82.43400736,55.44769984
2015,Hassakeh,Hassakeh,3,6279,4822,768,1.234999017,5.292191536,547.9657109,12.96531491,179.2026918,1.453912692,22.75778998,312.1287676,1,352.2277754,331.7422798,14813.31507,1,19.1175947,34.37948521,20.57404871,6.743025443,7.857194356,0.299387617,0.054571072,4225.397236,7.76640865,74.453045,82.97270511,88.86086386,282.167623,232.8497925,449.1236429,0.493960645,10.83503123,82.43400736,55.44769984
2015,Hassakeh,Hassakeh,4,2236,1675,749,1.234999017,5.292191536,547.9657109,12.96531491,179.2026918,1.453912692,22.75778998,312.1287676,1,352.2277754,331.7422798,14813.31507,1,19.1175947,34.37948521,20.57404871,6.743025443,7.857194356,0.299387617,0.054571072,4225.397236,7.76640865,74.453045,82.97270511,88.86086386,282.167623,232.8497925,449.1236429,0.493960645,10.83503123,82.43400736,55.44769984
2015,Hassakeh,Quamishli,1,38823,44608,1149,0.384508781,3.376182941,848.2888099,19.82121288,189.6343908,1.4227755,32.71215887,381.6987929,1,387.3408823,405.5542027,14491.24605,1,4.224880292,34.72872497,20.12673062,6.466847796,9.483061118,0.615603047,0.133414939,4278.701828,7.499177245,83.3607585,80.62767004,96.16583152,434.5074024,188.6721752,424.1715544,0.236333983,15.93920513,84.99011073,2.151515152
2015,Hassakeh,Quamishli,2,4128,4306,1043,0.384508781,3.376182941,848.2888099,19.82121288,189.6343908,1.4227755,32.71215887,381.6987929,1,387.3408823,405.5542027,14491.24605,1,4.224880292,34.72872497,20.12673062,6.466847796,9.483061118,0.615603047,0.133414939,4278.701828,7.499177245,83.3607585,80.62767004,96.16583152,434.5074024,188.6721752,424.1715544,0.236333983,15.93920513,84.99011073,2.151515152
2015,Hassakeh,Quamishli,3,587,454,773,0.384508781,3.376182941,848.2888099,19.82121288,189.6343908,1.4227755,32.71215887,381.6987929,1,387.3408823,405.5542027,14491.24605,1,4.224880292,34.72872497,20.12673062,6.466847796,9.483061118,0.615603047,0.133414939,4278.701828,7.499177245,83.3607585,80.62767004,96.16583152,434.5074024,188.6721752,424.1715544,0.236333983,15.93920513,84.99011073,2.151515152
2015,Hassakeh,Al_Malika,1,37437,43389,1159,0.273788898,2.626098262,996.6141143,22.58050114,177.7179584,1.393407522,35.81191186,396.1542193,1,442.2589019,473.5491902,13914.75431,1,11.47143655,34.21784332,19.32604765,5.759888133,10.73321176,0.686724791,0.156114655,4412.604942,7.401004555,86.63318149,82.89480318,97.53367939,513.7477132,182.2285639,417.2135132,0.627665989,23.0979689,89.56544201,71.48066457
2015,Hassakeh,Al_Malika,2,1729,1819,1052,0.273788898,2.626098262,996.6141143,22.58050114,177.7179584,1.393407522,35.81191186,396.1542193,1,442.2589019,473.5491902,13914.75431,1,11.47143655,34.21784332,19.32604765,5.759888133,10.73321176,0.686724791,0.156114655,4412.604942,7.401004555,86.63318149,82.89480318,97.53367939,513.7477132,182.2285639,417.2135132,0.627665989,23.0979689,89.56544201,71.48066457
2015,Hassakeh,Al_Malika,3,98,77,786,0.273788898,2.626098262,996.6141143,22.58050114,177.7179584,1.393407522,35.81191186,396.1542193,1,442.2589019,473.5491902,13914.75431,1,11.47143655,34.21784332,19.32604765,5.759888133,10.73321176,0.686724791,0.156114655,4412.604942,7.401004555,86.63318149,82.89480318,97.53367939,513.7477132,182.2285639,417.2135132,0.627665989,23.0979689,89.56544201,71.48066457
2015,Hassakeh,Ras_Al_Ain,1,6810,7729,1135,0.383012451,4.287075453,680.7050883,16.51964248,181.239228,1.436138441,29.13638552,428.1986409,1,428.0325777,417.1194488,14204.43233,1,10.62784115,33.66543581,19.72837823,6.07224059,10.11563928,0.492733257,0.100522456,4119.580025,7.607914063,79.7361979,77.20402812,94.98708196,357.5936141,158.4989891,413.1203426,0.413294717,15.5378662,87.26641011,3.258706468
2015,Hassakeh,Ras_Al_Ain,2,17026,17623,1035,0.383012451,4.287075453,680.7050883,16.51964248,181.239228,1.436138441,29.13638552,428.1986409,1,428.0325777,417.1194488,14204.43233,1,10.62784115,33.66543581,19.72837823,6.07224059,10.11563928,0.492733257,0.100522456,4119.580025,7.607914063,79.7361979,77.20402812,94.98708196,357.5936141,158.4989891,413.1203426,0.413294717,15.5378662,87.26641011,3.258706468
2015,Hassakeh,Ras_Al_Ain,3,3860,2964,768,0.383012451,4.287075453,680.7050883,16.51964248,181.239228,1.436138441,29.13638552,428.1986409,1,428.0325777,417.1194488,14204.43233,1,10.62784115,33.66543581,19.72837823,6.07224059,10.11563928,0.492733257,0.100522456,4119.580025,7.607914063,79.7361979,77.20402812,94.98708196,357.5936141,158.4989891,413.1203426,0.413294717,15.5378662,87.26641011,3.258706468
2016,Homs,Tall_Kalakh,1,997,1258,1262,0.061265386,1.382119937,1083.189974,29.27615713,213.4968276,1.371293035,28.50363662,371.8628808,1,462.9664108,759.8897351,12887.62823,1,86.9397267,27.13059375,17.89948365,7.576440954,20.57377223,0.699980553,0.122872834,3698.904907,7.036198454,98.79338486,95.51694105,100.2654799,480.8609706,256.0800903,370.1287946,2.899572474,38.32373734,97.71723626,63.89144317
2016,Hama,Hama,2,70,140,2000,0.227677668,4.733216797,503.0170203,13.82836661,192.7904067,1.455316559,28.89107986,399.9433813,1,367.8882638,424.5910592,13634.85571,1,25.04294796,29.25385924,18.9372996,7.11782779,11.65822292,0.567707479,0.124138553,3636.573652,7.530149647,82.32834509,86.02261634,85.42365478,227.9904994,199.991121,385.7041579,0.890006436,18.48653952,91.78685944,22.43352601
2017,Homs,Tall_Kalakh,1,1022,1309.4375,1281,0.061265386,1.382119937,1032.48493,27.41584346,213.4968276,1.371293035,28.50363662,371.8628808,1,462.9664108,731.0885938,12969.01022,1,86.9397267,27.77781,18.01251419,7.162801508,19.45254968,0.64264329,0.108790691,3765.015558,7.036198454,98.79338486,99.22077737,99.03297964,477.5920838,256.0800903,370.1287946,2.899572474,38.32373734,97.07134748,63.89144317
2017,Hama,Al_Ghab,1,721,1207,1674,0.049595436,1.643165164,1079.74481,30.52009952,139.7759455,1.347860465,28.59829587,349.5799349,1,352.189296,848.5657275,12643.14001,1,139.7020723,28.03588289,17.55991668,6.107155368,23.97590967,0.693589263,0.124332784,3536.815495,6.782044179,92.73480597,96.7970685,107.8779728,526.8466629,280.5196852,361.9957542,4.508295663,42.21571718,99.65761896,35.28868661
2017,Idleb,Idleb,1,9460,12054.083,1274,0.125820372,2.188331063,699.7883092,18.8519634,133.1604544,1.441830046,29.96636028,396.7139838,1,349.4829207,461.0293427,13442.13458,1,18.66965742,29.98230154,18.66963136,5.996925927,12.41262278,0.551505746,0.102885174,3711.018183,7.363514149,87.8828617,92.0940144,101.3297174,351.9420449,201.4720497,378.6673336,0.928862474,24.86059375,93.31639224,24.08243728
2017,Idleb,Idleb,2,2347,2519.537,1073,0.125820372,2.188331063,699.7883092,18.8519634,133.1604544,1.441830046,29.96636028,396.7139838,1,349.4829207,461.0293427,13442.13458,1,18.66965742,29.98230154,18.66963136,5.996925927,12.41262278,0.551505746,0.102885174,3711.018183,7.363514149,87.8828617,92.0940144,101.3297174,351.9420449,201.4720497,378.6673336,0.928862474,24.86059375,93.31639224,24.08243728
2017,Idleb,Idleb,3,708,443.775,627,0.125820372,2.188331063,699.7883092,18.8519634,133.1604544,1.441830046,29.96636028,396.7139838,1,349.4829207,461.0293427,13442.13458,1,18.66965742,29.98230154,18.66963136,5.996925927,12.41262278,0.551505746,0.102885174,3711.018183,7.363514149,87.8828617,92.0940144,101.3297174,351.9420449,201.4720497,378.6673336,0.928862474,24.86059375,93.31639224,24.08243728
2017,Idleb,Harim,1,1120,1427.122,1274,0.076955511,1.744823344,849.0456405,23.74397938,208.4698796,1.397594182,27.2782689,356.5012631,1,400.6489695,478.5927023,12944.07632,1,91.8753057,29.14017067,17.97788378,5.603327071,13.41029625,0.464054265,0.072516677,3574.835487,7.125463716,95.81787612,85.25041958,110.5445179,419.4154683,243.3845318,396.2349649,3.52892128,34.93256475,97.26923557,7.104166667
2017,Idleb,Al_Jisr_Ash_Shu,1,4060,5173.317,1274,0.061795348,1.387996783,1012.122338,29.21148598,177.540447,1.380476929,27.89801472,304.6574213,1,349.3955892,584.1420856,12759.66216,1,101.3142959,28.03975952,17.721753,6.005570569,16.86286119,0.54668792,0.083235991,3463.809488,6.711311118,90.37703725,93.32480879,107.5192332,497.8067882,309.262822,377.4719518,3.793157673,40.90641577,98.73284,19.55376344
2017,Idleb,Al_Ma'ra,1,1000,1000,1000,0.219400577,2.789560748,597.5881948,16.33371239,161.5969773,1.44106543,30.50289991,387.8445436,1,426.7153644,398.7283549,13444.14409,1,29.05957912,30.13775519,18.67242235,5.921473039,10.90970961,0.483634117,0.087474128,3657.618326,7.422356298,85.92145674,94.28898897,91.87850598,291.4753592,211.8633148,395.4624714,1.089096217,21.8826255,93.30044374,2.740740741
2017,Idleb,Al_Ma'ra,2,3118,5643.463,1810,0.219400577,2.789560748,597.5881948,16.33371239,161.5969773,1.44106543,30.50289991,387.8445436,1,426.7153644,398.7283549,13444.14409,1,29.05957912,30.13775519,18.67242235,5.921473039,10.90970961,0.483634117,0.087474128,3657.618326,7.422356298,85.92145674,94.28898897,91.87850598,291.4753592,211.8633148,395.4624714,1.089096217,21.8826255,93.30044374,2.740740741
2017,Idleb,Al_Ma'ra,3,680,426.225,627,0.219400577,2.789560748,597.5881948,16.33371239,161.5969773,1.44106543,30.50289991,387.8445436,1,426.7153644,398.7283549,13444.14409,1,29.05957912,30.13775519,18.67242235,5.921473039,10.90970961,0.483634117,0.087474128,3657.618326,7.422356298,85.92145674,94.28898897,91.87850598,291.4753592,211.8633148,395.4624714,1.089096217,21.8826255,93.30044374,2.740740741
2017,Idleb,Ariha,1,683,870.29,1274,0.06189382,1.20144567,808.6157459,22.36020583,178.7756591,1.396585143,27.93576679,350.6523137,1,582.149967,454.2141576,12496.23267,1,87.67581128,28.37067888,17.35587871,5.124074158,12.57306268,0.410210616,0.062613605,3615.3162,7.15618642,94.79378601,97.12316556,102.7445699,403.6914824,264.1637633,380.2716742,2.592602428,31.56046909,99.1764498,35.35190616
2017,Idleb,Khan_Sheikhun,1,4500,4500,1000,0.109173126,1.862431522,793.4320457,22.1002694,171.9086835,1.411510346,28.71626212,359.2739051,1,421.6785622,475.3413286,13017.24996,1,65.71892988,29.13413316,18.07951384,5.730274153,13.2337105,0.491218533,0.081745115,3604.519537,7.15576634,90.95860356,92.41627946,102.8033089,392.8662286,246.0292963,385.6216792,2.386528014,30.82853377,96.35907227,17.76660286
2017,Idleb,Khan_Sheikhun,2,2139,1508,705,0.109173126,1.862431522,793.4320457,22.1002694,171.9086835,1.411510346,28.71626212,359.2739051,1,421.6785622,475.3413286,13017.24996,1,65.71892988,29.13413316,18.07951384,5.730274153,13.2337105,0.491218533,0.081745115,3604.519537,7.15576634,90.95860356,92.41627946,102.8033089,392.8662286,246.0292963,385.6216792,2.386528014,30.82853377,96.35907227,17.76660286
2017,Tartous,Tartous,1,14,15,1071,0.049162657,1.417978043,1204.997703,31.91767703,226.602822,1.337365278,24.38800112,328.0083572,1,151.3380759,891.9098431,13793.33979,1,85.26540945,27.44333477,19.15741637,9.890619045,23.65893448,0.600436279,0.07134132,3774.330211,6.801489796,93.38299321,96.96830669,103.8358892,577.3614551,293.3316743,364.969705,1.987711269,46.76351549,90.52904929,64.49344978
2017,Tartous,Banyas,1,47,59,1255,0.064347484,1.259569202,1385.413617,36.99853682,227.2029485,1.248880866,25.12215029,311.6023136,1,597.2024401,849.5937597,12089.20894,1,239.5189203,26.29028104,16.79056797,6.575398882,22.69503916,0.581284183,0.053441023,3743.509204,6.402940695,80.09802315,99.97659923,102.8920064,680.5744999,311.2379664,363.3411414,4.321198421,51.28226288,95.94610269,78.70526316
2017,Tartous,Safita,1,146,100,685,0.047070335,1.157636077,1384.653811,37.61045667,212.2246192,1.350786518,24.81991989,329.6296751,1,294.0703481,811.5213606,13427.40259,1,85.74052064,27.72325553,18.64917026,8.62756695,22.06293959,0.610954202,0.069576024,3680.56607,6.807968775,93.59895915,97.81065997,105.2194485,665.2769691,291.9812893,377.4132804,2.351750182,44.6094789,93.43331279,76.62715679
2017,Tartous,Sheikh_Badr,1,254,291,1146,0.0373259,1.003571401,1360.631842,36.42700601,219.4652153,1.304121142,24.82237263,321.6588278,1,407.1159663,857.8334123,12906.42109,1,154.5873703,26.96469389,17.92558485,8.026800465,22.96799508,0.60274559,0.059019726,3735.396546,6.587843617,86.26145388,98.20982181,103.7081127,657.5625927,302.2905226,370.5696379,3.164125443,48.74926315,95.75935763,48.78499377
2017,Lattakia,Jablah,1,68,87,1279,0.056903002,1.06433536,1443.280746,39.99849295,242.7106218,1.288362214,25.18450697,312.336117,1,539.9002309,826.1870554,12313.31125,1,269.6827043,26.54784112,17.10182118,6.846603011,22.87809636,0.589588423,0.055077905,3607.337813,6.394601508,79.82005026,95.44448462,105.2086794,707.7216601,319.9496365,362.0527367,4.337486611,50.9748085,97.72469246,69.6122449
2017,Aleppo,A'zaz,1,14131,7772.05,550,0.121728487,2.146811382,533.5452001,13.71644413,180.5676029,1.396196968,30.36538609,429.7996425,1,481.8095159,445.8335286,13118.75101,1,12.33630082,30.78934935,18.22048751,4.83242902,11.46688157,0.554917883,0.106540471,3888.821552,7.471901984,84.26993387,88.01514943,93.61588407,279.1852581,165.5478602,396.9674719,0.559398203,24.25735487,95.8829285,30.7875817
2017,Aleppo,A'zaz,2,3040,1398.4,460,0.121728487,2.146811382,533.5452001,13.71644413,180.5676029,1.396196968,30.36538609,429.7996425,1,481.8095159,445.8335286,13118.75101,1,12.33630082,30.78934935,18.22048751,4.83242902,11.46688157,0.554917883,0.106540471,3888.821552,7.471901984,84.26993387,88.01514943,93.61588407,279.1852581,165.5478602,396.9674719,0.559398203,24.25735487,95.8829285,30.7875817
2017,Aleppo,Afrin,1,3903,5109.027,1309,0.194810459,2.230856022,805.8792511,21.75576638,184.8305861,1.371035123,25.51170824,404.3181051,1,493.5760545,459.2896929,12658.80048,1,89.965976,29.70228461,17.58166733,4.795002485,12.40830067,0.425113381,0.056415157,3703.209896,7.198506433,93.3831189,85.23831156,104.3820711,404.2592088,192.8950466,401.4796676,3.206478872,32.26458622,99.53332954,72.67440361
2017,Aleppo,Jarablus,2,4000,4600,1150,0.056313267,1.389591551,453.8857573,11.63741288,123.911363,1.374076188,31.59740814,433.9335195,1,453.0262094,329.7881786,13594.58949,1,19.54434174,32.98343954,18.8813743,4.449582343,8.462889068,0.369187908,0.062019859,3899.229046,7.473535251,84.21549162,83.65431282,89.12897259,235.8803656,151.8135123,395.6820817,0.731704106,17.89025411,92.10643258,86.86344794
2017,Aleppo,Al_Bab,2,821,1232.1,1500,0.223794265,2.70647827,409.032372,10.62149779,171.3158859,1.361738999,28.32570189,404.137529,1,440.5998951,360.997914,13619.11947,1,12.48017986,31.6086672,18.91544371,5.19195271,9.373968806,0.384380918,0.07180707,3849.985804,7.526863486,82.4378838,88.48264775,86.01735744,214.0650289,172.3288421,394.8106379,0.536196258,18.97472913,91.91175025,57.38811081
2017,Aleppo,Menbij,2,6700,6700,1000,0.476099108,4.018173677,344.9720028,8.798301028,173.279788,1.406754586,24.018397,332.4689528,1,397.1956572,312.2381767,14040.01848,1,17.60715977,32.24169433,19.50002566,5.759849843,7.964957172,0.291928666,0.048172673,3919.893382,7.618434657,79.38551142,84.39298649,82.22864442,180.6476239,198.2878033,437.4207931,0.49517755,12.11218955,88.57128192,92.68040719
2017,Aleppo,Ain_Al_Arab,2,41332,41331.9,1000,0.285146327,2.615456939,466.2733065,11.36534399,180.1352135,1.344070296,29.15984317,412.5287694,1,457.6511594,294.9322478,13872.55425,1,40.7417743,33.32412961,19.26743645,4.702163923,7.196976599,0.351433549,0.067542647,4101.588598,7.452704986,84.90983381,83.4122809,91.98365073,247.7003945,160.737883,374.9119357,1.026508894,16.80178945,89.90036312,86.06697787
2017,Aleppo,Ain_Al_Arab,3,4701,4700.5,1000,0.285146327,2.615456939,466.2733065,11.36534399,180.1352135,1.344070296,29.15984317,412.5287694,1,457.6511594,294.9322478,13872.55425,1,40.7417743,33.32412961,19.26743645,4.702163923,7.196976599,0.351433549,0.067542647,4101.588598,7.452704986,84.90983381,83.4122809,91.98365073,247.7003945,160.737883,374.9119357,1.026508894,16.80178945,89.90036312,86.06697787
2017,Aleppo,Jebel_Saman,1,1631,1631,1000,0.320135248,3.90953411,478.6761908,12.78309247,185.7492815,1.399045613,26.85095306,367.0160671,1,348.6130778,387.1280012,13799.08857,1,24.0041333,31.00464418,19.1654008,5.996780041,10.33045719,0.405257798,0.07349412,3743.603991,7.511498758,82.95004141,88.50641205,88.13627148,242.5714848,183.2856532,401.209007,0.780531933,17.98196178,90.48342403,28.18423019
2017,Aleppo,Jebel_Saman,2,5006,5581.69,1115,0.320135248,3.90953411,478.6761908,12.78309247,185.7492815,1.399045613,26.85095306,367.0160671,1,348.6130778,387.1280012,13799.08857,1,24.0041333,31.00464418,19.1654008,5.996780041,10.33045719,0.405257798,0.07349412,3743.603991,7.511498758,82.95004141,88.50641205,88.13627148,242.5714848,183.2856532,401.209007,0.780531933,17.98196178,90.48342403,28.18423019
2017,Aleppo,Jebel_Saman,3,4612,2306.5,500,0.320135248,3.90953411,478.6761908,12.78309247,185.7492815,1.399045613,26.85095306,367.0160671,1,348.6130778,387.1280012,13799.08857,1,24.0041333,31.00464418,19.1654008,5.996780041,10.33045719,0.405257798,0.07349412,3743.603991,7.511498758,82.95004141,88.50641205,88.13627148,242.5714848,183.2856532,401.209007,0.780531933,17.98196178,90.48342403,28.18423019
2017,Aleppo,As_Safira,2,1904,441.774,232,0.226229514,2.727688396,333.4874851,8.737524628,194.0542344,1.456944439,23.81607607,339.9130212,1,386.7828001,324.9070116,14024.20249,1,58.56984464,31.55489717,19.47805901,6.165249136,8.506459117,0.307279933,0.049991446,3815.727269,7.634697244,78.8434252,88.55119977,76.60119267,168.6939215,209.796782,447.6738108,1.021027812,12.3940763,88.69680564,61.3127161
2017,Aleppo,As_Safira,3,562,119.749,213,0.226229514,2.727688396,333.4874851,8.737524628,194.0542344,1.456944439,23.81607607,339.9130212,1,386.7828001,324.9070116,14024.20249,1,58.56984464,31.55489717,19.47805901,6.165249136,8.506459117,0.307279933,0.049991446,3815.727269,7.634697244,78.8434252,88.55119977,76.60119267,168.6939215,209.796782,447.6738108,1.021027812,12.3940763,88.69680564,61.3127161
2017,Aleppo,Al_Atarib,1,680,1700,2500,0.238032084,2.718073793,478.2189457,12.42692291,174.2304944,1.388732777,27.45568421,390.5144508,1,432.4067962,364.3893439,13590.89053,1,34.4062138,31.65113825,18.87623685,5.236626188,9.463861274,0.386187505,0.06699793,3865.257442,7.48601785,83.799405,86.2816626,89.01175556,246.6254108,179.3366728,406.2694257,1.044627954,19.08461768,92.13578945,64.49473443
2017,Hassakeh,Hassakeh,1,2750,3437.5,1250,1.234999017,5.292191536,505.8976836,11.38613215,179.2026918,1.453912692,22.75778998,312.1287676,1,352.2277754,291.2840379,15035.03125,1,19.1175947,35.3967448,20.88198784,5.870771411,6.560743505,0.289549195,0.04945112,4442.103917,7.76640865,74.453045,96.47748238,83.3574781,250.3479121,232.8497925,449.1236429,0.493960645,10.83503123,80.67435519,55.44769984
2017,Hassakeh,Hassakeh,2,24750,22964.535,927.86,1.234999017,5.292191536,505.8976836,11.38613215,179.2026918,1.453912692,22.75778998,312.1287676,1,352.2277754,291.2840379,15035.03125,1,19.1175947,35.3967448,20.88198784,5.870771411,6.560743505,0.289549195,0.04945112,4442.103917,7.76640865,74.453045,96.47748238,83.3574781,250.3479121,232.8497925,449.1236429,0.493960645,10.83503123,80.67435519,55.44769984
2017,Hassakeh,Hassakeh,3,6000,3682.5,613.75,1.234999017,5.292191536,505.8976836,11.38613215,179.2026918,1.453912692,22.75778998,312.1287676,1,352.2277754,291.2840379,15035.03125,1,19.1175947,35.3967448,20.88198784,5.870771411,6.560743505,0.289549195,0.04945112,4442.103917,7.76640865,74.453045,96.47748238,83.3574781,250.3479121,232.8497925,449.1236429,0.493960645,10.83503123,80.67435519,55.44769984
2017,Hassakeh,Quamishli,1,53000,67133.51,1266.67,0.384508781,3.376182941,819.4289095,18.28401005,189.6343908,1.4227755,32.71215887,381.6987929,1,387.3408823,370.1947529,14558.86174,1,4.224880292,35.3327915,20.2206413,5.39578904,8.275566082,0.570751575,0.127843608,4480.669541,7.499177245,83.3607585,94.11423151,94.34968929,395.0126981,188.6721752,424.1715544,0.236333983,15.93920513,84.45347828,2.151515152
2017,Hassakeh,Quamishli,2,10900,10173.297,933.33,0.384508781,3.376182941,819.4289095,18.28401005,189.6343908,1.4227755,32.71215887,381.6987929,1,387.3408823,370.1947529,14558.86174,1,4.224880292,35.3327915,20.2206413,5.39578904,8.275566082,0.570751575,0.127843608,4480.669541,7.499177245,83.3607585,94.11423151,94.34968929,395.0126981,188.6721752,424.1715544,0.236333983,15.93920513,84.45347828,2.151515152
2017,Hassakeh,Al_Malika,1,46500,72656.25,1562.5,0.273788898,2.626098262,1029.865881,22.39948564,177.7179584,1.393407522,35.81191186,396.1542193,1,442.2589019,410.2791276,13960.53543,1,11.47143655,34.69045924,19.38963255,4.721658469,8.927509084,0.610726668,0.144392744,4596.721116,7.401004555,86.63318149,97.68044405,95.02900876,473.383242,182.2285639,417.2135132,0.627665989,23.0979689,89.20209973,71.48066457
2017,Hassakeh,Al_Malika,2,3500,4200,1200,0.273788898,2.626098262,1029.865881,22.39948564,177.7179584,1.393407522,35.81191186,396.1542193,1,442.2589019,410.2791276,13960.53543,1,11.47143655,34.69045924,19.38963255,4.721658469,8.927509084,0.610726668,0.144392744,4596.721116,7.401004555,86.63318149,97.68044405,95.02900876,473.383242,182.2285639,417.2135132,0.627665989,23.0979689,89.20209973,71.48066457
2017,Hassakeh,Al_Malika,3,400,360,900,0.273788898,2.626098262,1029.865881,22.39948564,177.7179584,1.393407522,35.81191186,396.1542193,1,442.2589019,410.2791276,13960.53543,1,11.47143655,34.69045924,19.38963255,4.721658469,8.927509084,0.610726668,0.144392744,4596.721116,7.401004555,86.63318149,97.68044405,95.02900876,473.383242,182.2285639,417.2135132,0.627665989,23.0979689,89.20209973,71.48066457
2017,Hassakeh,Ras_Al_Ain,1,15800,21330,1350,0.383012451,4.287075453,583.1515364,13.39965542,181.239228,1.436138441,29.13638552,428.1986409,1,428.0325777,369.6523591,14367.46024,1,10.62784115,34.65490354,19.95480588,5.079311835,8.484859368,0.487104047,0.098564985,4350.989048,7.607914063,79.7361979,87.98980685,90.05291833,299.3722223,158.4989891,413.1203426,0.413294717,15.5378662,85.97253781,3.258706468
2017,Hassakeh,Ras_Al_Ain,2,36100,10943.33,303.14,0.383012451,4.287075453,583.1515364,13.39965542,181.239228,1.436138441,29.13638552,428.1986409,1,428.0325777,369.6523591,14367.46024,1,10.62784115,34.65490354,19.95480588,5.079311835,8.484859368,0.487104047,0.098564985,4350.989048,7.607914063,79.7361979,87.98980685,90.05291833,299.3722223,158.4989891,413.1203426,0.413294717,15.5378662,85.97253781,3.258706468
2019,Hama,Al_Ghab,1,115,217.925,1895,0.049595436,1.643165164,1809.837733,53.52371729,139.7759455,1.347860465,28.59829587,349.5799349,1,352.189296,921.8680202,12871.37971,1,139.7020723,26.41515541,17.87691627,7.293097794,27.2378979,0.723227677,0.128946083,3380.375257,6.782044179,92.73480597,99.34443711,111.9221485,897.7995326,280.5196852,361.9957542,4.508295663,42.21571718,97.84619277,35.28868661
2019,Idleb,Idleb,1,9260,8110,876,0.125820372,2.188331063,1093.018604,31.47421692,133.1604544,1.441830046,29.96636028,396.7139838,1,349.4829207,528.6637581,13543.7509,1,18.66965742,28.20795276,18.81076515,7.366924624,15.21124426,0.596039063,0.132100925,3471.742808,7.363514149,87.8828617,91.27240352,106.2780643,540.4956023,201.4720497,378.6673336,0.928862474,24.86059375,92.50991346,24.08243728
2019,Idleb,Idleb,2,1552,1230,792,0.125820372,2.188331063,1093.018604,31.47421692,133.1604544,1.441830046,29.96636028,396.7139838,1,349.4829207,528.6637581,13543.7509,1,18.66965742,28.20795276,18.81076515,7.366924624,15.21124426,0.596039063,0.132100925,3471.742808,7.363514149,87.8828617,91.27240352,106.2780643,540.4956023,201.4720497,378.6673336,0.928862474,24.86059375,92.50991346,24.08243728
2019,Idleb,Idleb,3,25,20,800,0.125820372,2.188331063,1093.018604,31.47421692,133.1604544,1.441830046,29.96636028,396.7139838,1,349.4829207,528.6637581,13543.7509,1,18.66965742,28.20795276,18.81076515,7.366924624,15.21124426,0.596039063,0.132100925,3471.742808,7.363514149,87.8828617,91.27240352,106.2780643,540.4956023,201.4720497,378.6673336,0.928862474,24.86059375,92.50991346,24.08243728
2019,Idleb,Harim,1,1270,1105,870,0.076955511,1.744823344,1326.920463,39.36426031,208.4698796,1.397594182,27.2782689,356.5012631,1,400.6489695,548.0693453,13159.13655,1,91.8753057,27.69773043,18.27657854,6.996927931,16.27037023,0.533481044,0.094834923,3369.876152,7.125463716,95.81787612,86.8186678,117.2060117,656.7739174,243.3845318,396.2349649,3.52892128,34.93256475,95.56240835,7.104166667
2019,Idleb,Al_Jisr_Ash_Shu,1,2356,2050,870,0.061795348,1.387996783,1639.031668,49.68257613,177.540447,1.380476929,27.89801472,304.6574213,1,349.3955892,662.7802192,13011.57552,1,101.3142959,26.70563194,18.07163267,7.418783557,20.08831586,0.617983455,0.106410921,3298.007008,6.711311118,90.37703725,104.0058286,113.9571576,816.5203237,309.262822,377.4719518,3.793157673,40.90641577,96.7335276,19.55376344
2019,Idleb,Al_Ma'ra,1,3000,2632,877,0.219400577,2.789560748,964.0705953,28.16866944,161.5969773,1.44106543,30.50289991,387.8445436,1,426.7153644,474.1626953,13519.765,1,29.05957912,28.26483244,18.77745139,7.194626078,13.85047638,0.601515219,0.138269059,3421.492487,7.422356298,85.92145674,91.15500663,102.7485232,470.4377188,211.8633148,395.4624714,1.089096217,21.8826255,92.70027775,2.740740741
2019,Idleb,Al_Ma'ra,2,3433,2800,816,0.219400577,2.789560748,964.0705953,28.16866944,161.5969773,1.44106543,30.50289991,387.8445436,1,426.7153644,474.1626953,13519.765,1,29.05957912,28.26483244,18.77745139,7.194626078,13.85047638,0.601515219,0.138269059,3421.492487,7.422356298,85.92145674,91.15500663,102.7485232,470.4377188,211.8633148,395.4624714,1.089096217,21.8826255,92.70027775,2.740740741
2019,Idleb,Al_Ma'ra,3,25,20,800,0.219400577,2.789560748,964.0705953,28.16866944,161.5969773,1.44106543,30.50289991,387.8445436,1,426.7153644,474.1626953,13519.765,1,29.05957912,28.26483244,18.77745139,7.194626078,13.85047638,0.601515219,0.138269059,3421.492487,7.422356298,85.92145674,91.15500663,102.7485232,470.4377188,211.8633148,395.4624714,1.089096217,21.8826255,92.70027775,2.740740741
2019,Idleb,Ariha,1,1483,1290,870,0.06189382,1.20144567,1287.979378,37.92600075,178.7756591,1.396585143,27.93576679,350.6523137,1,582.149967,523.0896975,12658.66826,1,87.67581128,26.8399934,17.5814837,6.40529139,15.4063644,0.507109123,0.092523649,3395.032677,7.15618642,94.79378601,101.8028848,107.9944741,643.9730396,264.1637633,380.2716742,2.592602428,31.56046909,99.53437887,35.35190616
2019,Idleb,Khan_Sheikhun,1,5500,4813,875,0.109173126,1.862431522,1262.204142,37.32314471,171.9086835,1.411510346,28.71626212,359.2739051,1,421.6785622,547.3531431,13178.57925,1,65.71892988,27.54322819,18.30358229,7.076510716,16.16535423,0.571225581,0.112827895,3391.230226,7.15576634,90.95860356,95.01095827,109.6368462,625.6401204,246.0292963,385.6216792,2.386528014,30.82853377,95.40810121,17.76660286
2019,Idleb,Khan_Sheikhun,2,1839,1470,799,0.109173126,1.862431522,1262.204142,37.32314471,171.9086835,1.411510346,28.71626212,359.2739051,1,421.6785622,547.3531431,13178.57925,1,65.71892988,27.54322819,18.30358229,7.076510716,16.16535423,0.571225581,0.112827895,3391.230226,7.15576634,90.95860356,95.01095827,109.6368462,625.6401204,246.0292963,385.6216792,2.386528014,30.82853377,95.40810121,17.76660286
2019,Raqqa,Raqqa,3,19300,38600,2000,1.050201469,5.964680642,435.8101978,11.27081143,176.8215937,1.445777656,18.21052889,260.1565394,1,346.2123061,454.5102989,14541.2107,1,26.05879584,31.4866392,20.19612598,7.471828369,11.769926,0.509869274,0.101025737,3865.715369,7.943602406,68.54658646,72.64190031,89.75325824,250.218062,252.812006,466.2953785,0.418199141,7.517291598,84.59356584,89.8962532
2019,Raqqa,Tell_Abiad,2,37340,74680,2000,0.478825179,3.735158564,685.0985994,17.54699796,188.9206138,1.450549568,27.03711738,400.1496788,1,371.821103,410.584065,14503.541,1,11.17783109,32.77834829,20.14380694,6.955663809,10.51888009,0.660890941,0.152317996,3903.363589,7.789701512,73.67661628,77.52978124,94.15651007,403.1294832,163.0030389,436.503596,0.353533461,11.88417515,84.89253176,33.28514589
2021,Homs,Tall_Kalakh,1,1350,1198,887,0.061265386,1.382119937,1197.706893,64.27406609,213.4968276,1.371293035,28.50363662,371.8628808,1,462.9664108,391.2997451,13264.00093,1,86.9397267,27.50831986,18.42222351,8.213751124,21.00262045,0.703892675,0.121125702,1862.437256,7.036198454,98.79338486,106.5742497,97.54382303,578.3493477,256.0800903,370.1287946,2.899572474,38.32373734,94.73015135,63.89144317
2021,Idleb,Idleb,1,5599,11094,1981,0.125820372,2.188331063,716.0112494,38.07337761,133.1604544,1.441830046,29.96636028,396.7139838,1,349.4829207,217.7179913,13659.18928,1,18.66965742,29.4112918,18.97109623,7.456626615,11.57580973,0.587986035,0.120334238,1879.608694,7.363514149,87.8828617,100.3712487,97.60875275,337.9490304,201.4720497,378.6673336,0.928862474,24.86059375,91.59373584,24.08243728
2021,Idleb,Idleb,2,793,1064,1342,0.125820372,2.188331063,716.0112494,38.07337761,133.1604544,1.441830046,29.96636028,396.7139838,1,349.4829207,217.7179913,13659.18928,1,18.66965742,29.4112918,18.97109623,7.456626615,11.57580973,0.587986035,0.120334238,1879.608694,7.363514149,87.8828617,100.3712487,97.60875275,337.9490304,201.4720497,378.6673336,0.928862474,24.86059375,91.59373584,24.08243728
2021,Idleb,Harim,1,670,1273,1900,0.076955511,1.744823344,868.687891,47.95536273,208.4698796,1.397594182,27.2782689,356.5012631,1,400.6489695,231.5127983,13122.34768,1,91.8753057,28.75388709,18.22548288,6.921718898,12.80847777,0.481201769,0.079195438,1810.450986,7.125463716,95.81787612,94.03072352,110.3529431,411.4468054,243.3845318,396.2349649,3.52892128,34.93256475,95.85438352,7.104166667
2021,Idleb,Al_Jisr_Ash_Shu,1,1200,2280,1900,0.061795348,1.387996783,1054.624513,60.66616625,177.540447,1.380476929,27.89801472,304.6574213,1,349.3955892,297.1031941,12988.15026,1,101.3142959,27.90288643,18.03909758,7.509110562,17.08992119,0.615782273,0.106483514,1737.406394,6.711311118,90.37703725,104.8732084,106.2123316,470.4066867,309.262822,377.4719518,3.793157673,40.90641577,96.91944238,19.55376344
2021,Idleb,Al_Ma'ra,1,5800,11020,1900,0.219400577,2.789560748,622.1337177,33.94666872,161.5969773,1.44106543,30.50289991,387.8445436,1,426.7153644,201.1844715,13599.37506,1,29.05957912,29.3021438,18.88802092,7.141629147,10.99633263,0.565888919,0.115980914,1831.679733,7.422356298,85.92145674,105.6601441,90.05467873,290.9305852,211.8633148,395.4624714,1.089096217,21.8826255,92.06845188,2.740740741
2021,Idleb,Al_Ma'ra,2,1850,3515,1900,0.219400577,2.789560748,622.1337177,33.94666872,161.5969773,1.44106543,30.50289991,387.8445436,1,426.7153644,201.1844715,13599.37506,1,29.05957912,29.3021438,18.88802092,7.141629147,10.99633263,0.565888919,0.115980914,1831.679733,7.422356298,85.92145674,105.6601441,90.05467873,290.9305852,211.8633148,395.4624714,1.089096217,21.8826255,92.06845188,2.740740741
2021,Idleb,Al_Ma'ra,3,850,1615,1900,0.219400577,2.789560748,622.1337177,33.94666872,161.5969773,1.44106543,30.50289991,387.8445436,1,426.7153644,201.1844715,13599.37506,1,29.05957912,29.3021438,18.88802092,7.141629147,10.99633263,0.565888919,0.115980914,1831.679733,7.422356298,85.92145674,105.6601441,90.05467873,290.9305852,211.8633148,395.4624714,1.089096217,21.8826255,92.06845188,2.740740741
2021,Idleb,Ariha,1,740,1406,1900,0.06189382,1.20144567,843.827153,46.42299821,178.7756591,1.396585143,27.93576679,350.6523137,1,582.149967,233.0294201,12735.42057,1,87.67581128,27.89596281,17.68808412,6.497693741,12.83238198,0.511903905,0.090131286,1816.692061,7.15618642,94.79378601,107.587015,99.89161295,386.1195501,264.1637633,380.2716742,2.592602428,31.56046909,98.9252336,35.35190616
2021,Tartous,Tartous,1,134,134,1000,0.049162657,1.417978043,1365.087006,72.02265709,226.602822,1.337365278,24.38800112,328.0083572,1,151.3380759,446.1418915,14057.30663,1,85.26540945,27.73256599,19.52403699,10.81619828,23.5745892,0.628856754,0.074003178,1894.35774,6.801489796,93.38299321,103.2910999,100.9516749,652.7938306,293.3316743,364.969705,1.987711269,46.76351549,88.43407436,64.49344978
2021,Tartous,Safita,1,244,470,1926,0.047070335,1.157636077,1596.63031,86.22211343,212.2246192,1.350786518,24.81991989,329.6296751,1,294.0703481,418.0031801,13679.5594,1,85.74052064,27.64409373,18.99938805,9.616611047,22.59434591,0.64508756,0.074855104,1850.764294,6.807968775,93.59895915,104.8518998,105.5518443,761.9863429,291.9812893,377.4132804,2.351750182,44.6094789,91.43206827,76.62715679
2021,Aleppo,A'zaz,1,2127,1028.05,483.33,0.121728487,2.146811382,568.902204,29.15380091,180.5676029,1.396196968,30.36538609,429.7996425,1,481.8095159,230.310165,13343.3562,1,12.33630082,30.07535013,18.53243916,6.239893022,11.80937752,0.624811954,0.135857648,1950.38262,7.471901984,84.26993387,103.8573137,92.64218858,295.8411934,165.5478602,396.9674719,0.559398203,24.25735487,94.10034763,30.7875817
2021,Aleppo,A'zaz,2,525,603.75,1150,0.121728487,2.146811382,568.902204,29.15380091,180.5676029,1.396196968,30.36538609,429.7996425,1,481.8095159,230.310165,13343.3562,1,12.33630082,30.07535013,18.53243916,6.239893022,11.80937752,0.624811954,0.135857648,1950.38262,7.471901984,84.26993387,103.8573137,92.64218858,295.8411934,165.5478602,396.9674719,0.559398203,24.25735487,94.10034763,30.7875817
2021,Aleppo,Afrin,1,4021,5629.4,1400,0.194810459,2.230856022,812.7801541,43.5068371,184.8305861,1.371035123,25.51170824,404.3181051,1,493.5760545,228.8836268,12827.81351,1,89.965976,28.99220221,17.81640766,5.925855933,12.26186942,0.457395755,0.068691389,1867.166496,7.198506433,93.3831189,96.81010336,103.4673816,410.4784793,192.8950466,401.4796676,3.206478872,32.26458622,98.19195623,72.67440361
2021,Aleppo,Jarablus,2,10076,15114,1500,0.056313267,1.389591551,528.5313829,27.03855416,123.911363,1.374076188,31.59740814,433.9335195,1,453.0262094,165.4009336,13743.79891,1,19.54434174,32.37822764,19.0886096,6.109471132,8.470922933,0.477272887,0.092321221,1953.732416,7.473535251,84.21549162,102.281526,93.79377091,252.9893217,151.8135123,395.6820817,0.731704106,17.89025411,90.92223087,86.86344794
2021,Aleppo,Al_Bab,1,760,1140,1500,0.223794265,2.70647827,456.1221997,23.65556273,171.3158859,1.361738999,28.32570189,404.137529,1,440.5998951,186.6692455,13803.20516,1,12.48017986,30.87920741,19.17111828,6.794029583,9.709641445,0.492798436,0.106069874,1927.181566,7.526863486,82.4378838,107.8694134,86.4284589,225.1725054,172.3288421,394.8106379,0.536196258,18.97472913,90.4507527,57.38811081
2021,Aleppo,Al_Bab,2,17480,5438.222,311.11,0.223794265,2.70647827,456.1221997,23.65556273,171.3158859,1.361738999,28.32570189,404.137529,1,440.5998951,186.6692455,13803.20516,1,12.48017986,30.87920741,19.17111828,6.794029583,9.709641445,0.492798436,0.106069874,1927.181566,7.526863486,82.4378838,107.8694134,86.4284589,225.1725054,172.3288421,394.8106379,0.536196258,18.97472913,90.4507527,57.38811081
2021,Aleppo,Menbij,2,1961,1961,1000,0.476099108,4.018173677,379.3977081,19.39792258,173.279788,1.406754586,24.018397,332.4689528,1,397.1956572,161.7771646,14207.50269,1,17.60715977,31.5975419,19.73264263,7.179223207,8.281374119,0.448284958,0.090014966,1954.86773,7.618434657,79.38551142,97.4232625,81.92265331,168.1178748,198.2878033,437.4207931,0.49517755,12.11218955,87.24204213,92.68040719
2021,Aleppo,Menbij,3,443,149.513,337.5,0.476099108,4.018173677,379.3977081,19.39792258,173.279788,1.406754586,24.018397,332.4689528,1,397.1956572,161.7771646,14207.50269,1,17.60715977,31.5975419,19.73264263,7.179223207,8.281374119,0.448284958,0.090014966,1954.86773,7.618434657,79.38551142,97.4232625,81.92265331,168.1178748,198.2878033,437.4207931,0.49517755,12.11218955,87.24204213,92.68040719
2021,Aleppo,Ain_Al_Arab,2,51628,3097.68,60,0.285146327,2.615456939,548.8988398,26.72549994,180.1352135,1.344070296,29.15984317,412.5287694,1,457.6511594,146.3198511,14074.54156,1,40.7417743,32.89283826,19.54797439,6.423076992,7.136254745,0.546729786,0.10729501,2052.83937,7.452704986,84.90983381,98.36565352,88.17229603,240.8623842,160.737883,374.9119357,1.026508894,16.80178945,88.29728918,86.06697787
2021,Aleppo,Ain_Al_Arab,3,2660,159.6,60,0.285146327,2.615456939,548.8988398,26.72549994,180.1352135,1.344070296,29.15984317,412.5287694,1,457.6511594,146.3198511,14074.54156,1,40.7417743,32.89283826,19.54797439,6.423076992,7.136254745,0.546729786,0.10729501,2052.83937,7.452704986,84.90983381,98.36565352,88.17229603,240.8623842,160.737883,374.9119357,1.026508894,16.80178945,88.29728918,86.06697787
2021,Aleppo,Jebel_Saman,1,796,142.882,179.5,0.320135248,3.90953411,503.7984253,26.68756857,185.7492815,1.399045613,26.85095306,367.0160671,1,348.6130778,190.638697,13966.93195,1,24.0041333,30.2227558,19.3985166,7.387335479,10.1008622,0.498172321,0.100538479,1886.764425,7.511498758,82.95004141,101.0262096,86.36808829,241.7776998,183.2856532,401.209007,0.780531933,17.98196178,89.1513337,28.18423019
2021,Aleppo,Jebel_Saman,2,1177,61.425,52.19,0.320135248,3.90953411,503.7984253,26.68756857,185.7492815,1.399045613,26.85095306,367.0160671,1,348.6130778,190.638697,13966.93195,1,24.0041333,30.2227558,19.3985166,7.387335479,10.1008622,0.498172321,0.100538479,1886.764425,7.511498758,82.95004141,101.0262096,86.36808829,241.7776998,183.2856532,401.209007,0.780531933,17.98196178,89.1513337,28.18423019
2021,Aleppo,Jebel_Saman,3,1049,13.182,12.57,0.320135248,3.90953411,503.7984253,26.68756857,185.7492815,1.399045613,26.85095306,367.0160671,1,348.6130778,190.638697,13966.93195,1,24.0041333,30.2227558,19.3985166,7.387335479,10.1008622,0.498172321,0.100538479,1886.764425,7.511498758,82.95004141,101.0262096,86.36808829,241.7776998,183.2856532,401.209007,0.780531933,17.98196178,89.1513337,28.18423019
2021,Aleppo,As_Safira,2,3430,471.625,137.5,0.226229514,2.727688396,365.4364209,18.99467347,194.0542344,1.456944439,23.81607607,339.9130212,1,386.7828001,169.1879108,14136.27859,1,58.56984464,30.75788449,19.63372027,7.358905664,8.817437254,0.459965055,0.09129485,1922.888934,7.634697244,78.8434252,101.0504057,74.93125937,166.0503952,209.796782,447.6738108,1.021027812,12.3940763,87.80731274,61.3127161
2021,Aleppo,As_Safira,3,2716,406.042,149.5,0.226229514,2.727688396,365.4364209,18.99467347,194.0542344,1.456944439,23.81607607,339.9130212,1,386.7828001,169.1879108,14136.27859,1,58.56984464,30.75788449,19.63372027,7.358905664,8.817437254,0.459965055,0.09129485,1922.888934,7.634697244,78.8434252,101.0504057,74.93125937,166.0503952,209.796782,447.6738108,1.021027812,12.3940763,87.80731274,61.3127161
2021,Aleppo,Al_Atarib,1,2000,3000,1500,0.238032084,2.718073793,520.4834169,26.89505243,174.2304944,1.388732777,27.45568421,390.5144508,1,432.4067962,184.8984493,13762.92857,1,34.4062138,30.97450098,19.11517857,6.677223877,9.573467455,0.500678894,0.09901043,1939.477945,7.48601785,83.799405,101.085486,88.46576212,250.1612317,179.3366728,406.2694257,1.044627954,19.08461768,90.77040815,64.49473443
2021,Aleppo,Dayr_Hafir,2,24,7.2,300,0.238032084,2.718073793,520.4834169,26.89505243,174.2304944,1.388732777,27.45568421,390.5144508,1,432.4067962,184.8984493,13762.92857,1,34.4062138,30.97450098,19.11517857,6.677223877,9.573467455,0.500678894,0.09901043,1939.477945,7.48601785,83.799405,101.085486,88.46576212,250.1612317,179.3366728,406.2694257,1.044627954,19.08461768,90.77040815,64.49473443
2022,Hama,Hama,3,29,54.375,1875,0.227677668,4.733216797,583.9247844,16.18077257,192.7904067,1.455316559,28.89107986,399.9433813,1,367.8882638,414.0420209,13740.072,1,25.04294796,29.34120585,19.08343334,7.75339253,11.46316321,0.471853201,0.094265439,3607.757133,7.530149647,82.32834509,102.8093657,86.91760083,288.7229064,199.991121,385.7041579,0.890006436,18.48653952,90.95180951,22.43352601
2022,Idleb,Idleb,1,93,50.088,538.58,0.125820372,2.188331063,736.8357759,20.35138109,133.1604544,1.441830046,29.96636028,396.7139838,1,349.4829207,464.6152731,13583.43372,1,18.66965742,29.40992897,18.86588016,7.611267152,12.82347284,0.549219495,0.111500102,3619.568907,7.363514149,87.8828617,100.6294314,100.7540969,363.2821691,201.4720497,378.6673336,0.928862474,24.86059375,92.1949705,24.08243728
2022,Idleb,Idleb,2,1875,117.188,62.5,0.125820372,2.188331063,736.8357759,20.35138109,133.1604544,1.441830046,29.96636028,396.7139838,1,349.4829207,464.6152731,13583.43372,1,18.66965742,29.40992897,18.86588016,7.611267152,12.82347284,0.549219495,0.111500102,3619.568907,7.363514149,87.8828617,100.6294314,100.7540969,363.2821691,201.4720497,378.6673336,0.928862474,24.86059375,92.1949705,24.08243728
2022,Idleb,Harim,1,674,379.125,562.5,0.076955511,1.744823344,929.1755501,26.49947784,208.4698796,1.397594182,27.2782689,356.5012631,1,400.6489695,478.0288437,13047.01632,1,91.8753057,28.75388709,18.12085601,6.964360673,13.65377356,0.457862903,0.073605665,3505.391921,7.125463716,95.81787612,96.44264775,112.3868225,450.1950582,243.3845318,396.2349649,3.52892128,34.93256475,96.45225139,7.104166667
2022,Idleb,Al_Jisr_Ash_Shu,1,500,244,488,0.061795348,1.387996783,1121.746992,33.14919992,177.540447,1.380476929,27.89801472,304.6574213,1,349.3955892,602.9970332,12885.64669,1,101.3142959,27.90288643,17.89673152,7.457486603,17.81703239,0.581575797,0.102641034,3382.933833,6.711311118,90.37703725,102.5470365,107.9906383,579.5172627,309.262822,377.4719518,3.793157673,40.90641577,97.73296275,19.55376344
2022,Idleb,Al_Ma'ra,1,1780,934.5,525,0.219400577,2.789560748,655.0525405,18.48878414,161.5969773,1.44106543,30.50289991,387.8445436,1,426.7153644,410.8023332,13517.11592,1,29.05957912,29.25537727,18.77377211,7.334007666,11.61134089,0.49383131,0.104936026,3541.972515,7.422356298,85.92145674,103.2131462,93.02894103,327.8371544,211.8633148,395.4624714,1.089096217,21.8826255,92.72130223,2.740740741
2022,Idleb,Al_Ma'ra,2,2989,795.288,266,0.219400577,2.789560748,655.0525405,18.48878414,161.5969773,1.44106543,30.50289991,387.8445436,1,426.7153644,410.8023332,13517.11592,1,29.05957912,29.25537727,18.77377211,7.334007666,11.61134089,0.49383131,0.104936026,3541.972515,7.422356298,85.92145674,103.2131462,93.02894103,327.8371544,211.8633148,395.4624714,1.089096217,21.8826255,92.72130223,2.740740741
2022,Idleb,Ariha,1,700,269.5,385,0.06189382,1.20144567,869.2456133,24.66070536,178.7756591,1.396585143,27.93576679,350.6523137,1,582.149967,476.5201676,12649.29008,1,87.67581128,27.89596281,17.56845844,6.446228428,13.52773068,0.469293125,0.082213084,3523.820562,7.15618642,94.79378601,104.9871024,102.7359002,442.7462716,264.1637633,380.2716742,2.592602428,31.56046909,99.60880892,35.35190616
2022,Tartous,Tartous,1,7.8,8.385,1075,0.049162657,1.417978043,1366.825727,36.89833734,226.602822,1.337365278,24.38800112,328.0083572,1,151.3380759,901.3059714,13938.54812,1,85.26540945,27.73256599,19.35909462,10.67286308,24.36600935,0.610771263,0.072700278,3703.301672,6.801489796,93.38299321,101.4685892,102.3350745,681.2216925,293.3316743,364.969705,1.987711269,46.76351549,89.37660219,64.49344978
2022,Tartous,Safita,1,244.3,470.278,1925,0.047070335,1.157636077,1575.960496,43.49984396,212.2246192,1.350786518,24.81991989,329.6296751,1,294.0703481,822.9134052,13547.73694,1,85.74052064,27.61686522,18.81630131,9.381133197,22.73011332,0.62362998,0.072556166,3621.910688,6.807968775,93.59895915,101.6287439,105.7738295,782.1864919,291.9812893,377.4132804,2.351750182,44.6094789,92.47827826,76.62715679
2022,Tartous,Sheikh_Badr,1,447.53,441.936,987.5,0.0373259,1.003571401,1565.16461,42.64191501,219.4652153,1.304121142,24.82237263,321.6588278,1,407.1159663,876.5096143,13065.55318,1,154.5873703,26.94738185,18.14660164,8.833948876,23.88391735,0.607940749,0.05904897,3670.43161,6.587843617,86.26145388,103.1191412,103.8800332,783.7160539,302.2905226,370.5696379,3.164125443,48.74926315,95.37765825,48.78499377
2022,Aleppo,A'zaz,1,768,119.36,155.42,0.121728487,2.146811382,564.5722897,14.89843566,180.5676029,1.396196968,30.36538609,429.7996425,1,481.8095159,484.9931372,13322.34444,1,12.33630082,30.04376691,18.50325617,5.93826393,12.80566099,0.560641803,0.122070171,3788.473623,7.471901984,84.26993387,114.1298058,93.82194035,263.6125837,165.5478602,396.9674719,0.559398203,24.25735487,94.2671076,30.7875817
2022,Aleppo,A'zaz,2,37,6.568,177.5,0.121728487,2.146811382,564.5722897,14.89843566,180.5676029,1.396196968,30.36538609,429.7996425,1,481.8095159,484.9931372,13322.34444,1,12.33630082,30.04376691,18.50325617,5.93826393,12.80566099,0.560641803,0.122070171,3788.473623,7.471901984,84.26993387,114.1298058,93.82194035,263.6125837,165.5478602,396.9674719,0.559398203,24.25735487,94.2671076,30.7875817
2022,Aleppo,Afrin,1,3780,567,150,0.194810459,2.230856022,853.3964065,23.54942026,184.8305861,1.371035123,25.51170824,404.3181051,1,493.5760545,466.5485102,12780.06047,1,89.965976,28.97913821,17.75008399,5.447687467,12.87665216,0.435545174,0.060469808,3622.853144,7.198506433,93.3831189,105.8051539,105.3370426,398.9445126,192.8950466,401.4796676,3.206478872,32.26458622,98.57094865,72.67440361
2022,Aleppo,Jarablus,2,7000,840,120,0.056313267,1.389591551,499.4674046,13.20832674,123.911363,1.374076188,31.59740814,433.9335195,1,453.0262094,345.3853226,13757.16469,1,19.54434174,32.14292478,19.10717318,5.293938518,9.142667965,0.38315179,0.071830134,3780.458578,7.473535251,84.21549162,102.4642535,95.02215601,238.6991481,151.8135123,395.6820817,0.731704106,17.89025411,90.81615328,86.86344794
2022,Aleppo,Al_Bab,1,760,95,125,0.223794265,2.70647827,433.3192042,11.61714649,171.3158859,1.361738999,28.32570189,404.137529,1,440.5998951,399.5643494,13786.47616,1,12.48017986,30.74729324,19.14788356,6.543109381,10.74150676,0.420420752,0.089977718,3728.996903,7.526863486,82.4378838,111.1300964,87.9401314,200.4327169,172.3288421,394.8106379,0.536196258,18.97472913,90.58352253,57.38811081
2022,Aleppo,Al_Bab,2,15895,1907.4,120,0.223794265,2.70647827,433.3192042,11.61714649,171.3158859,1.361738999,28.32570189,404.137529,1,440.5998951,399.5643494,13786.47616,1,12.48017986,30.74729324,19.14788356,6.543109381,10.74150676,0.420420752,0.089977718,3728.996903,7.526863486,82.4378838,111.1300964,87.9401314,200.4327169,172.3288421,394.8106379,0.536196258,18.97472913,90.58352253,57.38811081
2022,Aleppo,Ain_Al_Arab,2,29000,4350,150,0.285146327,2.615456939,522.426985,13.19467927,180.1352135,1.344070296,29.15984317,412.5287694,1,457.6511594,305.3832165,14101.6476,1,40.7417743,32.61294207,19.58562166,5.871829538,7.723247288,0.327896575,0.062319653,3958.376157,7.452704986,84.90983381,93.18281477,90.39463319,259.7738425,160.737883,374.9119357,1.026508894,16.80178945,88.08216194,86.06697787
2022,Aleppo,Ain_Al_Arab,3,1000,150,150,0.285146327,2.615456939,522.426985,13.19467927,180.1352135,1.344070296,29.15984317,412.5287694,1,457.6511594,305.3832165,14101.6476,1,40.7417743,32.61294207,19.58562166,5.871829538,7.723247288,0.327896575,0.062319653,3958.376157,7.452704986,84.90983381,93.18281477,90.39463319,259.7738425,160.737883,374.9119357,1.026508894,16.80178945,88.08216194,86.06697787
2022,Aleppo,Jebel_Saman,1,419,83.8,200,0.320135248,3.90953411,500.7580615,13.74065255,185.7492815,1.399045613,26.85095306,367.0160671,1,348.6130778,404.3217135,13916.59163,1,24.0041333,30.19814449,19.32859949,7.615348285,11.09240758,0.425266408,0.085012971,3643.354295,7.511498758,82.95004141,102.5131152,88.35499167,239.2942805,183.2856532,401.209007,0.780531933,17.98196178,89.55086008,28.18423019
2022,Aleppo,Jebel_Saman,2,529,68.77,130,0.320135248,3.90953411,500.7580615,13.74065255,185.7492815,1.399045613,26.85095306,367.0160671,1,348.6130778,404.3217135,13916.59163,1,24.0041333,30.19814449,19.32859949,7.615348285,11.09240758,0.425266408,0.085012971,3643.354295,7.511498758,82.95004141,102.5131152,88.35499167,239.2942805,183.2856532,401.209007,0.780531933,17.98196178,89.55086008,28.18423019
2022,Aleppo,Jebel_Saman,3,195,15.6,80,0.320135248,3.90953411,500.7580615,13.74065255,185.7492815,1.399045613,26.85095306,367.0160671,1,348.6130778,404.3217135,13916.59163,1,24.0041333,30.19814449,19.32859949,7.615348285,11.09240758,0.425266408,0.085012971,3643.354295,7.511498758,82.95004141,102.5131152,88.35499167,239.2942805,183.2856532,401.209007,0.780531933,17.98196178,89.55086008,28.18423019
2022,Aleppo,As_Safira,2,2153,199.153,92.5,0.226229514,2.727688396,357.9538717,9.632588541,194.0542344,1.456944439,23.81607607,339.9130212,1,386.7828001,357.4911841,14094.65752,1,58.56984464,30.64082889,19.57591323,7.660142031,9.641565494,0.393596902,0.074371812,3715.07144,7.634697244,78.8434252,101.8517632,74.96153636,172.9815025,209.796782,447.6738108,1.021027812,12.3940763,88.1376387,61.3127161
2022,Aleppo,As_Safira,3,1788,258.701,144.69,0.226229514,2.727688396,357.9538717,9.632588541,194.0542344,1.456944439,23.81607607,339.9130212,1,386.7828001,357.4911841,14094.65752,1,58.56984464,30.64082889,19.57591323,7.660142031,9.641565494,0.393596902,0.074371812,3715.07144,7.634697244,78.8434252,101.8517632,74.96153636,172.9815025,209.796782,447.6738108,1.021027812,12.3940763,88.1376387,61.3127161
2022,Aleppo,Al_Atarib,1,1110,166.5,150,0.238032084,2.718073793,511.6978191,13.67893084,174.2304944,1.388732777,27.45568421,390.5144508,1,432.4067962,387.9370365,13744.21858,1,34.4062138,30.84601551,19.08919248,6.442974259,10.3800227,0.415400473,0.079682411,3751.00275,7.48601785,83.799405,103.38213,89.91706013,243.7858563,179.3366728,406.2694257,1.044627954,19.08461768,90.91890013,64.49473443
2023,Hama,Hama,3,30,25.07,835.67,0.227677668,4.733216797,548.6403936,15.49774467,192.7904067,1.455316559,28.89107986,399.9433813,1,367.8882638,439.3072189,13724.01401,1,25.04294796,29.63410386,19.06113056,7.75339253,12.39057115,0.528248425,0.106224894,3539.13055,7.530149647,82.32834509,84.13475451,91.48770998,243.9134161,199.991121,385.7041579,0.890006436,18.48653952,91.07925392,22.43352601
2023,Hama,Al_Ghab,1,90,246.16,2735,0.049595436,1.643165164,1160.485857,34.36033469,139.7759455,1.347860465,28.59829587,349.5799349,1,352.189296,873.9496901,12791.87691,1,139.7020723,27.63260823,17.76649571,7.279976001,25.83983103,0.717495735,0.127998166,3376.399746,6.782044179,92.73480597,86.72626648,108.4255186,526.2543907,280.5196852,361.9957542,4.508295663,42.21571718,98.47716734,35.28868661
2023,Idleb,Idleb,1,1730,2090,1208,0.125820372,2.188331063,682.7478459,19.4353295,133.1604544,1.441830046,29.96636028,396.7139838,1,349.4829207,502.8977547,13551.43279,1,18.66965742,29.45196242,18.82143443,7.611267152,14.30311203,0.59183116,0.124687545,3511.921382,7.363514149,87.8828617,78.78809827,102.3620874,292.3668351,201.4720497,378.6673336,0.928862474,24.86059375,92.44894609,24.08243728
2023,Idleb,Idleb,2,609,526.785,865,0.125820372,2.188331063,682.7478459,19.4353295,133.1604544,1.441830046,29.96636028,396.7139838,1,349.4829207,502.8977547,13551.43279,1,18.66965742,29.45196242,18.82143443,7.611267152,14.30311203,0.59183116,0.124687545,3511.921382,7.363514149,87.8828617,78.78809827,102.3620874,292.3668351,201.4720497,378.6673336,0.928862474,24.86059375,92.44894609,24.08243728
2023,Idleb,Idleb,3,31,21.7,700,0.125820372,2.188331063,682.7478459,19.4353295,133.1604544,1.441830046,29.96636028,396.7139838,1,349.4829207,502.8977547,13551.43279,1,18.66965742,29.45196242,18.82143443,7.611267152,14.30311203,0.59183116,0.124687545,3511.921382,7.363514149,87.8828617,78.78809827,102.3620874,292.3668351,201.4720497,378.6673336,0.928862474,24.86059375,92.44894609,24.08243728
2023,Idleb,Harim,1,850,1190,1400,0.076955511,1.744823344,884.272408,25.92426001,208.4698796,1.397594182,27.2782689,356.5012631,1,400.6489695,498.1062098,13057.53523,1,91.8753057,28.92379205,18.13546559,6.964360673,14.61773836,0.47109117,0.079555166,3409.984181,7.125463716,95.81787612,77.61240766,116.1778042,371.0598494,243.3845318,396.2349649,3.52892128,34.93256475,96.36876805,7.104166667
2023,Idleb,Al_Jisr_Ash_Shu,1,600,840,1400,0.061795348,1.387996783,1061.74161,32.05053441,177.540447,1.380476929,27.89801472,304.6574213,1,349.3955892,618.904803,12858.49766,1,101.3142959,27.73785601,17.85902453,7.457486603,18.67697197,0.598284523,0.10624792,3311.711097,6.711311118,90.37703725,85.51059219,111.419698,470.8489151,309.262822,377.4719518,3.793157673,40.90641577,97.94843125,19.55376344
2023,Idleb,Al_Ma'ra,1,3672,3347.64,911.56,0.219400577,2.789560748,599.8657654,17.37096887,161.5969773,1.44106543,30.50289991,387.8445436,1,426.7153644,435.0355745,13501.17845,1,29.05957912,29.52073911,18.75163673,7.334007666,12.61294934,0.556413994,0.117735319,3452.266021,7.422356298,85.92145674,82.27702422,95.74820282,262.3009034,211.8633148,395.4624714,1.089096217,21.8826255,92.8477901,2.740740741
2023,Idleb,Al_Ma'ra,2,1272,1028.2,808.33,0.219400577,2.789560748,599.8657654,17.37096887,161.5969773,1.44106543,30.50289991,387.8445436,1,426.7153644,435.0355745,13501.17845,1,29.05957912,29.52073911,18.75163673,7.334007666,12.61294934,0.556413994,0.117735319,3452.266021,7.422356298,85.92145674,82.27702422,95.74820282,262.3009034,211.8633148,395.4624714,1.089096217,21.8826255,92.8477901,2.740740741
2023,Idleb,Al_Ma'ra,3,1598,1098.625,687.5,0.219400577,2.789560748,599.8657654,17.37096887,161.5969773,1.44106543,30.50289991,387.8445436,1,426.7153644,435.0355745,13501.17845,1,29.05957912,29.52073911,18.75163673,7.334007666,12.61294934,0.556413994,0.117735319,3452.266021,7.422356298,85.92145674,82.27702422,95.74820282,262.3009034,211.8633148,395.4624714,1.089096217,21.8826255,92.8477901,2.740740741
2023,Idleb,Ariha,1,936,1310.4,1400,0.06189382,1.20144567,785.3671995,22.83590439,178.7756591,1.396585143,27.93576679,350.6523137,1,582.149967,491.5557915,12651.33798,1,87.67581128,28.20269481,17.57130274,6.446228428,14.3008083,0.465239823,0.081527812,3438.177122,7.15618642,94.79378601,84.37023014,102.721592,341.1090674,264.1637633,380.2716742,2.592602428,31.56046909,99.59255575,35.35190616
2023,Tartous,Tartous,1,24.65,39.44,1600,0.049162657,1.417978043,1351.284443,37.10154739,226.602822,1.337365278,24.38800112,328.0083572,1,151.3380759,950.3251094,13935.52276,1,85.26540945,27.31854687,19.35489272,10.53082335,26.14147612,0.629634063,0.075151729,3641.124218,6.801489796,93.38299321,88.00640943,103.3863366,654.3553806,293.3316743,364.969705,1.987711269,46.76351549,89.40061304,64.49344978
2023,Tartous,Banyas,1,602.999,425.869,706.23,0.064347484,1.259569202,1559.738451,43.03827578,227.2029485,1.248880866,25.12215029,311.6023136,1,597.2024401,904.4728226,12296.5558,1,239.5189203,26.55994156,17.07854973,7.377450055,24.95951471,0.619430511,0.058702029,3623.072811,6.402940695,80.09802315,88.9596275,103.2985873,752.2900715,311.2379664,363.3411414,4.321198421,51.28226288,97.59171273,78.70526316
2023,Tartous,Safita,1,134.9,121.41,900,0.047070335,1.157636077,1588.401122,44.51372928,212.2246192,1.350786518,24.81991989,329.6296751,1,294.0703481,847.8352684,13561.00726,1,85.74052064,27.35197363,18.83473231,9.376704269,23.77529033,0.645573162,0.076258908,3567.339809,6.807968775,93.59895915,90.14801677,107.7751282,753.0972895,291.9812893,377.4132804,2.351750182,44.6094789,92.37295822,76.62715679
2023,Tartous,Sheikh_Badr,1,374.8,277.352,740,0.0373259,1.003571401,1526.643199,42.24605857,219.4652153,1.304121142,24.82237263,321.6588278,1,407.1159663,916.3796047,13059.244,1,154.5873703,26.88166324,18.13783889,8.774716101,25.35923836,0.636050602,0.063174379,3613.759875,6.587843617,86.26145388,89.05352945,104.2992559,736.9580516,302.2905226,370.5696379,3.164125443,48.74926315,95.39189145,48.78499377
2023,Aleppo,A'zaz,1,1078,1338.7,1241.84,0.121728487,2.146811382,540.7581258,14.64919,180.5676029,1.396196968,30.36538609,429.7996425,1,481.8095159,519.2226114,13318.31547,1,12.33630082,30.51117574,18.49766038,5.93826393,14.07247682,0.599463856,0.126602448,3690.385844,7.471901984,84.26993387,82.65251994,94.86080707,233.0498727,165.5478602,396.9674719,0.559398203,24.25735487,94.29908357,30.7875817
2023,Aleppo,A'zaz,2,1166,1453.3,1246.4,0.121728487,2.146811382,540.7581258,14.64919,180.5676029,1.396196968,30.36538609,429.7996425,1,481.8095159,519.2226114,13318.31547,1,12.33630082,30.51117574,18.49766038,5.93826393,14.07247682,0.599463856,0.126602448,3690.385844,7.471901984,84.26993387,82.65251994,94.86080707,233.0498727,165.5478602,396.9674719,0.559398203,24.25735487,94.29908357,30.7875817
2023,Aleppo,Afrin,1,3780,5292,1400,0.194810459,2.230856022,822.0640289,23.33418372,184.8305861,1.371035123,25.51170824,404.3181051,1,493.5760545,488.927268,12833.84281,1,89.965976,29.56130984,17.82478169,5.447687467,13.87727261,0.433506745,0.061712543,3522.003157,7.198506433,93.3831189,80.59402456,106.6335174,342.1858688,192.8950466,401.4796676,3.206478872,32.26458622,98.14410465,72.67440361
2023,Aleppo,Jarablus,2,7000,7700,1100,0.056313267,1.389591551,501.2307231,13.6545585,123.911363,1.374076188,31.59740814,433.9335195,1,453.0262094,390.4735632,13737.76701,1,19.54434174,32.85381442,19.08023197,5.293938518,10.64448735,0.452815997,0.080552849,3669.794064,7.473535251,84.21549162,84.77801527,91.64897259,225.846961,151.8135123,395.6820817,0.731704106,17.89025411,90.97010306,86.86344794
2023,Aleppo,Al_Bab,1,225,180,800,0.223794265,2.70647827,417.3772107,11.51314798,171.3158859,1.361738999,28.32570189,404.137529,1,440.5998951,447.5752104,13771.92222,1,12.48017986,31.13088671,19.12766976,6.540947347,12.36484598,0.476067645,0.095547945,3624.222323,7.526863486,82.4378838,81.40047051,87.78339829,189.2529982,172.3288421,394.8106379,0.536196258,18.97472913,90.69902997,57.38811081
2023,Aleppo,Al_Bab,2,7313,3463,473.5,0.223794265,2.70647827,417.3772107,11.51314798,171.3158859,1.361738999,28.32570189,404.137529,1,440.5998951,447.5752104,13771.92222,1,12.48017986,31.13088671,19.12766976,6.540947347,12.36484598,0.476067645,0.095547945,3624.222323,7.526863486,82.4378838,81.40047051,87.78339829,189.2529982,172.3288421,394.8106379,0.536196258,18.97472913,90.69902997,57.38811081
2023,Aleppo,Menbij,2,1144,1218.8,1065.38,0.476099108,4.018173677,373.9696713,10.20802512,173.279788,1.406754586,24.018397,332.4689528,1,397.1956572,396.3335132,14164.86613,1,17.60715977,31.67905544,19.67342518,7.114548279,10.81780349,0.467570877,0.086720175,3662.48698,7.618434657,79.38551142,83.05291979,85.72676478,175.381185,198.2878033,437.4207931,0.49517755,12.11218955,87.58042752,92.68040719
2023,Aleppo,Ain_Al_Arab,2,16118,16118,1000,0.285146327,2.615456939,563.7385286,14.77282765,180.1352135,1.344070296,29.15984317,412.5287694,1,457.6511594,380.733672,14039.3435,1,40.7417743,33.13139378,19.4990882,5.871829538,9.98038138,0.56486627,0.1175264,3815.050264,7.452704986,84.90983381,86.86222377,94.27879656,262.6337321,160.737883,374.9119357,1.026508894,16.80178945,88.57663887,86.06697787
2023,Aleppo,Ain_Al_Arab,3,1000,1000,1000,0.285146327,2.615456939,563.7385286,14.77282765,180.1352135,1.344070296,29.15984317,412.5287694,1,457.6511594,380.733672,14039.3435,1,40.7417743,33.13139378,19.4990882,5.871829538,9.98038138,0.56486627,0.1175264,3815.050264,7.452704986,84.90983381,86.86222377,94.27879656,262.6337321,160.737883,374.9119357,1.026508894,16.80178945,88.57663887,86.06697787
2023,Aleppo,Jebel_Saman,1,579,687.563,1187.5,0.320135248,3.90953411,477.117923,13.45078449,185.7492815,1.399045613,26.85095306,367.0160671,1,348.6130778,438.5213268,13892.91797,1,24.0041333,30.37215203,19.2957194,7.615348285,12.3543548,0.48276746,0.096477001,3546.138261,7.511498758,82.95004141,79.83937935,91.4496434,209.7386212,183.2856532,401.209007,0.780531933,17.98196178,89.7387463,28.18423019
2023,Aleppo,Jebel_Saman,2,5511,4374.356,793.75,0.320135248,3.90953411,477.117923,13.45078449,185.7492815,1.399045613,26.85095306,367.0160671,1,348.6130778,438.5213268,13892.91797,1,24.0041333,30.37215203,19.2957194,7.615348285,12.3543548,0.48276746,0.096477001,3546.138261,7.511498758,82.95004141,79.83937935,91.4496434,209.7386212,183.2856532,401.209007,0.780531933,17.98196178,89.7387463,28.18423019
2023,Aleppo,Jebel_Saman,3,4302,2742.525,637.5,0.320135248,3.90953411,477.117923,13.45078449,185.7492815,1.399045613,26.85095306,367.0160671,1,348.6130778,438.5213268,13892.91797,1,24.0041333,30.37215203,19.2957194,7.615348285,12.3543548,0.48276746,0.096477001,3546.138261,7.511498758,82.95004141,79.83937935,91.4496434,209.7386212,183.2856532,401.209007,0.780531933,17.98196178,89.7387463,28.18423019
2023,Aleppo,As_Safira,2,1730,1816.5,1050,0.226229514,2.727688396,345.265284,9.544454062,194.0542344,1.456944439,23.81607607,339.9130212,1,386.7828001,393.9807874,14075.21585,1,58.56984464,30.88501245,19.5489109,7.606831907,10.90526901,0.413365635,0.074354707,3616.444033,7.634697244,78.8434252,79.210341,79.4979355,154.8323411,209.796782,447.6738108,1.021027812,12.3940763,88.29193769,61.3127161
2023,Aleppo,As_Safira,3,1262,1285.663,1018.75,0.226229514,2.727688396,345.265284,9.544454062,194.0542344,1.456944439,23.81607607,339.9130212,1,386.7828001,393.9807874,14075.21585,1,58.56984464,30.88501245,19.5489109,7.606831907,10.90526901,0.413365635,0.074354707,3616.444033,7.634697244,78.8434252,79.210341,79.4979355,154.8323411,209.796782,447.6738108,1.021027812,12.3940763,88.29193769,61.3127161
2023,Aleppo,Al_Atarib,1,600,600,1000,0.238032084,2.718073793,505.1901869,13.89089644,174.2304944,1.388732777,27.45568421,390.5144508,1,432.4067962,431.9709941,13729.27387,1,34.4062138,31.26560005,19.06843594,6.428674409,11.87711143,0.486303061,0.092436759,3643.315616,7.48601785,83.799405,82.29873677,91.48497945,224.1151975,179.3366728,406.2694257,1.044627954,19.08461768,91.03750895,64.49473443
2023,Raqqa,Raqqa,3,3000,4400,1466.67,1.050201469,5.964680642,331.7728843,8.426989827,176.8215937,1.445777656,18.21052889,260.1565394,1,346.2123061,438.9991523,14692.17591,1,26.05879584,32.59318612,20.40579988,7.554922282,11.17152197,0.437196325,0.078022608,3936.027232,7.943602406,68.54658646,88.18407201,80.44932087,159.8468785,252.812006,466.2953785,0.418199141,7.517291598,83.39542927,89.8962532
2023,Raqqa,Tell_Abiad,2,35000,50000,1428.57,0.478825179,3.735158564,525.2487905,13.4699064,188.9206138,1.450549568,27.03711738,400.1496788,1,371.821103,378.4019688,14652.62766,1,11.17783109,33.8523338,20.35087176,6.619878668,9.713598115,0.459369666,0.081526874,3898.424205,7.789701512,73.67661628,88.06062179,86.65600513,249.2888155,163.0030389,436.503596,0.353533461,11.88417515,83.70930426,33.28514589
2023,Raqqa,Tell_Abiad,3,4000,5800,1450,0.478825179,3.735158564,525.2487905,13.4699064,188.9206138,1.450549568,27.03711738,400.1496788,1,371.821103,378.4019688,14652.62766,1,11.17783109,33.8523338,20.35087176,6.619878668,9.713598115,0.459369666,0.081526874,3898.424205,7.789701512,73.67661628,88.06062179,86.65600513,249.2888155,163.0030389,436.503596,0.353533461,11.88417515,83.70930426,33.28514589
2023,Raqqa,Tabqat,3,1000,1400,1400,0.166312937,1.915996577,353.0544386,9.303509936,159.7684893,1.190950364,17.04136252,252.4603217,1,365.9192606,348.5356614,14415.08747,1,14.81675015,31.91136187,20.02095481,7.471055942,9.188781066,0.489998024,0.101994315,3793.852062,7.560426275,81.31912416,84.48291199,88.47190836,170.1670632,193.9123706,366.1195327,0.562168467,8.629667024,85.59454392,97.73904029
2023,Hassakeh,Hassakeh,1,1017,1024.628,1007.5,1.234999017,5.292191536,504.2815118,11.7798694,179.2026918,1.453912692,22.75778998,312.1287676,1,352.2277754,288.9371515,15312.78944,1,19.1175947,35.19031775,21.26776311,6.72688267,6.75610179,0.265011239,0.040978092,4279.875235,7.76640865,74.453045,91.45603774,85.68708648,236.8345199,232.8497925,449.1236429,0.493960645,10.83503123,78.46992511,55.44769984
2023,Hassakeh,Hassakeh,2,30074.754,47286.681,1572,1.234999017,5.292191536,504.2815118,11.7798694,179.2026918,1.453912692,22.75778998,312.1287676,1,352.2277754,288.9371515,15312.78944,1,19.1175947,35.19031775,21.26776311,6.72688267,6.75610179,0.265011239,0.040978092,4279.875235,7.76640865,74.453045,91.45603774,85.68708648,236.8345199,232.8497925,449.1236429,0.493960645,10.83503123,78.46992511,55.44769984
2023,Hassakeh,Hassakeh,3,10124.048,15309.914,1512,1.234999017,5.292191536,504.2815118,11.7798694,179.2026918,1.453912692,22.75778998,312.1287676,1,352.2277754,288.9371515,15312.78944,1,19.1175947,35.19031775,21.26776311,6.72688267,6.75610179,0.265011239,0.040978092,4279.875235,7.76640865,74.453045,91.45603774,85.68708648,236.8345199,232.8497925,449.1236429,0.493960645,10.83503123,78.46992511,55.44769984
2023,Hassakeh,Hassakeh,4,6692.539,10268.63,1534,1.234999017,5.292191536,504.2815118,11.7798694,179.2026918,1.453912692,22.75778998,312.1287676,1,352.2277754,288.9371515,15312.78944,1,19.1175947,35.19031775,21.26776311,6.72688267,6.75610179,0.265011239,0.040978092,4279.875235,7.76640865,74.453045,91.45603774,85.68708648,236.8345199,232.8497925,449.1236429,0.493960645,10.83503123,78.46992511,55.44769984
2023,Hassakeh,Quamishli,1,22010.877,34453.46,1565,0.384508781,3.376182941,765.397089,17.60841325,189.6343908,1.4227755,32.71215887,381.6987929,1,387.3408823,330.484018,14966.42638,1,4.224880292,35.34919465,20.78670331,5.936039841,7.616567233,0.421185097,0.074978711,4345.769231,7.499177245,83.3607585,88.53818626,94.00267995,340.6697583,188.6721752,424.1715544,0.236333983,15.93920513,81.21883822,2.151515152
2023,Hassakeh,Quamishli,2,12274.165,18622.768,1517,0.384508781,3.376182941,765.397089,17.60841325,189.6343908,1.4227755,32.71215887,381.6987929,1,387.3408823,330.484018,14966.42638,1,4.224880292,35.34919465,20.78670331,5.936039841,7.616567233,0.421185097,0.074978711,4345.769231,7.499177245,83.3607585,88.53818626,94.00267995,340.6697583,188.6721752,424.1715544,0.236333983,15.93920513,81.21883822,2.151515152
2023,Hassakeh,Quamishli,3,4985,5921.435,1188,0.384508781,3.376182941,765.397089,17.60841325,189.6343908,1.4227755,32.71215887,381.6987929,1,387.3408823,330.484018,14966.42638,1,4.224880292,35.34919465,20.78670331,5.936039841,7.616567233,0.421185097,0.074978711,4345.769231,7.499177245,83.3607585,88.53818626,94.00267995,340.6697583,188.6721752,424.1715544,0.236333983,15.93920513,81.21883822,2.151515152
2023,Hassakeh,Al_Malika,1,36284.652,58055.443,1600,0.273788898,2.626098262,905.3490159,20.13068377,177.7179584,1.393407522,35.81191186,396.1542193,1,442.2589019,358.8112597,14526.49241,1,11.47143655,34.84650697,20.1756839,5.012095812,7.983959474,0.52055537,0.100928985,4496.358492,7.401004555,86.63318149,93.7292737,94.82277741,377.9081951,182.2285639,417.2135132,0.627665989,23.0979689,84.71037773,71.48066457
2023,Hassakeh,Al_Malika,2,15653.474,25045.558,1600,0.273788898,2.626098262,905.3490159,20.13068377,177.7179584,1.393407522,35.81191186,396.1542193,1,442.2589019,358.8112597,14526.49241,1,11.47143655,34.84650697,20.1756839,5.012095812,7.983959474,0.52055537,0.100928985,4496.358492,7.401004555,86.63318149,93.7292737,94.82277741,377.9081951,182.2285639,417.2135132,0.627665989,23.0979689,84.71037773,71.48066457
2023,Hassakeh,Al_Malika,3,809.813,1295.701,1600,0.273788898,2.626098262,905.3490159,20.13068377,177.7179584,1.393407522,35.81191186,396.1542193,1,442.2589019,358.8112597,14526.49241,1,11.47143655,34.84650697,20.1756839,5.012095812,7.983959474,0.52055537,0.100928985,4496.358492,7.401004555,86.63318149,93.7292737,94.82277741,377.9081951,182.2285639,417.2135132,0.627665989,23.0979689,84.71037773,71.48066457
2023,Hassakeh,Ras_Al_Ain,1,15551.379,24882.207,1600,0.383012451,4.287075453,655.5566381,15.80884114,181.239228,1.436138441,29.13638552,428.1986409,1,428.0325777,384.0671705,14630.85461,1,10.62784115,34.50269313,20.3206314,6.001896001,9.258524646,0.488070087,0.087070865,4145.772254,7.607914063,79.7361979,87.0285395,91.85301436,309.2243112,158.4989891,413.1203426,0.413294717,15.5378662,83.88210629,3.258706468
2023,Hassakeh,Ras_Al_Ain,2,29445.413,47112.66,1600,0.383012451,4.287075453,655.5566381,15.80884114,181.239228,1.436138441,29.13638552,428.1986409,1,428.0325777,384.0671705,14630.85461,1,10.62784115,34.50269313,20.3206314,6.001896001,9.258524646,0.488070087,0.087070865,4145.772254,7.607914063,79.7361979,87.0285395,91.85301436,309.2243112,158.4989891,413.1203426,0.413294717,15.5378662,83.88210629,3.258706468
2023,Hassakeh,Ras_Al_Ain,3,5143.229,8229.167,1600,0.383012451,4.287075453,655.5566381,15.80884114,181.239228,1.436138441,29.13638552,428.1986409,1,428.0325777,384.0671705,14630.85461,1,10.62784115,34.50269313,20.3206314,6.001896001,9.258524646,0.488070087,0.087070865,4145.772254,7.607914063,79.7361979,87.0285395,91.85301436,309.2243112,158.4989891,413.1203426,0.413294717,15.5378662,83.88210629,3.258706468
2023,Hassakeh,Ras_Al_Ain,4,7546.96,12075.136,1600,0.383012451,4.287075453,655.5566381,15.80884114,181.239228,1.436138441,29.13638552,428.1986409,1,428.0325777,384.0671705,14630.85461,1,10.62784115,34.50269313,20.3206314,6.001896001,9.258524646,0.488070087,0.087070865,4145.772254,7.607914063,79.7361979,87.0285395,91.85301436,309.2243112,158.4989891,413.1203426,0.413294717,15.5378662,83.88210629,3.258706468
